/*******************************************************************************
 * Size: 14 px
 * Bpp: 4
 * Opts: --bpp 4 --size 14 --font Inter-Medium-flat.ttf -r 0x20-0x7F,0xA0-0x17F,0x2014,0x2026 --font fa.woff -r 61441,61448,61451,61452,61452,61453,61457,61459,61461,61465,61468,61473,61478,61479,61480,61502,61507,61512,61515,61516,61517,61521,61522,61523,61524,61543,61544,61550,61552,61553,61556,61559,61560,61561,61563,61587,61589,61636,61637,61639,61641,61664,61671,61674,61683,61724,61732,61787,61931,62016,62017,62018,62019,62020,62087,62099,62212,62189,62810,63426,63650 --format lvgl -o stage/inter_14.c --force-fast-kern-format
 ******************************************************************************/

#ifdef LV_LVGL_H_INCLUDE_SIMPLE
#include "lvgl.h"
#else
#include "lvgl.h"
#endif

#ifndef INTER_14
#define INTER_14 1
#endif

#if INTER_14

/*-----------------
 *    BITMAPS
 *----------------*/

/*Store the image of the glyphs*/
static LV_ATTRIBUTE_LARGE_CONST const uint8_t glyph_bitmap[] = {
    /* U+0020 " " */

    /* U+0021 "!" */
    0xbf, 0x1, 0x10, 0x7, 0xf8, 0xcc, 0x1, 0xa3,
    0xc0, 0x48, 0x2f, 0x80, 0x4c, 0x0,

    /* U+0022 "\"" */
    0x8e, 0xf, 0x70, 0xc, 0x3e, 0x60, 0x10, 0x80,
    0x4, 0xdb, 0x3, 0xd4,

    /* U+0023 "#" */
    0x0, 0x17, 0x80, 0x26, 0x80, 0x27, 0x10, 0x1,
    0x68, 0x4, 0x4a, 0x0, 0x52, 0x1, 0xf8, 0x4f,
    0xf0, 0xd5, 0x6, 0xc9, 0xee, 0x42, 0xe0, 0x10,
    0xf1, 0xc, 0x50, 0x80, 0x44, 0xc0, 0x4a, 0x0,
    0xae, 0xd, 0xf8, 0x4f, 0x8, 0x72, 0xcc, 0x13,
    0xe0, 0x10, 0x31, 0x98, 0xb0, 0xc0, 0x4, 0x60,
    0x20, 0xa0, 0x0,

    /* U+0024 "$" */
    0x0, 0xda, 0x1, 0xe7, 0xe2, 0xe9, 0x10, 0x4,
    0x41, 0x5, 0x99, 0x40, 0x6, 0x4a, 0x38, 0x82,
    0x88, 0x1, 0xc0, 0x27, 0xe1, 0x6, 0x3c, 0x31,
    0x0, 0xd1, 0x22, 0x2e, 0xb2, 0x0, 0x9b, 0x4a,
    0x13, 0xc0, 0x2, 0x1, 0x3d, 0x12, 0x17, 0x38,
    0x4, 0x60, 0xe4, 0x71, 0x27, 0x12, 0x46, 0x1a,
    0xae, 0x2c, 0xb8, 0x0, 0x1a, 0xe2, 0xea, 0x10,
    0xe, 0xb0, 0xc,

    /* U+0025 "%" */
    0xa, 0xfb, 0x0, 0xd1, 0x60, 0x5, 0x7e, 0x77,
    0x0, 0x9, 0xe4, 0x1, 0xae, 0x2b, 0xc0, 0xe,
    0x82, 0x0, 0x73, 0x81, 0x70, 0x30, 0x38, 0x4,
    0xc3, 0xec, 0xc1, 0x8f, 0x0, 0xec, 0xed, 0x1a,
    0x63, 0x0, 0xf0, 0x82, 0xb4, 0x5, 0xf4, 0x0,
    0x61, 0xb9, 0x8, 0xc, 0x64, 0x0, 0xa1, 0x10,
    0x7, 0x84, 0xa4, 0x0, 0x47, 0xb0, 0x1, 0xe0,
    0xa9, 0x0, 0x26, 0xc4, 0x1, 0x2f, 0xce, 0x80,

    /* U+0026 "&" */
    0x0, 0x3f, 0x7c, 0x0, 0x64, 0x86, 0x97, 0x60,
    0x8, 0xc2, 0x18, 0xbc, 0x2, 0x20, 0x46, 0x2c,
    0x0, 0x94, 0xee, 0x5d, 0x40, 0x21, 0x70, 0x38,
    0x0, 0xda, 0xb0, 0x6e, 0x1e, 0xa6, 0x6b, 0x78,
    0x88, 0x19, 0xc0, 0x41, 0xd5, 0xc8, 0xd0, 0x65,
    0x98, 0xe0, 0x1b, 0x1a, 0x61, 0xf0, 0xa4,

    /* U+0027 "'" */
    0x8e, 0x0, 0x79, 0x88, 0x36, 0x0,

    /* U+0028 "(" */
    0x0, 0x10, 0x81, 0xea, 0x4, 0x8a, 0x82, 0x38,
    0x18, 0xe0, 0x28, 0x38, 0x70, 0x10, 0x8, 0x80,
    0x21, 0x0, 0x70, 0x8, 0x18, 0x28, 0x20, 0x68,
    0x1, 0x9c, 0x1, 0x62, 0xa0,

    /* U+0029 ")" */
    0x2, 0x0, 0x16, 0xa8, 0x11, 0xc8, 0x2, 0xcc,
    0x41, 0x1, 0x0, 0xc3, 0x40, 0x4, 0x40, 0x0,
    0xb0, 0x0, 0x5c, 0x0, 0x64, 0x4, 0x3e, 0x8,
    0x8, 0x14, 0x64, 0x66, 0x80,

    /* U+002A "*" */
    0x0, 0xb8, 0x80, 0x2b, 0x43, 0x6c, 0x20, 0xe9,
    0x2a, 0xb2, 0x0, 0xef, 0x0, 0x7f, 0x16, 0x91,
    0x2, 0x8c, 0x6, 0x88,

    /* U+002B "+" */
    0x0, 0xbd, 0x40, 0x3f, 0xf8, 0x2, 0x20, 0x31,
    0x10, 0x5f, 0x70, 0x27, 0xb8, 0x13, 0x76, 0x7,
    0xbb, 0x1, 0x22, 0x3, 0x51, 0x0, 0x1f, 0xc0,

    /* U+002C "," */
    0x1, 0x20, 0x5, 0xe0, 0x1, 0x90, 0x0, 0x5e,
    0x2, 0x24, 0x0,

    /* U+002D "-" */
    0x1, 0x1c, 0x0, 0xee, 0xd0, 0x17, 0x7a, 0x80,

    /* U+002E "." */
    0x0, 0xaf, 0x80, 0x4c, 0x0,

    /* U+002F "/" */
    0x0, 0x91, 0x80, 0x2f, 0xc0, 0x9, 0x30, 0x0,
    0x60, 0xe0, 0x4, 0x21, 0x0, 0x5a, 0x0, 0x47,
    0x80, 0x4, 0x4, 0x0, 0x61, 0x88, 0x1, 0x10,
    0x0, 0x13, 0xc0, 0x2, 0x2, 0x0, 0x30, 0xc0,
    0x20,

    /* U+0030 "0" */
    0x0, 0x2e, 0xfe, 0xa8, 0x4, 0x94, 0xd2, 0xd4,
    0x80, 0x8, 0x2b, 0x6b, 0x28, 0x0, 0x1a, 0x80,
    0x4a, 0x62, 0x41, 0xc0, 0x16, 0x81, 0x8, 0x18,
    0x4, 0x20, 0xe2, 0x6, 0x1, 0x8, 0x39, 0x7,
    0x0, 0x5a, 0x4, 0x6, 0xa0, 0x12, 0x98, 0x84,
    0x15, 0xb5, 0x94, 0x0, 0x12, 0x9a, 0x5a, 0x90,
    0x0,

    /* U+0031 "1" */
    0x1, 0xbf, 0xb2, 0xc5, 0x10, 0x71, 0xf3, 0x4,
    0xc1, 0x0, 0x8, 0x7, 0xff, 0x58,

    /* U+0032 "2" */
    0x0, 0x47, 0x7e, 0x18, 0x2, 0x1d, 0xa4, 0x30,
    0x41, 0x96, 0x1b, 0x41, 0x82, 0xa0, 0x0, 0x20,
    0x12, 0x10, 0x1, 0x81, 0x0, 0x31, 0xca, 0x98,
    0x4, 0x3a, 0x54, 0x1, 0xe, 0x6, 0x0, 0x6d,
    0x3c, 0x10, 0xa, 0xcd, 0x10, 0xcc, 0x40, 0x40,
    0x59, 0x9b, 0xc0,

    /* U+0033 "3" */
    0x0, 0x3e, 0xfe, 0xa0, 0x2, 0x20, 0x92, 0xd6,
    0x60, 0xcb, 0x2d, 0x61, 0x41, 0xd4, 0x1, 0xfc,
    0x32, 0x14, 0x1, 0x57, 0x34, 0x98, 0x5, 0x16,
    0xd2, 0xc0, 0x11, 0x24, 0xa4, 0xe, 0xb0, 0x7,
    0x8, 0xa6, 0x4d, 0x48, 0xc1, 0xac, 0xf2, 0xf1,
    0x0,

    /* U+0034 "4" */
    0x0, 0xc5, 0xfe, 0x10, 0xe, 0x80, 0xf, 0x8d,
    0x50, 0x3, 0xde, 0x7a, 0x1, 0xc8, 0x7e, 0x1,
    0xe9, 0x43, 0x0, 0xe6, 0x29, 0x0, 0xf4, 0x29,
    0x88, 0x80, 0xc0, 0xc5, 0x7b, 0x90, 0x1a, 0xe7,
    0x77, 0x98, 0x29, 0x81, 0x13, 0x78, 0x20, 0x80,

    /* U+0035 "5" */
    0x8, 0xff, 0xe2, 0x1, 0x14, 0xce, 0x30, 0x25,
    0x66, 0xc2, 0xc, 0x20, 0x1e, 0x36, 0xdf, 0xd4,
    0x0, 0x2b, 0xc5, 0x5, 0x90, 0x5d, 0x95, 0x58,
    0x14, 0x1, 0xc2, 0x22, 0x1e, 0x60, 0x1, 0x9,
    0xa, 0xcc, 0x37, 0x8c, 0x85, 0x33, 0x25, 0xb0,
    0x40,

    /* U+0036 "6" */
    0x0, 0x1e, 0x7e, 0xb0, 0x4, 0x58, 0x10, 0xf2,
    0xc0, 0x8, 0x1c, 0x7a, 0x3b, 0x0, 0x2b, 0x0,
    0x59, 0xa0, 0x41, 0xd7, 0xfe, 0x80, 0x0, 0x84,
    0x15, 0xb3, 0xc0, 0x4, 0xb2, 0x92, 0x8c, 0x4,
    0x18, 0x1, 0x60, 0x80, 0x95, 0x80, 0x56, 0x40,
    0x8, 0x3b, 0x6b, 0x3b, 0x0, 0x2d, 0x3c, 0xb4,
    0xb0, 0x0,

    /* U+0037 "7" */
    0x6f, 0xff, 0x32, 0x4c, 0xe5, 0x2, 0x23, 0x37,
    0x12, 0x0, 0x63, 0x35, 0x80, 0x74, 0x8b, 0x0,
    0x62, 0x59, 0x0, 0xeb, 0x6, 0x0, 0xc2, 0xcc,
    0x10, 0xd, 0x21, 0x60, 0x1c, 0xea, 0x40, 0x19,
    0xc2, 0x0, 0x30,

    /* U+0038 "8" */
    0x0, 0x3e, 0xfe, 0xa0, 0x4, 0xd0, 0x94, 0xd6,
    0x60, 0xa, 0x39, 0x5b, 0xa, 0x0, 0x9c, 0x2,
    0x10, 0xa, 0x91, 0x46, 0x6, 0x80, 0xc, 0xb5,
    0xcf, 0x6, 0x0, 0x95, 0x8b, 0x78, 0x60, 0x26,
    0x87, 0x48, 0x48, 0x0, 0xf8, 0x44, 0x4, 0x70,
    0xeb, 0x2a, 0xc0, 0xd, 0x69, 0xa4, 0x89, 0x0,

    /* U+0039 "9" */
    0x0, 0x3f, 0x7e, 0x18, 0x5, 0x10, 0x79, 0xc,
    0x20, 0x3, 0xac, 0xb6, 0x8c, 0x1, 0x87, 0x80,
    0x5, 0x10, 0x2, 0x4, 0x1, 0x38, 0x81, 0x1c,
    0x20, 0xc9, 0x0, 0x5c, 0x57, 0xca, 0xc0, 0x11,
    0x6e, 0xd8, 0x66, 0x0, 0x74, 0x11, 0x5, 0x6c,
    0x0, 0xee, 0x98, 0xf2, 0x70, 0x4, 0xb3, 0xb9,
    0x7c, 0x0,

    /* U+003A ":" */
    0xad, 0x1, 0x30, 0xbe, 0x0, 0xff, 0x5f, 0x0,
    0x98, 0x0,

    /* U+003B ";" */
    0x0, 0xe8, 0xf2, 0xf, 0x10, 0x3, 0xf1, 0x0,
    0x7f, 0x9, 0x0, 0x2f, 0x0, 0xc, 0x80, 0x2,
    0xf0, 0x11, 0x20, 0x0,

    /* U+003C "<" */
    0x0, 0xff, 0xe0, 0x35, 0x0, 0x4d, 0xd2, 0x60,
    0xdd, 0x29, 0xb3, 0x92, 0xfd, 0x44, 0x8, 0x8,
    0xe0, 0x14, 0x6a, 0x4f, 0x38, 0x0, 0xa7, 0x5e,
    0x30, 0x2, 0x29, 0xdb,

    /* U+003D "=" */
    0x1, 0x1f, 0x47, 0x77, 0x7d, 0x5d, 0xf6, 0x92,
    0xaf, 0x14, 0x77, 0x77, 0xd5, 0xdf, 0x68,

    /* U+003E ">" */
    0x0, 0xfc, 0xd2, 0x20, 0x1c, 0x4d, 0xd2, 0x20,
    0x12, 0x7c, 0x3f, 0x48, 0x80, 0x4f, 0xd2, 0xfc,
    0x40, 0x11, 0xe0, 0x99, 0x81, 0x33, 0xd, 0x78,
    0x2d, 0x61, 0x78, 0x80, 0x2, 0xbc, 0x40, 0xc,

    /* U+003F "?" */
    0x3, 0xcf, 0xe7, 0x1, 0xc0, 0xa4, 0x85, 0x41,
    0xe5, 0xa1, 0xf5, 0xe2, 0x0, 0x9, 0x80, 0x43,
    0x81, 0x40, 0x16, 0x16, 0x18, 0x1, 0xa, 0x8c,
    0x2, 0x75, 0x40, 0xc, 0x74, 0x1, 0xcf, 0xe6,
    0x1, 0x84, 0x40, 0x10,

    /* U+0040 "@" */
    0x0, 0x85, 0xf3, 0xbf, 0x5c, 0x3, 0x8f, 0xea,
    0xea, 0xea, 0x9a, 0x40, 0x1, 0xd5, 0xd7, 0x44,
    0x3e, 0xb7, 0x80, 0x24, 0x2c, 0x3, 0xd4, 0x6c,
    0xc, 0xc0, 0x1b, 0xfd, 0xbb, 0xb, 0xe8, 0x8b,
    0x2, 0x9e, 0xec, 0x80, 0xf, 0x52, 0x6, 0x14,
    0xf4, 0x65, 0x0, 0x18, 0x80, 0x46, 0x6, 0x0,
    0x20, 0x8, 0x44, 0x2, 0x60, 0x60, 0x2, 0x0,
    0x11, 0x42, 0x82, 0x9e, 0x4a, 0x8a, 0x77, 0x60,
    0x7a, 0xa, 0x7d, 0x8d, 0x2c, 0x77, 0x5, 0x95,
    0xd, 0xfe, 0x9e, 0x7d, 0x80, 0xa, 0xd7, 0x5d,
    0x10, 0xd2, 0x1, 0xc9, 0xcb, 0x57, 0x71, 0x88,
    0x0,

    /* U+0041 "A" */
    0x0, 0x8f, 0xfc, 0x20, 0x1e, 0xb1, 0x7, 0x0,
    0xf2, 0xa1, 0xe8, 0x7, 0x19, 0x62, 0x20, 0x40,
    0x35, 0x83, 0xe0, 0x38, 0x6, 0x52, 0x14, 0x1d,
    0x0, 0x88, 0x88, 0x22, 0x44, 0x8, 0x2, 0x81,
    0xbb, 0x8a, 0xe, 0x0, 0x52, 0xbb, 0xc1, 0xa0,
    0x44, 0x54, 0x4c, 0xa8, 0x2a, 0x16, 0x1, 0xb8,
    0x1c,

    /* U+0042 "B" */
    0xef, 0xfb, 0xa8, 0x40, 0x7, 0x32, 0x65, 0xa0,
    0x3, 0xb3, 0x21, 0x90, 0x3, 0xc2, 0x1, 0xe3,
    0x66, 0x0, 0x13, 0xfd, 0x85, 0x0, 0x3, 0xcc,
    0x58, 0xf8, 0x83, 0x99, 0x93, 0x85, 0xc0, 0x38,
    0x40, 0x27, 0x66, 0x3f, 0x82, 0x1, 0xcc, 0xa0,
    0x6c, 0x80,

    /* U+0043 "C" */
    0x0, 0xc, 0xf7, 0xeb, 0x0, 0x6c, 0x64, 0x76,
    0x99, 0x0, 0x24, 0xae, 0xa2, 0xdd, 0x8c, 0x1d,
    0x50, 0x2, 0x96, 0x72, 0x1c, 0x0, 0xc3, 0x28,
    0x20, 0x60, 0x1f, 0x8, 0x18, 0x7, 0xc4, 0x38,
    0x1, 0x86, 0x50, 0x1d, 0x50, 0x2, 0x96, 0x70,
    0x92, 0xba, 0x8b, 0x76, 0x30, 0x6, 0x32, 0x3b,
    0x44, 0x80,

    /* U+0044 "D" */
    0xef, 0xfb, 0xa4, 0x40, 0x22, 0x99, 0x33, 0xf9,
    0x0, 0x19, 0xa8, 0xc1, 0x90, 0xf, 0x13, 0xa0,
    0x80, 0x7b, 0x1, 0x40, 0x3c, 0xe0, 0x20, 0x1e,
    0x60, 0x10, 0xf, 0x68, 0x28, 0x7, 0x13, 0xa0,
    0x83, 0x31, 0xe7, 0x46, 0x80, 0x5, 0x30, 0xed,
    0xe2, 0x0,

    /* U+0045 "E" */
    0xef, 0xfe, 0x80, 0x39, 0x9d, 0x60, 0xec, 0xd8,
    0xc0, 0x3f, 0x84, 0x70, 0x1, 0x3b, 0xb1, 0x81,
    0xdd, 0xe3, 0x7, 0x44, 0xc0, 0x1f, 0xce, 0xcd,
    0x8c, 0xe, 0x67, 0x50,

    /* U+0046 "F" */
    0xef, 0xfe, 0x70, 0x39, 0x9c, 0xa0, 0xec, 0xd8,
    0x80, 0x3f, 0x84, 0x70, 0x1, 0x3b, 0xb0, 0x0,
    0xee, 0xf0, 0x1, 0xd1, 0x30, 0x7, 0xff, 0x28,

    /* U+0047 "G" */
    0x0, 0xc, 0xf7, 0xeb, 0x0, 0x6c, 0x64, 0x71,
    0x98, 0x0, 0x49, 0x5d, 0x46, 0x2b, 0x90, 0x3a,
    0xa0, 0x5, 0x4, 0x84, 0x38, 0x1, 0x8b, 0x58,
    0x40, 0xc0, 0x21, 0x18, 0x4, 0xc, 0x0, 0xbd,
    0xd5, 0x10, 0xe0, 0x1, 0x2e, 0xc0, 0x60, 0xea,
    0x80, 0x28, 0x21, 0xe1, 0x5, 0x75, 0x15, 0x43,
    0x60, 0x1c, 0x64, 0x77, 0xb0, 0x0,

    /* U+0048 "H" */
    0xeb, 0x0, 0xc9, 0xe8, 0x1, 0xff, 0xd1, 0x11,
    0xe0, 0x9, 0x3b, 0xb5, 0x0, 0x47, 0x77, 0xa0,
    0x2, 0x74, 0x4c, 0x60, 0x1f, 0xfd, 0x10,

    /* U+0049 "I" */
    0xeb, 0x0, 0xff, 0xe4, 0x0,

    /* U+004A "J" */
    0x0, 0xea, 0xe0, 0xf, 0xfe, 0xf2, 0xf1, 0x0,
    0x61, 0x13, 0x0, 0x18, 0x90, 0x69, 0xa4, 0xec,
    0x31, 0x65, 0xde,

    /* U+004B "K" */
    0xeb, 0x0, 0x8f, 0xf0, 0x3, 0x87, 0x4b, 0x40,
    0x3b, 0x7, 0xc4, 0x0, 0x21, 0x65, 0x64, 0x1,
    0x9d, 0x21, 0x0, 0x33, 0xc0, 0x68, 0x7, 0x13,
    0x42, 0xa8, 0x3, 0x1c, 0xb9, 0x58, 0x80, 0x4e,
    0x0, 0xe1, 0xb0, 0xf, 0x1b, 0x2a, 0x0, 0x7a,
    0x4a, 0x80,

    /* U+004C "L" */
    0xeb, 0x0, 0xff, 0xf9, 0x3b, 0x36, 0x10, 0x39,
    0x9c, 0xa0,

    /* U+004D "M" */
    0xef, 0x90, 0xe, 0xdf, 0xa0, 0x3, 0x80, 0x62,
    0x20, 0x4, 0x62, 0x80, 0x15, 0x9, 0x0, 0x14,
    0x78, 0x2, 0x57, 0x0, 0x8d, 0xd4, 0x0, 0x65,
    0x86, 0x1, 0x50, 0x28, 0x50, 0x28, 0x6, 0x31,
    0xe0, 0x75, 0x0, 0xf3, 0x21, 0x8f, 0x0, 0x7a,
    0x82, 0x45, 0x0, 0x3c, 0x44, 0x57, 0x0, 0xfd,
    0x41, 0x40, 0x18,

    /* U+004E "N" */
    0xef, 0x30, 0x8, 0xbd, 0xc0, 0x1e, 0x1, 0xf1,
    0x99, 0x80, 0x3c, 0xcb, 0x0, 0x1e, 0x18, 0x19,
    0x0, 0xf1, 0x33, 0x8, 0x3, 0xd0, 0x32, 0x60,
    0x1c, 0x30, 0x88, 0x0, 0xf3, 0x1c, 0x80, 0x7d,
    0xe6, 0x1, 0xf1, 0xa8, 0x0,

    /* U+004F "O" */
    0x0, 0xc, 0xf7, 0xeb, 0x0, 0x6c, 0x64, 0x76,
    0x9a, 0x0, 0x49, 0x5d, 0x45, 0xba, 0xa0, 0x3a,
    0xa0, 0x5, 0x3, 0xc4, 0x38, 0x1, 0xc8, 0xe2,
    0x6, 0x1, 0xc6, 0x61, 0x3, 0x0, 0xe3, 0x31,
    0xe, 0x0, 0x72, 0x38, 0x3a, 0xa0, 0x5, 0x3,
    0xc1, 0x25, 0x75, 0x16, 0xea, 0x80, 0xc, 0x64,
    0x76, 0x9a, 0x0,

    /* U+0050 "P" */
    0xef, 0xfb, 0xa4, 0x2, 0x39, 0x93, 0xb5, 0x80,
    0x1d, 0x99, 0x2e, 0x84, 0x1, 0xd8, 0xc, 0x1,
    0xc4, 0xe, 0x0, 0x11, 0x24, 0x11, 0x82, 0x77,
    0x2c, 0xfc, 0x0, 0x77, 0x6c, 0xd2, 0x0, 0x3a,
    0x20, 0xc0, 0x3f, 0xf8, 0xe0,

    /* U+0051 "Q" */
    0x0, 0xc, 0xf7, 0xeb, 0x0, 0x6c, 0x64, 0x76,
    0x99, 0x0, 0x24, 0xae, 0xa2, 0xdd, 0x90, 0x1d,
    0x50, 0x2, 0x81, 0xe2, 0x1c, 0x0, 0xe4, 0x71,
    0x3, 0x0, 0xe3, 0x30, 0x81, 0x80, 0x71, 0x98,
    0x87, 0x0, 0x10, 0xa0, 0x8e, 0xe, 0xa8, 0x1b,
    0x54, 0x1e, 0x9, 0x2b, 0xad, 0x15, 0x52, 0x0,
    0x31, 0x91, 0xcc, 0x4c, 0x2, 0x19, 0xef, 0xda,
    0x64,

    /* U+0052 "R" */
    0xef, 0xfb, 0xa4, 0x2, 0x39, 0x93, 0xb5, 0x80,
    0x1d, 0x99, 0x2e, 0x84, 0x1, 0xd8, 0xc, 0x1,
    0xc4, 0xe, 0x0, 0x11, 0x24, 0x9, 0x82, 0x77,
    0x2c, 0x34, 0x0, 0x77, 0x60, 0x53, 0x0, 0x3a,
    0x22, 0x11, 0x0, 0x1c, 0xe3, 0x20, 0x1e, 0xb2,
    0x60,

    /* U+0053 "S" */
    0x0, 0x36, 0xff, 0x40, 0x5, 0x12, 0xf2, 0xee,
    0xb0, 0x3, 0x25, 0x34, 0xc2, 0x88, 0x7, 0x9f,
    0x84, 0x19, 0x31, 0x84, 0x3, 0x44, 0x8c, 0xf5,
    0x90, 0x4, 0xdb, 0xa8, 0x5f, 0x0, 0x10, 0x0,
    0x9e, 0xc9, 0xb, 0x60, 0x2, 0x30, 0x72, 0x47,
    0x97, 0x99, 0x19, 0x82, 0xdd, 0x21, 0xdb, 0x40,

    /* U+0054 "T" */
    0x6f, 0xff, 0xa1, 0x26, 0x4e, 0xd, 0x32, 0xb2,
    0x66, 0x58, 0x63, 0x30, 0xc0, 0x3f, 0xff, 0x80,

    /* U+0055 "U" */
    0xeb, 0x0, 0xcb, 0xe6, 0x1, 0xff, 0xea, 0x37,
    0x0, 0xc6, 0x2, 0x86, 0x40, 0x15, 0x9, 0x58,
    0xec, 0xc6, 0x9c, 0x1, 0x62, 0xbb, 0x86, 0x98,
    0x0,

    /* U+0056 "V" */
    0x7f, 0x30, 0xc, 0x9e, 0xca, 0x16, 0x1, 0xb4,
    0x1c, 0x88, 0xa0, 0x19, 0xd0, 0x42, 0x88, 0x80,
    0x3, 0x1d, 0x0, 0x28, 0x28, 0x2, 0xc1, 0xc0,
    0x4, 0x4b, 0x0, 0x29, 0x88, 0x5, 0x46, 0x45,
    0x50, 0x6, 0x50, 0x44, 0x3, 0x80, 0x62, 0x3d,
    0xd1, 0x88, 0x7, 0x5a, 0x22, 0x80, 0x3c, 0xa0,
    0x7, 0x0, 0x80,

    /* U+0057 "W" */
    0x8f, 0x10, 0xb, 0xfc, 0x1, 0xf, 0xc6, 0x2,
    0x0, 0xc, 0x0, 0x60, 0x4, 0xc, 0x40, 0xc0,
    0x2, 0x88, 0x90, 0x1, 0xa0, 0xa0, 0x6a, 0x0,
    0xc5, 0x56, 0x0, 0x10, 0xc4, 0x10, 0xc0, 0x8,
    0x78, 0xa0, 0x3, 0x40, 0x6, 0x2, 0x10, 0xe2,
    0x9, 0x20, 0x60, 0x1, 0x0, 0xd0, 0x10, 0xc1,
    0xc, 0x14, 0x2, 0x3c, 0xf3, 0x0, 0x27, 0xe9,
    0x88, 0x4, 0x8a, 0xa4, 0x0, 0x1a, 0x3a, 0x0,
    0x6c, 0x13, 0xc0, 0x6, 0x11, 0x30, 0x3, 0x20,
    0x1, 0x0, 0x8, 0x0, 0x40, 0x0,

    /* U+0058 "X" */
    0x1f, 0xc0, 0xd, 0xba, 0x1, 0x93, 0x60, 0x4,
    0x14, 0x80, 0x18, 0xe0, 0x9, 0xd9, 0x0, 0x2e,
    0x18, 0x91, 0x80, 0xc, 0x4e, 0xe4, 0xb1, 0x0,
    0xea, 0x0, 0x28, 0x7, 0xa4, 0x42, 0x40, 0x39,
    0x52, 0xd9, 0x86, 0x1, 0xd, 0x9a, 0xc8, 0xf0,
    0x5, 0x63, 0xc0, 0xb, 0x27, 0x4, 0x58, 0x20,
    0x2, 0xa4, 0x10,

    /* U+0059 "Y" */
    0x6f, 0x70, 0xd, 0x5e, 0x4c, 0x72, 0x1, 0x1a,
    0xb9, 0x7, 0x8c, 0x0, 0x3c, 0x64, 0x0, 0x6a,
    0xe2, 0x87, 0x2, 0x1, 0x40, 0x44, 0x9, 0x80,
    0x31, 0x3b, 0x1c, 0x80, 0x7a, 0x0, 0xd0, 0x3,
    0xe1, 0x60, 0xf, 0xfe, 0xb0,

    /* U+005A "Z" */
    0x3f, 0xff, 0x84, 0xa6, 0x78, 0x48, 0x44, 0xcd,
    0x84, 0x5c, 0x1, 0xc5, 0xc, 0x60, 0x1d, 0x23,
    0x0, 0x1c, 0xa9, 0x62, 0x1, 0x86, 0xd1, 0x40,
    0x3a, 0x6, 0x40, 0x38, 0xda, 0x8, 0x3, 0xb8,
    0x49, 0x57, 0x1, 0x10, 0x6a, 0xb8, 0x80,

    /* U+005B "[" */
    0x0, 0xd3, 0xfe, 0x60, 0x1c, 0x70, 0x1, 0x88,
    0x7, 0xff, 0x64, 0x7d, 0xa3, 0x30, 0xe0,

    /* U+005C "\\" */
    0x55, 0x0, 0x45, 0x60, 0x12, 0x9, 0x0, 0xc,
    0x50, 0x2, 0x4c, 0x0, 0xb1, 0x0, 0x24, 0x13,
    0x0, 0x10, 0xa0, 0x4, 0xf8, 0x1, 0x62, 0x0,
    0x48, 0x6, 0x0, 0x12, 0xb0, 0x9, 0x10,

    /* U+005D "]" */
    0x0, 0xc7, 0xfe, 0xb3, 0xc3, 0x0, 0x1b, 0x80,
    0x7f, 0xf6, 0x4f, 0xd0, 0xf, 0x31, 0x20,

    /* U+005E "^" */
    0x0, 0x24, 0x8, 0x6, 0x97, 0x90, 0x9, 0x4e,
    0x98, 0x2, 0x96, 0x53, 0x70, 0x33, 0x48, 0x5c,
    0x80,

    /* U+005F "_" */
    0x11, 0xf0, 0x77, 0x79, 0xee, 0xfc, 0xc0,

    /* U+0060 "`" */
    0x11, 0x4, 0xe0, 0x40, 0x28,

    /* U+0061 "a" */
    0x2, 0xbe, 0xe5, 0x0, 0x31, 0xae, 0x12, 0x83,
    0x30, 0xac, 0xe8, 0x6, 0xd5, 0x8c, 0x22, 0xfa,
    0xd9, 0x60, 0x71, 0xc7, 0x52, 0x2, 0x8, 0x48,
    0x40, 0x48, 0x7b, 0x27, 0x0,

    /* U+0062 "b" */
    0xf8, 0x0, 0xff, 0xe4, 0xcf, 0xf3, 0x0, 0x18,
    0xe9, 0x25, 0x40, 0xa9, 0x68, 0xa4, 0x10, 0x2,
    0x43, 0x0, 0xe3, 0x0, 0x20, 0x4, 0xe6, 0x5,
    0x4b, 0x65, 0x21, 0x27, 0x4b, 0xa,

    /* U+0063 "c" */
    0x0, 0x47, 0x7d, 0x98, 0x2, 0x9e, 0x69, 0xf0,
    0x44, 0xae, 0xe5, 0xd7, 0x35, 0xc, 0x0, 0xc,
    0x10, 0x7, 0xe5, 0xc, 0x0, 0xc, 0x90, 0xab,
    0xb9, 0x75, 0x8c, 0x29, 0xe6, 0x9f, 0x4,

    /* U+0064 "d" */
    0x0, 0xf6, 0xd0, 0x7, 0xff, 0x14, 0x6b, 0xf9,
    0x40, 0x2a, 0x58, 0x84, 0x90, 0x12, 0x3b, 0x9b,
    0x80, 0xc, 0x18, 0x0, 0x21, 0x0, 0xfe, 0x60,
    0xc0, 0x1, 0x8, 0x12, 0x3b, 0x9b, 0xc4, 0x1,
    0x4b, 0x17, 0x6, 0x0,

    /* U+0065 "e" */
    0x0, 0x47, 0x7d, 0x90, 0x2, 0x9a, 0x29, 0xf0,
    0x44, 0xb6, 0xcb, 0xa2, 0xea, 0x15, 0xfe, 0xe0,
    0xf0, 0x5, 0x6e, 0xe8, 0x50, 0x22, 0xce, 0x2,
    0xb0, 0xeb, 0x74, 0x61, 0x4f, 0x34, 0xf6, 0x40,

    /* U+0066 "f" */
    0x0, 0x47, 0x70, 0x0, 0x8e, 0xeb, 0x0, 0x10,
    0x42, 0x86, 0xc8, 0x76, 0x7, 0x30, 0x57, 0x81,
    0xf8, 0x21, 0x80, 0x7f, 0xf4, 0xc0,

    /* U+0067 "g" */
    0x0, 0x57, 0xf2, 0xed, 0x5, 0x2c, 0x44, 0x60,
    0x2a, 0xee, 0x6f, 0x10, 0x50, 0xc0, 0x1, 0x8,
    0x4, 0xe0, 0x1c, 0xc0, 0x80, 0x1, 0x10, 0x12,
    0x43, 0xae, 0x80, 0x54, 0xb1, 0x72, 0x40, 0x1,
    0xaf, 0xe5, 0x33, 0x5, 0xea, 0xa5, 0xe, 0x84,
    0xbd, 0xd9, 0xe9, 0x0,

    /* U+0068 "h" */
    0xf8, 0x0, 0xff, 0xe4, 0xcf, 0xea, 0x80, 0x18,
    0x24, 0x28, 0x81, 0x65, 0xb8, 0x1c, 0xc, 0x0,
    0x40, 0x60, 0x1f, 0xfd, 0x0,

    /* U+0069 "i" */
    0x1e, 0x81, 0x5e, 0xb, 0x60, 0xf8, 0x0, 0xff,
    0xe4, 0x80,

    /* U+006A "j" */
    0x1, 0xe8, 0x1, 0x5e, 0x0, 0x5b, 0x0, 0x3e,
    0x0, 0x3f, 0xfa, 0x7e, 0x30, 0x4, 0x46, 0x62,
    0x80,

    /* U+006B "k" */
    0xf8, 0x0, 0xff, 0xe5, 0xdf, 0x8, 0x5, 0x49,
    0xa2, 0x0, 0x85, 0xb3, 0x0, 0x33, 0xb2, 0x0,
    0x42, 0x6c, 0x40, 0x13, 0xe8, 0xf8, 0x6, 0x1a,
    0x29, 0x0, 0xc8, 0xec, 0xa0,

    /* U+006C "l" */
    0xf8, 0x0, 0xff, 0xe4, 0x0,

    /* U+006D "m" */
    0xf7, 0xaf, 0xc1, 0x8e, 0xe3, 0x80, 0x27, 0x28,
    0xb0, 0xa9, 0x20, 0xc1, 0xd9, 0x5c, 0xa9, 0x2c,
    0x14, 0x4, 0x0, 0x20, 0x1f, 0xfe, 0x60,

    /* U+006E "n" */
    0xf7, 0xaf, 0xd5, 0x0, 0x4e, 0xd0, 0xd0, 0x82,
    0x3a, 0xf8, 0x20, 0x10, 0x0, 0x80, 0xc0, 0x3f,
    0xfa, 0x0,

    /* U+006F "o" */
    0x0, 0x47, 0x7e, 0x18, 0x2, 0x9e, 0x68, 0x30,
    0x44, 0xae, 0xe5, 0xd0, 0x95, 0xc, 0x0, 0x9,
    0x98, 0x3, 0xf2, 0x86, 0x0, 0x4, 0xcc, 0x2a,
    0xee, 0x5d, 0xa, 0xa, 0x79, 0xa0, 0xc2,

    /* U+0070 "p" */
    0xf7, 0x9f, 0xe6, 0x0, 0x48, 0xdb, 0xca, 0x81,
    0x42, 0x49, 0x48, 0x20, 0x4, 0x86, 0x1, 0xc6,
    0x0, 0x50, 0x9, 0xcc, 0xe, 0x96, 0xca, 0x41,
    0x8e, 0x96, 0x14, 0x1, 0x3f, 0xce, 0x1, 0xff,
    0xc3,

    /* U+0071 "q" */
    0x1, 0xaf, 0xe5, 0xda, 0xa, 0x58, 0x84, 0x98,
    0x12, 0x3b, 0x9b, 0x84, 0x18, 0x30, 0x0, 0x42,
    0x1, 0xfc, 0xc1, 0x80, 0x2, 0x10, 0x24, 0x77,
    0x37, 0x80, 0x54, 0xb1, 0x70, 0x40, 0x1, 0xaf,
    0xd5, 0x0, 0xff, 0xe3, 0x0,

    /* U+0072 "r" */
    0xf8, 0xbf, 0x10, 0x72, 0xa1, 0x5, 0x95, 0x0,
    0x10, 0x7, 0xff, 0x2c,

    /* U+0073 "s" */
    0x3, 0xcf, 0xe9, 0x0, 0x68, 0x5d, 0x9a, 0x0,
    0x51, 0xb, 0xd0, 0xa, 0xf9, 0x4, 0x0, 0xab,
    0x45, 0xc7, 0x4, 0x58, 0xd4, 0xa1, 0xba, 0x46,
    0x57, 0x1b, 0x7b, 0x87, 0xb0,

    /* U+0074 "t" */
    0xc, 0xc0, 0x7, 0xda, 0x66, 0xf4, 0xe2, 0x25,
    0xa9, 0x88, 0x90, 0x40, 0x3f, 0xe7, 0x0, 0xc2,
    0x4c, 0x21, 0x5, 0x28,

    /* U+0075 "u" */
    0xf8, 0x0, 0xf, 0xb0, 0x7, 0xff, 0x40, 0x48,
    0x0, 0xa0, 0x4, 0x58, 0x68, 0x0, 0x5a, 0x3d,
    0xf8, 0x0,

    /* U+0076 "v" */
    0x8f, 0x10, 0x0, 0xfc, 0x50, 0x30, 0x1, 0xc2,
    0x88, 0xec, 0x1, 0xa4, 0x40, 0xa3, 0x11, 0x25,
    0x0, 0x1c, 0x1d, 0xc0, 0xc0, 0x1, 0x4d, 0xc4,
    0x10, 0xb, 0x91, 0x1a, 0x1, 0x94, 0x5, 0x80,
    0x0,

    /* U+0077 "w" */
    0x7f, 0x10, 0x1f, 0xa0, 0x4, 0x78, 0xa8, 0x20,
    0x20, 0x20, 0x1, 0xc, 0x48, 0x70, 0x31, 0x4,
    0x80, 0xec, 0x0, 0xe8, 0x9, 0xa6, 0x88, 0x4,
    0x0, 0x61, 0x14, 0x88, 0xcc, 0x9, 0x80, 0x14,
    0x2c, 0x4b, 0x10, 0xd0, 0x3, 0x23, 0x38, 0x20,
    0xa7, 0x80, 0x6c, 0xc, 0x0, 0x20, 0x20, 0x0,

    /* U+0078 "x" */
    0x2f, 0x80, 0x5, 0x70, 0x93, 0xb8, 0x91, 0x6c,
    0x42, 0xa, 0x20, 0x8a, 0x1, 0x4a, 0x9c, 0x80,
    0x62, 0x0, 0xf0, 0xc3, 0x9f, 0x0, 0x56, 0x13,
    0xe6, 0xe0, 0x8b, 0x62, 0x6d, 0x4,

    /* U+0079 "y" */
    0x8f, 0x10, 0x0, 0xfc, 0x50, 0x30, 0x1, 0xc2,
    0x88, 0xec, 0x1, 0xa4, 0x40, 0xa3, 0x11, 0x25,
    0x0, 0x1c, 0x19, 0xc1, 0x80, 0x2, 0x99, 0xa8,
    0x20, 0x17, 0x22, 0x38, 0x3, 0x28, 0x82, 0x80,
    0x79, 0x40, 0x32, 0x48, 0xc8, 0x6, 0xa7, 0x93,
    0x0, 0x80,

    /* U+007A "z" */
    0xf, 0xfe, 0xd0, 0x99, 0x9c, 0x10, 0x19, 0xa5,
    0x29, 0x0, 0xa4, 0xbc, 0x2, 0x56, 0x92, 0x0,
    0x15, 0x23, 0x0, 0x5c, 0x18, 0xcd, 0x11, 0x84,
    0x4c, 0xc0,

    /* U+007B "{" */
    0x0, 0xa3, 0x94, 0x0, 0xaf, 0x28, 0x0, 0xd1,
    0x71, 0x0, 0xfe, 0x30, 0xc, 0x82, 0x1, 0x78,
    0x70, 0x4, 0xc6, 0xa0, 0x14, 0xb5, 0x0, 0x61,
    0x30, 0xf, 0xf7, 0xa, 0x0, 0x4c, 0x76, 0xc0,
    0x16, 0x73, 0x80,

    /* U+007C "|" */
    0x28, 0x6, 0x71, 0x0, 0xff, 0xf2, 0x0,

    /* U+007D "}" */
    0x3e, 0xa0, 0x8, 0xe1, 0x5c, 0x2, 0x64, 0xd0,
    0xe, 0x10, 0xf, 0xf1, 0xaa, 0x0, 0x50, 0x96,
    0x60, 0x6, 0x58, 0x20, 0x6, 0xa3, 0x88, 0x7,
    0xf0, 0x80, 0x44, 0xa4, 0x0, 0x3d, 0x39, 0x0,
    0x1f, 0x68, 0x80, 0x0,

    /* U+007E "~" */
    0x0, 0xfc, 0x5d, 0xec, 0x3, 0xa5, 0x5, 0x32,
    0x67, 0x23, 0x7b, 0x6b, 0x99, 0x30, 0xeb, 0x82,
    0x76, 0x48, 0x0,

    /* U+00A0 " " */

    /* U+00A1 "¡" */
    0xad, 0x1, 0x30, 0xbe, 0x1, 0x20, 0x8f, 0x0,
    0x18, 0x18, 0x7, 0xf0, 0x80, 0x80, 0x0,

    /* U+00A2 "¢" */
    0x0, 0x8e, 0x40, 0x39, 0x21, 0x1c, 0x2, 0x6b,
    0x53, 0x8c, 0x0, 0x4a, 0x6b, 0xd9, 0x19, 0x83,
    0x80, 0x9, 0xc6, 0xc0, 0xc0, 0x1c, 0xc0, 0xc0,
    0x1c, 0x61, 0xc0, 0x4, 0xf3, 0x9, 0x4d, 0x4b,
    0x33, 0x3, 0x5a, 0x83, 0xe0, 0x4, 0x90, 0x90,
    0x0,

    /* U+00A3 "£" */
    0x0, 0xd, 0xff, 0x40, 0x5, 0x8b, 0xe, 0xf0,
    0x19, 0x5b, 0xca, 0xe0, 0x38, 0x38, 0x2, 0xac,
    0x3, 0xf2, 0x58, 0x6f, 0xf9, 0x1, 0x28, 0x2b,
    0x74, 0x80, 0x6, 0x1, 0x22, 0x0, 0x73, 0x80,
    0x9, 0x46, 0x9, 0x59, 0x93, 0x6a, 0x85, 0x33,
    0x2c, 0x0,

    /* U+00A4 "¤" */
    0x0, 0xff, 0xb5, 0xa7, 0xb9, 0x69, 0xa6, 0x15,
    0x2b, 0x5a, 0x56, 0x26, 0x1e, 0x78, 0x87, 0x2e,
    0x1, 0x2c, 0x80, 0x69, 0x31, 0x3, 0x60, 0xc,
    0x20, 0x40, 0x6c, 0x1, 0x84, 0x8, 0x16, 0x40,
    0x34, 0x18, 0x80, 0x9e, 0x2a, 0x4b, 0x8, 0x80,
    0xed, 0x6e, 0x8b, 0x18, 0xc0,

    /* U+00A5 "¥" */
    0x9f, 0x10, 0x2, 0x7b, 0x50, 0x38, 0x3, 0x81,
    0x8c, 0xd4, 0x0, 0x56, 0x0, 0x51, 0x92, 0x85,
    0x0, 0x18, 0x2b, 0x8c, 0xc0, 0x13, 0x31, 0x28,
    0x0, 0x3e, 0xc2, 0x13, 0x80, 0x3b, 0xa1, 0x4d,
    0xd0, 0xe, 0xe8, 0x53, 0x74, 0x3, 0xba, 0x14,
    0xdd, 0x0, 0x8, 0x80, 0x24, 0x20,

    /* U+00A6 "¦" */
    0xab, 0x0, 0xf1, 0x12, 0x24, 0x3, 0x55, 0x80,
    0x78, 0x84,

    /* U+00A7 "§" */
    0x0, 0x4f, 0x72, 0x0, 0x27, 0x68, 0x83, 0xb0,
    0x3, 0x8d, 0x99, 0x24, 0x0, 0xc3, 0x70, 0x64,
    0x0, 0x86, 0x35, 0x0, 0x3, 0x54, 0xc1, 0xb7,
    0x3, 0x6, 0x3c, 0x78, 0x12, 0x4c, 0x40, 0xa0,
    0xa, 0xda, 0xf2, 0x5c, 0x40, 0x11, 0xae, 0x94,
    0x0, 0x22, 0xac, 0x68, 0x1, 0x3e, 0x26, 0x3e,
    0x0, 0x93, 0xec, 0x36, 0x0, 0x17, 0x6e, 0xb0,
    0x40,

    /* U+00A8 "¨" */
    0xb, 0x50, 0xb4, 0x5, 0x21, 0x52,

    /* U+00A9 "©" */
    0x0, 0xe1, 0x0, 0xf8, 0xef, 0xfb, 0xe8, 0x40,
    0x25, 0xc7, 0x9a, 0x84, 0xf3, 0x2, 0xa6, 0xfb,
    0xab, 0xd2, 0xe0, 0xb2, 0x8d, 0x7b, 0x7e, 0xe1,
    0x2a, 0xc8, 0x14, 0x95, 0x66, 0x6c, 0x0, 0x19,
    0x80, 0x2, 0xa2, 0xe0, 0xc8, 0x82, 0x71, 0x9d,
    0x14, 0xf9, 0x35, 0x98, 0xe7, 0xdb, 0x7, 0x37,
    0x8c, 0xba, 0xbf, 0x5a, 0x10, 0x89, 0x4b, 0xaa,
    0xd, 0xa8, 0x4, 0xdd, 0xb7, 0xba, 0x40, 0x0,

    /* U+00AA "ª" */
    0x8, 0xef, 0xa0, 0x23, 0xad, 0x77, 0x14, 0x95,
    0x9f, 0x2e, 0x8e, 0xa8, 0x69, 0x2b, 0xa8, 0x48,
    0xef, 0xa8, 0x0,

    /* U+00AB "«" */
    0x0, 0xf, 0x51, 0x7c, 0x80, 0x34, 0xaf, 0xce,
    0x42, 0x8b, 0xa8, 0xf4, 0x9, 0x5c, 0x51, 0x84,
    0xa, 0x59, 0x90, 0xe8, 0x0, 0x66, 0x52, 0xaa,
    0x84, 0x1, 0x2d, 0x54, 0x76,

    /* U+00AC "¬" */
    0x1, 0x1e, 0x7, 0xee, 0xe6, 0x65, 0xde, 0x0,
    0xa, 0x26, 0x0, 0xfb, 0x1c,

    /* U+00AE "®" */
    0x0, 0x1d, 0xf6, 0x30, 0x4, 0x9b, 0xd9, 0x15,
    0x20, 0xa, 0xcf, 0x8e, 0xd4, 0x48, 0x88, 0xd6,
    0xc5, 0x5a, 0xe, 0x0, 0xa1, 0x31, 0x5, 0x50,
    0xbd, 0x9, 0x56, 0xc, 0xec, 0x8e, 0xdb, 0xa8,
    0x3c, 0xe7, 0xf0, 0x58, 0x4, 0xbd, 0xcf, 0x90,
    0x0,

    /* U+00AF "¯" */
    0xaf, 0xf8, 0xaf, 0x76, 0x20,

    /* U+00B0 "°" */
    0x2, 0xdf, 0x70, 0x7, 0xad, 0xca, 0x9, 0x42,
    0x23, 0x4, 0x14, 0x53, 0x42, 0xeb, 0x91, 0x41,
    0x3b, 0x68, 0x0,

    /* U+00B1 "±" */
    0x0, 0xbd, 0x40, 0x21, 0x10, 0x18, 0x8a, 0xbb,
    0x81, 0x3d, 0xc8, 0xbb, 0x3, 0xdd, 0x89, 0x10,
    0x1a, 0x88, 0x1, 0x14, 0xb0, 0x8a, 0xbb, 0x93,
    0x9d, 0xc8, 0xbb, 0xf0,

    /* U+00B2 "²" */
    0x8, 0xee, 0x48, 0x12, 0xd6, 0xb2, 0x96, 0xa3,
    0x83, 0x80, 0x1a, 0xe4, 0x82, 0x65, 0x48, 0x26,
    0xc1, 0x5b, 0x20,

    /* U+00B3 "³" */
    0x7, 0xef, 0xb1, 0x17, 0xee, 0x95, 0xc6, 0x13,
    0x55, 0x80, 0xf, 0xed, 0x27, 0xcc, 0x60, 0x3,
    0x98, 0xc6, 0x80,

    /* U+00B4 "´" */
    0x1, 0x11, 0x72, 0xdb, 0x20,

    /* U+00B5 "µ" */
    0xf8, 0x0, 0xf, 0xb0, 0x7, 0xff, 0x58, 0x80,
    0x4, 0x1, 0x95, 0x93, 0xc3, 0x4, 0x16, 0xa9,
    0x70, 0xa8, 0x5, 0x9c, 0xee, 0xf5, 0x0, 0xff,
    0xe2, 0x0,

    /* U+00B6 "¶" */
    0x1, 0xae, 0xff, 0x90, 0x35, 0x44, 0xe4, 0x0,
    0x46, 0x0, 0x67, 0x0, 0x30, 0x7, 0xcc, 0x1,
    0xf1, 0x20, 0x7, 0xd6, 0xe4, 0x60, 0x1d, 0x1b,
    0x20, 0x1f, 0xfc, 0xf0,

    /* U+00B7 "·" */
    0x0, 0xaf, 0x80, 0x4c, 0x0,

    /* U+00B8 "¸" */
    0x33, 0x2, 0x79, 0xbd, 0x4c, 0xab, 0xc0,

    /* U+00B9 "¹" */
    0x9, 0xf9, 0x43, 0x30, 0x25, 0x0, 0x7f, 0xf0,
    0x80,

    /* U+00BA "º" */
    0x5, 0xdf, 0xc2, 0x2, 0xaa, 0x6b, 0x60, 0x28,
    0xb9, 0x40, 0x98, 0x7, 0xca, 0x2e, 0x50, 0x26,
    0x55, 0x4d, 0x6d, 0x0,

    /* U+00BB "»" */
    0x2e, 0x93, 0xf8, 0x0, 0x15, 0x32, 0xd3, 0xa8,
    0x1, 0x22, 0x45, 0xe8, 0xc0, 0xe, 0x3f, 0x21,
    0x20, 0xb, 0xa, 0xd2, 0xa0, 0x84, 0xd8, 0x2f,
    0x2, 0x25, 0x9, 0xd1, 0x0,

    /* U+00BC "¼" */
    0x9, 0xc0, 0xe, 0xa4, 0x7, 0x3, 0x10, 0x9,
    0xd9, 0x1, 0xe0, 0x3, 0x14, 0x70, 0x7, 0xee,
    0x82, 0x0, 0xf9, 0x81, 0xc0, 0x3e, 0x28, 0xe0,
    0x9f, 0x30, 0x1f, 0x19, 0x62, 0x23, 0x80, 0x73,
    0x32, 0x2, 0x24, 0x40, 0x21, 0x8e, 0x3, 0x47,
    0x0, 0xd6, 0xe6, 0x8, 0x3e, 0x3a, 0xa, 0xf2,
    0x0, 0x7f, 0xf0, 0xe8,

    /* U+00BD "½" */
    0x7, 0xa0, 0xe, 0x83, 0x0, 0x36, 0x28, 0x80,
    0x4c, 0xa6, 0x0, 0x7a, 0x0, 0xc3, 0x1c, 0x1,
    0x8, 0x7, 0x53, 0x18, 0x7, 0xe5, 0x68, 0x0,
    0xfc, 0x37, 0x23, 0x7d, 0x20, 0x1, 0xd1, 0xb7,
    0x44, 0xe, 0xb2, 0x0, 0x9, 0x11, 0x20, 0xb4,
    0x40, 0xc0, 0x15, 0x50, 0x3, 0x64, 0x10, 0x2,
    0x51, 0x0, 0x15, 0xbb, 0x80, 0x8, 0xf6, 0x1,
    0x32, 0x2f, 0xb0, 0x2f, 0x88, 0x4, 0xdb, 0xb3,
    0x0,

    /* U+00BE "¾" */
    0x8, 0xec, 0x10, 0xd, 0xaa, 0x2, 0x7e, 0xf2,
    0x1, 0x43, 0x28, 0xd, 0x88, 0x6, 0x26, 0x90,
    0xd, 0xc9, 0x60, 0xe, 0x92, 0x0, 0x9, 0xf3,
    0x78, 0x30, 0x38, 0x6, 0xef, 0x6a, 0x18, 0xf0,
    0x6e, 0x41, 0xde, 0xf6, 0xa6, 0x30, 0x80, 0x10,
    0x0, 0x82, 0xb4, 0x4, 0x39, 0x80, 0x61, 0xb9,
    0x2, 0x68, 0x0, 0xe8, 0x74, 0x4, 0x1e, 0x2a,
    0x0, 0x1b, 0xc0, 0x1, 0xbf, 0xc5, 0x40,

    /* U+00BF "¿" */
    0x0, 0xb3, 0x0, 0x1c, 0x22, 0x0, 0xed, 0xd0,
    0x7, 0x3b, 0x80, 0x3a, 0x74, 0x2, 0x1b, 0x1e,
    0x0, 0xb5, 0x2d, 0x0, 0x6, 0x69, 0x40, 0x9,
    0xc0, 0x80, 0x17, 0x64, 0x19, 0x58, 0x4c, 0xd,
    0x1a, 0x67, 0x70,

    /* U+00C0 "À" */
    0x0, 0xab, 0x40, 0x3f, 0x59, 0xa0, 0x7, 0xc3,
    0xe8, 0x1, 0xf1, 0xf7, 0x88, 0x7, 0xac, 0x41,
    0xc0, 0x3c, 0xa8, 0x7a, 0x1, 0xc6, 0x58, 0x88,
    0x10, 0xd, 0x60, 0xf8, 0xe, 0x1, 0x94, 0x85,
    0x7, 0x40, 0x22, 0x22, 0x8, 0x91, 0x2, 0x0,
    0xa0, 0x6e, 0xe2, 0x83, 0x80, 0x14, 0xae, 0xf0,
    0x68, 0x11, 0x15, 0x13, 0x2a, 0xa, 0x85, 0x80,
    0x6e, 0x7,

    /* U+00C1 "Á" */
    0x0, 0xee, 0x80, 0xf, 0x98, 0xe0, 0x3, 0xe7,
    0xd0, 0xf, 0x8f, 0xbc, 0x40, 0x3d, 0x62, 0xe,
    0x1, 0xe5, 0x43, 0xd0, 0xe, 0x32, 0xc4, 0x40,
    0x80, 0x6b, 0x7, 0xc0, 0x70, 0xc, 0xa4, 0x28,
    0x3a, 0x1, 0x11, 0x10, 0x44, 0x88, 0x10, 0x5,
    0x3, 0x77, 0x14, 0x1c, 0x0, 0xa5, 0x77, 0x83,
    0x40, 0x88, 0xa8, 0x99, 0x50, 0x54, 0x2c, 0x3,
    0x70, 0x38,

    /* U+00C2 "Â" */
    0x0, 0xce, 0xc0, 0x1f, 0x4d, 0xd9, 0xc0, 0x38,
    0xbb, 0x7c, 0x4, 0x3, 0x12, 0x76, 0xb0, 0x80,
    0x75, 0x88, 0x38, 0x7, 0x95, 0xf, 0x40, 0x38,
    0xcb, 0x11, 0x2, 0x1, 0xac, 0x1f, 0x1, 0xc0,
    0x32, 0x90, 0xa0, 0xe8, 0x4, 0x44, 0x41, 0x12,
    0x20, 0x40, 0x14, 0xd, 0xdc, 0x50, 0x70, 0x2,
    0x95, 0xde, 0xd, 0x2, 0x22, 0xa2, 0x65, 0x41,
    0x50, 0xb0, 0xd, 0xc0, 0xe0,

    /* U+00C3 "Ã" */
    0x0, 0xaa, 0xcb, 0x40, 0x38, 0x5f, 0xfc, 0x80,
    0x1c, 0x3a, 0x9b, 0x20, 0x1e, 0x3f, 0xf0, 0x80,
    0x7a, 0xc4, 0x1c, 0x3, 0xca, 0x87, 0xa0, 0x1c,
    0x65, 0x88, 0x81, 0x0, 0xd6, 0xf, 0x80, 0xe0,
    0x19, 0x48, 0x50, 0x74, 0x2, 0x22, 0x20, 0x89,
    0x10, 0x20, 0xa, 0x6, 0xee, 0x28, 0x38, 0x1,
    0x4a, 0xef, 0x6, 0x81, 0x11, 0x51, 0x32, 0xa0,
    0xa8, 0x58, 0x6, 0xe0, 0x70,

    /* U+00C4 "Ä" */
    0x0, 0x15, 0x91, 0xd8, 0x80, 0x61, 0x41, 0x75,
    0x30, 0xc, 0x7e, 0x69, 0xc4, 0x1, 0xc7, 0xfe,
    0x10, 0xf, 0x58, 0x83, 0x80, 0x79, 0x50, 0xf4,
    0x3, 0x8c, 0xb1, 0x10, 0x20, 0x1a, 0xc1, 0xf0,
    0x1c, 0x3, 0x29, 0xa, 0xe, 0x80, 0x44, 0x44,
    0x11, 0x22, 0x4, 0x1, 0x40, 0xdd, 0xc5, 0x7,
    0x0, 0x29, 0x5d, 0xe0, 0xd0, 0x22, 0x2a, 0x26,
    0x54, 0x15, 0xb, 0x0, 0xdc, 0xe,

    /* U+00C5 "Å" */
    0x0, 0x97, 0x74, 0x60, 0x1e, 0x99, 0x5c, 0x0,
    0x7a, 0x65, 0x70, 0x1, 0xe6, 0x22, 0x80, 0x3d,
    0x62, 0xe, 0x1, 0xe5, 0x43, 0xd0, 0xe, 0x32,
    0xc4, 0x40, 0x80, 0x6b, 0x7, 0xc0, 0x70, 0xc,
    0xa4, 0x28, 0x3a, 0x1, 0x11, 0x10, 0x44, 0x88,
    0x10, 0x5, 0x3, 0x77, 0x14, 0x1c, 0x0, 0xa5,
    0x77, 0x83, 0x40, 0x88, 0xa8, 0x99, 0x50, 0x54,
    0x2c, 0x3, 0x70, 0x38,

    /* U+00C6 "Æ" */
    0x0, 0xc5, 0xff, 0xf8, 0x80, 0x35, 0x85, 0x83,
    0xcc, 0xe2, 0x0, 0xcc, 0xc7, 0xc, 0x66, 0xc0,
    0x19, 0x82, 0x80, 0x3f, 0xeb, 0x23, 0x0, 0x8,
    0xf0, 0x4, 0x85, 0x60, 0x15, 0x77, 0x5a, 0x1,
    0x78, 0x38, 0x5, 0x17, 0x77, 0x80, 0x9, 0x3,
    0xbf, 0x0, 0xd1, 0x23, 0x0, 0x58, 0x5e, 0x62,
    0x40, 0x3f, 0x32, 0x20, 0xcc, 0xa1, 0xac, 0xd8,
    0x5c, 0x3c, 0x3, 0x9a, 0x67, 0x10,

    /* U+00C7 "Ç" */
    0x0, 0xc, 0xf7, 0xeb, 0x0, 0x6c, 0x64, 0x76,
    0x99, 0x0, 0x24, 0xae, 0xa2, 0xdd, 0x8c, 0x1d,
    0x50, 0x2, 0x96, 0x72, 0x1c, 0x0, 0xc3, 0x28,
    0x20, 0x60, 0x1f, 0x8, 0x18, 0x7, 0xc4, 0x38,
    0x1, 0x86, 0x50, 0x1d, 0x50, 0x2, 0x96, 0x70,
    0x92, 0xba, 0x8b, 0x76, 0x30, 0x6, 0x32, 0x3b,
    0x44, 0x80, 0x43, 0x3e, 0x5c, 0xe0, 0x1e, 0x19,
    0xc0, 0xf, 0x96, 0x54, 0x2,

    /* U+00C8 "È" */
    0x3, 0xf3, 0x0, 0xc6, 0xd2, 0x1, 0xd3, 0x60,
    0x17, 0x7f, 0xbb, 0xfd, 0x0, 0x73, 0x3a, 0xc1,
    0xd9, 0xb1, 0x80, 0x7f, 0x8, 0xe0, 0x2, 0x77,
    0x63, 0x3, 0xbb, 0xc6, 0xe, 0x89, 0x80, 0x3f,
    0x9d, 0x9b, 0x18, 0x1c, 0xce, 0xa0,

    /* U+00C9 "É" */
    0x0, 0xa3, 0x80, 0x39, 0xa8, 0x3, 0xbd, 0x0,
    0x1d, 0xfe, 0xef, 0xf4, 0x1, 0xcc, 0xeb, 0x7,
    0x66, 0xc6, 0x1, 0xfc, 0x23, 0x80, 0x9, 0xdd,
    0x8c, 0xe, 0xef, 0x18, 0x3a, 0x26, 0x0, 0xfe,
    0x76, 0x6c, 0x60, 0x73, 0x3a, 0x80,

    /* U+00CA "Ê" */
    0x0, 0x24, 0x8, 0x4, 0x74, 0x38, 0x1, 0x2d,
    0x4d, 0xa0, 0x74, 0xdf, 0xcd, 0xc0, 0x1c, 0xce,
    0xb0, 0x76, 0x6c, 0x60, 0x1f, 0xc2, 0x38, 0x0,
    0x9d, 0xd8, 0xc0, 0xee, 0xf1, 0x83, 0xa2, 0x60,
    0xf, 0xe7, 0x66, 0xc6, 0x7, 0x33, 0xa8,

    /* U+00CB "Ë" */
    0x9, 0x60, 0xa6, 0x0, 0x2f, 0x83, 0xf0, 0x3,
    0x24, 0x36, 0x3, 0xbf, 0xfa, 0x0, 0xe6, 0x75,
    0x83, 0xb3, 0x63, 0x0, 0xfe, 0x11, 0xc0, 0x4,
    0xee, 0xc6, 0x7, 0x77, 0x8c, 0x1d, 0x13, 0x0,
    0x7f, 0x3b, 0x36, 0x30, 0x39, 0x9d, 0x40,

    /* U+00CC "Ì" */
    0xac, 0xb, 0x23, 0x1f, 0x30, 0xfb, 0x0, 0xff,
    0xe9, 0x0,

    /* U+00CD "Í" */
    0xe, 0x76, 0x37, 0x76, 0x87, 0xd8, 0x7, 0xff,
    0x4c,

    /* U+00CE "Î" */
    0x0, 0x3b, 0x0, 0x55, 0x96, 0xc0, 0x5b, 0x5e,
    0x20, 0x4f, 0xf2, 0xe0, 0x1f, 0xff, 0x10,

    /* U+00CF "Ï" */
    0x2b, 0x13, 0xb1, 0x65, 0x37, 0x53, 0x4e, 0x24,
    0xe2, 0x0, 0x75, 0x80, 0x7f, 0xfc, 0x80,

    /* U+00D0 "Ð" */
    0x9, 0xff, 0xba, 0xcc, 0x3, 0xa6, 0x66, 0xc5,
    0x0, 0xcc, 0xc7, 0xd3, 0xb1, 0x0, 0xfb, 0xc5,
    0x0, 0x3e, 0x30, 0xdd, 0x30, 0x7f, 0xa0, 0x0,
    0x22, 0xf3, 0xc, 0xc4, 0x80, 0x4, 0x44, 0xa0,
    0x66, 0x10, 0x40, 0xd0, 0xf, 0xa0, 0x54, 0x2,
    0x66, 0x46, 0x9d, 0x80, 0x69, 0x93, 0x33, 0x14,
    0x0,

    /* U+00D1 "Ñ" */
    0x0, 0x2e, 0xac, 0xa8, 0x6, 0xe8, 0xe4, 0x40,
    0x6, 0xb5, 0xbd, 0x10, 0x7, 0x79, 0x80, 0x45,
    0xee, 0x0, 0xf0, 0xf, 0x8c, 0xcc, 0x1, 0xe6,
    0x58, 0x0, 0xf0, 0xc0, 0xc8, 0x7, 0x89, 0x98,
    0x40, 0x1e, 0x81, 0x93, 0x0, 0xe1, 0x84, 0x40,
    0x7, 0x98, 0xe4, 0x3, 0xef, 0x30, 0xf, 0x8d,
    0x40, 0x0,

    /* U+00D2 "Ò" */
    0x0, 0x8f, 0xcc, 0x3, 0xe3, 0x68, 0x0, 0xfd,
    0x34, 0x1, 0xe1, 0x9e, 0xe6, 0xb0, 0x6, 0xc6,
    0x47, 0x69, 0xa0, 0x4, 0x95, 0xd4, 0x5b, 0xaa,
    0x3, 0xaa, 0x0, 0x50, 0x3c, 0x43, 0x80, 0x1c,
    0x8e, 0x20, 0x60, 0x1c, 0x66, 0x10, 0x30, 0xe,
    0x33, 0x10, 0xe0, 0x7, 0x23, 0x83, 0xaa, 0x0,
    0x50, 0x3c, 0x12, 0x57, 0x51, 0x6e, 0xa8, 0x0,
    0xc6, 0x47, 0x69, 0xa0,

    /* U+00D3 "Ó" */
    0x0, 0xe8, 0xe0, 0xf, 0xcd, 0x40, 0x1f, 0xbd,
    0x0, 0x38, 0x67, 0xb9, 0xac, 0x1, 0xb1, 0x91,
    0xda, 0x68, 0x1, 0x25, 0x75, 0x16, 0xea, 0x80,
    0xea, 0x80, 0x14, 0xf, 0x10, 0xe0, 0x7, 0x23,
    0x88, 0x18, 0x7, 0x19, 0x84, 0xc, 0x3, 0x8c,
    0xc4, 0x38, 0x1, 0xc8, 0xe0, 0xea, 0x80, 0x14,
    0xf, 0x4, 0x95, 0xd4, 0x5b, 0xaa, 0x0, 0x31,
    0x91, 0xda, 0x68, 0x0,

    /* U+00D4 "Ô" */
    0x0, 0xd7, 0xee, 0x1, 0xe9, 0x7d, 0x95, 0x0,
    0xe9, 0xc2, 0xe5, 0x0, 0xc3, 0x3d, 0xfa, 0xc0,
    0x1b, 0x19, 0x1d, 0xa6, 0x80, 0x12, 0x57, 0x51,
    0x6e, 0xa8, 0xe, 0xa8, 0x1, 0x40, 0xf1, 0xe,
    0x0, 0x72, 0x38, 0x81, 0x80, 0x71, 0x98, 0x40,
    0xc0, 0x38, 0xcc, 0x43, 0x80, 0x1c, 0x8e, 0xe,
    0xa8, 0x1, 0x40, 0xf0, 0x49, 0x5d, 0x45, 0xba,
    0xa0, 0x3, 0x19, 0x1d, 0xa6, 0x80,

    /* U+00D5 "Õ" */
    0x0, 0x93, 0x56, 0x18, 0x3, 0xba, 0xfd, 0x90,
    0x3, 0xa9, 0xab, 0x88, 0x3, 0xc, 0xf7, 0xeb,
    0x0, 0x6c, 0x64, 0x76, 0x9a, 0x0, 0x49, 0x5d,
    0x45, 0xba, 0xa0, 0x3a, 0xa0, 0x5, 0x3, 0xc4,
    0x38, 0x1, 0xc8, 0xe2, 0x6, 0x1, 0xc6, 0x61,
    0x3, 0x0, 0xe3, 0x31, 0xe, 0x0, 0x72, 0x38,
    0x3a, 0xa0, 0x5, 0x3, 0xc1, 0x25, 0x75, 0x16,
    0xea, 0x80, 0xc, 0x64, 0x76, 0x9a, 0x0,

    /* U+00D6 "Ö" */
    0x0, 0xa5, 0x82, 0x98, 0x3, 0x97, 0xc1, 0xf8,
    0x3, 0xb2, 0x43, 0x60, 0x3, 0xc, 0xf7, 0xeb,
    0x0, 0x6c, 0x64, 0x76, 0x9a, 0x0, 0x49, 0x5d,
    0x45, 0xba, 0xa0, 0x3a, 0xa0, 0x5, 0x3, 0xc4,
    0x38, 0x1, 0xc8, 0xe2, 0x6, 0x1, 0xc6, 0x61,
    0x3, 0x0, 0xe3, 0x31, 0xe, 0x0, 0x72, 0x38,
    0x3a, 0xa0, 0x5, 0x3, 0xc1, 0x25, 0x75, 0x16,
    0xea, 0x80, 0xc, 0x64, 0x76, 0x9a, 0x0,

    /* U+00D7 "×" */
    0x5, 0x0, 0x88, 0xc1, 0xa9, 0x80, 0x73, 0xc1,
    0x99, 0x2d, 0x87, 0xa0, 0x9, 0x59, 0x3c, 0x10,
    0x0, 0xb8, 0xa, 0x80, 0x5a, 0x7a, 0xb6, 0x80,
    0xc5, 0x85, 0x49, 0x0, 0xde, 0x40, 0xb, 0xd0,

    /* U+00D8 "Ø" */
    0x0, 0xff, 0xe0, 0xc, 0xf7, 0xec, 0x71, 0x0,
    0x31, 0x91, 0xd9, 0xc4, 0x82, 0x4a, 0xea, 0x38,
    0x0, 0x80, 0xea, 0x80, 0x37, 0x23, 0xc4, 0x38,
    0x0, 0xb5, 0x64, 0x71, 0x3, 0x4, 0x5a, 0x3,
    0x30, 0x81, 0x8d, 0x48, 0x81, 0x98, 0x87, 0x2d,
    0x58, 0x0, 0x8e, 0xe, 0xaa, 0xa0, 0x4, 0xf,
    0x5, 0x80, 0x2e, 0x2d, 0xd5, 0x1, 0xd, 0x91,
    0xda, 0x68, 0x0, 0xd9, 0x3d, 0xfa, 0xc0, 0x0,

    /* U+00D9 "Ù" */
    0x0, 0x37, 0x88, 0x7, 0x98, 0xe4, 0x3, 0xec,
    0x90, 0xd, 0xd6, 0x0, 0x10, 0x5f, 0x30, 0xf,
    0xff, 0x51, 0xb8, 0x6, 0x30, 0x14, 0x32, 0x0,
    0xa8, 0x4a, 0xc7, 0x66, 0x34, 0xe0, 0xb, 0x15,
    0xdc, 0x34, 0xc0,

    /* U+00DA "Ú" */
    0x0, 0xd7, 0x80, 0x1e, 0x24, 0xe0, 0xf, 0x17,
    0x10, 0x5, 0xd6, 0x0, 0x10, 0x5f, 0x30, 0xf,
    0xff, 0x51, 0xb8, 0x6, 0x30, 0x14, 0x32, 0x0,
    0xa8, 0x4a, 0xc7, 0x66, 0x34, 0xe0, 0xb, 0x15,
    0xdc, 0x34, 0xc0,

    /* U+00DB "Û" */
    0x0, 0xe, 0xfa, 0x0, 0x76, 0xa5, 0xd1, 0x0,
    0x6c, 0x94, 0xe2, 0x0, 0x75, 0x80, 0x65, 0xf3,
    0x0, 0xff, 0xf5, 0x1b, 0x80, 0x63, 0x1, 0x43,
    0x20, 0xa, 0x84, 0xac, 0x76, 0x63, 0x4e, 0x0,
    0xb1, 0x5d, 0xc3, 0x4c, 0x0,

    /* U+00DC "Ü" */
    0x0, 0x5a, 0xd, 0x98, 0x6, 0x52, 0x5, 0x60,
    0xd, 0xcc, 0x3c, 0xa0, 0xe, 0xb0, 0xc, 0xbe,
    0x60, 0x1f, 0xfe, 0xa3, 0x70, 0xc, 0x60, 0x28,
    0x64, 0x1, 0x50, 0x95, 0x8e, 0xcc, 0x69, 0xc0,
    0x16, 0x2b, 0xb8, 0x69, 0x80,

    /* U+00DD "Ý" */
    0x0, 0xef, 0x70, 0xf, 0x9c, 0xdc, 0x3, 0xe6,
    0xc0, 0xc, 0xde, 0xe0, 0x20, 0xa, 0xf2, 0x63,
    0x90, 0x8, 0xd5, 0xc8, 0x3c, 0x60, 0x1, 0xe3,
    0x20, 0x3, 0x57, 0x14, 0x38, 0x10, 0xa, 0x2,
    0x20, 0x4c, 0x1, 0x89, 0xd8, 0xe4, 0x3, 0xd0,
    0x6, 0x80, 0x1f, 0xb, 0x0, 0x7f, 0xf5, 0x80,

    /* U+00DE "Þ" */
    0xfa, 0x0, 0xff, 0xe1, 0x8, 0x80, 0x32, 0xf7,
    0x3e, 0x40, 0x9, 0x76, 0x86, 0xa0, 0x14, 0x43,
    0xb2, 0x0, 0x4, 0x48, 0xea, 0xb, 0xdc, 0xb2,
    0x90, 0x4b, 0xb6, 0xe1, 0x0, 0xa2, 0x8, 0x3,
    0xf8,

    /* U+00DF "ß" */
    0x8, 0xef, 0xc4, 0x0, 0x43, 0xba, 0x46, 0xc8,
    0x14, 0xe5, 0xb8, 0x10, 0xd, 0x80, 0x4, 0x1,
    0xe1, 0xb2, 0x60, 0x8, 0x79, 0x68, 0x3, 0xd,
    0xc4, 0x28, 0x3, 0x23, 0xb9, 0x40, 0x3f, 0xf8,
    0xa, 0xee, 0x40, 0x8, 0xaa, 0x16, 0x80,

    /* U+00E0 "à" */
    0x0, 0x8, 0x7, 0xaf, 0x0, 0x3a, 0xc9, 0x0,
    0x30, 0xf2, 0x0, 0x45, 0x7d, 0xca, 0x0, 0x63,
    0x5c, 0x25, 0x6, 0x61, 0x59, 0xd0, 0xd, 0xab,
    0x18, 0x45, 0xf5, 0xb2, 0xc0, 0xe3, 0x8e, 0xa4,
    0x4, 0x10, 0x90, 0x80, 0x90, 0xf6, 0x4e, 0x0,

    /* U+00E1 "á" */
    0x0, 0xc2, 0x20, 0xc, 0x3c, 0xe0, 0x19, 0x91,
    0x80, 0x33, 0xd8, 0x4, 0x57, 0xdc, 0xa0, 0x6,
    0x35, 0xc2, 0x50, 0x66, 0x15, 0x9d, 0x0, 0xda,
    0xb1, 0x84, 0x5f, 0x5b, 0x2c, 0xe, 0x38, 0xea,
    0x40, 0x41, 0x9, 0x8, 0x9, 0xf, 0x64, 0xe0,

    /* U+00E2 "â" */
    0x0, 0x1f, 0x68, 0x80, 0xb, 0x6d, 0x74, 0x0,
    0x5c, 0xb1, 0x80, 0x2, 0xbe, 0xe5, 0x0, 0x31,
    0xae, 0x12, 0x83, 0x30, 0xac, 0xe8, 0x6, 0xd5,
    0x8c, 0x22, 0xfa, 0xd9, 0x60, 0x71, 0xc7, 0x52,
    0x2, 0x8, 0x48, 0x40, 0x48, 0x7b, 0x27, 0x0,

    /* U+00E3 "ã" */
    0x1, 0xef, 0xf5, 0x80, 0x7, 0xbf, 0xd6, 0x1,
    0xfc, 0x57, 0xdc, 0xa0, 0x6, 0x35, 0xc2, 0x50,
    0x66, 0x15, 0x9d, 0x0, 0xda, 0xb1, 0x84, 0x5f,
    0x5b, 0x2c, 0xe, 0x38, 0xea, 0x40, 0x41, 0x9,
    0x8, 0x9, 0xf, 0x64, 0xe0,

    /* U+00E4 "ä" */
    0x4, 0xe2, 0x5e, 0x10, 0x65, 0x36, 0x50, 0x1,
    0x58, 0x9d, 0x88, 0x15, 0xf7, 0x28, 0x1, 0x8d,
    0x70, 0x94, 0x19, 0x85, 0x67, 0x40, 0x36, 0xac,
    0x61, 0x17, 0xd6, 0xcb, 0x3, 0x8e, 0x3a, 0x90,
    0x10, 0x42, 0x42, 0x2, 0x43, 0xd9, 0x38, 0x0,

    /* U+00E5 "å" */
    0x0, 0x2e, 0xe1, 0x80, 0x51, 0xd7, 0x20, 0x14,
    0x75, 0x48, 0x4, 0xbb, 0xa3, 0x0, 0x15, 0xf7,
    0x28, 0x1, 0x8d, 0x70, 0x94, 0x19, 0x85, 0x67,
    0x40, 0x36, 0xac, 0x61, 0x17, 0xd6, 0xcb, 0x3,
    0x8e, 0x3a, 0x90, 0x10, 0x42, 0x42, 0x2, 0x43,
    0xd9, 0x38, 0x0,

    /* U+00E6 "æ" */
    0x3, 0xbe, 0xe4, 0x8d, 0xff, 0x40, 0x5, 0xaf,
    0x76, 0x7e, 0xa, 0x86, 0x90, 0x7, 0x62, 0xa9,
    0xc6, 0xd5, 0xa5, 0x80, 0x9, 0x9f, 0xe6, 0x1f,
    0xfa, 0x0, 0x8e, 0xdb, 0x35, 0x4b, 0x77, 0x89,
    0x42, 0xcc, 0x98, 0x8c, 0x88, 0x2e, 0xa, 0x16,
    0xb2, 0x43, 0x8a, 0xdb, 0xc0, 0x70, 0x94, 0x5b,
    0x8d, 0x50, 0xf6, 0x0,

    /* U+00E7 "ç" */
    0x0, 0x47, 0x7d, 0x98, 0x2, 0x9e, 0x69, 0xf0,
    0x44, 0xae, 0xe5, 0xd7, 0x35, 0xc, 0x0, 0xc,
    0x10, 0x7, 0xe5, 0xc, 0x0, 0xc, 0x90, 0xab,
    0xb9, 0x75, 0x8c, 0x29, 0xe2, 0x9f, 0x4, 0x1,
    0x18, 0x70, 0x60, 0x18, 0xe3, 0x80, 0x39, 0xe5,
    0x40, 0x0,

    /* U+00E8 "è" */
    0x0, 0x8, 0x80, 0x3c, 0x9c, 0x20, 0x1c, 0xa9,
    0x20, 0x1e, 0xb8, 0x0, 0xe8, 0xef, 0xb2, 0x0,
    0x53, 0x45, 0x3e, 0x8, 0x96, 0xd9, 0x74, 0x5d,
    0x42, 0xbf, 0xdc, 0x1e, 0x0, 0xad, 0xdd, 0xa,
    0x4, 0x59, 0xc0, 0x56, 0x1d, 0x6e, 0x8c, 0x29,
    0xe6, 0x9e, 0xc8,

    /* U+00E9 "é" */
    0x0, 0xe1, 0x0, 0xf6, 0x58, 0x7, 0x19, 0x58,
    0x7, 0x1f, 0x8, 0x6, 0x8e, 0xfb, 0x20, 0x5,
    0x34, 0x53, 0xe0, 0x89, 0x6d, 0x97, 0x45, 0xd4,
    0x2b, 0xfd, 0xc1, 0xe0, 0xa, 0xdd, 0xd0, 0xa0,
    0x45, 0x9c, 0x5, 0x61, 0xd6, 0xe8, 0xc2, 0x9e,
    0x69, 0xec, 0x80,

    /* U+00EA "ê" */
    0x0, 0xe, 0xfa, 0x0, 0x6d, 0x5b, 0xa2, 0x0,
    0xb2, 0x13, 0x88, 0x2, 0x8e, 0xfb, 0x20, 0x5,
    0x34, 0x53, 0xe0, 0x89, 0x6d, 0x97, 0x45, 0xd4,
    0x2b, 0xfd, 0xc1, 0xe0, 0xa, 0xdd, 0xd0, 0xa0,
    0x45, 0x9c, 0x5, 0x61, 0xd6, 0xe8, 0xc2, 0x9e,
    0x69, 0xec, 0x80,

    /* U+00EB "ë" */
    0x0, 0x73, 0xf, 0x28, 0x4, 0xa4, 0xa, 0xc0,
    0x15, 0xa0, 0xd9, 0x80, 0x51, 0xdf, 0x64, 0x0,
    0xa6, 0x8a, 0x7c, 0x11, 0x2d, 0xb2, 0xe8, 0xba,
    0x85, 0x7f, 0xb8, 0x3c, 0x1, 0x5b, 0xba, 0x14,
    0x8, 0xb3, 0x80, 0xac, 0x3a, 0xdd, 0x18, 0x53,
    0xcd, 0x3d, 0x90,

    /* U+00EC "ì" */
    0xc, 0xa0, 0x7, 0xa8, 0x81, 0xf0, 0x80, 0x3a,
    0x0, 0x3f, 0xfa, 0x0,

    /* U+00ED "í" */
    0x2f, 0x5b, 0x45, 0x8b, 0xe, 0x80, 0xf, 0xfe,
    0x50,

    /* U+00EE "î" */
    0x5, 0xfc, 0x0, 0x1d, 0x63, 0x58, 0x1f, 0x9d,
    0x58, 0x5, 0xf0, 0x1, 0xff, 0xe0,

    /* U+00EF "ï" */
    0x6e, 0x17, 0xe0, 0x25, 0x12, 0x50, 0x4b, 0x5,
    0xb0, 0xb, 0xe0, 0x3, 0xff, 0xc0,

    /* U+00F0 "ð" */
    0x0, 0x31, 0x80, 0x90, 0x6, 0xca, 0xc6, 0x0,
    0x84, 0x91, 0x20, 0x8, 0xb7, 0x1d, 0x40, 0x2c,
    0xef, 0x48, 0x0, 0x53, 0xdf, 0x31, 0x18, 0xac,
    0x29, 0xf8, 0x22, 0x82, 0x80, 0xc, 0x3c, 0x3,
    0xc2, 0xa, 0x8, 0x0, 0x21, 0xc1, 0x58, 0x76,
    0xf2, 0x40, 0xa6, 0x99, 0x3e, 0x0,

    /* U+00F1 "ñ" */
    0xa, 0xff, 0x71, 0x0, 0x2b, 0xfd, 0xc4, 0x1,
    0xfb, 0xde, 0xbf, 0x54, 0x1, 0x3b, 0x43, 0x42,
    0x8, 0xeb, 0xe0, 0x80, 0x40, 0x2, 0x3, 0x0,
    0xff, 0xe8, 0x0,

    /* U+00F2 "ò" */
    0x0, 0x8, 0x80, 0x3c, 0xbc, 0x40, 0x1c, 0x8b,
    0x60, 0x1e, 0xa9, 0x0, 0xe8, 0xef, 0xc3, 0x0,
    0x53, 0xcd, 0x6, 0x8, 0x95, 0xdc, 0xba, 0x12,
    0xa1, 0x80, 0x1, 0x33, 0x0, 0x7e, 0x50, 0xc0,
    0x0, 0x99, 0x85, 0x5d, 0xcb, 0xa1, 0x41, 0x4f,
    0x34, 0x18, 0x40,

    /* U+00F3 "ó" */
    0x0, 0xe1, 0x0, 0xf5, 0xd0, 0x7, 0x12, 0x48,
    0x7, 0x17, 0x90, 0x6, 0x8e, 0xfc, 0x30, 0x5,
    0x3c, 0xd0, 0x60, 0x89, 0x5d, 0xcb, 0xa1, 0x2a,
    0x18, 0x0, 0x13, 0x30, 0x7, 0xe5, 0xc, 0x0,
    0x9, 0x98, 0x55, 0xdc, 0xba, 0x14, 0x14, 0xf3,
    0x41, 0x84,

    /* U+00F4 "ô" */
    0x0, 0xb7, 0xd4, 0x3, 0x5b, 0xe5, 0x98, 0x5,
    0x74, 0x7c, 0x60, 0x14, 0x77, 0xe1, 0x80, 0x29,
    0xe6, 0x83, 0x4, 0x4a, 0xee, 0x5d, 0x9, 0x50,
    0xc0, 0x0, 0x99, 0x80, 0x3f, 0x28, 0x60, 0x0,
    0x4c, 0xc2, 0xae, 0xe5, 0xd0, 0xa0, 0xa7, 0x9a,
    0xc, 0x20,

    /* U+00F5 "õ" */
    0x0, 0x57, 0xfb, 0x88, 0x2, 0xaf, 0xf7, 0x10,
    0x7, 0xfd, 0x1d, 0xf8, 0x60, 0xa, 0x79, 0xa0,
    0xc1, 0x12, 0xbb, 0x97, 0x42, 0x54, 0x30, 0x0,
    0x26, 0x60, 0xf, 0xca, 0x18, 0x0, 0x13, 0x30,
    0xab, 0xb9, 0x74, 0x28, 0x29, 0xe6, 0x83, 0x8,

    /* U+00F6 "ö" */
    0x0, 0x73, 0x87, 0x30, 0x4, 0xa4, 0xa, 0x40,
    0x15, 0xa8, 0x5a, 0x0, 0x51, 0xdf, 0x86, 0x0,
    0xa7, 0x9a, 0xc, 0x11, 0x2b, 0xb9, 0x74, 0x25,
    0x43, 0x0, 0x2, 0x66, 0x0, 0xfc, 0xa1, 0x80,
    0x1, 0x33, 0xa, 0xbb, 0x97, 0x42, 0x82, 0x9e,
    0x68, 0x30, 0x80,

    /* U+00F7 "÷" */
    0x0, 0x17, 0x30, 0x7, 0x8, 0x80, 0x21, 0x3e,
    0x61, 0x14, 0xf7, 0x7a, 0xef, 0xe2, 0x44, 0xf0,
    0x0, 0xbd, 0xc0, 0x38, 0x44, 0x0,

    /* U+00F8 "ø" */
    0x0, 0xff, 0x47, 0x7e, 0x55, 0x2, 0x9e, 0x68,
    0xd6, 0x45, 0x5d, 0xe0, 0x5, 0xa8, 0x60, 0xfd,
    0x19, 0x80, 0x2d, 0xa5, 0x0, 0x28, 0x5b, 0x38,
    0x99, 0x84, 0x0, 0x4b, 0xa1, 0x46, 0x2a, 0xd4,
    0x18, 0x47, 0xf5, 0xdf, 0x86, 0x0,

    /* U+00F9 "ù" */
    0x1, 0x10, 0x7, 0x2f, 0x10, 0x6, 0x45, 0xb0,
    0xe, 0xa9, 0x0, 0xbe, 0x0, 0x3, 0xec, 0x1,
    0xff, 0xd0, 0x12, 0x0, 0x28, 0x1, 0x16, 0x1a,
    0x0, 0x16, 0x8f, 0x7e, 0x0,

    /* U+00FA "ú" */
    0x0, 0xc2, 0x1, 0xd7, 0x40, 0x18, 0x92, 0x80,
    0x31, 0x78, 0x80, 0x3e, 0x0, 0x3, 0xec, 0x1,
    0xff, 0xd0, 0x12, 0x0, 0x28, 0x1, 0x16, 0x1a,
    0x0, 0x16, 0x8f, 0x7e, 0x0,

    /* U+00FB "û" */
    0x0, 0x6f, 0xa0, 0x5, 0x8f, 0x94, 0x60, 0xc,
    0xa3, 0xe3, 0xf, 0x80, 0x0, 0xfb, 0x0, 0x7f,
    0xf4, 0x4, 0x80, 0xa, 0x0, 0x45, 0x86, 0x80,
    0x5, 0xa3, 0xdf, 0x80, 0x0,

    /* U+00FC "ü" */
    0xe, 0x71, 0xe6, 0x0, 0x29, 0xa, 0x90, 0x2,
    0xd4, 0x2d, 0x3, 0xe0, 0x0, 0x3e, 0xc0, 0x1f,
    0xfd, 0x1, 0x20, 0x2, 0x80, 0x11, 0x61, 0xa0,
    0x1, 0x68, 0xf7, 0xe0, 0x0,

    /* U+00FD "ý" */
    0x0, 0xc2, 0x20, 0xf, 0x7c, 0x80, 0x72, 0x9c,
    0x0, 0x72, 0xe8, 0x5, 0x1e, 0x20, 0x1, 0xf8,
    0xa0, 0x60, 0x3, 0x85, 0x11, 0xd8, 0x3, 0x48,
    0x81, 0x46, 0x22, 0x4a, 0x0, 0x38, 0x33, 0x83,
    0x0, 0x5, 0x33, 0x50, 0x40, 0x2e, 0x44, 0x70,
    0x6, 0x51, 0x5, 0x0, 0xf2, 0x80, 0x64, 0x91,
    0x90, 0xd, 0x4f, 0x26, 0x1, 0x0,

    /* U+00FE "þ" */
    0xf8, 0x0, 0xff, 0xe4, 0xcf, 0xf3, 0x0, 0x18,
    0xe9, 0x25, 0x40, 0xa9, 0x68, 0xa4, 0x10, 0x2,
    0x43, 0x0, 0xe3, 0x0, 0x20, 0x4, 0xe6, 0x5,
    0x4b, 0x65, 0x20, 0xc7, 0x4b, 0xa, 0x0, 0x9f,
    0xe7, 0x0, 0xff, 0xe1, 0x80,

    /* U+00FF "ÿ" */
    0x2, 0xe4, 0x3e, 0x30, 0x1, 0xab, 0x8a, 0x88,
    0x0, 0x6c, 0xca, 0xc8, 0x23, 0xc4, 0x0, 0x3f,
    0x14, 0xc, 0x0, 0x70, 0xa2, 0x3b, 0x0, 0x69,
    0x10, 0x28, 0xc4, 0x49, 0x40, 0x7, 0x6, 0x70,
    0x60, 0x0, 0xa6, 0x6a, 0x8, 0x5, 0xc8, 0x8e,
    0x0, 0xca, 0x20, 0xa0, 0x1e, 0x50, 0xc, 0x92,
    0x32, 0x1, 0xa9, 0xe4, 0xc0, 0x20,

    /* U+0100 "Ā" */
    0x0, 0xbb, 0xfd, 0xa0, 0x1e, 0xcd, 0xd6, 0x0,
    0x78, 0x77, 0x40, 0x1f, 0x58, 0x83, 0x80, 0x79,
    0x50, 0xf4, 0x3, 0x8c, 0xb1, 0x10, 0x20, 0x1a,
    0xc1, 0xf0, 0x1c, 0x3, 0x29, 0xa, 0xe, 0x80,
    0x44, 0x44, 0x11, 0x22, 0x4, 0x1, 0x40, 0xdd,
    0xc5, 0x7, 0x0, 0x29, 0x5d, 0xe0, 0xd0, 0x22,
    0x2a, 0x26, 0x54, 0x15, 0xb, 0x0, 0xdc, 0xe,

    /* U+0101 "ā" */
    0x0, 0x7f, 0xda, 0x1, 0x6e, 0xd8, 0x1, 0x11,
    0x42, 0x0, 0x2b, 0xee, 0x50, 0x3, 0x1a, 0xe1,
    0x28, 0x33, 0xa, 0xce, 0x80, 0x6d, 0x58, 0xc2,
    0x2f, 0xad, 0x96, 0x7, 0x1c, 0x75, 0x20, 0x20,
    0x84, 0x84, 0x4, 0x87, 0xb2, 0x70,

    /* U+0102 "Ă" */
    0x0, 0x9c, 0x44, 0xe0, 0x1e, 0xff, 0x80, 0x3e,
    0x8e, 0xe3, 0x80, 0x78, 0xff, 0xc2, 0x1, 0xeb,
    0x10, 0x70, 0xf, 0x2a, 0x1e, 0x80, 0x71, 0x96,
    0x22, 0x4, 0x3, 0x58, 0x3e, 0x3, 0x80, 0x65,
    0x21, 0x41, 0xd0, 0x8, 0x88, 0x82, 0x24, 0x40,
    0x80, 0x28, 0x1b, 0xb8, 0xa0, 0xe0, 0x5, 0x2b,
    0xbc, 0x1a, 0x4, 0x45, 0x44, 0xca, 0x82, 0xa1,
    0x60, 0x1b, 0x81, 0xc0,

    /* U+0103 "ă" */
    0x0, 0x10, 0x0, 0xc0, 0x3, 0x84, 0x9c, 0x0,
    0x18, 0xc9, 0xe0, 0x9, 0xbb, 0x4c, 0x0, 0x57,
    0xdc, 0xa0, 0x6, 0x35, 0xc2, 0x50, 0x66, 0x15,
    0x9d, 0x0, 0xda, 0xb1, 0x84, 0x5f, 0x5b, 0x2c,
    0xe, 0x38, 0xea, 0x40, 0x41, 0x9, 0x8, 0x9,
    0xf, 0x64, 0xe0,

    /* U+0104 "Ą" */
    0x0, 0x8f, 0xfc, 0x20, 0x1e, 0xb1, 0x7, 0x0,
    0xf2, 0xa1, 0xe8, 0x7, 0x19, 0x62, 0x20, 0x40,
    0x35, 0x83, 0xe0, 0x38, 0x6, 0x52, 0x14, 0x1d,
    0x0, 0x88, 0x88, 0x22, 0x44, 0x8, 0x2, 0x81,
    0xbb, 0x8a, 0xe, 0x0, 0x52, 0xbb, 0xc1, 0xa0,
    0x44, 0x54, 0x4c, 0xa8, 0x2a, 0x16, 0x1, 0xb8,
    0x1d, 0xde, 0x60, 0x1b, 0x9, 0x0, 0x3e, 0x74,
    0x0, 0xfc, 0xcc, 0x90,

    /* U+0105 "ą" */
    0x2, 0xbe, 0xe5, 0x0, 0x58, 0xd7, 0x9, 0x40,
    0xc, 0xc2, 0xb3, 0xa0, 0x0, 0xda, 0xb1, 0x84,
    0x7, 0xeb, 0x65, 0x80, 0xe, 0x38, 0xea, 0x40,
    0x2, 0x8, 0x48, 0x40, 0x2, 0x43, 0xd9, 0x20,
    0x4, 0xfd, 0xfc, 0x98, 0x1, 0xda, 0x20, 0x1e,
    0xa0, 0xd2,

    /* U+0106 "Ć" */
    0x0, 0xe8, 0xe0, 0xf, 0xcd, 0x40, 0x1f, 0xbd,
    0x0, 0x38, 0x67, 0xb9, 0xac, 0x1, 0xb1, 0x91,
    0xda, 0x64, 0x0, 0x92, 0xba, 0x8b, 0x76, 0x30,
    0x75, 0x40, 0xa, 0x59, 0xc8, 0x70, 0x3, 0xc,
    0xa0, 0x81, 0x80, 0x7c, 0x20, 0x60, 0x1f, 0x10,
    0xe0, 0x6, 0x19, 0x40, 0x75, 0x40, 0xa, 0x59,
    0xc2, 0x4a, 0xea, 0x2d, 0xd8, 0xc0, 0x18, 0xc8,
    0xed, 0x12, 0x0,

    /* U+0107 "ć" */
    0x0, 0xe1, 0x0, 0xf5, 0xd0, 0x7, 0x12, 0x48,
    0x7, 0x17, 0x90, 0x6, 0x8e, 0xfb, 0x30, 0x5,
    0x3c, 0xd3, 0xe0, 0x89, 0x5d, 0xcb, 0xae, 0x6a,
    0x18, 0x0, 0x18, 0x20, 0xf, 0xca, 0x18, 0x0,
    0x19, 0x21, 0x57, 0x72, 0xeb, 0x18, 0x53, 0xcd,
    0x3e, 0x8,

    /* U+0108 "Ĉ" */
    0x0, 0xd7, 0xee, 0x1, 0xea, 0x7d, 0x95, 0x0,
    0xea, 0xc2, 0xe5, 0x0, 0xc3, 0x3d, 0xfa, 0xc0,
    0x1b, 0x19, 0x1d, 0xa6, 0x40, 0x9, 0x2b, 0xa8,
    0xb7, 0x63, 0x7, 0x54, 0x0, 0xa5, 0x9c, 0x87,
    0x0, 0x30, 0xca, 0x8, 0x18, 0x7, 0xc2, 0x6,
    0x1, 0xf1, 0xe, 0x0, 0x61, 0x94, 0x7, 0x54,
    0x0, 0xa5, 0x9c, 0x24, 0xae, 0xa2, 0xdd, 0x8c,
    0x1, 0x8c, 0x8e, 0xd1, 0x20,

    /* U+0109 "ĉ" */
    0x0, 0xb7, 0xd4, 0x3, 0x5b, 0xe5, 0x98, 0x5,
    0x74, 0x7c, 0x60, 0x14, 0x77, 0xd9, 0x80, 0x29,
    0xe6, 0x9f, 0x4, 0x4a, 0xee, 0x5d, 0x73, 0x50,
    0xc0, 0x0, 0xc1, 0x0, 0x7e, 0x50, 0xc0, 0x0,
    0xc9, 0xa, 0xbb, 0x97, 0x58, 0xc2, 0x9e, 0x69,
    0xf0, 0x40,

    /* U+010A "Ċ" */
    0x0, 0xc9, 0x82, 0x1, 0xf1, 0x10, 0xc0, 0x3e,
    0x6e, 0x20, 0xe, 0x19, 0xef, 0xd6, 0x0, 0xd8,
    0xc8, 0xed, 0x32, 0x0, 0x49, 0x5d, 0x45, 0xbb,
    0x18, 0x3a, 0xa0, 0x5, 0x2c, 0xe4, 0x38, 0x1,
    0x86, 0x50, 0x40, 0xc0, 0x3e, 0x10, 0x30, 0xf,
    0x88, 0x70, 0x3, 0xc, 0xa0, 0x3a, 0xa0, 0x5,
    0x2c, 0xe1, 0x25, 0x75, 0x16, 0xec, 0x60, 0xc,
    0x64, 0x76, 0x89, 0x0,

    /* U+010B "ċ" */
    0x0, 0xa3, 0x84, 0x3, 0xb9, 0x44, 0x3, 0x9a,
    0xc0, 0x3a, 0x3b, 0xec, 0xc0, 0x14, 0xf3, 0x4f,
    0x82, 0x25, 0x77, 0x2e, 0xb9, 0xa8, 0x60, 0x0,
    0x60, 0x80, 0x3f, 0x28, 0x60, 0x0, 0x64, 0x85,
    0x5d, 0xcb, 0xac, 0x61, 0x4f, 0x34, 0xf8, 0x20,

    /* U+010C "Č" */
    0x0, 0xa7, 0xb, 0x94, 0x3, 0xa5, 0xf6, 0x54,
    0x3, 0xd7, 0xee, 0x1, 0xc3, 0x3d, 0xfa, 0xc0,
    0x1b, 0x19, 0x1d, 0xa6, 0x40, 0x9, 0x2b, 0xa8,
    0xb7, 0x63, 0x7, 0x54, 0x0, 0xa5, 0x9c, 0x87,
    0x0, 0x30, 0xca, 0x8, 0x18, 0x7, 0xc2, 0x6,
    0x1, 0xf1, 0xe, 0x0, 0x61, 0x94, 0x7, 0x54,
    0x0, 0xa5, 0x9c, 0x24, 0xae, 0xa2, 0xdd, 0x8c,
    0x1, 0x8c, 0x8e, 0xd1, 0x20,

    /* U+010D "č" */
    0x0, 0x5d, 0x1f, 0x98, 0x5, 0x6f, 0x94, 0x60,
    0x1b, 0x7d, 0x40, 0x34, 0x77, 0xd9, 0x80, 0x29,
    0xe6, 0x9f, 0x4, 0x4a, 0xee, 0x5d, 0x73, 0x50,
    0xc0, 0x0, 0xc1, 0x0, 0x7e, 0x50, 0xc0, 0x0,
    0xc9, 0xa, 0xbb, 0x97, 0x58, 0xc2, 0x9e, 0x69,
    0xf0, 0x40,

    /* U+010E "Ď" */
    0x7, 0x30, 0x73, 0x0, 0xc5, 0xb5, 0x86, 0x1,
    0x96, 0xf6, 0xc0, 0x37, 0x7d, 0x47, 0x48, 0x80,
    0x45, 0x32, 0x67, 0xf2, 0x0, 0x33, 0x51, 0x83,
    0x20, 0x1e, 0x27, 0x41, 0x0, 0xf6, 0x2, 0x80,
    0x79, 0xc0, 0x40, 0x3c, 0xc0, 0x20, 0x1e, 0xd0,
    0x50, 0xe, 0x27, 0x41, 0x6, 0x63, 0xce, 0x8d,
    0x0, 0xa, 0x61, 0xdb, 0xc4, 0x0,

    /* U+010F "ď" */
    0x0, 0xf6, 0xd3, 0xe8, 0x7, 0xf3, 0x0, 0x7e,
    0x3d, 0x1, 0xaf, 0xe5, 0x0, 0x23, 0x5, 0x2c,
    0x42, 0x48, 0x2, 0x24, 0x77, 0x37, 0x0, 0x66,
    0xc, 0x0, 0x10, 0x80, 0x7f, 0xf0, 0x58, 0x30,
    0x0, 0x42, 0x1, 0x12, 0x3b, 0x9b, 0xc4, 0x3,
    0x52, 0xc5, 0xc1, 0x80, 0x40,

    /* U+0110 "Đ" */
    0x9, 0xff, 0xba, 0xcc, 0x3, 0xa6, 0x66, 0xc5,
    0x0, 0xcc, 0xc7, 0xd3, 0xb1, 0x0, 0xfb, 0xc5,
    0x0, 0x3e, 0x30, 0xdd, 0x30, 0x7f, 0xa0, 0x0,
    0x22, 0xf3, 0xc, 0xc4, 0x80, 0x4, 0x44, 0xa0,
    0x66, 0x10, 0x40, 0xd0, 0xf, 0xa0, 0x54, 0x2,
    0x66, 0x46, 0x9d, 0x80, 0x69, 0x93, 0x33, 0x14,
    0x0,

    /* U+0111 "đ" */
    0x0, 0xf6, 0xd0, 0x7, 0x77, 0x92, 0xc8, 0x6,
    0xfd, 0x3, 0x80, 0x1a, 0xff, 0x39, 0x30, 0x85,
    0x2c, 0x42, 0x48, 0x0, 0x48, 0xee, 0x6e, 0x0,
    0x98, 0x30, 0x0, 0x42, 0x1, 0xff, 0x30, 0x60,
    0x0, 0x84, 0x0, 0x48, 0xee, 0x6f, 0x10, 0xa,
    0x96, 0x2e, 0xc, 0x0,

    /* U+0112 "Ē" */
    0x8, 0xff, 0x90, 0x1, 0x3b, 0xb2, 0x7, 0x73,
    0x76, 0xf8, 0x3, 0x99, 0xd6, 0xe, 0xcd, 0x8c,
    0x3, 0xf8, 0x47, 0x0, 0x13, 0xbb, 0x18, 0x1d,
    0xde, 0x30, 0x74, 0x4c, 0x1, 0xfc, 0xec, 0xd8,
    0xc0, 0xe6, 0x75, 0x0,

    /* U+0113 "ē" */
    0x0, 0x67, 0xfc, 0x20, 0x16, 0xee, 0x10, 0x8,
    0x48, 0xa0, 0xd, 0x1d, 0xf6, 0x40, 0xa, 0x68,
    0xa7, 0xc1, 0x12, 0xdb, 0x2e, 0x8b, 0xa8, 0x57,
    0xfb, 0x83, 0xc0, 0x15, 0xbb, 0xa1, 0x40, 0x8b,
    0x38, 0xa, 0xc3, 0xad, 0xd1, 0x85, 0x3c, 0xd3,
    0xd9, 0x0,

    /* U+0114 "Ĕ" */
    0x5, 0x30, 0x53, 0x0, 0x37, 0xf7, 0x8, 0x0,
    0x79, 0xd6, 0x21, 0xdf, 0xfd, 0x0, 0x73, 0x3a,
    0xc1, 0xd9, 0xb1, 0x80, 0x7f, 0x8, 0xe0, 0x2,
    0x77, 0x63, 0x3, 0xbb, 0xc6, 0xe, 0x89, 0x80,
    0x3f, 0x9d, 0x9b, 0x18, 0x1c, 0xce, 0xa0,

    /* U+0115 "ĕ" */
    0x0, 0x6a, 0xf, 0x10, 0x5, 0xd5, 0xd2, 0x40,
    0x11, 0xf7, 0xb8, 0x6, 0x8e, 0xfb, 0x20, 0x5,
    0x34, 0x53, 0xe0, 0x89, 0x6d, 0x97, 0x45, 0xd4,
    0x2b, 0xfd, 0xc1, 0xe0, 0xa, 0xdd, 0xd0, 0xa0,
    0x45, 0x9c, 0x5, 0x61, 0xd6, 0xe8, 0xc2, 0x9e,
    0x69, 0xec, 0x80,

    /* U+0116 "Ė" */
    0x0, 0x26, 0x8, 0x6, 0x22, 0x18, 0x6, 0x6e,
    0x20, 0x7, 0x7f, 0xf4, 0x1, 0xcc, 0xeb, 0x7,
    0x66, 0xc6, 0x1, 0xfc, 0x23, 0x80, 0x9, 0xdd,
    0x8c, 0xe, 0xef, 0x18, 0x3a, 0x26, 0x0, 0xfe,
    0x76, 0x6c, 0x60, 0x73, 0x3a, 0x80,

    /* U+0117 "ė" */
    0x0, 0xa7, 0x40, 0x3d, 0xcc, 0x1, 0xe7, 0xb0,
    0xe, 0x8e, 0xfb, 0x20, 0x5, 0x34, 0x53, 0xe0,
    0x89, 0x6d, 0x97, 0x45, 0xd4, 0x2b, 0xfd, 0xc1,
    0xe0, 0xa, 0xdd, 0xd0, 0xa0, 0x45, 0x9c, 0x5,
    0x61, 0xd6, 0xe8, 0xc2, 0x9e, 0x69, 0xec, 0x80,

    /* U+0118 "Ę" */
    0xef, 0xfe, 0x80, 0x39, 0x9d, 0x60, 0xec, 0xd8,
    0xc0, 0x3f, 0x84, 0x70, 0x1, 0x3b, 0xb1, 0x81,
    0xdd, 0xe3, 0x7, 0x44, 0xc0, 0x1f, 0xce, 0xcd,
    0x8c, 0xe, 0x67, 0x57, 0x7f, 0xd0, 0x56, 0x1,
    0xa5, 0x0, 0x39, 0x99, 0xc0,

    /* U+0119 "ę" */
    0x0, 0x47, 0x7d, 0x90, 0x2, 0x9a, 0x29, 0xf0,
    0x44, 0xb6, 0xcb, 0xa2, 0xea, 0x15, 0xfe, 0xe0,
    0xf0, 0x5, 0x6e, 0xe8, 0x50, 0x22, 0xce, 0x2,
    0xb0, 0xeb, 0x74, 0x81, 0x4f, 0x34, 0x80, 0xa0,
    0x8, 0xec, 0xd, 0x0, 0xeb, 0x1, 0x0, 0xeb,
    0x2c, 0x30,

    /* U+011A "Ě" */
    0x6, 0x40, 0x64, 0x0, 0x2d, 0x4d, 0xa8, 0x0,
    0xe8, 0x70, 0x43, 0xbe, 0xdf, 0xbe, 0x0, 0xe6,
    0x75, 0x83, 0xb3, 0x63, 0x0, 0xfe, 0x11, 0xc0,
    0x4, 0xee, 0xc6, 0x7, 0x77, 0x8c, 0x1d, 0x13,
    0x0, 0x7f, 0x3b, 0x36, 0x30, 0x39, 0x9d, 0x40,

    /* U+011B "ě" */
    0x0, 0x64, 0x27, 0x98, 0x5, 0xab, 0x76, 0x30,
    0x8, 0x77, 0xd0, 0x3, 0x47, 0x7d, 0x90, 0x2,
    0x9a, 0x29, 0xf0, 0x44, 0xb6, 0xcb, 0xa2, 0xea,
    0x15, 0xfe, 0xe0, 0xf0, 0x5, 0x6e, 0xe8, 0x50,
    0x22, 0xce, 0x2, 0xb0, 0xeb, 0x74, 0x61, 0x4f,
    0x34, 0xf6, 0x40,

    /* U+011C "Ĝ" */
    0x0, 0xd7, 0xec, 0x1, 0xea, 0xd, 0x84, 0x0,
    0xea, 0xb2, 0xe4, 0x0, 0xc3, 0x3d, 0xfa, 0xc0,
    0x1b, 0x19, 0x1c, 0x66, 0x0, 0x12, 0x57, 0x51,
    0x8a, 0xe4, 0xe, 0xa8, 0x1, 0x41, 0x21, 0xe,
    0x0, 0x62, 0xd6, 0x10, 0x30, 0x8, 0x46, 0x1,
    0x3, 0x0, 0x2f, 0x75, 0x44, 0x38, 0x0, 0x4b,
    0xb0, 0x18, 0x3a, 0xa0, 0xa, 0x8, 0x78, 0x41,
    0x5d, 0x45, 0x50, 0xd8, 0x7, 0x19, 0x1d, 0xec,
    0x0,

    /* U+011D "ĝ" */
    0x0, 0xe, 0xfa, 0x0, 0x6d, 0x4b, 0xa3, 0x0,
    0xb2, 0x53, 0x8c, 0x2, 0xaf, 0xe5, 0xda, 0xa,
    0x58, 0x88, 0xc0, 0x55, 0xdc, 0xde, 0x20, 0xa1,
    0x80, 0x2, 0x10, 0x9, 0xc0, 0x39, 0x81, 0x0,
    0x2, 0x20, 0x24, 0x87, 0x5d, 0x0, 0xa9, 0x62,
    0xe4, 0x80, 0x3, 0x5f, 0xca, 0x66, 0xb, 0xd5,
    0x4a, 0x1d, 0x9, 0x7b, 0xb3, 0xd2, 0x0,

    /* U+011E "Ğ" */
    0x0, 0xa9, 0xc3, 0x14, 0x3, 0xa2, 0xfd, 0x54,
    0x1, 0xc5, 0x9f, 0x20, 0x1c, 0x33, 0xdf, 0xac,
    0x1, 0xb1, 0x91, 0xc6, 0x60, 0x1, 0x25, 0x75,
    0x18, 0xae, 0x40, 0xea, 0x80, 0x14, 0x12, 0x10,
    0xe0, 0x6, 0x2d, 0x61, 0x3, 0x0, 0x84, 0x60,
    0x10, 0x30, 0x2, 0xf7, 0x54, 0x43, 0x80, 0x4,
    0xbb, 0x1, 0x83, 0xaa, 0x0, 0xa0, 0x87, 0x84,
    0x15, 0xd4, 0x55, 0xd, 0x80, 0x71, 0x91, 0xde,
    0xc0,

    /* U+011F "ğ" */
    0x0, 0x6a, 0x8e, 0x98, 0x5, 0xd1, 0xd4, 0x60,
    0x11, 0xef, 0xb8, 0x6, 0xaf, 0xe5, 0xda, 0xa,
    0x58, 0x88, 0xc0, 0x55, 0xdc, 0xde, 0x20, 0xa1,
    0x80, 0x2, 0x10, 0x9, 0xc0, 0x39, 0x81, 0x0,
    0x2, 0x20, 0x24, 0x87, 0x5d, 0x0, 0xa9, 0x62,
    0xe4, 0x80, 0x3, 0x5f, 0xca, 0x66, 0xb, 0xd5,
    0x4a, 0x1d, 0x9, 0x7b, 0xb3, 0xd2, 0x0,

    /* U+0120 "Ġ" */
    0x0, 0xcb, 0x82, 0x1, 0xf1, 0x91, 0x80, 0x7c,
    0xdc, 0x40, 0x1c, 0x33, 0xdf, 0xac, 0x1, 0xb1,
    0x91, 0xc6, 0x60, 0x1, 0x25, 0x75, 0x18, 0xae,
    0x40, 0xea, 0x80, 0x14, 0x12, 0x10, 0xe0, 0x6,
    0x2d, 0x61, 0x3, 0x0, 0x84, 0x60, 0x10, 0x30,
    0x2, 0xf7, 0x54, 0x43, 0x80, 0x4, 0xbb, 0x1,
    0x83, 0xaa, 0x0, 0xa0, 0x87, 0x84, 0x15, 0xd4,
    0x55, 0xd, 0x80, 0x71, 0x91, 0xde, 0xc0,

    /* U+0121 "ġ" */
    0x0, 0xa3, 0x80, 0x3d, 0xca, 0x1, 0xe6, 0xb0,
    0xe, 0xaf, 0xe5, 0xda, 0xa, 0x58, 0x88, 0xc0,
    0x55, 0xdc, 0xde, 0x20, 0xa1, 0x80, 0x2, 0x10,
    0x9, 0xc0, 0x39, 0x81, 0x0, 0x2, 0x20, 0x24,
    0x87, 0x5d, 0x0, 0xa9, 0x62, 0xe4, 0x80, 0x3,
    0x5f, 0xca, 0x66, 0xb, 0xd5, 0x4a, 0x1d, 0x9,
    0x7b, 0xb3, 0xd2, 0x0,

    /* U+0122 "Ģ" */
    0x0, 0xc, 0xf7, 0xeb, 0x0, 0x6c, 0x64, 0x71,
    0x98, 0x0, 0x49, 0x5d, 0x46, 0x2b, 0x90, 0x3a,
    0xa0, 0x5, 0x4, 0x84, 0x38, 0x1, 0x8b, 0x58,
    0x40, 0xc0, 0x21, 0x18, 0x4, 0xc, 0x0, 0xbd,
    0xd5, 0x10, 0xe0, 0x1, 0x2e, 0xc0, 0x60, 0xea,
    0x80, 0x28, 0x21, 0xe1, 0x5, 0x75, 0x15, 0x43,
    0x60, 0x1c, 0x64, 0x77, 0xb0, 0x2, 0x19, 0xef,
    0xd8, 0x0, 0xf4, 0xe8, 0x7, 0xe5, 0xa0, 0xf,
    0xca, 0xa0, 0xc,

    /* U+0123 "ģ" */
    0x0, 0xff, 0xe0, 0x61, 0x0, 0x72, 0x91, 0x0,
    0x38, 0xc8, 0x3, 0xcd, 0x80, 0x1d, 0x5f, 0xcb,
    0xb4, 0x14, 0xb1, 0x11, 0x80, 0xab, 0xb9, 0xbc,
    0x41, 0x43, 0x0, 0x4, 0x20, 0x13, 0x80, 0x73,
    0x2, 0x0, 0x4, 0x40, 0x49, 0xe, 0xba, 0x1,
    0x52, 0xc5, 0xc9, 0x0, 0x6, 0xbf, 0x94, 0xcc,
    0x17, 0xaa, 0x94, 0x3a, 0x12, 0xf7, 0x67, 0xa4,

    /* U+0124 "Ĥ" */
    0x0, 0x95, 0xc0, 0x3c, 0xb7, 0xb6, 0x1, 0xc5,
    0xb5, 0x86, 0x0, 0xeb, 0x73, 0x7, 0x77, 0xa0,
    0x7, 0xff, 0x44, 0x47, 0x80, 0x24, 0xee, 0xd4,
    0x1, 0x1d, 0xde, 0x80, 0x9, 0xd1, 0x31, 0x80,
    0x7f, 0xf4, 0x40,

    /* U+0125 "ĥ" */
    0x1, 0x74, 0x0, 0xf6, 0xea, 0x90, 0x3, 0x1d,
    0xd6, 0x98, 0x6, 0x37, 0xfb, 0x70, 0xf, 0xfe,
    0x74, 0xfe, 0xa8, 0x6, 0x60, 0x90, 0xa2, 0x0,
    0x96, 0x5b, 0x81, 0xc0, 0x23, 0x0, 0x10, 0x18,
    0x7, 0xff, 0x60,

    /* U+0126 "Ħ" */
    0x9, 0xf0, 0xe, 0xf9, 0x0, 0xff, 0xe5, 0xb3,
    0x3, 0xff, 0x81, 0x9a, 0x50, 0xbb, 0xe0, 0x56,
    0x3, 0xb, 0xbe, 0x3, 0x0, 0xd7, 0x7c, 0x1,
    0xe4, 0x4e, 0x0, 0xff, 0xec, 0x0,

    /* U+0127 "ħ" */
    0xf, 0x80, 0xe, 0xe0, 0x7f, 0x80, 0xb, 0xc1,
    0x76, 0x40, 0x21, 0x2, 0xbe, 0xd5, 0x0, 0x98,
    0x24, 0x28, 0x80, 0xb, 0x2d, 0xc0, 0xe0, 0x3,
    0x0, 0x10, 0x18, 0x7, 0xff, 0x50,

    /* U+0128 "Ĩ" */
    0xa, 0xb2, 0xd0, 0x27, 0xef, 0x40, 0x2d, 0x5d,
    0x90, 0xb, 0xac, 0x3, 0xff, 0xe4,

    /* U+0129 "ĩ" */
    0x2e, 0xff, 0x49, 0x77, 0xfa, 0x40, 0x3e, 0xf8,
    0x0, 0xff, 0xec, 0x0,

    /* U+012A "Ī" */
    0xff, 0xb3, 0x77, 0x16, 0x48, 0x80, 0x7f, 0xf7,
    0x0,

    /* U+012B "ī" */
    0x2f, 0xfa, 0xcb, 0x76, 0xa0, 0x22, 0x84, 0x1,
    0xf0, 0x1, 0xff, 0xd8,

    /* U+012C "Ĭ" */
    0x17, 0x1, 0x70, 0x1f, 0xef, 0x10, 0x4, 0x77,
    0x18, 0x2, 0xeb, 0x0, 0xff, 0xf9, 0x0,

    /* U+012D "ĭ" */
    0x3d, 0x15, 0xc3, 0x5e, 0x8e, 0x8, 0xfd, 0x20,
    0x7, 0xc0, 0x7, 0xff, 0x60,

    /* U+012E "Į" */
    0xe, 0xb0, 0xf, 0xfe, 0xd0, 0x80, 0x14, 0x64,
    0x21, 0x40, 0x14, 0x9e, 0x0,

    /* U+012F "į" */
    0x1, 0xe8, 0x1, 0x5e, 0x0, 0x5b, 0x0, 0x3e,
    0x0, 0x3f, 0xfa, 0x30, 0x72, 0xe, 0x86, 0xc,
    0xf0,

    /* U+0130 "İ" */
    0xa, 0x80, 0x72, 0xd, 0xa0, 0xeb, 0x0, 0xff,
    0xe9, 0x0,

    /* U+0131 "ı" */
    0xf8, 0x0, 0xff, 0xe1, 0x0,

    /* U+0132 "Ĳ" */
    0xeb, 0x0, 0xf6, 0xd8, 0x7, 0xff, 0xcd, 0xf0,
    0x3, 0xf8, 0xc4, 0x0, 0x64, 0x1, 0x28, 0x5a,
    0x48, 0xe8, 0x4, 0x56, 0xd6, 0x92, 0x80,

    /* U+0133 "ĳ" */
    0x1e, 0x80, 0x7e, 0x11, 0x2f, 0x1, 0x10, 0x1,
    0x6c, 0xb, 0x82, 0x1f, 0x0, 0xfe, 0x1, 0xff,
    0xe7, 0xf8, 0x0, 0xf8, 0xe8, 0x80, 0x34, 0x7,
    0x0,

    /* U+0134 "Ĵ" */
    0x0, 0xc3, 0xbe, 0x80, 0x1d, 0xab, 0x74, 0x40,
    0x1b, 0x21, 0x38, 0x80, 0x3a, 0xb8, 0x3, 0xff,
    0xd8, 0xbc, 0x40, 0x1e, 0x11, 0x30, 0x1, 0x88,
    0x0, 0x83, 0x4d, 0x27, 0x60, 0x16, 0x2c, 0xbb,
    0xc0, 0x0,

    /* U+0135 "ĵ" */
    0x5, 0xfc, 0x0, 0x25, 0x63, 0x58, 0x27, 0x9d,
    0x58, 0x5, 0xf0, 0x1, 0xff, 0xe3, 0xf0, 0x0,
    0xc0, 0x10, 0x0, 0x99, 0x8a, 0x0,

    /* U+0136 "Ķ" */
    0xeb, 0x0, 0x8f, 0xf0, 0x3, 0x87, 0x4b, 0x40,
    0x3b, 0x7, 0xc4, 0x0, 0x21, 0x65, 0x64, 0x1,
    0x9d, 0x21, 0x0, 0x33, 0xc0, 0x68, 0x7, 0x13,
    0x42, 0xa8, 0x3, 0x1c, 0xb9, 0x58, 0x80, 0x4e,
    0x0, 0xe1, 0xb0, 0xf, 0x1b, 0x2a, 0x0, 0x7a,
    0x4a, 0x83, 0xac, 0x3, 0x6f, 0x0, 0x6f, 0x60,
    0xf, 0x18, 0x38, 0x7, 0xd0, 0x20, 0x18,

    /* U+0137 "ķ" */
    0xf8, 0x0, 0xff, 0xe5, 0xdf, 0x8, 0x5, 0x49,
    0xa2, 0x0, 0x85, 0xb3, 0x0, 0x33, 0xb2, 0x0,
    0x42, 0x6c, 0x40, 0x13, 0xe8, 0xf8, 0x6, 0x1a,
    0x29, 0x0, 0xc8, 0xec, 0xbf, 0x0, 0x8, 0xf5,
    0x0, 0x6c, 0x80, 0x71, 0x50, 0x6, 0x26, 0x30,
    0x8,

    /* U+0138 "ĸ" */
    0xf8, 0x0, 0x5f, 0x10, 0x5, 0x29, 0xa4, 0x0,
    0x66, 0x51, 0x80, 0x1e, 0x59, 0x40, 0x26, 0x47,
    0x10, 0x8, 0x68, 0x2c, 0x3, 0xc, 0x2b, 0x0,
    0x66, 0x49, 0x20,

    /* U+0139 "Ĺ" */
    0xe, 0x70, 0xc, 0xc6, 0xe0, 0x19, 0xf4, 0x3,
    0xbe, 0xc0, 0x3f, 0xfe, 0x4e, 0xcd, 0x84, 0xe,
    0x67, 0x28,

    /* U+013A "ĺ" */
    0x2f, 0x5b, 0x45, 0x8b, 0xe, 0x80, 0xf, 0xfe,
    0x98,

    /* U+013B "Ļ" */
    0xeb, 0x0, 0xff, 0xf9, 0x3b, 0x36, 0x10, 0x39,
    0x9c, 0xbd, 0xff, 0xc8, 0x0, 0xac, 0x0, 0xe7,
    0xa0, 0xe, 0x47, 0x0, 0x80,

    /* U+013C "ļ" */
    0xf, 0x80, 0xf, 0xfe, 0x9f, 0xc0, 0xfa, 0x20,
    0x50, 0x60, 0x0,

    /* U+013D "Ľ" */
    0xeb, 0xa, 0xa0, 0x7, 0x88, 0x3, 0xb7, 0x0,
    0x39, 0xd0, 0x3, 0xff, 0xb4, 0xec, 0xd8, 0x40,
    0xe6, 0x72, 0x80,

    /* U+013E "ľ" */
    0xf8, 0x85, 0x80, 0x44, 0x0, 0xec, 0x0, 0x32,
    0x80, 0x7f, 0xf4, 0x0,

    /* U+013F "Ŀ" */
    0xdb, 0x0, 0xff, 0xe8, 0xe5, 0x0, 0x73, 0x10,
    0x7, 0x54, 0x0, 0x7f, 0xf1, 0x5d, 0x9b, 0x8,
    0x1c, 0xce, 0x40,

    /* U+0140 "ŀ" */
    0xf8, 0x0, 0xff, 0xe6, 0xb7, 0x98, 0x7, 0xcd,
    0xe6, 0x1, 0xff, 0xc3,

    /* U+0141 "Ł" */
    0x6, 0xf2, 0x0, 0xff, 0xe2, 0x90, 0x7, 0x35,
    0xd8, 0x3, 0xad, 0xa8, 0x0, 0x72, 0xd, 0xa6,
    0x0, 0x80, 0x5, 0x80, 0x68, 0x90, 0xf, 0x18,
    0x7, 0xf9, 0x59, 0xa4, 0x0, 0xa2, 0x66, 0x80,

    /* U+0142 "ł" */
    0x0, 0x7c, 0x0, 0x7f, 0x84, 0x2, 0x78, 0x5,
    0x0, 0x58, 0xd8, 0x39, 0xf, 0x80, 0x61, 0x0,
    0xff, 0xe3, 0x0,

    /* U+0143 "Ń" */
    0x0, 0xd3, 0xa0, 0x1e, 0x16, 0xe0, 0xf, 0xf,
    0x18, 0x5, 0xde, 0x60, 0x20, 0x5e, 0xe0, 0xf,
    0x0, 0xf8, 0xcc, 0xc0, 0x1e, 0x65, 0x80, 0xf,
    0xc, 0xc, 0x80, 0x78, 0x99, 0x84, 0x1, 0xe8,
    0x19, 0x30, 0xe, 0x18, 0x44, 0x0, 0x79, 0x8e,
    0x40, 0x3e, 0xf3, 0x0, 0xf8, 0xd4, 0x0,

    /* U+0144 "ń" */
    0x0, 0xab, 0x0, 0x31, 0x2f, 0x0, 0x62, 0xe2,
    0x0, 0x7b, 0xd7, 0x6a, 0x80, 0x27, 0x68, 0x68,
    0x41, 0x1d, 0x7c, 0x10, 0x8, 0x0, 0x40, 0x60,
    0x1f, 0xfd, 0x0,

    /* U+0145 "Ņ" */
    0xef, 0x30, 0x8, 0xbd, 0xc0, 0x1e, 0x1, 0xf1,
    0x99, 0x80, 0x3c, 0xcb, 0x0, 0x1e, 0x18, 0x19,
    0x0, 0xf1, 0x33, 0x8, 0x3, 0xd0, 0x32, 0x60,
    0x1c, 0x30, 0x88, 0x0, 0xf3, 0x1c, 0x80, 0x7d,
    0xe6, 0x1, 0xf1, 0xa8, 0x3, 0xac, 0x3, 0x57,
    0xb8, 0x5, 0x3a, 0x1, 0xf2, 0xd0, 0x7, 0xca,
    0xa0, 0xc,

    /* U+0146 "ņ" */
    0xf7, 0xaf, 0xd5, 0x0, 0x4e, 0xd0, 0xd0, 0x82,
    0x3a, 0xf8, 0x20, 0x10, 0x0, 0x80, 0xc0, 0x3f,
    0xfa, 0x1f, 0x0, 0x1, 0xf6, 0x0, 0x56, 0x0,
    0x73, 0xd0, 0x7, 0x23, 0x80, 0x40,

    /* U+0147 "Ň" */
    0x0, 0x32, 0x3, 0xa0, 0x6, 0x2a, 0xa5, 0xa0,
    0x6, 0x4a, 0xdd, 0x0, 0x5d, 0xe6, 0x8e, 0x25,
    0xee, 0x0, 0xf0, 0xf, 0x8c, 0xcc, 0x1, 0xe6,
    0x58, 0x0, 0xf0, 0xc0, 0xc8, 0x7, 0x89, 0x98,
    0x40, 0x1e, 0x81, 0x93, 0x0, 0xe1, 0x84, 0x40,
    0x7, 0x98, 0xe4, 0x3, 0xef, 0x30, 0xf, 0x8d,
    0x40, 0x0,

    /* U+0148 "ň" */
    0xb, 0xa3, 0xf3, 0x0, 0x5b, 0xe5, 0x18, 0x5,
    0xbe, 0xa0, 0xf, 0x7a, 0xfd, 0x50, 0x4, 0xed,
    0xd, 0x8, 0x23, 0xaf, 0x82, 0x1, 0x0, 0x8,
    0xc, 0x3, 0xff, 0xa0,

    /* U+014A "Ŋ" */
    0xef, 0x30, 0x8, 0xbd, 0xc0, 0x1e, 0x1, 0xf1,
    0x99, 0x80, 0x3c, 0xcb, 0x0, 0x1e, 0x18, 0x19,
    0x0, 0xf1, 0x33, 0x8, 0x3, 0xd0, 0x32, 0x60,
    0x1c, 0x30, 0x88, 0x0, 0xf3, 0x1c, 0x80, 0x7d,
    0xe6, 0x1, 0xf1, 0xa8, 0x7f, 0x58, 0x6, 0xa0,
    0xf, 0x89, 0xc3, 0x80, 0x39, 0x21, 0x1c,

    /* U+014B "ŋ" */
    0xf7, 0xaf, 0xd5, 0x0, 0x4e, 0xd0, 0xd0, 0x82,
    0x3a, 0xf8, 0x20, 0x10, 0x0, 0x80, 0xc0, 0x3f,
    0xfa, 0x1f, 0x0, 0x1f, 0x8e, 0x40, 0xc0, 0x2b,
    0x74, 0x50,

    /* U+014C "Ō" */
    0x0, 0xa3, 0xfe, 0x40, 0xe, 0x9d, 0xd9, 0x0,
    0x30, 0xc6, 0x6f, 0xb0, 0x6, 0xc6, 0x47, 0x69,
    0xa0, 0x4, 0x95, 0xd4, 0x5b, 0xaa, 0x3, 0xaa,
    0x0, 0x50, 0x3c, 0x43, 0x80, 0x1c, 0x8e, 0x20,
    0x60, 0x1c, 0x66, 0x10, 0x30, 0xe, 0x33, 0x10,
    0xe0, 0x7, 0x23, 0x83, 0xaa, 0x0, 0x50, 0x3c,
    0x12, 0x57, 0x51, 0x6e, 0xa8, 0x0, 0xc6, 0x47,
    0x69, 0xa0,

    /* U+014D "ō" */
    0x0, 0x5f, 0xfc, 0x40, 0x15, 0x6e, 0xc4, 0x1,
    0x9, 0x14, 0x1, 0xa3, 0xbf, 0xc, 0x1, 0x4f,
    0x34, 0x18, 0x22, 0x57, 0x72, 0xe8, 0x4a, 0x86,
    0x0, 0x4, 0xcc, 0x1, 0xf9, 0x43, 0x0, 0x2,
    0x66, 0x15, 0x77, 0x2e, 0x85, 0x5, 0x3c, 0xd0,
    0x61, 0x0,

    /* U+014E "Ŏ" */
    0x0, 0xa9, 0xc2, 0xd8, 0x3, 0xae, 0xde, 0x4c,
    0x1, 0xc3, 0x9f, 0x20, 0x1c, 0x33, 0xdf, 0xac,
    0x1, 0xb1, 0x91, 0xda, 0x68, 0x1, 0x25, 0x75,
    0x16, 0xea, 0x80, 0xea, 0x80, 0x14, 0xf, 0x10,
    0xe0, 0x7, 0x23, 0x88, 0x18, 0x7, 0x19, 0x84,
    0xc, 0x3, 0x8c, 0xc4, 0x38, 0x1, 0xc8, 0xe0,
    0xea, 0x80, 0x14, 0xf, 0x4, 0x95, 0xd4, 0x5b,
    0xaa, 0x0, 0x31, 0x91, 0xda, 0x68, 0x0,

    /* U+014F "ŏ" */
    0x0, 0x62, 0x8e, 0x98, 0x5, 0xf1, 0xca, 0x60,
    0x11, 0xef, 0xc0, 0x6, 0x8e, 0xfc, 0x30, 0x5,
    0x3c, 0xd0, 0x60, 0x89, 0x5d, 0xcb, 0xa1, 0x2a,
    0x18, 0x0, 0x13, 0x30, 0x7, 0xe5, 0xc, 0x0,
    0x9, 0x98, 0x55, 0xdc, 0xba, 0x14, 0x14, 0xf3,
    0x41, 0x84,

    /* U+0150 "Ő" */
    0x0, 0x93, 0xca, 0xec, 0x1, 0xdc, 0xcc, 0x5a,
    0x0, 0xeb, 0x95, 0xf1, 0x0, 0xc3, 0x1d, 0xcc,
    0x60, 0xd, 0x8c, 0x8e, 0xd3, 0x40, 0x9, 0x2b,
    0xa8, 0xb7, 0x54, 0x7, 0x54, 0x0, 0xa0, 0x78,
    0x87, 0x0, 0x39, 0x1c, 0x40, 0xc0, 0x38, 0xcc,
    0x20, 0x60, 0x1c, 0x66, 0x21, 0xc0, 0xe, 0x47,
    0x7, 0x54, 0x0, 0xa0, 0x78, 0x24, 0xae, 0xa2,
    0xdd, 0x50, 0x1, 0x8c, 0x8e, 0xd3, 0x40,

    /* U+0151 "ő" */
    0x0, 0x84, 0x4, 0x40, 0x13, 0xf8, 0xfc, 0x80,
    0x55, 0xc, 0x50, 0x1, 0x6b, 0x3e, 0x0, 0x68,
    0xef, 0xc3, 0x0, 0x53, 0xcd, 0x6, 0x8, 0x95,
    0xdc, 0xba, 0x12, 0xa1, 0x80, 0x1, 0x33, 0x0,
    0x7e, 0x50, 0xc0, 0x0, 0x99, 0x85, 0x5d, 0xcb,
    0xa1, 0x41, 0x4f, 0x34, 0x18, 0x40,

    /* U+0152 "Œ" */
    0x0, 0xa3, 0x7f, 0xff, 0x18, 0x3, 0x5d, 0x66,
    0x1, 0xa6, 0x71, 0x4, 0x16, 0x43, 0x20, 0x7b,
    0x36, 0x10, 0x65, 0x30, 0xf, 0xf1, 0xe, 0x0,
    0x78, 0x47, 0x0, 0x81, 0x80, 0x74, 0xf7, 0x5e,
    0x2, 0x6, 0x1, 0xcf, 0x77, 0x68, 0x10, 0xe0,
    0x7, 0x72, 0x24, 0x60, 0x6, 0x53, 0x0, 0xff,
    0xa0, 0xb2, 0x5a, 0xc3, 0xd9, 0xb0, 0x80, 0x35,
    0xdd, 0x2e, 0xd, 0x33, 0x94,

    /* U+0153 "œ" */
    0x0, 0x47, 0x7e, 0x18, 0xdf, 0xf4, 0x88, 0x2,
    0x9e, 0x68, 0x33, 0x9e, 0x61, 0xe8, 0x5, 0x5d,
    0xcb, 0xa0, 0xd, 0x66, 0x5a, 0x12, 0x86, 0x0,
    0x4, 0x1, 0xdf, 0xea, 0x6, 0x0, 0xfd, 0xbb,
    0xc8, 0xa1, 0x80, 0x1, 0x0, 0x9, 0x10, 0x18,
    0x5, 0x5d, 0xcb, 0xa0, 0xd, 0x66, 0x7c, 0x80,
    0x29, 0xe6, 0x83, 0x35, 0x66, 0x4d, 0xe0,

    /* U+0154 "Ŕ" */
    0x0, 0x9b, 0xc4, 0x3, 0xae, 0x44, 0x3, 0xb1,
    0x80, 0x2e, 0xff, 0x77, 0x24, 0x2, 0x39, 0x93,
    0xb5, 0x80, 0x1d, 0x99, 0x2e, 0x84, 0x1, 0xd8,
    0xc, 0x1, 0xc4, 0xe, 0x0, 0x11, 0x24, 0x9,
    0x82, 0x77, 0x2c, 0x34, 0x0, 0x77, 0x60, 0x53,
    0x0, 0x3a, 0x22, 0x11, 0x0, 0x1c, 0xe3, 0x20,
    0x1e, 0xb2, 0x60,

    /* U+0155 "ŕ" */
    0x0, 0x6c, 0x80, 0x14, 0xe4, 0x0, 0x9c, 0x0,
    0xf9, 0xbf, 0x10, 0x72, 0xa1, 0x5, 0x95, 0x0,
    0x10, 0x7, 0xff, 0x2c,

    /* U+0156 "Ŗ" */
    0xef, 0xfb, 0xa4, 0x2, 0x39, 0x93, 0xb5, 0x80,
    0x1d, 0x99, 0x2e, 0x84, 0x1, 0xd8, 0xc, 0x1,
    0xc4, 0xe, 0x0, 0x11, 0x24, 0x9, 0x82, 0x77,
    0x2c, 0x34, 0x0, 0x77, 0x60, 0x53, 0x0, 0x3a,
    0x22, 0x11, 0x0, 0x1c, 0xe3, 0x20, 0x1e, 0xb2,
    0x6e, 0xb0, 0x9, 0x7d, 0x80, 0x7, 0xe6, 0x1,
    0xca, 0x46, 0x1, 0xc7, 0x0, 0x18,

    /* U+0157 "ŗ" */
    0xf, 0x8b, 0xf1, 0x0, 0x39, 0x50, 0x80, 0x16,
    0x54, 0x2, 0x20, 0xf, 0xfe, 0x87, 0xc0, 0x4,
    0x3e, 0xa0, 0x12, 0x8a, 0x80, 0x68, 0x0, 0xc0,

    /* U+0158 "Ř" */
    0x5, 0x50, 0x2a, 0x80, 0x27, 0xb9, 0xb4, 0x0,
    0x8b, 0x47, 0x4, 0x1, 0xdf, 0x8f, 0x92, 0x1,
    0x1c, 0xc9, 0xda, 0xc0, 0xe, 0xcc, 0x97, 0x42,
    0x0, 0xec, 0x6, 0x0, 0xe2, 0x7, 0x0, 0x8,
    0x92, 0x4, 0xc1, 0x3b, 0x96, 0x1a, 0x0, 0x3b,
    0xb0, 0x29, 0x80, 0x1d, 0x11, 0x8, 0x80, 0xe,
    0x71, 0x90, 0xf, 0x59, 0x30,

    /* U+0159 "ř" */
    0x1d, 0x67, 0xe1, 0x17, 0xc4, 0xe0, 0x81, 0x77,
    0x8, 0x1, 0xf1, 0x7e, 0x20, 0x7, 0x2a, 0x10,
    0x2, 0xca, 0x80, 0x44, 0x1, 0xff, 0xcf,

    /* U+015A "Ś" */
    0x0, 0xcb, 0xe4, 0x1, 0xe9, 0x82, 0x0, 0xf6,
    0xb8, 0x7, 0x36, 0xf7, 0x20, 0x2, 0x89, 0x79,
    0x77, 0x58, 0x1, 0x92, 0x9a, 0x61, 0x44, 0x3,
    0xcf, 0xc2, 0xc, 0x98, 0xc2, 0x1, 0xa2, 0x46,
    0x7a, 0xc8, 0x2, 0x6d, 0xd4, 0x2f, 0x80, 0x8,
    0x0, 0x4f, 0x64, 0x85, 0xb0, 0x1, 0x18, 0x39,
    0x23, 0xcb, 0xcc, 0x8c, 0xc1, 0x6e, 0x90, 0xed,
    0xa0,

    /* U+015B "ś" */
    0x0, 0xc2, 0x20, 0xc, 0x3c, 0x80, 0x1a, 0x51,
    0x40, 0x34, 0x58, 0x4, 0x79, 0xfd, 0x20, 0xd,
    0xb, 0xb3, 0x40, 0xa, 0x21, 0x7a, 0x1, 0x5f,
    0x20, 0x80, 0x15, 0x68, 0xb8, 0xe0, 0x8b, 0x1a,
    0x94, 0x37, 0x48, 0xca, 0xe3, 0x6f, 0x70, 0xf6,

    /* U+015C "Ŝ" */
    0x0, 0xa7, 0xe4, 0x3, 0x9d, 0x35, 0x1c, 0x3,
    0x3e, 0x96, 0xb8, 0x6, 0x6d, 0xfe, 0x80, 0xa,
    0x25, 0xe5, 0xdd, 0x60, 0x6, 0x4a, 0x69, 0x85,
    0x10, 0xf, 0x3f, 0x8, 0x32, 0x63, 0x8, 0x6,
    0x89, 0x19, 0xeb, 0x20, 0x9, 0xb7, 0x50, 0xbe,
    0x0, 0x20, 0x1, 0x3d, 0x92, 0x16, 0xc0, 0x4,
    0x60, 0xe4, 0x8f, 0x2f, 0x32, 0x33, 0x5, 0xba,
    0x43, 0xb6, 0x80,

    /* U+015D "ŝ" */
    0x0, 0x27, 0xe8, 0x80, 0xe, 0xec, 0x9a, 0x0,
    0x3f, 0x49, 0xc0, 0x1, 0xe7, 0xf4, 0x80, 0x34,
    0x2e, 0xcd, 0x0, 0x28, 0x85, 0xe8, 0x5, 0x7c,
    0x82, 0x0, 0x55, 0xa2, 0xe3, 0x82, 0x2c, 0x6a,
    0x50, 0xdd, 0x23, 0x2b, 0x8d, 0xbd, 0xc3, 0xd8,

    /* U+015E "Ş" */
    0x0, 0x36, 0xff, 0x40, 0x5, 0x12, 0xf2, 0xee,
    0xb0, 0x3, 0x25, 0x34, 0xc2, 0x88, 0x7, 0x9f,
    0x84, 0x19, 0x31, 0x84, 0x3, 0x44, 0x8c, 0xf5,
    0x90, 0x4, 0xdb, 0xa8, 0x5f, 0x0, 0x10, 0x0,
    0x9e, 0xc9, 0xb, 0x60, 0x2, 0x30, 0x72, 0x47,
    0x97, 0x99, 0x19, 0x82, 0xdd, 0x21, 0xdb, 0x40,
    0x28, 0xd1, 0x89, 0x10, 0xe, 0xf8, 0x20, 0xe,
    0x3d, 0x22, 0x0, 0x0,

    /* U+015F "ş" */
    0x3, 0xcf, 0xe9, 0x0, 0x68, 0x5d, 0x9a, 0x0,
    0x51, 0xb, 0xd0, 0xa, 0xf9, 0x4, 0x0, 0xab,
    0x45, 0xc7, 0x4, 0x58, 0xd4, 0xa1, 0xba, 0x46,
    0x57, 0x1b, 0x7b, 0x97, 0xb0, 0x4c, 0x56, 0x81,
    0x0, 0xac, 0xd8, 0x3, 0x6b, 0xa0, 0x0,

    /* U+0160 "Š" */
    0x0, 0x36, 0xe, 0x38, 0x6, 0x65, 0xf6, 0x70,
    0xe, 0x9e, 0xa0, 0xe, 0x6d, 0xfe, 0x80, 0xa,
    0x25, 0xe5, 0xdd, 0x40, 0x6, 0x4a, 0x69, 0x75,
    0x10, 0xf, 0x47, 0x88, 0x32, 0x63, 0x8, 0x6,
    0x89, 0x19, 0xeb, 0x20, 0x9, 0xb7, 0x50, 0xbe,
    0x0, 0x10, 0x1, 0x3d, 0x92, 0x17, 0x40, 0x4,
    0x60, 0xe4, 0x8f, 0x2f, 0x32, 0x33, 0x5, 0xba,
    0x43, 0xb6, 0x80,

    /* U+0161 "š" */
    0x2, 0xe4, 0x9c, 0x0, 0x15, 0x5a, 0x68, 0x4,
    0x9f, 0xa2, 0x0, 0x3c, 0xfe, 0x90, 0x6, 0x85,
    0xd9, 0xa0, 0x5, 0x10, 0xbd, 0x0, 0xaf, 0x90,
    0x40, 0xa, 0xb4, 0x5c, 0x70, 0x45, 0x8d, 0x4a,
    0x1b, 0xa4, 0x65, 0x71, 0xb7, 0xb8, 0x7b,

    /* U+0162 "Ţ" */
    0x6f, 0xff, 0xa1, 0x26, 0x4e, 0xd, 0x32, 0xb2,
    0x66, 0x58, 0x63, 0x30, 0xc0, 0x3f, 0xff, 0xe6,
    0x4c, 0x1, 0xf4, 0xe9, 0x0, 0x71, 0x41, 0x98,
    0x0,

    /* U+0163 "ţ" */
    0x6, 0x60, 0x5, 0x54, 0x0, 0x69, 0x9b, 0xd3,
    0x88, 0x96, 0xa6, 0x22, 0x41, 0x0, 0xff, 0x9c,
    0x3, 0x9, 0x30, 0x84, 0xc, 0xa0, 0x14, 0x2a,
    0x0, 0x18, 0xac, 0x1, 0xb, 0x80,

    /* U+0164 "Ť" */
    0x0, 0x23, 0x2, 0xb0, 0x6, 0x5b, 0x9b, 0x40,
    0xc, 0x3e, 0x3a, 0x40, 0x6, 0xff, 0x6b, 0xe7,
    0xfa, 0x12, 0x64, 0xe0, 0xd3, 0x2b, 0x26, 0x65,
    0x86, 0x33, 0xc, 0x3, 0xff, 0xf8,

    /* U+0165 "ť" */
    0x0, 0x92, 0x40, 0x23, 0x50, 0xbb, 0x2, 0x83,
    0xbd, 0x3a, 0x66, 0xf4, 0xe2, 0x25, 0xa9, 0x88,
    0x90, 0x40, 0x3f, 0xe7, 0x0, 0xc2, 0x4c, 0x21,
    0x5, 0x28,

    /* U+0166 "Ŧ" */
    0x6f, 0xff, 0xa1, 0x26, 0x4e, 0xd, 0x32, 0xb2,
    0x66, 0x58, 0x63, 0x30, 0xc0, 0x3f, 0xf8, 0xe9,
    0xf8, 0x15, 0xec, 0x0, 0x4c, 0x90, 0x7c, 0x70,
    0x8, 0xd4, 0x34, 0xc4, 0x3, 0xff, 0xa0,

    /* U+0167 "ŧ" */
    0xc, 0xc0, 0x7, 0xda, 0x66, 0xf4, 0xe2, 0x25,
    0xa9, 0x88, 0x90, 0x74, 0xcd, 0xe9, 0xe6, 0x6d,
    0x42, 0x0, 0x10, 0x1, 0x89, 0x84, 0x20, 0xe5,
    0x0,

    /* U+0168 "Ũ" */
    0x0, 0x36, 0x1d, 0x18, 0x6, 0xb8, 0xf6, 0x30,
    0xd, 0xa9, 0x98, 0x0, 0xba, 0xc0, 0x32, 0xf9,
    0x80, 0x7f, 0xfa, 0x8d, 0xc0, 0x31, 0x80, 0xa1,
    0x90, 0x5, 0x42, 0x56, 0x3b, 0x31, 0xa7, 0x0,
    0x58, 0xae, 0xe1, 0xa6, 0x0,

    /* U+0169 "ũ" */
    0xa, 0xff, 0x71, 0x0, 0x2b, 0xfd, 0xc4, 0x1,
    0xfb, 0xe0, 0x0, 0x3e, 0xc0, 0x1f, 0xfd, 0x1,
    0x20, 0x2, 0x80, 0x11, 0x61, 0xa0, 0x1, 0x68,
    0xf7, 0xe0, 0x0,

    /* U+016A "Ū" */
    0x0, 0x5f, 0xfc, 0x20, 0x1a, 0xb7, 0x61, 0x0,
    0x75, 0x89, 0x14, 0xbe, 0x60, 0x1f, 0xfe, 0xa3,
    0x70, 0xc, 0x60, 0x28, 0x64, 0x1, 0x50, 0x95,
    0x8e, 0xcc, 0x69, 0xc0, 0x16, 0x2b, 0xb8, 0x69,
    0x80,

    /* U+016B "ū" */
    0xb, 0xff, 0x88, 0x1, 0x5b, 0xb1, 0x0, 0x4,
    0x8a, 0x0, 0x7c, 0x0, 0x7, 0xd8, 0x3, 0xff,
    0xa0, 0x24, 0x0, 0x50, 0x2, 0x2c, 0x34, 0x0,
    0x2d, 0x1e, 0xfc, 0x0,

    /* U+016C "Ŭ" */
    0x0, 0x6a, 0xe, 0x98, 0x6, 0xe9, 0xfa, 0x30,
    0xc, 0x7b, 0xce, 0x1, 0x75, 0x80, 0x65, 0xf3,
    0x0, 0xff, 0xf5, 0x1b, 0x80, 0x63, 0x1, 0x43,
    0x20, 0xa, 0x84, 0xac, 0x76, 0x63, 0x4e, 0x0,
    0xb1, 0x5d, 0xc3, 0x4c, 0x0,

    /* U+016D "ŭ" */
    0xc, 0x51, 0xd3, 0x0, 0x7c, 0x72, 0x98, 0x0,
    0xf7, 0xe0, 0x1, 0xf0, 0x0, 0x1f, 0x60, 0xf,
    0xfe, 0x80, 0x90, 0x1, 0x40, 0x8, 0xb0, 0xd0,
    0x0, 0xb4, 0x7b, 0xf0, 0x0,

    /* U+016E "Ů" */
    0x0, 0xe, 0x72, 0x0, 0x74, 0xa6, 0x50, 0x7,
    0xff, 0xa, 0x4f, 0xe8, 0x2, 0xeb, 0x1b, 0xd4,
    0x5f, 0x30, 0xf, 0xff, 0x51, 0xb8, 0x6, 0x30,
    0x14, 0x32, 0x0, 0xa8, 0x4a, 0xc7, 0x66, 0x34,
    0xe0, 0xb, 0x15, 0xdc, 0x34, 0xc0,

    /* U+016F "ů" */
    0x1, 0xbe, 0x40, 0x9, 0x8b, 0x28, 0x3, 0x8,
    0x7, 0x31, 0xe5, 0x0, 0x3e, 0x6f, 0x97, 0xd8,
    0x3, 0xff, 0xa0, 0x24, 0x0, 0x50, 0x2, 0x2c,
    0x34, 0x0, 0x2d, 0x1e, 0xfc, 0x0,

    /* U+0170 "Ű" */
    0x0, 0x3f, 0xf, 0x40, 0x6, 0xa8, 0x62, 0x80,
    0xd, 0x8c, 0xcc, 0x0, 0xba, 0xc4, 0x4, 0x17,
    0xcc, 0x3, 0xff, 0xd4, 0x6e, 0x1, 0x8c, 0x5,
    0xc, 0x80, 0x2a, 0x12, 0xb1, 0xd9, 0x8d, 0x38,
    0x2, 0xc5, 0x77, 0xd, 0x30, 0x0,

    /* U+0171 "ű" */
    0x0, 0x8, 0x8, 0x80, 0xf, 0xe3, 0xf2, 0x0,
    0xab, 0x92, 0x80, 0x6, 0xac, 0x60, 0x3, 0xe0,
    0x0, 0x3e, 0xc0, 0x1f, 0xfd, 0x1, 0x20, 0x2,
    0x80, 0x11, 0x61, 0xa0, 0x1, 0x68, 0xf7, 0xe0,
    0x0,

    /* U+0172 "Ų" */
    0xeb, 0x0, 0xcb, 0xe6, 0x1, 0xff, 0xea, 0x37,
    0x0, 0xc6, 0xc, 0x86, 0x40, 0x15, 0x2, 0x58,
    0xec, 0xc6, 0x98, 0x88, 0xb1, 0x5d, 0xc4, 0x7c,
    0x0, 0x2a, 0x63, 0xec, 0x0, 0xe7, 0x43, 0x0,
    0xf3, 0x3c, 0x0, 0x40,

    /* U+0173 "ų" */
    0xf8, 0x0, 0xf, 0xb0, 0x7, 0xff, 0x40, 0x48,
    0x0, 0xa0, 0x4, 0x58, 0x68, 0x0, 0x5a, 0x3d,
    0xc0, 0x8, 0xaf, 0xf7, 0xd1, 0xc0, 0x21, 0x4c,
    0x10, 0x8, 0x56, 0x20,

    /* U+0174 "Ŵ" */
    0x0, 0xf3, 0x38, 0x7, 0xfd, 0x15, 0x70, 0x1,
    0xfc, 0x3f, 0xba, 0xf1, 0x0, 0xd1, 0xe2, 0x2,
    0xfd, 0xc7, 0x10, 0x1f, 0x8c, 0x4, 0x0, 0x18,
    0x0, 0xc0, 0x8, 0x18, 0x81, 0x80, 0x5, 0x11,
    0x20, 0x3, 0x41, 0x40, 0xd4, 0x1, 0x8a, 0xac,
    0x0, 0x21, 0x88, 0x21, 0x80, 0x10, 0xf1, 0x40,
    0x6, 0x80, 0xc, 0x4, 0x21, 0xc4, 0x12, 0x40,
    0xc0, 0x2, 0x1, 0xa0, 0x21, 0x82, 0x18, 0x28,
    0x4, 0x79, 0xe6, 0x0, 0x4f, 0xd3, 0x10, 0x9,
    0x15, 0x48, 0x0, 0x34, 0x74, 0x0, 0xd8, 0x27,
    0x80, 0xc, 0x22, 0x60, 0x6, 0x40, 0x2, 0x0,
    0x10, 0x0, 0x80, 0x0,

    /* U+0175 "ŵ" */
    0x0, 0xcb, 0xfa, 0x1, 0xf8, 0xeb, 0x1e, 0xc0,
    0x3e, 0x3f, 0x3a, 0xb0, 0xc, 0xfe, 0x20, 0x3f,
    0x40, 0x8, 0xf1, 0x50, 0x40, 0x40, 0x40, 0x2,
    0x18, 0x90, 0xe0, 0x62, 0x9, 0x1, 0xd8, 0x1,
    0xd0, 0x13, 0x4d, 0x10, 0x8, 0x0, 0xc2, 0x29,
    0x11, 0x98, 0x13, 0x0, 0x28, 0x58, 0x96, 0x21,
    0xa0, 0x6, 0x46, 0x70, 0x41, 0x4f, 0x0, 0xd8,
    0x18, 0x0, 0x40, 0x40, 0x0,

    /* U+0176 "Ŷ" */
    0x0, 0x86, 0xa4, 0x3, 0xc5, 0x98, 0x3b, 0x0,
    0xe2, 0xd6, 0xab, 0x0, 0x9b, 0xdc, 0x3, 0x57,
    0x93, 0x1c, 0x80, 0x46, 0xae, 0x41, 0xe3, 0x0,
    0xf, 0x19, 0x0, 0x1a, 0xb8, 0xa1, 0xc0, 0x80,
    0x50, 0x11, 0x2, 0x60, 0xc, 0x4e, 0xc7, 0x20,
    0x1e, 0x80, 0x34, 0x0, 0xf8, 0x58, 0x3, 0xff,
    0xac,

    /* U+0177 "ŷ" */
    0x0, 0x17, 0x70, 0x80, 0x21, 0xf9, 0x8c, 0x10,
    0x0, 0xeb, 0xb7, 0x8, 0x47, 0x88, 0x0, 0x7e,
    0x28, 0x18, 0x0, 0xe1, 0x44, 0x76, 0x0, 0xd2,
    0x20, 0x51, 0x88, 0x92, 0x80, 0xe, 0xc, 0xe0,
    0xc0, 0x1, 0x4c, 0xd4, 0x10, 0xb, 0x91, 0x1c,
    0x1, 0x94, 0x41, 0x40, 0x3c, 0xa0, 0x19, 0x24,
    0x64, 0x3, 0x53, 0xc9, 0x80, 0x40,

    /* U+0178 "Ÿ" */
    0x0, 0x1d, 0x89, 0xd8, 0x7, 0x3a, 0x9b, 0x28,
    0x80, 0x64, 0xe2, 0x5e, 0x10, 0x3, 0x7b, 0x80,
    0x6a, 0xf2, 0x63, 0x90, 0x8, 0xd5, 0xc8, 0x3c,
    0x60, 0x1, 0xe3, 0x20, 0x3, 0x57, 0x14, 0x38,
    0x10, 0xa, 0x2, 0x20, 0x4c, 0x1, 0x89, 0xd8,
    0xe4, 0x3, 0xd0, 0x6, 0x80, 0x1f, 0xb, 0x0,
    0x7f, 0xf5, 0x80,

    /* U+0179 "Ź" */
    0x0, 0xcd, 0xe2, 0x1, 0xeb, 0x91, 0x0, 0xf6,
    0x30, 0x4, 0x7f, 0xf7, 0x7f, 0xc2, 0x53, 0x3c,
    0x24, 0x22, 0x66, 0xc2, 0x2e, 0x0, 0xe2, 0x86,
    0x30, 0xe, 0x91, 0x80, 0xe, 0x54, 0xb1, 0x0,
    0xc3, 0x68, 0xa0, 0x1d, 0x3, 0x20, 0x1c, 0x6d,
    0x4, 0x1, 0xdc, 0x24, 0xab, 0x80, 0x88, 0x35,
    0x5c, 0x40,

    /* U+017A "ź" */
    0x0, 0x87, 0xd8, 0x3, 0x31, 0xb0, 0x6, 0x6c,
    0x0, 0xbf, 0xdd, 0xfe, 0xd0, 0x99, 0x9c, 0x10,
    0x19, 0xa5, 0x29, 0x0, 0xa4, 0xbc, 0x2, 0x56,
    0x92, 0x0, 0x15, 0x23, 0x0, 0x5c, 0x18, 0xcd,
    0x11, 0x84, 0x4c, 0xc0,

    /* U+017B "Ż" */
    0x0, 0x8f, 0xc, 0x3, 0xce, 0x6e, 0x1, 0xe4,
    0xf4, 0x0, 0x8f, 0xff, 0xe1, 0x29, 0x9e, 0x12,
    0x11, 0x33, 0x61, 0x17, 0x0, 0x71, 0x43, 0x18,
    0x7, 0x48, 0xc0, 0x7, 0x2a, 0x58, 0x80, 0x61,
    0xb4, 0x50, 0xe, 0x81, 0x90, 0xe, 0x36, 0x82,
    0x0, 0xee, 0x12, 0x55, 0xc0, 0x44, 0x1a, 0xae,
    0x20,

    /* U+017C "ż" */
    0x0, 0xb6, 0x40, 0x39, 0xb8, 0x3, 0xad, 0xc0,
    0x2f, 0xfe, 0xd0, 0x99, 0x9c, 0x10, 0x19, 0xa5,
    0x29, 0x0, 0xa4, 0xbc, 0x2, 0x56, 0x92, 0x0,
    0x15, 0x23, 0x0, 0x5c, 0x18, 0xcd, 0x11, 0x84,
    0x4c, 0xc0,

    /* U+017D "Ž" */
    0x0, 0x2a, 0x81, 0x54, 0x1, 0x9e, 0xe6, 0xdc,
    0x3, 0x16, 0x8e, 0x10, 0x0, 0xff, 0xd8, 0xfb,
    0xfe, 0x12, 0x99, 0xe1, 0x21, 0x13, 0x36, 0x11,
    0x70, 0x7, 0x14, 0x31, 0x80, 0x74, 0x8c, 0x0,
    0x72, 0xa5, 0x88, 0x6, 0x1b, 0x45, 0x0, 0xe8,
    0x19, 0x0, 0xe3, 0x68, 0x20, 0xe, 0xe1, 0x25,
    0x5c, 0x4, 0x41, 0xaa, 0xe2,

    /* U+017E "ž" */
    0x2, 0xe4, 0x9c, 0x0, 0x15, 0x5a, 0x68, 0x4,
    0x9f, 0xa2, 0x0, 0xff, 0xed, 0x9, 0x99, 0xc1,
    0x1, 0x9a, 0x52, 0x90, 0xa, 0x4b, 0xc0, 0x25,
    0x69, 0x20, 0x1, 0x52, 0x30, 0x5, 0xc1, 0x8c,
    0xd1, 0x18, 0x44, 0xcc,

    /* U+017F "ſ" */
    0x3d, 0xf6, 0xe0, 0x97, 0x25, 0x61, 0x0, 0xff,
    0xea, 0x0,

    /* U+2014 "—" */
    0x11, 0xff, 0xe1, 0x77, 0x7f, 0xf0, 0xae, 0xff,
    0xf8, 0x40,

    /* U+2026 "…" */
    0x0, 0xff, 0xaf, 0x80, 0xf, 0xe6, 0x7, 0xee,
    0x26, 0x0, 0x11, 0x80, 0x2, 0x20,

    /* U+F001 "" */
    0x0, 0xff, 0xe6, 0x93, 0xdf, 0xd8, 0x7, 0xc9,
    0x3b, 0xa8, 0x40, 0x60, 0xc, 0x75, 0xf6, 0xc4,
    0x1, 0xfd, 0x2a, 0x1, 0xe2, 0x0, 0xff, 0x92,
    0x7b, 0x44, 0x3, 0xe6, 0xbf, 0xb6, 0x10, 0xf,
    0xe8, 0x40, 0xf, 0xfe, 0xaa, 0x28, 0x80, 0x7f,
    0x87, 0xae, 0x80, 0x21, 0x79, 0x70, 0xc, 0x82,
    0x1, 0x8, 0x7c, 0x31, 0x0, 0x65, 0x50, 0x0,
    0xbc, 0x44, 0x1, 0x8, 0x80, 0x2a, 0xfe, 0xd3,
    0x1c, 0x42, 0x5d, 0x0, 0xf0, 0x80, 0x0,

    /* U+F008 "" */
    0x50, 0x18, 0x8f, 0xc8, 0xb, 0x55, 0x3a, 0xaf,
    0x9e, 0x6a, 0x83, 0xd8, 0x19, 0xbb, 0xc6, 0xfc,
    0x20, 0x86, 0x1, 0xf8, 0x90, 0x7, 0xa8, 0x3,
    0xf3, 0xf0, 0x8b, 0xb4, 0x3f, 0xbb, 0x8d, 0xf8,
    0x44, 0xd6, 0x13, 0x11, 0xc2, 0x6c, 0x21, 0xc4,
    0xc, 0xde, 0x27, 0xe0, 0x18, 0x90, 0xf, 0xc9,
    0x2, 0x2c, 0xe0, 0x75, 0x5e, 0x26, 0xc1, 0x3e,
    0x80, 0x9a, 0xae, 0x17, 0xe3,

    /* U+F00B "" */
    0x57, 0x72, 0x82, 0xbb, 0xfc, 0xb5, 0x10, 0xa1,
    0xa8, 0x8f, 0xa8, 0x3, 0x18, 0x7, 0xf0, 0x80,
    0x44, 0x20, 0x1f, 0xf, 0x75, 0xe1, 0xdd, 0xff,
    0xc1, 0xe, 0xef, 0xe1, 0x0, 0x9, 0x8, 0x7,
    0xc2, 0x1, 0x8c, 0x3, 0xfa, 0x5d, 0xd0, 0x30,
    0xef, 0xf4, 0x80, 0x7f, 0xf0, 0xa5, 0xdd, 0x3,
    0xe, 0xff, 0x48, 0x6, 0x30, 0xf, 0xe2, 0x0,
    0x11, 0x40, 0x1f, 0x10,

    /* U+F00C "" */
    0x0, 0xff, 0x85, 0x40, 0x3f, 0xe1, 0xca, 0x80,
    0xf, 0xe1, 0xc2, 0x5, 0x0, 0xfc, 0x38, 0x40,
    0x3e, 0x5a, 0xc0, 0x18, 0x70, 0x80, 0x70, 0xbc,
    0xa5, 0x80, 0x3, 0x84, 0x3, 0x84, 0xa, 0x0,
    0x96, 0x1c, 0x20, 0x1c, 0x20, 0x4, 0x38, 0x2,
    0x7c, 0x80, 0x70, 0x80, 0x34, 0x38, 0x0, 0x40,
    0x70, 0x80, 0x3d, 0xe, 0x0, 0x1c, 0x20, 0xf,
    0xd1, 0x2, 0xc2, 0x0, 0xf0,

    /* U+F00D "" */
    0x0, 0xff, 0x3f, 0xb0, 0x6, 0xbe, 0x29, 0x9,
    0x60, 0x5, 0xa0, 0xd5, 0x0, 0x12, 0xd6, 0x80,
    0x52, 0x96, 0x0, 0x94, 0x2, 0xc1, 0x4, 0xa0,
    0x8, 0x70, 0x40, 0x2e, 0x0, 0x85, 0xc0, 0x2b,
    0x40, 0x20, 0x4, 0xb0, 0x5a, 0x1, 0x65, 0x80,
    0x25, 0x5c, 0xb, 0x5, 0x2c, 0x0, 0x7b, 0x18,
    0x20, 0x4, 0xc9, 0x60,

    /* U+F011 "" */
    0x0, 0xf0, 0x88, 0x3, 0xff, 0x81, 0xdc, 0x0,
    0xfc, 0xde, 0x42, 0x0, 0x12, 0xf7, 0x0, 0x9a,
    0x41, 0x0, 0x32, 0x4, 0x30, 0xc, 0x83, 0x30,
    0x3, 0x33, 0x2, 0x45, 0xc0, 0x64, 0x3, 0xd2,
    0x20, 0xf8, 0xc, 0x1, 0xf9, 0x83, 0x18, 0x38,
    0x3, 0xf7, 0x3, 0x30, 0x38, 0x0, 0x2a, 0xa1,
    0x0, 0x70, 0x3e, 0x82, 0x80, 0x55, 0x40, 0x9,
    0x43, 0x18, 0xa, 0x0, 0x3d, 0x4, 0xc, 0x30,
    0xf, 0x22, 0x0, 0x2a, 0x70, 0x81, 0x7, 0x60,
    0x6e, 0xeb, 0x54, 0x19, 0xc0, 0x29, 0xa3, 0x1,
    0x10, 0x15, 0x48, 0x7, 0x2e, 0x6d, 0xdb, 0x74,
    0xa0, 0x10,

    /* U+F013 "" */
    0x0, 0xff, 0xe3, 0xd7, 0xfa, 0x80, 0x3f, 0xcc,
    0x0, 0x60, 0xf, 0x1e, 0xb6, 0x98, 0x0, 0xf5,
    0xb4, 0xc0, 0x1a, 0x52, 0x40, 0x18, 0xa4, 0xb4,
    0x14, 0x40, 0x32, 0xa8, 0x3, 0xa, 0xa2, 0x80,
    0x57, 0x54, 0xb0, 0x9, 0x50, 0x64, 0x0, 0x48,
    0x0, 0x42, 0x0, 0x48, 0x83, 0x80, 0x8, 0x3,
    0x10, 0x1, 0xc1, 0x2c, 0x2, 0xb2, 0x25, 0x80,
    0x56, 0x8c, 0x1, 0x93, 0x74, 0x80, 0x19, 0x89,
    0x80, 0x40, 0x3c, 0x20, 0xc4, 0x13, 0x5d, 0x42,
    0x0, 0x1a, 0xea, 0x90, 0x9, 0x41, 0x48, 0x0,
    0x4a, 0xa, 0x1, 0xf4, 0x46, 0x0, 0xe0,

    /* U+F015 "" */
    0x0, 0xf8, 0xc4, 0x0, 0x68, 0x20, 0x1f, 0xa7,
    0x39, 0x43, 0xad, 0x0, 0x3c, 0x36, 0xc4, 0x15,
    0x0, 0x1f, 0x8b, 0x11, 0x19, 0xa4, 0xe4, 0x1,
    0xe4, 0xd2, 0x78, 0xfe, 0xf4, 0x0, 0xf3, 0xd8,
    0x56, 0xe0, 0x9e, 0x43, 0x5, 0xa0, 0x4c, 0xe,
    0x6d, 0x0, 0x43, 0x98, 0x91, 0xb6, 0x33, 0x64,
    0xb8, 0x7, 0xa8, 0x70, 0x42, 0xb1, 0xd4, 0x3,
    0xf4, 0x17, 0x30, 0x0, 0xc0, 0x22, 0x88, 0x0,
    0x63, 0x0, 0xfc, 0x8e, 0xe2, 0x0, 0xff, 0xe6,
    0x10, 0x5, 0xc0, 0x6, 0x0, 0x9, 0x80, 0x0,

    /* U+F019 "" */
    0x0, 0xf1, 0x98, 0x3, 0xfe, 0xbc, 0xc5, 0x80,
    0x7f, 0x9c, 0x0, 0xe0, 0x1f, 0xfe, 0x58, 0xff,
    0x18, 0x0, 0xff, 0xd0, 0x1, 0xa8, 0x40, 0x3c,
    0x34, 0x1, 0x8b, 0x4, 0x3, 0xe, 0x10, 0x7,
    0x16, 0x10, 0x0, 0x70, 0x80, 0x27, 0x99, 0xab,
    0xc8, 0x72, 0xa6, 0x67, 0x86, 0x69, 0xe7, 0xf2,
    0x5d, 0x9a, 0x80, 0xe, 0x4d, 0xd2, 0x0, 0x7f,
    0xf0, 0x95, 0x30, 0xc1, 0x4c, 0xff, 0x33, 0xf8,
    0x28,

    /* U+F01C "" */
    0x0, 0x9a, 0xef, 0xea, 0x30, 0xe, 0x49, 0x44,
    0xf9, 0x74, 0x40, 0x35, 0x6, 0x7f, 0xfa, 0x46,
    0x80, 0x29, 0x17, 0x30, 0xf, 0x31, 0xa2, 0x82,
    0x31, 0x40, 0x7, 0xee, 0xb, 0x19, 0x5, 0x44,
    0x10, 0x6, 0x34, 0x64, 0x18, 0x20, 0x7b, 0xb7,
    0x80, 0x43, 0x97, 0x64, 0x2, 0x0, 0xe2, 0x98,
    0x85, 0x0, 0x73, 0x80, 0x79, 0x9d, 0xc8, 0x1,
    0xff, 0xc9, 0x76, 0x0, 0xff, 0xe1, 0x68,

    /* U+F021 "" */
    0x0, 0xff, 0xe0, 0x19, 0x80, 0x21, 0x8d, 0xff,
    0x63, 0x0, 0x37, 0x0, 0x9, 0xee, 0x40, 0x3,
    0x9e, 0x43, 0x0, 0x25, 0x8a, 0x67, 0xfa, 0xcc,
    0x6c, 0x80, 0x14, 0xd, 0x66, 0x0, 0x4c, 0x70,
    0x9, 0x84, 0xe4, 0x2, 0x1f, 0xf3, 0x80, 0x5c,
    0x32, 0x1, 0xc4, 0x23, 0x8a, 0x39, 0x40, 0x30,
    0xef, 0x76, 0xd2, 0x2f, 0x0, 0x78, 0x87, 0x77,
    0xc2, 0x1, 0xa3, 0x64, 0x2, 0x44, 0x18, 0x6,
    0x16, 0xc, 0x0, 0x9e, 0xb0, 0x40, 0x3, 0x82,
    0x68, 0x2, 0x23, 0xf8, 0x44, 0x47, 0x90, 0xe8,
    0x5, 0xea, 0x2f, 0x76, 0x71, 0x3f, 0x10, 0x1,
    0x8d, 0x6b, 0xa2, 0x1a, 0xf0, 0x40, 0x0,

    /* U+F026 "" */
    0x0, 0xe2, 0x70, 0xc, 0x59, 0x0, 0x11, 0x60,
    0x86, 0xff, 0xb4, 0x40, 0x4, 0x1, 0xff, 0xcf,
    0xcb, 0xb4, 0x0, 0x46, 0x88, 0x7a, 0x0, 0xf2,
    0xd1, 0x80, 0x72, 0xe0,

    /* U+F027 "" */
    0x0, 0xe2, 0x70, 0xf, 0xc5, 0x90, 0x1, 0xf1,
    0x60, 0x80, 0x76, 0xff, 0xb4, 0x40, 0x22, 0x20,
    0x10, 0x7, 0xd5, 0x82, 0x1, 0xfa, 0x1, 0x80,
    0x3f, 0x18, 0x90, 0x7, 0xeb, 0x65, 0xcb, 0xb4,
    0x0, 0x68, 0x90, 0x34, 0x43, 0xd0, 0x7, 0xf9,
    0x68, 0xc0, 0x3f, 0x97, 0x0, 0x30,

    /* U+F028 "" */
    0x0, 0xff, 0x9d, 0xc0, 0x1f, 0x89, 0xc0, 0x31,
    0x45, 0x0, 0x78, 0xb2, 0x0, 0x28, 0x4b, 0x56,
    0x0, 0xc5, 0x82, 0x1, 0xa, 0xe2, 0x44, 0x86,
    0xff, 0xb4, 0x40, 0x23, 0x36, 0x1c, 0x38, 0x31,
    0x0, 0x7d, 0x78, 0x72, 0xc0, 0x9e, 0x1, 0xfa,
    0x1, 0x50, 0x44, 0x44, 0x0, 0xfc, 0x62, 0x4e,
    0x2, 0x2, 0x1, 0xfa, 0xd9, 0x78, 0xc1, 0xb,
    0x2e, 0xd0, 0x1, 0xa2, 0x5d, 0x60, 0xca, 0xcd,
    0x10, 0xf4, 0x1, 0x8a, 0x25, 0x3d, 0xc, 0x3,
    0x2d, 0x18, 0x0, 0xbd, 0xac, 0xe8, 0x3, 0xcb,
    0x80, 0x1a, 0x57, 0x4, 0x3, 0xff, 0x81, 0x7e,
    0x60, 0x0,

    /* U+F03E "" */
    0x37, 0x88, 0xff, 0x39, 0xec, 0x3b, 0xff, 0xa3,
    0x44, 0x59, 0xa4, 0x1, 0xf8, 0x41, 0xcc, 0xa8,
    0x3, 0x10, 0x7, 0x20, 0x85, 0x80, 0x4b, 0xb0,
    0x1, 0x8b, 0xbc, 0xc0, 0xb, 0x40, 0xf0, 0x1,
    0xd9, 0x40, 0xb4, 0x1, 0x39, 0x80, 0x58, 0x6b,
    0x94, 0x1, 0xf8, 0xcc, 0x0, 0x30, 0xf, 0xe3,
    0xcc, 0xff, 0x18, 0x28, 0x19, 0xff, 0x81, 0x80,

    /* U+F043 "" */
    0x0, 0xc4, 0x1, 0xf8, 0x76, 0x80, 0x3e, 0x70,
    0x51, 0x0, 0xf5, 0x80, 0x18, 0x3, 0x98, 0x80,
    0x10, 0x20, 0x10, 0xc0, 0x6, 0xb0, 0xa, 0x84,
    0x3, 0x2b, 0x2, 0xa0, 0x7, 0xa0, 0x24, 0x3,
    0xe1, 0x63, 0x14, 0x0, 0xf7, 0x81, 0xf8, 0x7,
    0xc8, 0x40, 0xc0, 0x1d, 0x90, 0x15, 0x9a, 0x20,
    0x2, 0x53, 0x91, 0xad, 0x10, 0x2f, 0x0, 0x36,
    0xba, 0x2c, 0xe9, 0x0,

    /* U+F048 "" */
    0x4, 0x30, 0xe, 0x31, 0x15, 0xe8, 0x6, 0x6c,
    0x80, 0xf, 0x3c, 0x81, 0x80, 0x74, 0xc0, 0x7,
    0xd4, 0xc0, 0x1f, 0x5a, 0x80, 0x7c, 0x28, 0x1,
    0xff, 0xc6, 0x19, 0x0, 0xfe, 0x6a, 0x0, 0xfe,
    0x5b, 0x0, 0xfe, 0x4c, 0x10, 0x0, 0x81, 0x80,
    0x47, 0x85, 0xa1, 0xfa, 0x1, 0x8b, 0x5c,

    /* U+F04B "" */
    0x2, 0x0, 0xff, 0xb3, 0x6c, 0x80, 0x3f, 0x8c,
    0x13, 0x64, 0x3, 0xff, 0x80, 0xdc, 0xc0, 0x1f,
    0xf0, 0xce, 0x18, 0x7, 0xfc, 0x79, 0x22, 0x1,
    0xff, 0x37, 0xb0, 0x7, 0xfc, 0x32, 0x40, 0x1f,
    0xf1, 0x10, 0x3, 0xfc, 0xfa, 0x1, 0xfc, 0x9b,
    0x0, 0x1f, 0x8a, 0xec, 0x40, 0x1f, 0xa3, 0x50,
    0x3, 0xf2, 0xf3, 0x80, 0x7d, 0x2b, 0x74, 0x20,
    0x1f, 0x80,

    /* U+F04C "" */
    0x14, 0x48, 0x80, 0x2, 0x89, 0x10, 0x65, 0xdd,
    0xa2, 0x19, 0x77, 0x68, 0x90, 0x6, 0x20, 0x20,
    0xc, 0x40, 0x1c, 0xe0, 0x1e, 0x70, 0xf, 0xff,
    0xf8, 0x7, 0xff, 0x25, 0xc0, 0x3c, 0xec, 0x1,
    0x19, 0x81, 0x80, 0x23, 0x30,

    /* U+F04D "" */
    0x14, 0x4f, 0xf1, 0x6, 0x5d, 0xff, 0xb4, 0x48,
    0x3, 0xfe, 0x20, 0xf, 0xfe, 0x3, 0x80, 0x7f,
    0xff, 0xc0, 0x3f, 0xfa, 0xe, 0xc0, 0x1f, 0xe3,
    0x30,

    /* U+F051 "" */
    0x2, 0x10, 0xe, 0x42, 0xd, 0xf2, 0x0, 0x8e,
    0xe4, 0x0, 0x38, 0x60, 0x7, 0x0, 0xe1, 0xc4,
    0x0, 0xfe, 0xb5, 0x0, 0xfe, 0xae, 0x0, 0xfe,
    0x50, 0xf, 0xfe, 0x31, 0x48, 0x7, 0xc5, 0x84,
    0x1, 0xe3, 0xc1, 0x0, 0xf2, 0x60, 0x80, 0x71,
    0xad, 0x80, 0x4e, 0x2, 0x19, 0x40, 0x18, 0xfe,
    0x80,

    /* U+F052 "" */
    0x0, 0xf0, 0x90, 0x7, 0xfc, 0x7d, 0xac, 0x1,
    0xfc, 0x5a, 0x0, 0x95, 0x0, 0xf8, 0x70, 0x40,
    0x2a, 0x40, 0xe, 0x1c, 0x10, 0xe, 0xb3, 0x0,
    0xda, 0x40, 0x1f, 0x69, 0x0, 0x28, 0xc0, 0x3f,
    0xe, 0x0, 0x10, 0x3, 0xfc, 0x24, 0x1a, 0xcd,
    0xfe, 0xa2, 0x6, 0x11, 0xff, 0x10, 0x2, 0x9d,
    0xff, 0xd0, 0x60, 0x1f, 0xfc, 0x17, 0x4, 0x0,
    0xff, 0x12, 0x80,

    /* U+F053 "" */
    0x0, 0xff, 0xe1, 0x1f, 0xc8, 0x7, 0x1e, 0x2,
    0x80, 0x63, 0xc0, 0x2d, 0x0, 0x8f, 0x0, 0xb0,
    0x40, 0x7, 0x80, 0x58, 0x20, 0x1, 0xc0, 0x2c,
    0x10, 0x8, 0x4c, 0x9, 0x40, 0x3b, 0xc, 0x2d,
    0x0, 0x3b, 0xc, 0x2d, 0x0, 0x3b, 0xc, 0x2d,
    0x0, 0x3b, 0xc, 0x28, 0x3, 0xd8, 0xb4, 0x0,

    /* U+F054 "" */
    0x0, 0xff, 0x66, 0x88, 0x7, 0x9, 0x96, 0x8,
    0x6, 0x1c, 0x2, 0xc1, 0x0, 0xc7, 0x80, 0x58,
    0x20, 0x18, 0xf0, 0xb, 0x4, 0x3, 0x1e, 0x1,
    0x60, 0x7, 0x20, 0x1, 0x0, 0x33, 0xc0, 0x34,
    0x80, 0x4f, 0x0, 0xd2, 0x1, 0x3c, 0x3, 0x48,
    0x4, 0x50, 0xd, 0x20, 0x18, 0xa1, 0xe4, 0x3,
    0x80,

    /* U+F067 "" */
    0x0, 0xe4, 0x50, 0xf, 0xf1, 0x5d, 0x30, 0x7,
    0xf0, 0x80, 0x4, 0x3, 0xff, 0xa6, 0xd3, 0x38,
    0x1, 0x73, 0x34, 0x4, 0xb3, 0x4a, 0x0, 0x36,
    0x69, 0xcc, 0x80, 0x3f, 0xe1, 0xde, 0xeb, 0x0,
    0x11, 0xdd, 0x79, 0x0, 0x8c, 0x1, 0x84, 0x60,
    0xf, 0xfe, 0xa1, 0x98, 0x90, 0x3, 0x80,

    /* U+F068 "" */
    0x69, 0x9f, 0xf4, 0x4, 0xb3, 0x7f, 0x9c, 0xc8,
    0x3, 0xfe, 0x1d, 0xff, 0xff, 0x88,

    /* U+F06E "" */
    0x0, 0xe1, 0x56, 0x62, 0x0, 0x7f, 0x1d, 0xf5,
    0x44, 0x2f, 0xe4, 0x40, 0x39, 0xf1, 0x17, 0xba,
    0xc2, 0x6f, 0x40, 0xa, 0x20, 0xb, 0x43, 0x36,
    0xf8, 0x22, 0xb5, 0x4, 0x70, 0x4, 0x0, 0x9,
    0x2c, 0xe0, 0x1, 0x63, 0x40, 0x11, 0x4e, 0x20,
    0x1, 0x14, 0x0, 0x36, 0xa0, 0x1c, 0x60, 0x11,
    0xb8, 0x5, 0x94, 0x20, 0x5, 0x82, 0x0, 0x22,
    0xe8, 0x1, 0x18, 0x74, 0x42, 0xcf, 0x6f, 0x2d,
    0x58, 0xe, 0x80, 0x7, 0x86, 0x3b, 0x22, 0xb5,
    0x40, 0x6c, 0x10, 0x8, 0xb2, 0xd9, 0x2a, 0x5d,
    0xb6, 0x40, 0x20,

    /* U+F070 "" */
    0x0, 0xff, 0xe3, 0x66, 0x90, 0x7, 0xff, 0xd,
    0xb, 0x54, 0x0, 0x28, 0xcc, 0x40, 0xf, 0xa2,
    0xc6, 0xa9, 0x9d, 0x71, 0x37, 0xf2, 0x20, 0x1c,
    0x9e, 0x6a, 0x6b, 0xdc, 0xfb, 0x26, 0xf3, 0x0,
    0xe1, 0xc6, 0x5, 0x4a, 0xb7, 0xc1, 0x16, 0x20,
    0x4, 0xf6, 0x33, 0x41, 0x4a, 0x9a, 0x12, 0x0,
    0xa1, 0x0, 0x42, 0x79, 0xae, 0x90, 0x0, 0x50,
    0xc0, 0x3, 0x0, 0x3, 0x1, 0xd0, 0x2d, 0x50,
    0x1, 0x88, 0x5, 0xe0, 0xe, 0x0, 0xa, 0x0,
    0x2a, 0x42, 0x6c, 0x0, 0x8c, 0x0, 0x2b, 0x0,
    0x48, 0x80, 0x1b, 0x4, 0x40, 0x76, 0x1, 0x93,
    0x48, 0x9f, 0xa, 0x87, 0xe8, 0x4, 0x60, 0x1c,
    0x5b, 0x48, 0xd5, 0x6c, 0x37, 0x3, 0x8c, 0x1,
    0xe5, 0xae, 0xff, 0x30, 0x1, 0xec, 0x65, 0x80,
    0x3f, 0xf8, 0x49, 0xea, 0xe0,

    /* U+F071 "" */
    0x0, 0xff, 0xe6, 0x1f, 0x68, 0x7, 0xff, 0xb,
    0xc4, 0xa0, 0x3, 0xff, 0x80, 0xc6, 0x0, 0x72,
    0x0, 0xff, 0xa0, 0x3, 0x48, 0x7, 0xfa, 0x4,
    0xc, 0xc0, 0x88, 0x0, 0xfc, 0x4e, 0x9, 0x98,
    0x0, 0x48, 0x7, 0xe9, 0x0, 0x38, 0x6, 0x27,
    0x0, 0xf2, 0x20, 0x0, 0x20, 0x20, 0x14, 0x8,
    0x7, 0x48, 0x4, 0x60, 0x60, 0x1a, 0xc0, 0x33,
    0x90, 0x4, 0x33, 0x20, 0xc, 0xa6, 0x0, 0x18,
    0x0, 0xc9, 0x36, 0x20, 0x1b, 0xc0, 0x16, 0x1,
    0xca, 0x48, 0x20, 0x18, 0xd8, 0x14, 0x3, 0x87,
    0x6c, 0x3, 0xd8, 0x12, 0x67, 0xff, 0xc1, 0x49,

    /* U+F074 "" */
    0x0, 0xff, 0x1b, 0x0, 0x7f, 0xf0, 0x12, 0x60,
    0x37, 0x6b, 0x0, 0xd1, 0xb2, 0xf, 0x4, 0x52,
    0x58, 0x1, 0xdc, 0x42, 0x0, 0x5a, 0xa4, 0x82,
    0x21, 0xa0, 0x1d, 0x40, 0x7d, 0x54, 0xd5, 0x1,
    0x20, 0xd1, 0xa3, 0x84, 0x1, 0x2a, 0x58, 0x2c,
    0x83, 0xf1, 0x0, 0x62, 0xd0, 0x38, 0x50, 0x4a,
    0x0, 0x84, 0xb0, 0x4b, 0x7e, 0x93, 0x16, 0xc3,
    0xfb, 0x44, 0x58, 0x2c, 0x16, 0xe0, 0x96, 0x1,
    0xe, 0x8, 0x59, 0x80, 0x77, 0x6e, 0xbc, 0x80,
    0x2c, 0xd6, 0x3, 0xb1, 0x22, 0x8, 0x7, 0x16,
    0x26, 0x0,

    /* U+F077 "" */
    0x0, 0xe7, 0xa0, 0xf, 0xf4, 0x41, 0x6c, 0x3,
    0xf4, 0x38, 0x1, 0x2c, 0x3, 0xd0, 0xe0, 0xd4,
    0x9, 0x60, 0x1a, 0x1c, 0x1a, 0x56, 0x81, 0x2c,
    0x0, 0xee, 0x6, 0x90, 0x2, 0xd0, 0x25, 0x87,
    0x3, 0x48, 0x6, 0x5a, 0x6, 0x9, 0xb9, 0x0,
    0xf2, 0xe6, 0x0,

    /* U+F078 "" */
    0x4c, 0x20, 0xf, 0xad, 0x83, 0xcf, 0x8, 0x3,
    0xb1, 0x24, 0x24, 0x45, 0x84, 0x1, 0x61, 0x85,
    0x81, 0x60, 0x8b, 0x8, 0x30, 0xc2, 0xd0, 0x0,
    0x58, 0x22, 0xcc, 0x18, 0x5a, 0x0, 0x62, 0xc1,
    0x11, 0x85, 0xa0, 0x7, 0x8b, 0x4, 0x2d, 0x0,
    0x3f, 0x17, 0xe2, 0x0, 0x70,

    /* U+F079 "" */
    0x0, 0xa0, 0xc0, 0x3f, 0xf8, 0x76, 0xf8, 0x61,
    0x17, 0x7e, 0x90, 0xd, 0x68, 0x0, 0xc3, 0x14,
    0x4f, 0x30, 0x80, 0x21, 0xc, 0xc, 0x32, 0x7f,
    0xf9, 0x40, 0x35, 0xbf, 0x2, 0xdb, 0x80, 0x7f,
    0xc7, 0x0, 0x12, 0x40, 0x7, 0xff, 0x28, 0xc0,
    0x31, 0x80, 0x7f, 0xc3, 0x98, 0x10, 0x9c, 0x80,
    0xc, 0xf7, 0x7c, 0x4c, 0x68, 0xe, 0x34, 0x0,
    0x30, 0x14, 0x4e, 0x89, 0x60, 0x1, 0x61, 0x0,
    0x7, 0xff, 0xeb, 0x9, 0x72, 0xc2, 0x0,

    /* U+F07B "" */
    0x37, 0x88, 0x9c, 0x3, 0xf6, 0xc3, 0xbd, 0x14,
    0x1, 0xf0, 0x80, 0x72, 0xee, 0x66, 0xb6, 0x0,
    0xf8, 0x8c, 0xf2, 0x48, 0x7, 0xff, 0xfc, 0x3,
    0xf9, 0x40, 0x3f, 0xf8, 0xc,

    /* U+F093 "" */
    0x0, 0xff, 0xe3, 0x8e, 0xe8, 0x40, 0x3f, 0x87,
    0x8, 0x98, 0x20, 0x1f, 0xe, 0x10, 0x0, 0xb0,
    0x40, 0x38, 0x70, 0x80, 0x31, 0x60, 0x80, 0x68,
    0x20, 0xf, 0x14, 0x0, 0x69, 0xee, 0x18, 0x0,
    0xfb, 0x92, 0x1, 0xc2, 0x20, 0xc, 0x22, 0x0,
    0xff, 0xe9, 0xbc, 0xcc, 0x6e, 0x0, 0x73, 0x99,
    0x9e, 0x19, 0xa8, 0x9b, 0xb4, 0xc3, 0x35, 0x0,
    0x19, 0x32, 0x65, 0x88, 0x1, 0xfc, 0x24, 0x41,
    0x54, 0xc3, 0x5, 0x33, 0xfc, 0xcf, 0xe0, 0xa0,

    /* U+F095 "" */
    0x0, 0xff, 0x88, 0x3, 0xff, 0x82, 0x9b, 0xf8,
    0xe0, 0x1f, 0xee, 0x0, 0x1c, 0x0, 0x7f, 0xa,
    0x80, 0x44, 0x1, 0xfc, 0xe0, 0x18, 0x40, 0x3f,
    0x99, 0xc0, 0x2b, 0x0, 0xff, 0x41, 0x80, 0x10,
    0x3, 0xfc, 0x86, 0x6, 0x60, 0xf, 0xe1, 0xa0,
    0x7, 0x80, 0x64, 0xa3, 0x0, 0x16, 0x8, 0x39,
    0x80, 0x17, 0x6d, 0x74, 0x57, 0x8, 0x12, 0x0,
    0x2b, 0x20, 0x0, 0xf5, 0x8, 0x2d, 0x80, 0x65,
    0x0, 0xfa, 0x28, 0x3, 0xb0, 0x3, 0x97, 0x5c,
    0x3, 0xca, 0x8a, 0xf5, 0xf4, 0x40, 0x1e,

    /* U+F0C4 "" */
    0x4, 0x86, 0x0, 0xf0, 0x80, 0x1a, 0xde, 0x68,
    0x2, 0x2d, 0xed, 0x18, 0xc, 0x35, 0x10, 0x1f,
    0x20, 0x71, 0x1, 0x36, 0x3, 0x1c, 0x20, 0x5a,
    0x7, 0x1e, 0x50, 0x4c, 0x20, 0x5a, 0x0, 0x4b,
    0x98, 0x2, 0x48, 0x12, 0x80, 0x34, 0x6c, 0x80,
    0x45, 0x60, 0x1c, 0x91, 0x0, 0x8, 0x98, 0x3,
    0x35, 0xb8, 0x82, 0x0, 0x25, 0x80, 0x28, 0xc,
    0x30, 0x9c, 0x0, 0x4b, 0x0, 0x42, 0x6c, 0x0,
    0x3b, 0x0, 0x4b, 0x3, 0x8f, 0x29, 0x90, 0x25,
    0x80, 0x24, 0x65, 0xcd, 0x74, 0x2, 0x4d, 0x9d,
    0x10,

    /* U+F0C5 "" */
    0x0, 0xff, 0xe2, 0x37, 0xfe, 0x98, 0x60, 0xe,
    0xe0, 0xf, 0x4b, 0x4, 0x53, 0x0, 0x7b, 0x5b,
    0xc1, 0xd7, 0x0, 0x39, 0xa5, 0x54, 0x1, 0xfe,
    0x33, 0x84, 0x3, 0xff, 0xf1, 0xe0, 0x1f, 0x84,
    0x0, 0x88, 0xed, 0xdf, 0x70, 0x4, 0x39, 0xdb,
    0xb5, 0x91, 0x4, 0x14, 0xcf, 0xc9, 0x80, 0x18,

    /* U+F0C7 "" */
    0x49, 0x9f, 0xca, 0x1, 0x53, 0x37, 0xea, 0x60,
    0x0, 0x96, 0xef, 0xac, 0x25, 0x80, 0x2, 0x45,
    0xe5, 0x0, 0x49, 0x80, 0x7f, 0xf0, 0x14, 0x3,
    0xf1, 0x80, 0x71, 0xff, 0xfb, 0x40, 0x3f, 0x88,
    0xc0, 0x3f, 0xc9, 0xb9, 0x40, 0x1f, 0xda, 0x0,
    0x50, 0xf, 0xea, 0x0, 0x30, 0x7, 0xf1, 0xf6,
    0xc8, 0x7, 0x30, 0x6, 0x12, 0x0, 0xc4, 0xe0,

    /* U+F0C9 "" */
    0xcd, 0xdf, 0xf8, 0x8c, 0x8b, 0xfe, 0x1e, 0xdd,
    0xff, 0x8c, 0x48, 0xbf, 0xe0, 0xf, 0xfe, 0x17,
    0xff, 0xff, 0x0, 0xc8, 0x47, 0xff, 0x81, 0xbd,
    0xdf, 0xf1, 0x0, 0x7f, 0xf0, 0x77, 0xbb, 0xfe,
    0x22, 0x8, 0xff, 0xf0, 0x3f, 0xff, 0xf8, 0x6,

    /* U+F0E0 "" */
    0x37, 0x88, 0xff, 0x39, 0xec, 0x3b, 0xff, 0xa3,
    0x40, 0x3f, 0xf8, 0x5e, 0x60, 0x1f, 0xe3, 0xfc,
    0xe7, 0x0, 0xfc, 0xfd, 0x85, 0xbd, 0x62, 0x1,
    0x86, 0xf7, 0x44, 0x0, 0x9e, 0xc4, 0x0, 0x26,
    0x75, 0x0, 0x72, 0xfc, 0x55, 0x23, 0xd4, 0x3,
    0xe2, 0xce, 0xe6, 0x10, 0x7, 0xf9, 0x10, 0x1,
    0xe5, 0x0, 0xff, 0xe0, 0x30,

    /* U+F0E7 "" */
    0x0, 0xff, 0x87, 0xff, 0x80, 0x32, 0x80, 0x62,
    0x0, 0xc4, 0x1, 0x94, 0x3, 0x70, 0x6, 0xb0,
    0xc, 0x40, 0x1a, 0x6a, 0x8c, 0xc, 0x1, 0x95,
    0x6e, 0x2, 0x0, 0xf0, 0xc8, 0x29, 0x14, 0x1,
    0x40, 0x85, 0xee, 0xa4, 0x0, 0x4c, 0x1, 0xc6,
    0x0, 0xe0, 0xf, 0x60, 0x29, 0x80, 0x79, 0x2,
    0xc0, 0x3c, 0x60, 0xe2, 0x1, 0xf1, 0xc0, 0x6,

    /* U+F0EA "" */
    0x0, 0xc4, 0x1, 0xf9, 0x15, 0x5d, 0xb6, 0xaa,
    0x20, 0xd, 0x75, 0x43, 0xe4, 0xaa, 0x48, 0x7,
    0xc5, 0xc0, 0x13, 0x80, 0x7e, 0xac, 0xcb, 0x80,
    0x3e, 0x62, 0xcc, 0xa5, 0x5c, 0x3, 0x87, 0x40,
    0x27, 0x38, 0x80, 0x7, 0xf8, 0x94, 0x84, 0x3,
    0xf1, 0x3c, 0x40, 0x40, 0x3f, 0xe, 0x6e, 0x90,
    0x3, 0xff, 0x9d, 0x95, 0x50, 0x7, 0xf1, 0xaa,
    0x88, 0x3, 0xff, 0x83, 0xa0, 0x1e, 0x16,

    /* U+F0F3 "" */
    0x0, 0xe1, 0x10, 0x7, 0xfd, 0x7c, 0x1, 0xfc,
    0x30, 0xa1, 0x46, 0x1, 0xe2, 0xf7, 0x0, 0x2e,
    0x28, 0x7, 0x48, 0x80, 0x75, 0x8, 0x4, 0x28,
    0x1, 0xf2, 0x0, 0x44, 0x1, 0xf8, 0x80, 0x26,
    0x0, 0xfd, 0xc0, 0x16, 0x80, 0x7e, 0x50, 0x9,
    0x40, 0x3f, 0x19, 0x4, 0x90, 0x7, 0xf7, 0x83,
    0x80, 0x7f, 0x88, 0x9d, 0xbb, 0xfe, 0xe2, 0x2,
    0x2a, 0xb7, 0x5c, 0x45, 0x8, 0x7, 0x43, 0x2f,
    0x0, 0x70,

    /* U+F11C "" */
    0x5b, 0xbf, 0xfe, 0xd, 0x1d, 0x22, 0x7f, 0xf0,
    0x56, 0x0, 0xfc, 0xf3, 0xc7, 0xb8, 0x5e, 0x5d,
    0xc0, 0x70, 0x9, 0xc0, 0x21, 0x0, 0xe1, 0x0,
    0x8f, 0xd7, 0x3c, 0x3f, 0x8f, 0xcf, 0xfc, 0x1,
    0xdf, 0x4b, 0xcf, 0x1c, 0xbd, 0x60, 0x1e, 0x22,
    0x9, 0xf, 0x13, 0x11, 0x0, 0x39, 0x32, 0xc2,
    0x48, 0x92, 0xfb, 0x68, 0x1, 0x1d, 0xa7, 0x5d,
    0xf8, 0xb2, 0xc0, 0x23, 0xc4, 0xec, 0xcf, 0x16,
    0x60, 0x1d, 0x80, 0xc0, 0xcf, 0xe0, 0x33, 0x6,
    0x80,

    /* U+F124 "" */
    0x0, 0xff, 0xe0, 0x90, 0x7, 0xff, 0x5, 0x77,
    0x56, 0x1, 0xfe, 0x7e, 0xa2, 0x6, 0x0, 0xf8,
    0x63, 0xe0, 0x40, 0x2a, 0x0, 0xe2, 0x9e, 0x70,
    0xf, 0x38, 0x4, 0x77, 0xac, 0x1, 0xf3, 0x80,
    0x55, 0x88, 0x1, 0xfd, 0x20, 0x12, 0x80, 0x7f,
    0x94, 0x40, 0x2b, 0x65, 0x5c, 0x1, 0xd0, 0x1,
    0x92, 0x6a, 0xb0, 0x80, 0x48, 0x40, 0x1f, 0xfc,
    0x2f, 0x0, 0xff, 0xe1, 0x1a, 0x0, 0x7f, 0xf0,
    0xa4, 0x3, 0xff, 0x80, 0x60, 0x4a, 0x1, 0xff,
    0xc0, 0x94, 0xe0, 0xf, 0x0,

    /* U+F15B "" */
    0x35, 0x5e, 0x2, 0x0, 0xb2, 0xab, 0x8b, 0x50,
    0x3, 0xfd, 0x68, 0x1, 0xfe, 0xb3, 0x0, 0xf0,
    0xee, 0xc4, 0x1, 0xec, 0xdd, 0x98, 0x3, 0xfd,
    0xe0, 0x1f, 0xff, 0xf0, 0x3, 0xaa, 0xff, 0x58,

    /* U+F1EB "" */
    0x0, 0xf1, 0x22, 0xa8, 0xc4, 0x3, 0xf8, 0xeb,
    0xf6, 0xea, 0x99, 0xd8, 0xe0, 0x1c, 0x57, 0x8a,
    0x0, 0x12, 0x10, 0x1, 0xc7, 0xb0, 0x1, 0x75,
    0x1, 0x2b, 0xb9, 0xbd, 0xf8, 0xe2, 0x13, 0x61,
    0x0, 0x59, 0x6a, 0x20, 0x18, 0xe3, 0x9c, 0x11,
    0x71, 0xf4, 0xc1, 0x6b, 0xbf, 0xb2, 0x4, 0x22,
    0xe5, 0x46, 0x0, 0xb6, 0x94, 0x40, 0x4d, 0xfa,
    0x1, 0x18, 0x3, 0x71, 0x3, 0x56, 0x5c, 0x10,
    0x3a, 0x0, 0x7b, 0x97, 0x65, 0x4d, 0x1f, 0x62,
    0x8, 0x1, 0xe2, 0xa2, 0x2, 0x96, 0x0, 0x3b,
    0x80, 0x3f, 0xef, 0x69, 0x50, 0xf, 0xfe, 0x11,
    0x80, 0xc, 0x3, 0xff, 0x85, 0x64, 0xac, 0x1,
    0xf0,

    /* U+F240 "" */
    0x5b, 0xbf, 0xfe, 0x15, 0x10, 0x52, 0x27, 0xff,
    0x9, 0x6c, 0x0, 0x7d, 0xbb, 0xff, 0x78, 0x33,
    0x80, 0x13, 0x77, 0xfe, 0x23, 0xd, 0x0, 0xff,
    0xe1, 0xe8, 0x7, 0xff, 0x15, 0x80, 0x33, 0xcc,
    0xff, 0xc7, 0x0, 0x11, 0x4e, 0xef, 0xfd, 0x40,
    0x96, 0xa2, 0x89, 0xff, 0xc1, 0xe, 0x1a, 0xff,
    0xff, 0xe1, 0xa8, 0x0,

    /* U+F241 "" */
    0x5b, 0xbf, 0xfe, 0x15, 0x10, 0x52, 0x27, 0xff,
    0x9, 0x6c, 0x0, 0x7d, 0xbb, 0xfb, 0xbf, 0xe0,
    0x67, 0x0, 0x26, 0xef, 0xe9, 0x0, 0x8c, 0x34,
    0x3, 0xff, 0x87, 0xa0, 0x1f, 0xfc, 0x56, 0x0,
    0xcf, 0x33, 0xfa, 0xc0, 0x28, 0x0, 0x8a, 0x77,
    0x7f, 0x45, 0xdc, 0x9, 0x6a, 0x28, 0x9f, 0xfc,
    0x10, 0xe1, 0xaf, 0xff, 0xfe, 0x1a, 0x80,

    /* U+F242 "" */
    0x5b, 0xbf, 0xfe, 0x15, 0x10, 0x52, 0x27, 0xff,
    0x9, 0x6c, 0x0, 0x7d, 0xbb, 0xdd, 0xff, 0xe0,
    0x67, 0x0, 0x26, 0xef, 0x60, 0x7, 0x8c, 0x34,
    0x3, 0xff, 0x87, 0xa0, 0x1f, 0xfc, 0x56, 0x0,
    0xcf, 0x33, 0xd0, 0x1, 0xe8, 0x0, 0x8a, 0x77,
    0x7b, 0xae, 0xfc, 0x9, 0x6a, 0x28, 0x9f, 0xfc,
    0x10, 0xe1, 0xaf, 0xff, 0xfe, 0x1a, 0x80,

    /* U+F243 "" */
    0x5b, 0xbf, 0xfe, 0x15, 0x10, 0x52, 0x27, 0xff,
    0x9, 0x6c, 0x0, 0x7d, 0xbb, 0x7f, 0xff, 0x3,
    0x38, 0x1, 0x37, 0x63, 0x0, 0xfc, 0x61, 0xa0,
    0x1f, 0xfc, 0x3d, 0x0, 0xff, 0xe2, 0xb0, 0x6,
    0x79, 0x98, 0x80, 0x3f, 0x40, 0x4, 0x53, 0xbb,
    0x55, 0xdf, 0xe0, 0x4b, 0x51, 0x44, 0xff, 0xe0,
    0x87, 0xd, 0x7f, 0xff, 0xf0, 0xd4, 0x0,

    /* U+F244 "" */
    0x5b, 0xbf, 0xfe, 0x15, 0x10, 0x52, 0x27, 0xff,
    0x9, 0x6c, 0x0, 0x7f, 0xff, 0xfc, 0x10, 0x67,
    0x0, 0xff, 0xe1, 0x98, 0x68, 0x7, 0xff, 0xf,
    0x40, 0x3f, 0xf8, 0xac, 0x1, 0xff, 0xc5, 0x80,
    0x8, 0xae, 0xff, 0xf8, 0x20, 0x96, 0xa2, 0x89,
    0xff, 0xc1, 0xe, 0x1a, 0xff, 0xff, 0xe1, 0xa8,
    0x0,

    /* U+F287 "" */
    0x0, 0xfe, 0x7b, 0x20, 0xf, 0xfe, 0xd, 0x6c,
    0x24, 0x0, 0x7f, 0xf0, 0x28, 0xf8, 0x83, 0xc0,
    0x3e, 0x44, 0x0, 0x9, 0x24, 0xf7, 0x94, 0x3,
    0xd5, 0x76, 0x80, 0x98, 0x0, 0x84, 0x2, 0x6c,
    0x30, 0x50, 0x3, 0xfa, 0x4f, 0xff, 0xd2, 0x78,
    0x8a, 0x0, 0x6f, 0xf8, 0xeb, 0xff, 0xa4, 0xad,
    0x2a, 0xa9, 0x0, 0xa2, 0x40, 0x39, 0xf5, 0x0,
    0xa, 0xa0, 0xc, 0x80, 0x87, 0xdc, 0x81, 0x0,
    0xff, 0xba, 0xb4, 0x44, 0x40, 0x1f, 0xfc, 0x2,
    0xea, 0x0, 0xff, 0xe2, 0xa7, 0xfa, 0x80, 0x30,

    /* U+F293 "" */
    0x0, 0xe1, 0x10, 0x7, 0xe7, 0xee, 0xbe, 0xcc,
    0x3, 0x54, 0x9, 0x38, 0x26, 0x10, 0x1, 0x14,
    0x2, 0x86, 0x0, 0x48, 0x3, 0x80, 0x40, 0x3,
    0x6a, 0x8, 0x0, 0x40, 0xba, 0x3, 0xea, 0x10,
    0x30, 0x10, 0xa6, 0xe3, 0xe9, 0x10, 0x60, 0xd,
    0x80, 0x2a, 0xc0, 0x3, 0x0, 0xc2, 0x20, 0x10,
    0xf, 0x87, 0x18, 0x56, 0x0, 0x6, 0x4, 0x16,
    0xb2, 0x7e, 0xe4, 0xc, 0xe, 0x15, 0x0, 0x7b,
    0x64, 0x6, 0x12, 0x1, 0x18, 0xd2, 0x2, 0x80,
    0xe, 0x0, 0x2b, 0x40, 0x1b, 0x0, 0x9f, 0x14,
    0x98, 0xdf, 0xc4, 0x0,

    /* U+F2ED "" */
    0x0, 0xc6, 0x88, 0x30, 0xe, 0x56, 0x63, 0xe5,
    0xdb, 0x25, 0x98, 0xa1, 0x53, 0x28, 0x0, 0xcd,
    0x32, 0xa3, 0xa9, 0x9f, 0xf5, 0x1a, 0x55, 0x7f,
    0x84, 0xc, 0xff, 0xe2, 0x0, 0xd8, 0x9, 0x1,
    0x24, 0x1, 0xe1, 0x0, 0xc6, 0x1, 0xff, 0xef,
    0x10, 0xc, 0x60, 0x18, 0xc0, 0x18, 0x9, 0x1,
    0x24, 0x6, 0x3, 0x8, 0x67, 0xf3, 0x28, 0x0,

    /* U+F304 "" */
    0x0, 0xff, 0x84, 0x80, 0x3f, 0xf8, 0x9, 0xda,
    0xa0, 0x1f, 0xe2, 0xb0, 0x5, 0x28, 0x7, 0xe4,
    0x16, 0x0, 0xac, 0x3, 0xe4, 0xbc, 0xa6, 0x0,
    0x20, 0x7, 0x92, 0xc0, 0x19, 0x4c, 0x94, 0x1,
    0xc9, 0x60, 0x1b, 0x2e, 0xc0, 0x1c, 0x96, 0x1,
    0xc8, 0x40, 0x1c, 0x96, 0x1, 0xc9, 0x60, 0x1c,
    0x96, 0x1, 0xc9, 0x60, 0x1c, 0x96, 0x1, 0xc9,
    0x60, 0x1e, 0xf0, 0xe, 0x4b, 0x0, 0xf9, 0x80,
    0x32, 0x58, 0x7, 0xe2, 0x0, 0x92, 0xc0, 0x3f,
    0x99, 0x5e, 0x6c, 0x3, 0xf8,

    /* U+F55A "" */
    0x0, 0xc2, 0xf1, 0x1f, 0xce, 0x80, 0x18, 0xbe,
    0x1d, 0xff, 0xa2, 0xd0, 0x0, 0x78, 0x20, 0x11,
    0x80, 0x46, 0x1, 0x8c, 0xf, 0x44, 0x2, 0x6c,
    0x70, 0x7c, 0x60, 0xb, 0xcf, 0x44, 0x3, 0x39,
    0x45, 0xc1, 0x38, 0x6, 0xe1, 0x0, 0xe1, 0xc1,
    0x41, 0xc1, 0x0, 0xc8, 0x1, 0xf3, 0x8, 0xb,
    0x0, 0x74, 0xb0, 0x7, 0x34, 0x16, 0x14, 0x30,
    0x7, 0x4b, 0x0, 0x67, 0x4c, 0x3c, 0x47, 0x0,
    0xf4, 0xb0, 0x4, 0x36, 0x20, 0x36, 0x20, 0x17,
    0x80, 0x52, 0xe0, 0x1f, 0xf1, 0xb0,

    /* U+F7C2 "" */
    0x0, 0xff, 0xe0, 0x9f, 0x7f, 0xf7, 0x10, 0x1e,
    0x28, 0x21, 0x8a, 0xc, 0x26, 0x5, 0x15, 0xfa,
    0x50, 0x2, 0xc0, 0x3f, 0xf8, 0x3c, 0x5f, 0x8b,
    0xc0, 0x1f, 0xff, 0xf0, 0xc, 0x40, 0x1f, 0xc5,
    0xec, 0xab, 0xf3, 0xc0,

    /* U+F8A2 "" */
    0x0, 0xff, 0xe0, 0x98, 0x7, 0xff, 0x5, 0x30,
    0x40, 0x28, 0x20, 0xf, 0xd, 0x80, 0x6b, 0x75,
    0x0, 0xf1, 0x80, 0x6c, 0x40, 0xe4, 0x4f, 0x38,
    0x5, 0x66, 0x0, 0x6b, 0xbf, 0x50, 0x4, 0x60,
    0x1f, 0xfc, 0x2, 0x18, 0x80, 0x2, 0x3f, 0xff,
    0x68, 0x1, 0xe4, 0x4, 0x3, 0xff, 0x80, 0xd8,
    0xc0, 0x1f, 0xe0
};


/*---------------------
 *  GLYPH DESCRIPTION
 *--------------------*/

static const lv_font_fmt_txt_glyph_dsc_t glyph_dsc[] = {
    {.bitmap_index = 0, .adv_w = 0, .box_w = 0, .box_h = 0, .ofs_x = 0, .ofs_y = 0} /* id = 0 reserved */,
    {.bitmap_index = 0, .adv_w = 60, .box_w = 0, .box_h = 0, .ofs_x = 0, .ofs_y = 0},
    {.bitmap_index = 0, .adv_w = 68, .box_w = 3, .box_h = 11, .ofs_x = 1, .ofs_y = 0},
    {.bitmap_index = 14, .adv_w = 111, .box_w = 5, .box_h = 5, .ofs_x = 1, .ofs_y = 6},
    {.bitmap_index = 26, .adv_w = 143, .box_w = 9, .box_h = 11, .ofs_x = 0, .ofs_y = 0},
    {.bitmap_index = 77, .adv_w = 145, .box_w = 9, .box_h = 14, .ofs_x = 0, .ofs_y = -2},
    {.bitmap_index = 136, .adv_w = 222, .box_w = 12, .box_h = 11, .ofs_x = 1, .ofs_y = 0},
    {.bitmap_index = 200, .adv_w = 146, .box_w = 9, .box_h = 11, .ofs_x = 0, .ofs_y = 0},
    {.bitmap_index = 247, .adv_w = 70, .box_w = 2, .box_h = 5, .ofs_x = 1, .ofs_y = 6},
    {.bitmap_index = 253, .adv_w = 83, .box_w = 4, .box_h = 14, .ofs_x = 1, .ofs_y = -2},
    {.bitmap_index = 282, .adv_w = 83, .box_w = 4, .box_h = 14, .ofs_x = 0, .ofs_y = -2},
    {.bitmap_index = 311, .adv_w = 117, .box_w = 7, .box_h = 6, .ofs_x = 0, .ofs_y = 5},
    {.bitmap_index = 331, .adv_w = 150, .box_w = 8, .box_h = 7, .ofs_x = 1, .ofs_y = 1},
    {.bitmap_index = 355, .adv_w = 68, .box_w = 4, .box_h = 5, .ofs_x = 0, .ofs_y = -3},
    {.bitmap_index = 366, .adv_w = 104, .box_w = 6, .box_h = 3, .ofs_x = 0, .ofs_y = 3},
    {.bitmap_index = 374, .adv_w = 68, .box_w = 3, .box_h = 3, .ofs_x = 1, .ofs_y = 0},
    {.bitmap_index = 379, .adv_w = 83, .box_w = 5, .box_h = 13, .ofs_x = 0, .ofs_y = -2},
    {.bitmap_index = 412, .adv_w = 145, .box_w = 9, .box_h = 11, .ofs_x = 0, .ofs_y = 0},
    {.bitmap_index = 461, .adv_w = 93, .box_w = 5, .box_h = 11, .ofs_x = 0, .ofs_y = 0},
    {.bitmap_index = 475, .adv_w = 138, .box_w = 8, .box_h = 11, .ofs_x = 0, .ofs_y = 0},
    {.bitmap_index = 518, .adv_w = 140, .box_w = 8, .box_h = 11, .ofs_x = 0, .ofs_y = 0},
    {.bitmap_index = 559, .adv_w = 147, .box_w = 9, .box_h = 11, .ofs_x = 0, .ofs_y = 0},
    {.bitmap_index = 599, .adv_w = 135, .box_w = 8, .box_h = 11, .ofs_x = 0, .ofs_y = 0},
    {.bitmap_index = 640, .adv_w = 141, .box_w = 9, .box_h = 11, .ofs_x = 0, .ofs_y = 0},
    {.bitmap_index = 690, .adv_w = 128, .box_w = 8, .box_h = 11, .ofs_x = 0, .ofs_y = 0},
    {.bitmap_index = 725, .adv_w = 141, .box_w = 9, .box_h = 11, .ofs_x = 0, .ofs_y = 0},
    {.bitmap_index = 773, .adv_w = 141, .box_w = 9, .box_h = 11, .ofs_x = 0, .ofs_y = 0},
    {.bitmap_index = 823, .adv_w = 68, .box_w = 3, .box_h = 8, .ofs_x = 1, .ofs_y = 0},
    {.bitmap_index = 833, .adv_w = 71, .box_w = 4, .box_h = 11, .ofs_x = 0, .ofs_y = -3},
    {.bitmap_index = 853, .adv_w = 150, .box_w = 7, .box_h = 9, .ofs_x = 1, .ofs_y = 0},
    {.bitmap_index = 881, .adv_w = 150, .box_w = 7, .box_h = 6, .ofs_x = 1, .ofs_y = 1},
    {.bitmap_index = 896, .adv_w = 150, .box_w = 8, .box_h = 9, .ofs_x = 1, .ofs_y = 0},
    {.bitmap_index = 928, .adv_w = 118, .box_w = 7, .box_h = 11, .ofs_x = 0, .ofs_y = 0},
    {.bitmap_index = 964, .adv_w = 220, .box_w = 13, .box_h = 14, .ofs_x = 0, .ofs_y = -3},
    {.bitmap_index = 1053, .adv_w = 159, .box_w = 10, .box_h = 11, .ofs_x = 0, .ofs_y = 0},
    {.bitmap_index = 1102, .adv_w = 147, .box_w = 8, .box_h = 11, .ofs_x = 1, .ofs_y = 0},
    {.bitmap_index = 1144, .adv_w = 164, .box_w = 10, .box_h = 11, .ofs_x = 0, .ofs_y = 0},
    {.bitmap_index = 1194, .adv_w = 162, .box_w = 9, .box_h = 11, .ofs_x = 1, .ofs_y = 0},
    {.bitmap_index = 1236, .adv_w = 135, .box_w = 7, .box_h = 11, .ofs_x = 1, .ofs_y = 0},
    {.bitmap_index = 1264, .adv_w = 132, .box_w = 7, .box_h = 11, .ofs_x = 1, .ofs_y = 0},
    {.bitmap_index = 1288, .adv_w = 167, .box_w = 10, .box_h = 11, .ofs_x = 0, .ofs_y = 0},
    {.bitmap_index = 1342, .adv_w = 167, .box_w = 9, .box_h = 11, .ofs_x = 1, .ofs_y = 0},
    {.bitmap_index = 1365, .adv_w = 61, .box_w = 2, .box_h = 11, .ofs_x = 1, .ofs_y = 0},
    {.bitmap_index = 1370, .adv_w = 129, .box_w = 7, .box_h = 11, .ofs_x = 0, .ofs_y = 0},
    {.bitmap_index = 1389, .adv_w = 154, .box_w = 9, .box_h = 11, .ofs_x = 1, .ofs_y = 0},
    {.bitmap_index = 1431, .adv_w = 127, .box_w = 7, .box_h = 11, .ofs_x = 1, .ofs_y = 0},
    {.bitmap_index = 1441, .adv_w = 204, .box_w = 11, .box_h = 11, .ofs_x = 1, .ofs_y = 0},
    {.bitmap_index = 1492, .adv_w = 169, .box_w = 9, .box_h = 11, .ofs_x = 1, .ofs_y = 0},
    {.bitmap_index = 1529, .adv_w = 172, .box_w = 10, .box_h = 11, .ofs_x = 0, .ofs_y = 0},
    {.bitmap_index = 1580, .adv_w = 144, .box_w = 8, .box_h = 11, .ofs_x = 1, .ofs_y = 0},
    {.bitmap_index = 1617, .adv_w = 172, .box_w = 10, .box_h = 12, .ofs_x = 0, .ofs_y = -1},
    {.bitmap_index = 1674, .adv_w = 145, .box_w = 8, .box_h = 11, .ofs_x = 1, .ofs_y = 0},
    {.bitmap_index = 1715, .adv_w = 145, .box_w = 9, .box_h = 11, .ofs_x = 0, .ofs_y = 0},
    {.bitmap_index = 1763, .adv_w = 146, .box_w = 9, .box_h = 11, .ofs_x = 0, .ofs_y = 0},
    {.bitmap_index = 1779, .adv_w = 166, .box_w = 9, .box_h = 11, .ofs_x = 1, .ofs_y = 0},
    {.bitmap_index = 1804, .adv_w = 159, .box_w = 10, .box_h = 11, .ofs_x = 0, .ofs_y = 0},
    {.bitmap_index = 1855, .adv_w = 225, .box_w = 14, .box_h = 11, .ofs_x = 0, .ofs_y = 0},
    {.bitmap_index = 1933, .adv_w = 157, .box_w = 10, .box_h = 11, .ofs_x = 0, .ofs_y = 0},
    {.bitmap_index = 1984, .adv_w = 156, .box_w = 10, .box_h = 11, .ofs_x = 0, .ofs_y = 0},
    {.bitmap_index = 2021, .adv_w = 144, .box_w = 9, .box_h = 11, .ofs_x = 0, .ofs_y = 0},
    {.bitmap_index = 2060, .adv_w = 83, .box_w = 4, .box_h = 15, .ofs_x = 1, .ofs_y = -3},
    {.bitmap_index = 2075, .adv_w = 83, .box_w = 5, .box_h = 13, .ofs_x = 0, .ofs_y = -2},
    {.bitmap_index = 2106, .adv_w = 83, .box_w = 4, .box_h = 15, .ofs_x = 0, .ofs_y = -3},
    {.bitmap_index = 2121, .adv_w = 107, .box_w = 7, .box_h = 5, .ofs_x = 0, .ofs_y = 6},
    {.bitmap_index = 2138, .adv_w = 104, .box_w = 7, .box_h = 3, .ofs_x = 0, .ofs_y = -2},
    {.bitmap_index = 2145, .adv_w = 75, .box_w = 3, .box_h = 3, .ofs_x = 1, .ofs_y = 9},
    {.bitmap_index = 2150, .adv_w = 127, .box_w = 7, .box_h = 8, .ofs_x = 0, .ofs_y = 0},
    {.bitmap_index = 2179, .adv_w = 138, .box_w = 7, .box_h = 11, .ofs_x = 1, .ofs_y = 0},
    {.bitmap_index = 2209, .adv_w = 129, .box_w = 8, .box_h = 8, .ofs_x = 0, .ofs_y = 0},
    {.bitmap_index = 2240, .adv_w = 138, .box_w = 8, .box_h = 11, .ofs_x = 0, .ofs_y = 0},
    {.bitmap_index = 2276, .adv_w = 132, .box_w = 8, .box_h = 8, .ofs_x = 0, .ofs_y = 0},
    {.bitmap_index = 2308, .adv_w = 85, .box_w = 6, .box_h = 11, .ofs_x = 0, .ofs_y = 0},
    {.bitmap_index = 2330, .adv_w = 139, .box_w = 8, .box_h = 11, .ofs_x = 0, .ofs_y = -3},
    {.bitmap_index = 2374, .adv_w = 135, .box_w = 7, .box_h = 11, .ofs_x = 1, .ofs_y = 0},
    {.bitmap_index = 2395, .adv_w = 56, .box_w = 3, .box_h = 11, .ofs_x = 0, .ofs_y = 0},
    {.bitmap_index = 2405, .adv_w = 56, .box_w = 4, .box_h = 14, .ofs_x = -1, .ofs_y = -3},
    {.bitmap_index = 2422, .adv_w = 125, .box_w = 7, .box_h = 11, .ofs_x = 1, .ofs_y = 0},
    {.bitmap_index = 2451, .adv_w = 56, .box_w = 2, .box_h = 11, .ofs_x = 1, .ofs_y = 0},
    {.bitmap_index = 2456, .adv_w = 199, .box_w = 11, .box_h = 8, .ofs_x = 1, .ofs_y = 0},
    {.bitmap_index = 2479, .adv_w = 135, .box_w = 7, .box_h = 8, .ofs_x = 1, .ofs_y = 0},
    {.bitmap_index = 2497, .adv_w = 135, .box_w = 8, .box_h = 8, .ofs_x = 0, .ofs_y = 0},
    {.bitmap_index = 2528, .adv_w = 138, .box_w = 7, .box_h = 11, .ofs_x = 1, .ofs_y = -3},
    {.bitmap_index = 2561, .adv_w = 138, .box_w = 8, .box_h = 11, .ofs_x = 0, .ofs_y = -3},
    {.bitmap_index = 2598, .adv_w = 87, .box_w = 5, .box_h = 8, .ofs_x = 1, .ofs_y = 0},
    {.bitmap_index = 2610, .adv_w = 121, .box_w = 7, .box_h = 8, .ofs_x = 0, .ofs_y = 0},
    {.bitmap_index = 2639, .adv_w = 76, .box_w = 5, .box_h = 10, .ofs_x = 0, .ofs_y = 0},
    {.bitmap_index = 2659, .adv_w = 135, .box_w = 7, .box_h = 8, .ofs_x = 1, .ofs_y = 0},
    {.bitmap_index = 2677, .adv_w = 129, .box_w = 8, .box_h = 8, .ofs_x = 0, .ofs_y = 0},
    {.bitmap_index = 2710, .adv_w = 186, .box_w = 12, .box_h = 8, .ofs_x = 0, .ofs_y = 0},
    {.bitmap_index = 2758, .adv_w = 125, .box_w = 8, .box_h = 8, .ofs_x = 0, .ofs_y = 0},
    {.bitmap_index = 2788, .adv_w = 129, .box_w = 8, .box_h = 11, .ofs_x = 0, .ofs_y = -3},
    {.bitmap_index = 2830, .adv_w = 125, .box_w = 7, .box_h = 8, .ofs_x = 0, .ofs_y = 0},
    {.bitmap_index = 2856, .adv_w = 99, .box_w = 6, .box_h = 14, .ofs_x = 0, .ofs_y = -3},
    {.bitmap_index = 2891, .adv_w = 77, .box_w = 3, .box_h = 18, .ofs_x = 1, .ofs_y = -3},
    {.bitmap_index = 2898, .adv_w = 99, .box_w = 6, .box_h = 14, .ofs_x = 0, .ofs_y = -3},
    {.bitmap_index = 2934, .adv_w = 150, .box_w = 8, .box_h = 5, .ofs_x = 1, .ofs_y = 2},
    {.bitmap_index = 2953, .adv_w = 60, .box_w = 0, .box_h = 0, .ofs_x = 0, .ofs_y = 0},
    {.bitmap_index = 2953, .adv_w = 68, .box_w = 3, .box_h = 11, .ofs_x = 1, .ofs_y = -3},
    {.bitmap_index = 2968, .adv_w = 129, .box_w = 8, .box_h = 11, .ofs_x = 0, .ofs_y = 0},
    {.bitmap_index = 3009, .adv_w = 139, .box_w = 8, .box_h = 11, .ofs_x = 0, .ofs_y = 0},
    {.bitmap_index = 3051, .adv_w = 165, .box_w = 10, .box_h = 10, .ofs_x = 0, .ofs_y = 0},
    {.bitmap_index = 3096, .adv_w = 125, .box_w = 8, .box_h = 11, .ofs_x = 0, .ofs_y = 0},
    {.bitmap_index = 3142, .adv_w = 66, .box_w = 2, .box_h = 13, .ofs_x = 1, .ofs_y = -2},
    {.bitmap_index = 3152, .adv_w = 127, .box_w = 8, .box_h = 14, .ofs_x = 0, .ofs_y = -3},
    {.bitmap_index = 3209, .adv_w = 135, .box_w = 6, .box_h = 2, .ofs_x = 1, .ofs_y = 9},
    {.bitmap_index = 3215, .adv_w = 205, .box_w = 11, .box_h = 12, .ofs_x = 1, .ofs_y = -1},
    {.bitmap_index = 3279, .adv_w = 102, .box_w = 6, .box_h = 6, .ofs_x = 0, .ofs_y = 5},
    {.bitmap_index = 3298, .adv_w = 136, .box_w = 8, .box_h = 7, .ofs_x = 0, .ofs_y = 1},
    {.bitmap_index = 3327, .adv_w = 150, .box_w = 7, .box_h = 5, .ofs_x = 1, .ofs_y = 1},
    {.bitmap_index = 3340, .adv_w = 149, .box_w = 9, .box_h = 9, .ofs_x = 0, .ofs_y = 2},
    {.bitmap_index = 3381, .adv_w = 104, .box_w = 5, .box_h = 2, .ofs_x = 1, .ofs_y = 9},
    {.bitmap_index = 3386, .adv_w = 102, .box_w = 6, .box_h = 6, .ofs_x = 0, .ofs_y = 5},
    {.bitmap_index = 3405, .adv_w = 150, .box_w = 7, .box_h = 8, .ofs_x = 1, .ofs_y = 0},
    {.bitmap_index = 3433, .adv_w = 100, .box_w = 6, .box_h = 6, .ofs_x = 0, .ofs_y = 6},
    {.bitmap_index = 3452, .adv_w = 102, .box_w = 6, .box_h = 6, .ofs_x = 0, .ofs_y = 6},
    {.bitmap_index = 3471, .adv_w = 75, .box_w = 3, .box_h = 3, .ofs_x = 1, .ofs_y = 9},
    {.bitmap_index = 3476, .adv_w = 134, .box_w = 8, .box_h = 11, .ofs_x = 1, .ofs_y = -3},
    {.bitmap_index = 3502, .adv_w = 135, .box_w = 8, .box_h = 11, .ofs_x = 0, .ofs_y = 0},
    {.bitmap_index = 3530, .adv_w = 68, .box_w = 3, .box_h = 3, .ofs_x = 1, .ofs_y = 4},
    {.bitmap_index = 3535, .adv_w = 67, .box_w = 3, .box_h = 4, .ofs_x = 1, .ofs_y = -3},
    {.bitmap_index = 3542, .adv_w = 70, .box_w = 4, .box_h = 6, .ofs_x = 0, .ofs_y = 6},
    {.bitmap_index = 3551, .adv_w = 109, .box_w = 7, .box_h = 6, .ofs_x = 0, .ofs_y = 5},
    {.bitmap_index = 3571, .adv_w = 136, .box_w = 8, .box_h = 7, .ofs_x = 0, .ofs_y = 1},
    {.bitmap_index = 3600, .adv_w = 183, .box_w = 11, .box_h = 11, .ofs_x = 0, .ofs_y = 0},
    {.bitmap_index = 3652, .adv_w = 192, .box_w = 12, .box_h = 12, .ofs_x = 0, .ofs_y = -1},
    {.bitmap_index = 3717, .adv_w = 200, .box_w = 12, .box_h = 11, .ofs_x = 0, .ofs_y = 0},
    {.bitmap_index = 3780, .adv_w = 118, .box_w = 7, .box_h = 11, .ofs_x = 0, .ofs_y = -3},
    {.bitmap_index = 3815, .adv_w = 159, .box_w = 10, .box_h = 14, .ofs_x = 0, .ofs_y = 0},
    {.bitmap_index = 3873, .adv_w = 159, .box_w = 10, .box_h = 14, .ofs_x = 0, .ofs_y = 0},
    {.bitmap_index = 3931, .adv_w = 159, .box_w = 10, .box_h = 14, .ofs_x = 0, .ofs_y = 0},
    {.bitmap_index = 3992, .adv_w = 159, .box_w = 10, .box_h = 14, .ofs_x = 0, .ofs_y = 0},
    {.bitmap_index = 4053, .adv_w = 159, .box_w = 10, .box_h = 14, .ofs_x = 0, .ofs_y = 0},
    {.bitmap_index = 4115, .adv_w = 159, .box_w = 10, .box_h = 14, .ofs_x = 0, .ofs_y = 0},
    {.bitmap_index = 4175, .adv_w = 225, .box_w = 14, .box_h = 11, .ofs_x = 0, .ofs_y = 0},
    {.bitmap_index = 4237, .adv_w = 164, .box_w = 10, .box_h = 14, .ofs_x = 0, .ofs_y = -3},
    {.bitmap_index = 4298, .adv_w = 135, .box_w = 7, .box_h = 14, .ofs_x = 1, .ofs_y = 0},
    {.bitmap_index = 4336, .adv_w = 135, .box_w = 7, .box_h = 14, .ofs_x = 1, .ofs_y = 0},
    {.bitmap_index = 4374, .adv_w = 135, .box_w = 7, .box_h = 14, .ofs_x = 1, .ofs_y = 0},
    {.bitmap_index = 4413, .adv_w = 135, .box_w = 7, .box_h = 14, .ofs_x = 1, .ofs_y = 0},
    {.bitmap_index = 4452, .adv_w = 61, .box_w = 3, .box_h = 14, .ofs_x = 0, .ofs_y = 0},
    {.bitmap_index = 4462, .adv_w = 61, .box_w = 3, .box_h = 14, .ofs_x = 1, .ofs_y = 0},
    {.bitmap_index = 4471, .adv_w = 61, .box_w = 6, .box_h = 14, .ofs_x = -1, .ofs_y = 0},
    {.bitmap_index = 4486, .adv_w = 61, .box_w = 6, .box_h = 14, .ofs_x = -1, .ofs_y = 0},
    {.bitmap_index = 4501, .adv_w = 166, .box_w = 10, .box_h = 11, .ofs_x = 0, .ofs_y = 0},
    {.bitmap_index = 4550, .adv_w = 169, .box_w = 9, .box_h = 14, .ofs_x = 1, .ofs_y = 0},
    {.bitmap_index = 4600, .adv_w = 172, .box_w = 10, .box_h = 14, .ofs_x = 0, .ofs_y = 0},
    {.bitmap_index = 4660, .adv_w = 172, .box_w = 10, .box_h = 14, .ofs_x = 0, .ofs_y = 0},
    {.bitmap_index = 4720, .adv_w = 172, .box_w = 10, .box_h = 14, .ofs_x = 0, .ofs_y = 0},
    {.bitmap_index = 4782, .adv_w = 172, .box_w = 10, .box_h = 14, .ofs_x = 0, .ofs_y = 0},
    {.bitmap_index = 4845, .adv_w = 172, .box_w = 10, .box_h = 14, .ofs_x = 0, .ofs_y = 0},
    {.bitmap_index = 4908, .adv_w = 150, .box_w = 8, .box_h = 8, .ofs_x = 1, .ofs_y = 0},
    {.bitmap_index = 4940, .adv_w = 172, .box_w = 10, .box_h = 13, .ofs_x = 0, .ofs_y = -1},
    {.bitmap_index = 5004, .adv_w = 166, .box_w = 9, .box_h = 14, .ofs_x = 1, .ofs_y = 0},
    {.bitmap_index = 5039, .adv_w = 166, .box_w = 9, .box_h = 14, .ofs_x = 1, .ofs_y = 0},
    {.bitmap_index = 5074, .adv_w = 166, .box_w = 9, .box_h = 14, .ofs_x = 1, .ofs_y = 0},
    {.bitmap_index = 5111, .adv_w = 166, .box_w = 9, .box_h = 14, .ofs_x = 1, .ofs_y = 0},
    {.bitmap_index = 5148, .adv_w = 156, .box_w = 10, .box_h = 14, .ofs_x = 0, .ofs_y = 0},
    {.bitmap_index = 5196, .adv_w = 145, .box_w = 7, .box_h = 11, .ofs_x = 1, .ofs_y = 0},
    {.bitmap_index = 5229, .adv_w = 141, .box_w = 8, .box_h = 11, .ofs_x = 1, .ofs_y = 0},
    {.bitmap_index = 5268, .adv_w = 127, .box_w = 7, .box_h = 12, .ofs_x = 0, .ofs_y = 0},
    {.bitmap_index = 5308, .adv_w = 127, .box_w = 7, .box_h = 12, .ofs_x = 0, .ofs_y = 0},
    {.bitmap_index = 5348, .adv_w = 127, .box_w = 7, .box_h = 11, .ofs_x = 0, .ofs_y = 0},
    {.bitmap_index = 5388, .adv_w = 127, .box_w = 7, .box_h = 11, .ofs_x = 0, .ofs_y = 0},
    {.bitmap_index = 5425, .adv_w = 127, .box_w = 7, .box_h = 11, .ofs_x = 0, .ofs_y = 0},
    {.bitmap_index = 5465, .adv_w = 127, .box_w = 7, .box_h = 12, .ofs_x = 0, .ofs_y = 0},
    {.bitmap_index = 5508, .adv_w = 205, .box_w = 13, .box_h = 8, .ofs_x = 0, .ofs_y = 0},
    {.bitmap_index = 5560, .adv_w = 129, .box_w = 8, .box_h = 11, .ofs_x = 0, .ofs_y = -3},
    {.bitmap_index = 5602, .adv_w = 132, .box_w = 8, .box_h = 12, .ofs_x = 0, .ofs_y = 0},
    {.bitmap_index = 5645, .adv_w = 132, .box_w = 8, .box_h = 12, .ofs_x = 0, .ofs_y = 0},
    {.bitmap_index = 5688, .adv_w = 132, .box_w = 8, .box_h = 11, .ofs_x = 0, .ofs_y = 0},
    {.bitmap_index = 5731, .adv_w = 132, .box_w = 8, .box_h = 11, .ofs_x = 0, .ofs_y = 0},
    {.bitmap_index = 5774, .adv_w = 56, .box_w = 4, .box_h = 11, .ofs_x = -1, .ofs_y = 0},
    {.bitmap_index = 5786, .adv_w = 56, .box_w = 3, .box_h = 11, .ofs_x = 1, .ofs_y = 0},
    {.bitmap_index = 5795, .adv_w = 56, .box_w = 6, .box_h = 11, .ofs_x = -1, .ofs_y = 0},
    {.bitmap_index = 5809, .adv_w = 56, .box_w = 6, .box_h = 11, .ofs_x = -1, .ofs_y = 0},
    {.bitmap_index = 5823, .adv_w = 132, .box_w = 8, .box_h = 12, .ofs_x = 0, .ofs_y = 0},
    {.bitmap_index = 5869, .adv_w = 135, .box_w = 7, .box_h = 11, .ofs_x = 1, .ofs_y = 0},
    {.bitmap_index = 5896, .adv_w = 135, .box_w = 8, .box_h = 12, .ofs_x = 0, .ofs_y = 0},
    {.bitmap_index = 5939, .adv_w = 135, .box_w = 8, .box_h = 12, .ofs_x = 0, .ofs_y = 0},
    {.bitmap_index = 5981, .adv_w = 135, .box_w = 8, .box_h = 11, .ofs_x = 0, .ofs_y = 0},
    {.bitmap_index = 6023, .adv_w = 135, .box_w = 8, .box_h = 11, .ofs_x = 0, .ofs_y = 0},
    {.bitmap_index = 6063, .adv_w = 135, .box_w = 8, .box_h = 11, .ofs_x = 0, .ofs_y = 0},
    {.bitmap_index = 6106, .adv_w = 150, .box_w = 7, .box_h = 8, .ofs_x = 1, .ofs_y = 0},
    {.bitmap_index = 6128, .adv_w = 135, .box_w = 8, .box_h = 10, .ofs_x = 0, .ofs_y = -1},
    {.bitmap_index = 6166, .adv_w = 135, .box_w = 7, .box_h = 12, .ofs_x = 1, .ofs_y = 0},
    {.bitmap_index = 6195, .adv_w = 135, .box_w = 7, .box_h = 12, .ofs_x = 1, .ofs_y = 0},
    {.bitmap_index = 6224, .adv_w = 135, .box_w = 7, .box_h = 11, .ofs_x = 1, .ofs_y = 0},
    {.bitmap_index = 6253, .adv_w = 135, .box_w = 7, .box_h = 11, .ofs_x = 1, .ofs_y = 0},
    {.bitmap_index = 6282, .adv_w = 129, .box_w = 8, .box_h = 15, .ofs_x = 0, .ofs_y = -3},
    {.bitmap_index = 6336, .adv_w = 138, .box_w = 7, .box_h = 14, .ofs_x = 1, .ofs_y = -3},
    {.bitmap_index = 6373, .adv_w = 129, .box_w = 8, .box_h = 14, .ofs_x = 0, .ofs_y = -3},
    {.bitmap_index = 6427, .adv_w = 159, .box_w = 10, .box_h = 13, .ofs_x = 0, .ofs_y = 0},
    {.bitmap_index = 6483, .adv_w = 127, .box_w = 7, .box_h = 11, .ofs_x = 0, .ofs_y = 0},
    {.bitmap_index = 6521, .adv_w = 159, .box_w = 10, .box_h = 14, .ofs_x = 0, .ofs_y = 0},
    {.bitmap_index = 6581, .adv_w = 127, .box_w = 7, .box_h = 12, .ofs_x = 0, .ofs_y = 0},
    {.bitmap_index = 6624, .adv_w = 159, .box_w = 10, .box_h = 14, .ofs_x = 0, .ofs_y = -3},
    {.bitmap_index = 6684, .adv_w = 127, .box_w = 8, .box_h = 11, .ofs_x = 0, .ofs_y = -3},
    {.bitmap_index = 6726, .adv_w = 164, .box_w = 10, .box_h = 14, .ofs_x = 0, .ofs_y = 0},
    {.bitmap_index = 6785, .adv_w = 129, .box_w = 8, .box_h = 12, .ofs_x = 0, .ofs_y = 0},
    {.bitmap_index = 6827, .adv_w = 164, .box_w = 10, .box_h = 14, .ofs_x = 0, .ofs_y = 0},
    {.bitmap_index = 6888, .adv_w = 129, .box_w = 8, .box_h = 11, .ofs_x = 0, .ofs_y = 0},
    {.bitmap_index = 6930, .adv_w = 164, .box_w = 10, .box_h = 14, .ofs_x = 0, .ofs_y = 0},
    {.bitmap_index = 6990, .adv_w = 129, .box_w = 8, .box_h = 11, .ofs_x = 0, .ofs_y = 0},
    {.bitmap_index = 7030, .adv_w = 164, .box_w = 10, .box_h = 14, .ofs_x = 0, .ofs_y = 0},
    {.bitmap_index = 7091, .adv_w = 129, .box_w = 8, .box_h = 11, .ofs_x = 0, .ofs_y = 0},
    {.bitmap_index = 7133, .adv_w = 162, .box_w = 9, .box_h = 14, .ofs_x = 1, .ofs_y = 0},
    {.bitmap_index = 7187, .adv_w = 162, .box_w = 10, .box_h = 11, .ofs_x = 0, .ofs_y = 0},
    {.bitmap_index = 7232, .adv_w = 166, .box_w = 10, .box_h = 11, .ofs_x = 0, .ofs_y = 0},
    {.bitmap_index = 7281, .adv_w = 138, .box_w = 9, .box_h = 11, .ofs_x = 0, .ofs_y = 0},
    {.bitmap_index = 7325, .adv_w = 135, .box_w = 7, .box_h = 13, .ofs_x = 1, .ofs_y = 0},
    {.bitmap_index = 7361, .adv_w = 132, .box_w = 8, .box_h = 11, .ofs_x = 0, .ofs_y = 0},
    {.bitmap_index = 7403, .adv_w = 135, .box_w = 7, .box_h = 14, .ofs_x = 1, .ofs_y = 0},
    {.bitmap_index = 7442, .adv_w = 132, .box_w = 8, .box_h = 11, .ofs_x = 0, .ofs_y = 0},
    {.bitmap_index = 7485, .adv_w = 135, .box_w = 7, .box_h = 14, .ofs_x = 1, .ofs_y = 0},
    {.bitmap_index = 7523, .adv_w = 132, .box_w = 8, .box_h = 11, .ofs_x = 0, .ofs_y = 0},
    {.bitmap_index = 7563, .adv_w = 135, .box_w = 7, .box_h = 14, .ofs_x = 1, .ofs_y = -3},
    {.bitmap_index = 7600, .adv_w = 132, .box_w = 8, .box_h = 11, .ofs_x = 0, .ofs_y = -3},
    {.bitmap_index = 7642, .adv_w = 135, .box_w = 7, .box_h = 14, .ofs_x = 1, .ofs_y = 0},
    {.bitmap_index = 7682, .adv_w = 132, .box_w = 8, .box_h = 11, .ofs_x = 0, .ofs_y = 0},
    {.bitmap_index = 7725, .adv_w = 167, .box_w = 10, .box_h = 14, .ofs_x = 0, .ofs_y = 0},
    {.bitmap_index = 7790, .adv_w = 139, .box_w = 8, .box_h = 14, .ofs_x = 0, .ofs_y = -3},
    {.bitmap_index = 7845, .adv_w = 167, .box_w = 10, .box_h = 14, .ofs_x = 0, .ofs_y = 0},
    {.bitmap_index = 7910, .adv_w = 139, .box_w = 8, .box_h = 14, .ofs_x = 0, .ofs_y = -3},
    {.bitmap_index = 7965, .adv_w = 167, .box_w = 10, .box_h = 14, .ofs_x = 0, .ofs_y = 0},
    {.bitmap_index = 8028, .adv_w = 139, .box_w = 8, .box_h = 14, .ofs_x = 0, .ofs_y = -3},
    {.bitmap_index = 8080, .adv_w = 167, .box_w = 10, .box_h = 15, .ofs_x = 0, .ofs_y = -4},
    {.bitmap_index = 8147, .adv_w = 139, .box_w = 8, .box_h = 16, .ofs_x = 0, .ofs_y = -3},
    {.bitmap_index = 8203, .adv_w = 167, .box_w = 9, .box_h = 14, .ofs_x = 1, .ofs_y = 0},
    {.bitmap_index = 8238, .adv_w = 135, .box_w = 9, .box_h = 14, .ofs_x = -1, .ofs_y = 0},
    {.bitmap_index = 8273, .adv_w = 176, .box_w = 11, .box_h = 11, .ofs_x = 0, .ofs_y = 0},
    {.bitmap_index = 8303, .adv_w = 135, .box_w = 8, .box_h = 11, .ofs_x = 0, .ofs_y = 0},
    {.bitmap_index = 8333, .adv_w = 61, .box_w = 6, .box_h = 14, .ofs_x = -1, .ofs_y = 0},
    {.bitmap_index = 8347, .adv_w = 56, .box_w = 5, .box_h = 11, .ofs_x = -1, .ofs_y = 0},
    {.bitmap_index = 8359, .adv_w = 61, .box_w = 4, .box_h = 13, .ofs_x = 0, .ofs_y = 0},
    {.bitmap_index = 8368, .adv_w = 56, .box_w = 5, .box_h = 11, .ofs_x = -1, .ofs_y = 0},
    {.bitmap_index = 8380, .adv_w = 61, .box_w = 6, .box_h = 14, .ofs_x = -1, .ofs_y = 0},
    {.bitmap_index = 8395, .adv_w = 56, .box_w = 5, .box_h = 11, .ofs_x = -1, .ofs_y = 0},
    {.bitmap_index = 8408, .adv_w = 61, .box_w = 4, .box_h = 14, .ofs_x = 0, .ofs_y = -3},
    {.bitmap_index = 8421, .adv_w = 56, .box_w = 4, .box_h = 14, .ofs_x = -1, .ofs_y = -3},
    {.bitmap_index = 8438, .adv_w = 61, .box_w = 3, .box_h = 14, .ofs_x = 0, .ofs_y = 0},
    {.bitmap_index = 8448, .adv_w = 56, .box_w = 2, .box_h = 8, .ofs_x = 1, .ofs_y = 0},
    {.bitmap_index = 8453, .adv_w = 190, .box_w = 10, .box_h = 11, .ofs_x = 1, .ofs_y = 0},
    {.bitmap_index = 8476, .adv_w = 113, .box_w = 7, .box_h = 14, .ofs_x = 0, .ofs_y = -3},
    {.bitmap_index = 8501, .adv_w = 129, .box_w = 9, .box_h = 14, .ofs_x = 0, .ofs_y = 0},
    {.bitmap_index = 8535, .adv_w = 56, .box_w = 6, .box_h = 14, .ofs_x = -1, .ofs_y = -3},
    {.bitmap_index = 8557, .adv_w = 154, .box_w = 9, .box_h = 15, .ofs_x = 1, .ofs_y = -4},
    {.bitmap_index = 8612, .adv_w = 125, .box_w = 7, .box_h = 15, .ofs_x = 1, .ofs_y = -4},
    {.bitmap_index = 8653, .adv_w = 122, .box_w = 7, .box_h = 8, .ofs_x = 1, .ofs_y = 0},
    {.bitmap_index = 8680, .adv_w = 127, .box_w = 7, .box_h = 14, .ofs_x = 1, .ofs_y = 0},
    {.bitmap_index = 8698, .adv_w = 56, .box_w = 3, .box_h = 14, .ofs_x = 1, .ofs_y = 0},
    {.bitmap_index = 8707, .adv_w = 127, .box_w = 7, .box_h = 15, .ofs_x = 1, .ofs_y = -4},
    {.bitmap_index = 8728, .adv_w = 56, .box_w = 3, .box_h = 15, .ofs_x = 0, .ofs_y = -4},
    {.bitmap_index = 8739, .adv_w = 127, .box_w = 7, .box_h = 11, .ofs_x = 1, .ofs_y = 0},
    {.bitmap_index = 8758, .adv_w = 80, .box_w = 4, .box_h = 11, .ofs_x = 1, .ofs_y = 0},
    {.bitmap_index = 8770, .adv_w = 127, .box_w = 7, .box_h = 11, .ofs_x = 1, .ofs_y = 0},
    {.bitmap_index = 8789, .adv_w = 87, .box_w = 5, .box_h = 11, .ofs_x = 1, .ofs_y = 0},
    {.bitmap_index = 8801, .adv_w = 134, .box_w = 8, .box_h = 11, .ofs_x = 0, .ofs_y = 0},
    {.bitmap_index = 8833, .adv_w = 56, .box_w = 5, .box_h = 11, .ofs_x = -1, .ofs_y = 0},
    {.bitmap_index = 8852, .adv_w = 169, .box_w = 9, .box_h = 14, .ofs_x = 1, .ofs_y = 0},
    {.bitmap_index = 8899, .adv_w = 135, .box_w = 7, .box_h = 11, .ofs_x = 1, .ofs_y = 0},
    {.bitmap_index = 8926, .adv_w = 169, .box_w = 9, .box_h = 15, .ofs_x = 1, .ofs_y = -4},
    {.bitmap_index = 8976, .adv_w = 135, .box_w = 7, .box_h = 12, .ofs_x = 1, .ofs_y = -4},
    {.bitmap_index = 9006, .adv_w = 169, .box_w = 9, .box_h = 14, .ofs_x = 1, .ofs_y = 0},
    {.bitmap_index = 9056, .adv_w = 135, .box_w = 7, .box_h = 11, .ofs_x = 1, .ofs_y = 0},
    {.bitmap_index = 9084, .adv_w = 169, .box_w = 9, .box_h = 14, .ofs_x = 1, .ofs_y = -3},
    {.bitmap_index = 9131, .adv_w = 135, .box_w = 7, .box_h = 11, .ofs_x = 1, .ofs_y = -3},
    {.bitmap_index = 9157, .adv_w = 172, .box_w = 10, .box_h = 13, .ofs_x = 0, .ofs_y = 0},
    {.bitmap_index = 9215, .adv_w = 135, .box_w = 8, .box_h = 11, .ofs_x = 0, .ofs_y = 0},
    {.bitmap_index = 9257, .adv_w = 172, .box_w = 10, .box_h = 14, .ofs_x = 0, .ofs_y = 0},
    {.bitmap_index = 9320, .adv_w = 135, .box_w = 8, .box_h = 11, .ofs_x = 0, .ofs_y = 0},
    {.bitmap_index = 9362, .adv_w = 172, .box_w = 10, .box_h = 14, .ofs_x = 0, .ofs_y = 0},
    {.bitmap_index = 9425, .adv_w = 135, .box_w = 8, .box_h = 12, .ofs_x = 0, .ofs_y = 0},
    {.bitmap_index = 9471, .adv_w = 226, .box_w = 14, .box_h = 11, .ofs_x = 0, .ofs_y = 0},
    {.bitmap_index = 9532, .adv_w = 223, .box_w = 14, .box_h = 8, .ofs_x = 0, .ofs_y = 0},
    {.bitmap_index = 9587, .adv_w = 145, .box_w = 8, .box_h = 14, .ofs_x = 1, .ofs_y = 0},
    {.bitmap_index = 9638, .adv_w = 87, .box_w = 5, .box_h = 11, .ofs_x = 1, .ofs_y = 0},
    {.bitmap_index = 9658, .adv_w = 145, .box_w = 8, .box_h = 15, .ofs_x = 1, .ofs_y = -4},
    {.bitmap_index = 9712, .adv_w = 87, .box_w = 6, .box_h = 12, .ofs_x = 0, .ofs_y = -4},
    {.bitmap_index = 9736, .adv_w = 145, .box_w = 8, .box_h = 14, .ofs_x = 1, .ofs_y = 0},
    {.bitmap_index = 9789, .adv_w = 87, .box_w = 6, .box_h = 11, .ofs_x = 0, .ofs_y = 0},
    {.bitmap_index = 9812, .adv_w = 145, .box_w = 9, .box_h = 14, .ofs_x = 0, .ofs_y = 0},
    {.bitmap_index = 9869, .adv_w = 121, .box_w = 7, .box_h = 12, .ofs_x = 0, .ofs_y = 0},
    {.bitmap_index = 9909, .adv_w = 145, .box_w = 9, .box_h = 14, .ofs_x = 0, .ofs_y = 0},
    {.bitmap_index = 9968, .adv_w = 121, .box_w = 7, .box_h = 11, .ofs_x = 0, .ofs_y = 0},
    {.bitmap_index = 10008, .adv_w = 145, .box_w = 9, .box_h = 14, .ofs_x = 0, .ofs_y = -3},
    {.bitmap_index = 10068, .adv_w = 121, .box_w = 7, .box_h = 11, .ofs_x = 0, .ofs_y = -3},
    {.bitmap_index = 10107, .adv_w = 145, .box_w = 9, .box_h = 14, .ofs_x = 0, .ofs_y = 0},
    {.bitmap_index = 10166, .adv_w = 121, .box_w = 7, .box_h = 11, .ofs_x = 0, .ofs_y = 0},
    {.bitmap_index = 10205, .adv_w = 146, .box_w = 9, .box_h = 14, .ofs_x = 0, .ofs_y = -3},
    {.bitmap_index = 10230, .adv_w = 76, .box_w = 5, .box_h = 13, .ofs_x = 0, .ofs_y = -3},
    {.bitmap_index = 10260, .adv_w = 146, .box_w = 9, .box_h = 14, .ofs_x = 0, .ofs_y = 0},
    {.bitmap_index = 10290, .adv_w = 89, .box_w = 5, .box_h = 12, .ofs_x = 0, .ofs_y = 0},
    {.bitmap_index = 10316, .adv_w = 146, .box_w = 9, .box_h = 11, .ofs_x = 0, .ofs_y = 0},
    {.bitmap_index = 10347, .adv_w = 76, .box_w = 5, .box_h = 10, .ofs_x = 0, .ofs_y = 0},
    {.bitmap_index = 10372, .adv_w = 166, .box_w = 9, .box_h = 14, .ofs_x = 1, .ofs_y = 0},
    {.bitmap_index = 10409, .adv_w = 135, .box_w = 7, .box_h = 11, .ofs_x = 1, .ofs_y = 0},
    {.bitmap_index = 10436, .adv_w = 166, .box_w = 9, .box_h = 13, .ofs_x = 1, .ofs_y = 0},
    {.bitmap_index = 10469, .adv_w = 135, .box_w = 7, .box_h = 11, .ofs_x = 1, .ofs_y = 0},
    {.bitmap_index = 10497, .adv_w = 166, .box_w = 9, .box_h = 14, .ofs_x = 1, .ofs_y = 0},
    {.bitmap_index = 10534, .adv_w = 135, .box_w = 7, .box_h = 11, .ofs_x = 1, .ofs_y = 0},
    {.bitmap_index = 10563, .adv_w = 166, .box_w = 9, .box_h = 15, .ofs_x = 1, .ofs_y = 0},
    {.bitmap_index = 10601, .adv_w = 135, .box_w = 7, .box_h = 12, .ofs_x = 1, .ofs_y = 0},
    {.bitmap_index = 10631, .adv_w = 166, .box_w = 9, .box_h = 14, .ofs_x = 1, .ofs_y = 0},
    {.bitmap_index = 10669, .adv_w = 135, .box_w = 7, .box_h = 12, .ofs_x = 1, .ofs_y = 0},
    {.bitmap_index = 10702, .adv_w = 166, .box_w = 9, .box_h = 14, .ofs_x = 1, .ofs_y = -3},
    {.bitmap_index = 10738, .adv_w = 135, .box_w = 7, .box_h = 11, .ofs_x = 1, .ofs_y = -3},
    {.bitmap_index = 10766, .adv_w = 225, .box_w = 14, .box_h = 14, .ofs_x = 0, .ofs_y = 0},
    {.bitmap_index = 10858, .adv_w = 186, .box_w = 12, .box_h = 11, .ofs_x = 0, .ofs_y = 0},
    {.bitmap_index = 10919, .adv_w = 156, .box_w = 10, .box_h = 14, .ofs_x = 0, .ofs_y = 0},
    {.bitmap_index = 10968, .adv_w = 129, .box_w = 8, .box_h = 14, .ofs_x = 0, .ofs_y = -3},
    {.bitmap_index = 11022, .adv_w = 156, .box_w = 10, .box_h = 14, .ofs_x = 0, .ofs_y = 0},
    {.bitmap_index = 11073, .adv_w = 144, .box_w = 9, .box_h = 14, .ofs_x = 0, .ofs_y = 0},
    {.bitmap_index = 11123, .adv_w = 125, .box_w = 7, .box_h = 11, .ofs_x = 0, .ofs_y = 0},
    {.bitmap_index = 11159, .adv_w = 144, .box_w = 9, .box_h = 14, .ofs_x = 0, .ofs_y = 0},
    {.bitmap_index = 11208, .adv_w = 125, .box_w = 7, .box_h = 11, .ofs_x = 0, .ofs_y = 0},
    {.bitmap_index = 11242, .adv_w = 144, .box_w = 9, .box_h = 14, .ofs_x = 0, .ofs_y = 0},
    {.bitmap_index = 11295, .adv_w = 125, .box_w = 7, .box_h = 11, .ofs_x = 0, .ofs_y = 0},
    {.bitmap_index = 11331, .adv_w = 73, .box_w = 4, .box_h = 11, .ofs_x = 1, .ofs_y = 0},
    {.bitmap_index = 11341, .adv_w = 224, .box_w = 14, .box_h = 3, .ofs_x = 0, .ofs_y = 3},
    {.bitmap_index = 11351, .adv_w = 204, .box_w = 11, .box_h = 3, .ofs_x = 1, .ofs_y = 0},
    {.bitmap_index = 11365, .adv_w = 224, .box_w = 15, .box_h = 15, .ofs_x = -1, .ofs_y = -2},
    {.bitmap_index = 11436, .adv_w = 224, .box_w = 14, .box_h = 11, .ofs_x = 0, .ofs_y = 0},
    {.bitmap_index = 11497, .adv_w = 224, .box_w = 14, .box_h = 13, .ofs_x = 0, .ofs_y = -1},
    {.bitmap_index = 11557, .adv_w = 224, .box_w = 14, .box_h = 11, .ofs_x = 0, .ofs_y = 0},
    {.bitmap_index = 11618, .adv_w = 154, .box_w = 10, .box_h = 11, .ofs_x = 0, .ofs_y = 0},
    {.bitmap_index = 11670, .adv_w = 224, .box_w = 14, .box_h = 15, .ofs_x = 0, .ofs_y = -2},
    {.bitmap_index = 11760, .adv_w = 224, .box_w = 14, .box_h = 15, .ofs_x = 0, .ofs_y = -2},
    {.bitmap_index = 11847, .adv_w = 252, .box_w = 16, .box_h = 13, .ofs_x = 0, .ofs_y = -1},
    {.bitmap_index = 11927, .adv_w = 224, .box_w = 14, .box_h = 15, .ofs_x = 0, .ofs_y = -2},
    {.bitmap_index = 11992, .adv_w = 252, .box_w = 16, .box_h = 11, .ofs_x = 0, .ofs_y = 0},
    {.bitmap_index = 12055, .adv_w = 224, .box_w = 14, .box_h = 15, .ofs_x = 0, .ofs_y = -2},
    {.bitmap_index = 12150, .adv_w = 112, .box_w = 7, .box_h = 12, .ofs_x = 0, .ofs_y = -1},
    {.bitmap_index = 12178, .adv_w = 168, .box_w = 11, .box_h = 12, .ofs_x = 0, .ofs_y = -1},
    {.bitmap_index = 12224, .adv_w = 252, .box_w = 16, .box_h = 14, .ofs_x = 0, .ofs_y = -2},
    {.bitmap_index = 12314, .adv_w = 224, .box_w = 14, .box_h = 11, .ofs_x = 0, .ofs_y = 0},
    {.bitmap_index = 12370, .adv_w = 154, .box_w = 10, .box_h = 15, .ofs_x = 0, .ofs_y = -2},
    {.bitmap_index = 12430, .adv_w = 196, .box_w = 10, .box_h = 14, .ofs_x = 1, .ofs_y = -2},
    {.bitmap_index = 12477, .adv_w = 196, .box_w = 13, .box_h = 15, .ofs_x = 0, .ofs_y = -2},
    {.bitmap_index = 12535, .adv_w = 196, .box_w = 13, .box_h = 13, .ofs_x = 0, .ofs_y = -1},
    {.bitmap_index = 12572, .adv_w = 196, .box_w = 13, .box_h = 13, .ofs_x = 0, .ofs_y = -1},
    {.bitmap_index = 12597, .adv_w = 196, .box_w = 10, .box_h = 14, .ofs_x = 1, .ofs_y = -2},
    {.bitmap_index = 12646, .adv_w = 196, .box_w = 14, .box_h = 13, .ofs_x = -1, .ofs_y = -1},
    {.bitmap_index = 12705, .adv_w = 140, .box_w = 9, .box_h = 13, .ofs_x = 0, .ofs_y = -1},
    {.bitmap_index = 12753, .adv_w = 140, .box_w = 9, .box_h = 13, .ofs_x = 0, .ofs_y = -1},
    {.bitmap_index = 12802, .adv_w = 196, .box_w = 13, .box_h = 13, .ofs_x = 0, .ofs_y = -1},
    {.bitmap_index = 12849, .adv_w = 196, .box_w = 13, .box_h = 4, .ofs_x = 0, .ofs_y = 3},
    {.bitmap_index = 12863, .adv_w = 252, .box_w = 16, .box_h = 11, .ofs_x = 0, .ofs_y = 0},
    {.bitmap_index = 12946, .adv_w = 280, .box_w = 18, .box_h = 15, .ofs_x = 0, .ofs_y = -2},
    {.bitmap_index = 13063, .adv_w = 252, .box_w = 17, .box_h = 15, .ofs_x = -1, .ofs_y = -2},
    {.bitmap_index = 13151, .adv_w = 224, .box_w = 14, .box_h = 13, .ofs_x = 0, .ofs_y = -1},
    {.bitmap_index = 13233, .adv_w = 196, .box_w = 13, .box_h = 8, .ofs_x = 0, .ofs_y = 1},
    {.bitmap_index = 13276, .adv_w = 196, .box_w = 13, .box_h = 8, .ofs_x = 0, .ofs_y = 1},
    {.bitmap_index = 13321, .adv_w = 280, .box_w = 18, .box_h = 11, .ofs_x = 0, .ofs_y = 0},
    {.bitmap_index = 13392, .adv_w = 224, .box_w = 14, .box_h = 11, .ofs_x = 0, .ofs_y = 0},
    {.bitmap_index = 13421, .adv_w = 224, .box_w = 14, .box_h = 15, .ofs_x = 0, .ofs_y = -2},
    {.bitmap_index = 13493, .adv_w = 224, .box_w = 15, .box_h = 15, .ofs_x = -1, .ofs_y = -2},
    {.bitmap_index = 13572, .adv_w = 196, .box_w = 13, .box_h = 13, .ofs_x = 0, .ofs_y = -1},
    {.bitmap_index = 13653, .adv_w = 196, .box_w = 13, .box_h = 15, .ofs_x = 0, .ofs_y = -2},
    {.bitmap_index = 13701, .adv_w = 196, .box_w = 13, .box_h = 13, .ofs_x = 0, .ofs_y = -1},
    {.bitmap_index = 13757, .adv_w = 196, .box_w = 13, .box_h = 12, .ofs_x = 0, .ofs_y = -1},
    {.bitmap_index = 13797, .adv_w = 224, .box_w = 14, .box_h = 11, .ofs_x = 0, .ofs_y = 0},
    {.bitmap_index = 13850, .adv_w = 140, .box_w = 10, .box_h = 15, .ofs_x = -1, .ofs_y = -2},
    {.bitmap_index = 13906, .adv_w = 196, .box_w = 13, .box_h = 15, .ofs_x = 0, .ofs_y = -2},
    {.bitmap_index = 13969, .adv_w = 196, .box_w = 13, .box_h = 15, .ofs_x = 0, .ofs_y = -2},
    {.bitmap_index = 14035, .adv_w = 252, .box_w = 16, .box_h = 11, .ofs_x = 0, .ofs_y = 0},
    {.bitmap_index = 14108, .adv_w = 224, .box_w = 16, .box_h = 15, .ofs_x = -1, .ofs_y = -2},
    {.bitmap_index = 14185, .adv_w = 168, .box_w = 11, .box_h = 15, .ofs_x = 0, .ofs_y = -2},
    {.bitmap_index = 14217, .adv_w = 280, .box_w = 18, .box_h = 13, .ofs_x = 0, .ofs_y = -1},
    {.bitmap_index = 14314, .adv_w = 280, .box_w = 18, .box_h = 10, .ofs_x = 0, .ofs_y = 0},
    {.bitmap_index = 14366, .adv_w = 280, .box_w = 18, .box_h = 10, .ofs_x = 0, .ofs_y = 0},
    {.bitmap_index = 14421, .adv_w = 280, .box_w = 18, .box_h = 10, .ofs_x = 0, .ofs_y = 0},
    {.bitmap_index = 14476, .adv_w = 280, .box_w = 18, .box_h = 10, .ofs_x = 0, .ofs_y = 0},
    {.bitmap_index = 14531, .adv_w = 280, .box_w = 18, .box_h = 10, .ofs_x = 0, .ofs_y = 0},
    {.bitmap_index = 14580, .adv_w = 280, .box_w = 18, .box_h = 12, .ofs_x = 0, .ofs_y = -1},
    {.bitmap_index = 14660, .adv_w = 196, .box_w = 12, .box_h = 15, .ofs_x = 0, .ofs_y = -2},
    {.bitmap_index = 14744, .adv_w = 196, .box_w = 13, .box_h = 15, .ofs_x = 0, .ofs_y = -2},
    {.bitmap_index = 14800, .adv_w = 224, .box_w = 15, .box_h = 15, .ofs_x = -1, .ofs_y = -2},
    {.bitmap_index = 14877, .adv_w = 280, .box_w = 18, .box_h = 11, .ofs_x = 0, .ofs_y = 0},
    {.bitmap_index = 14955, .adv_w = 168, .box_w = 11, .box_h = 15, .ofs_x = 0, .ofs_y = -2},
    {.bitmap_index = 14991, .adv_w = 225, .box_w = 15, .box_h = 10, .ofs_x = 0, .ofs_y = 0}
};

/*---------------------
 *  CHARACTER MAPPING
 *--------------------*/

static const uint16_t unicode_list_4[] = {
    0x0, 0x12, 0xcfed, 0xcff4, 0xcff7, 0xcff8, 0xcff9, 0xcffd,
    0xcfff, 0xd001, 0xd005, 0xd008, 0xd00d, 0xd012, 0xd013, 0xd014,
    0xd02a, 0xd02f, 0xd034, 0xd037, 0xd038, 0xd039, 0xd03d, 0xd03e,
    0xd03f, 0xd040, 0xd053, 0xd054, 0xd05a, 0xd05c, 0xd05d, 0xd060,
    0xd063, 0xd064, 0xd065, 0xd067, 0xd07f, 0xd081, 0xd0b0, 0xd0b1,
    0xd0b3, 0xd0b5, 0xd0cc, 0xd0d3, 0xd0d6, 0xd0df, 0xd108, 0xd110,
    0xd147, 0xd1d7, 0xd22c, 0xd22d, 0xd22e, 0xd22f, 0xd230, 0xd273,
    0xd27f, 0xd2d9, 0xd2f0, 0xd546, 0xd7ae, 0xd88e
};

/*Collect the unicode lists and glyph_id offsets*/
static const lv_font_fmt_txt_cmap_t cmaps[] =
{
    {
        .range_start = 32, .range_length = 95, .glyph_id_start = 1,
        .unicode_list = NULL, .glyph_id_ofs_list = NULL, .list_length = 0, .type = LV_FONT_FMT_TXT_CMAP_FORMAT0_TINY
    },
    {
        .range_start = 160, .range_length = 13, .glyph_id_start = 96,
        .unicode_list = NULL, .glyph_id_ofs_list = NULL, .list_length = 0, .type = LV_FONT_FMT_TXT_CMAP_FORMAT0_TINY
    },
    {
        .range_start = 174, .range_length = 155, .glyph_id_start = 109,
        .unicode_list = NULL, .glyph_id_ofs_list = NULL, .list_length = 0, .type = LV_FONT_FMT_TXT_CMAP_FORMAT0_TINY
    },
    {
        .range_start = 330, .range_length = 54, .glyph_id_start = 264,
        .unicode_list = NULL, .glyph_id_ofs_list = NULL, .list_length = 0, .type = LV_FONT_FMT_TXT_CMAP_FORMAT0_TINY
    },
    {
        .range_start = 8212, .range_length = 55439, .glyph_id_start = 318,
        .unicode_list = unicode_list_4, .glyph_id_ofs_list = NULL, .list_length = 62, .type = LV_FONT_FMT_TXT_CMAP_SPARSE_TINY
    }
};

/*-----------------
 *    KERNING
 *----------------*/


/*Map glyph_ids to kern left classes*/
static const uint8_t kern_left_class_mapping[] =
{
    0, 0, 0, 1, 0, 0, 0, 2,
    1, 3, 0, 4, 5, 6, 5, 6,
    7, 8, 9, 10, 11, 12, 13, 14,
    15, 11, 8, 16, 16, 0, 17, 18,
    0, 19, 0, 0, 0, 0, 0, 0,
    0, 0, 0, 0, 0, 0, 0, 0,
    0, 0, 0, 0, 0, 0, 0, 0,
    0, 0, 0, 0, 3, 20, 0, 4,
    21, 0, 0, 0, 0, 0, 0, 0,
    0, 0, 0, 0, 0, 0, 0, 0,
    0, 0, 0, 0, 0, 0, 0, 0,
    0, 0, 0, 0, 3, 9, 0, 5,
    0, 22, 23, 0, 0, 0, 0, 0,
    0, 19, 0, 0, 0, 24, 0, 4,
    17, 0, 0, 0, 25, 9, 26, 0,
    0, 0, 27, 0, 0, 0, 28, 0,
    0, 0, 0, 0, 0, 0, 0, 0,
    0, 0, 0, 0, 0, 0, 0, 0,
    0, 0, 0, 0, 0, 0, 29, 0,
    0, 0, 0, 0, 0, 0, 0, 0,
    0, 0, 0, 0, 0, 0, 0, 0,
    0, 0, 0, 0, 0, 0, 0, 0,
    0, 0, 0, 0, 0, 0, 5, 0,
    0, 0, 0, 0, 0, 0, 0, 0,
    0, 0, 0, 0, 0, 0, 0, 0,
    0, 0, 0, 0, 0, 0, 0, 0,
    0, 0, 0, 0, 0, 0, 0, 0,
    0, 0, 0, 0, 0, 0, 0, 0,
    0, 0, 0, 0, 0, 0, 0, 0,
    0, 0, 0, 0, 0, 0, 0, 0,
    0, 0, 0, 0, 0, 0, 0, 0,
    0, 0, 0, 0, 0, 0, 0, 0,
    0, 0, 0, 0, 0, 0, 0, 0,
    0, 0, 0, 0, 0, 0, 0, 0,
    0, 0, 0, 0, 0, 0, 0, 0,
    0, 0, 0, 0, 0, 0, 0, 0,
    0, 0, 0, 0, 0, 0, 0, 0,
    0, 0, 0, 0, 0, 0, 0, 0,
    0, 0, 0, 0, 0, 0, 0, 0,
    0, 0, 0, 0, 0, 0, 0, 6,
    0, 0, 0, 0, 0, 0, 0, 0,
    0, 0, 0, 0, 0, 0, 0, 0,
    0, 0, 0, 0, 0, 0, 0, 0,
    0, 0, 0, 0, 0, 0, 0, 0,
    0, 0, 0, 0, 0, 0, 0, 0,
    0, 0, 0, 0, 0, 0, 0, 0,
    0, 0, 0, 0, 0, 0, 0, 0,
    0, 0, 0, 0
};

/*Map glyph_ids to kern right classes*/
static const uint8_t kern_right_class_mapping[] =
{
    0, 1, 2, 3, 4, 5, 0, 6,
    3, 0, 7, 8, 9, 10, 9, 10,
    11, 12, 13, 14, 15, 16, 17, 12,
    18, 19, 20, 21, 21, 22, 23, 0,
    24, 25, 0, 0, 0, 0, 0, 0,
    0, 0, 0, 0, 0, 0, 0, 0,
    0, 0, 0, 0, 0, 0, 0, 0,
    0, 0, 0, 0, 0, 26, 7, 8,
    27, 0, 0, 0, 0, 0, 0, 0,
    0, 0, 0, 0, 0, 0, 0, 0,
    0, 0, 0, 0, 0, 0, 0, 0,
    0, 0, 0, 0, 0, 28, 7, 9,
    0, 0, 29, 0, 0, 0, 0, 0,
    0, 25, 0, 30, 31, 32, 0, 8,
    23, 0, 0, 0, 0, 33, 9, 0,
    0, 0, 34, 0, 0, 0, 0, 0,
    0, 0, 0, 0, 0, 0, 0, 0,
    0, 0, 0, 0, 0, 0, 0, 0,
    0, 0, 0, 0, 0, 0, 34, 0,
    0, 0, 0, 0, 0, 0, 0, 0,
    0, 0, 0, 0, 0, 0, 0, 0,
    0, 0, 0, 0, 0, 0, 0, 0,
    0, 0, 0, 0, 0, 0, 9, 0,
    0, 0, 0, 0, 0, 0, 0, 0,
    0, 0, 0, 0, 0, 0, 0, 0,
    0, 0, 0, 0, 0, 0, 0, 0,
    0, 0, 0, 0, 0, 0, 0, 0,
    0, 0, 0, 0, 0, 0, 0, 0,
    0, 0, 0, 0, 0, 0, 0, 0,
    0, 0, 0, 0, 0, 0, 0, 0,
    0, 0, 0, 0, 0, 0, 0, 0,
    0, 0, 0, 0, 0, 0, 0, 0,
    0, 0, 0, 0, 0, 0, 0, 0,
    0, 0, 0, 0, 0, 0, 0, 0,
    0, 0, 0, 0, 0, 0, 0, 0,
    0, 0, 0, 0, 0, 0, 0, 0,
    0, 0, 0, 0, 0, 0, 0, 0,
    0, 0, 0, 0, 0, 0, 0, 0,
    0, 0, 0, 0, 0, 0, 0, 0,
    0, 0, 0, 0, 0, 0, 0, 10,
    0, 0, 0, 0, 0, 0, 0, 0,
    0, 0, 0, 0, 0, 0, 0, 0,
    0, 0, 0, 0, 0, 0, 0, 0,
    0, 0, 0, 0, 0, 0, 0, 0,
    0, 0, 0, 0, 0, 0, 0, 0,
    0, 0, 0, 0, 0, 0, 0, 0,
    0, 0, 0, 0, 0, 0, 0, 0,
    0, 0, 0, 0
};

/*Kern values between classes*/
static const int8_t kern_class_values[] =
{
    0, 0, 0, 0, 0, -8, 0, 0,
    0, -19, 0, 0, 0, 0, 0, -14,
    0, 0, 0, 0, 0, 0, 0, 0,
    0, 0, 0, 0, -4, 0, 0, 0,
    0, 0, 0, 0, -8, 0, 0, 0,
    0, 0, 0, 0, 0, 0, 0, 0,
    0, 0, 0, 0, 0, 0, 0, 0,
    0, 0, 0, -14, 0, 0, 0, 0,
    0, -5, 0, 0, 0, 0, 0, 0,
    0, 0, 0, 0, 0, 0, 0, 0,
    0, 0, 0, 0, 0, 0, 0, 0,
    0, 0, 0, 0, 0, 0, 0, 1,
    -2, 0, 0, 0, 0, 0, 0, 0,
    0, 0, 0, -8, 0, 0, 0, -31,
    0, 0, 0, 0, 0, -10, 0, 0,
    0, 0, 0, 0, 0, 0, -3, 0,
    -15, 0, 0, 0, 0, 0, 0, 0,
    0, 0, 0, 0, 0, 0, 0, 0,
    0, 0, 0, 0, 0, -7, -2, 0,
    0, -5, 0, 0, 0, 0, 0, 0,
    0, -11, 0, 0, 0, 0, 0, 0,
    -3, 0, -2, -1, -20, 0, 0, 0,
    0, 0, 0, 0, 0, -6, -20, 0,
    -6, 0, -3, -4, -5, -2, 0, 0,
    0, -20, -10, 0, 0, 0, 0, 0,
    0, 0, -11, 0, 0, 0, 0, 0,
    0, 0, 0, 0, 0, -9, 0, 0,
    0, 0, 0, 0, 0, 0, 0, 0,
    0, 0, 0, 0, 0, 1, 0, 0,
    0, 0, 0, 0, 0, 0, 0, 0,
    0, 0, 0, 0, 0, 0, 0, -6,
    0, 0, 0, 0, 0, 0, 0, -4,
    0, 0, 0, 0, 0, 0, 0, -3,
    -10, 0, 0, 0, 0, 0, 0, 0,
    0, 0, 0, 0, 0, 0, 1, 0,
    0, 0, 0, 0, 0, 0, 0, 0,
    0, 0, 0, 0, 0, 0, 0, 0,
    0, 0, 1, 0, 0, 0, 0, 0,
    0, 0, 0, 0, 0, 0, 0, 0,
    0, 0, 0, 0, 0, 0, 0, 0,
    0, -3, 0, 0, 0, 0, 0, 0,
    0, 0, 0, 0, 0, 0, 0, 0,
    0, 0, 0, 0, 0, 0, 0, 0,
    0, 0, 0, -3, 0, -5, 0, 0,
    0, 0, 0, 0, 0, 0, 0, 0,
    0, 0, 0, 0, 0, 0, 0, 0,
    0, -8, 0, 0, 0, 0, 0, 0,
    0, 0, 0, 0, 0, -6, 0, -8,
    0, 0, -6, 0, 0, 0, 0, 0,
    0, 0, 0, 0, 0, 0, 0, 0,
    0, 0, 0, 0, 0, -1, -9, 0,
    0, 0, 0, 0, 0, 0, 0, 0,
    0, -6, 0, 0, 0, 0, 0, 0,
    0, 0, 0, 0, 0, 0, 0, 0,
    0, 0, 0, 0, 0, 0, 0, -1,
    0, 0, 0, 0, 0, 0, 0, 0,
    0, 0, 0, -7, 0, 0, 0, 0,
    0, 0, 0, 0, 0, 0, 0, 0,
    0, 0, 0, 0, -10, 0, 0, 0,
    0, 0, 0, 0, 0, 0, 0, -13,
    0, -10, 0, 0, 0, -28, 0, -3,
    0, 0, -4, -13, -2, 4, -3, -2,
    -8, -20, 0, 0, 0, 0, -36, 0,
    -11, -14, 0, 0, 0, 0, 0, 0,
    0, 0, 0, 0, 0, 0, 0, 0,
    0, 0, 0, 0, 0, 0, 0, 0,
    0, 0, 0, 0, 0, 0, 0, -14,
    0, 0, 0, 0, 0, 0, 0, 0,
    0, 0, 0, 0, 0, 0, 0, 0,
    0, 0, 0, 0, 0, 0, 0, 0,
    0, 0, 0, 0, 0, 0, 0, 0,
    0, -15, 0, 0, 0, 0, 0, 0,
    0, 0, 0, 0, 0, 0, 0, 0,
    0, 0, 0, 0, 0, 0, 0, 0,
    0, 0, 0, -17, 0, 0, 0, 0,
    0, 0, 0, -17, 0, 0, 0, 0,
    0, 0, 0, 0, 0, 0, 0, 0,
    0, 0, 0, 0, 0, -10, -9, 0,
    0, 0, 0, 0, 0, 0, 0, 0,
    0, 0, 0, 0, 0, -8, -9, 0,
    0, 0, 0, -1, 0, 0, 0, 0,
    -18, 0, -1, 0, 0, -19, -8, 0,
    4, 0, -9, 0, 0, 0, 0, 0,
    0, 0, 0, -3, -11, -14, -8, -11,
    0, 0, -2, -8, -8, -16, -11, -8,
    0, 0, 0, 0, 0, 0, 0, -15,
    0, 0, 0, -10, -24, 0, -10, -13,
    -10, 0, -10, -10, 0, 0, 0, 0,
    -9, -18, 0, 8, 0, 0, 0, 0,
    -10, 0, 0, 0, 0, 0, 0, 0,
    0, 0, 0, 0, 0, 0, 0, 0,
    0, 0, 0, 0, 0, 0, 0, 0,
    0, 0, 0, -8, 0, 0, 0, 0,
    0, 0, 0, 0, 0, 0, -4, 0,
    0, 0, -3, 0, 0, 0, 0, 0,
    -8, 0, 0, 0, 0, 0, 0, 0,
    0, 0, 0, 0, 0, -12, 0, 0,
    0, 0, 0, -3, 0, 0, 0, 0,
    0, 0, 0, -8, 0, 0, 0, 0,
    0, 0, 0, 0, 0, -11, 0, 0,
    0, 0, 0, 0, 0, 0, -1, 0,
    0, 0, -6, 0, 0, 0, 0, 0,
    0, 0, 0, 0, 0, 0, 0, 0,
    -9, 0, -8, 0, 0, 0, 0, 0,
    0, 0, 0, 0, 0, -9, 0, 0,
    0, 0, -8, 0, 0, 0, -8, 0,
    0, 0, 0, 0, 0, 0, 0, 0,
    0, 0, 0, 0, 0, 0, 0, -7,
    -2, 0, 0, -5, 0, 0, 0, 0,
    0, 0, 0, -9, 0, 0, 0, 0,
    0, 0, -3, 0, 0, 0, 0, 0,
    0, 0, 0, 0, 0, 0, 0, 0,
    -9, -11, -10, 0, 0, -11, -8, 0,
    0, 0, 0, 0, 0, -14, 0, 0,
    0, 0, 0, 0, 0, 0, 0, 0,
    0, 0, 0, 0, 0, 0, 0, 0,
    0, 0, 0, 0, 0, 0, 0, 0,
    0, 0, 0, 0, 0, 0, 0, -20,
    0, 0, 0, 0, 0, 0, 0, 0,
    0, 0, 0, 0, 0, 0, 0, 0,
    0, 0, 0, 0, 0, 0, 0, 0,
    0, 0, 0, 0, 0, 0, 0, 0,
    0, -9, 0, 0, 0, 0, 0, 0,
    0, 0
};


/*Collect the kern class' data in one place*/
static const lv_font_fmt_txt_kern_classes_t kern_classes =
{
    .class_pair_values   = kern_class_values,
    .left_class_mapping  = kern_left_class_mapping,
    .right_class_mapping = kern_right_class_mapping,
    .left_class_cnt      = 29,
    .right_class_cnt     = 34,
};

/*--------------------
 *  ALL CUSTOM DATA
 *--------------------*/

#if LVGL_VERSION_MAJOR == 8
/*Store all the custom data of the font*/
static  lv_font_fmt_txt_glyph_cache_t cache;
#endif

#if LVGL_VERSION_MAJOR >= 8
static const lv_font_fmt_txt_dsc_t font_dsc = {
#else
static lv_font_fmt_txt_dsc_t font_dsc = {
#endif
    .glyph_bitmap = glyph_bitmap,
    .glyph_dsc = glyph_dsc,
    .cmaps = cmaps,
    .kern_dsc = &kern_classes,
    .kern_scale = 16,
    .cmap_num = 5,
    .bpp = 4,
    .kern_classes = 1,
    .bitmap_format = 1,
#if LVGL_VERSION_MAJOR == 8
    .cache = &cache
#endif
};



/*-----------------
 *  PUBLIC FONT
 *----------------*/

/*Initialize a public general font descriptor*/
#if LVGL_VERSION_MAJOR >= 8
const lv_font_t inter_14 = {
#else
lv_font_t inter_14 = {
#endif
    .get_glyph_dsc = lv_font_get_glyph_dsc_fmt_txt,    /*Function pointer to get glyph's data*/
    .get_glyph_bitmap = lv_font_get_bitmap_fmt_txt,    /*Function pointer to get glyph's bitmap*/
    .line_height = 19,          /*The maximum line height required by the font*/
    .base_line = 4,             /*Baseline measured from the bottom of the line*/
#if !(LVGL_VERSION_MAJOR == 6 && LVGL_VERSION_MINOR == 0)
    .subpx = LV_FONT_SUBPX_NONE,
#endif
#if LV_VERSION_CHECK(7, 4, 0) || LVGL_VERSION_MAJOR >= 8
    .underline_position = -2,
    .underline_thickness = 1,
#endif
    .dsc = &font_dsc,          /*The custom font data. Will be accessed by `get_glyph_bitmap/dsc` */
#if LV_VERSION_CHECK(8, 2, 0) || LVGL_VERSION_MAJOR >= 9
    .fallback = NULL,
#endif
    .user_data = NULL,
};



#endif /*#if INTER_14*/

