/*******************************************************************************
 * Size: 40 px
 * Bpp: 4
 * Opts: --bpp 4 --size 40 --font Inter-Medium-flat.ttf -r 0x20-0x7F,0xA0-0x17F,0x2014,0x2026 --font fa.woff -r 61441,61448,61451,61452,61452,61453,61457,61459,61461,61465,61468,61473,61478,61479,61480,61502,61507,61512,61515,61516,61517,61521,61522,61523,61524,61543,61544,61550,61552,61553,61556,61559,61560,61561,61563,61587,61589,61636,61637,61639,61641,61664,61671,61674,61683,61724,61732,61787,61931,62016,62017,62018,62019,62020,62087,62099,62212,62189,62810,63426,63650 --format lvgl -o stage/inter_40.c --force-fast-kern-format
 ******************************************************************************/

#ifdef LV_LVGL_H_INCLUDE_SIMPLE
#include "lvgl.h"
#else
#include "lvgl.h"
#endif

#ifndef INTER_40
#define INTER_40 1
#endif

#if INTER_40

/*-----------------
 *    BITMAPS
 *----------------*/

/*Store the image of the glyphs*/
static LV_ATTRIBUTE_LARGE_CONST const uint8_t glyph_bitmap[] = {
    /* U+0020 " " */

    /* U+0021 "!" */
    0x4f, 0xfc, 0xe0, 0x1c, 0x20, 0x1f, 0xfc, 0x7,
    0x0, 0xff, 0x18, 0x7, 0xff, 0x0, 0x40, 0x3f,
    0xc2, 0x1, 0xff, 0xc0, 0x30, 0xf, 0xf3, 0x80,
    0x7f, 0xf0, 0x4, 0x3, 0xfc, 0x20, 0x1f, 0x22,
    0x63, 0xb, 0xbc, 0x20, 0x1f, 0xfc, 0x13, 0x99,
    0x20, 0x1e, 0x33, 0x2d, 0xa0, 0x3, 0x58, 0x7,
    0x1e, 0x80, 0x67, 0x67, 0x11, 0x34, 0x80,

    /* U+0022 "\"" */
    0xef, 0xf9, 0x80, 0x15, 0xff, 0x58, 0x7, 0xfc,
    0x26, 0x1, 0x18, 0x0, 0xc0, 0x23, 0x10, 0x8,
    0x40, 0x2, 0x1, 0xff, 0x78, 0x4, 0x2e, 0x1,
    0x38, 0x7, 0xbc, 0x40, 0x21, 0x0, 0x8, 0x7,
    0xfc, 0x60, 0x10, 0x98, 0x4, 0x60, 0x1e, 0x31,
    0x0, 0x84, 0x0, 0x20, 0x10, 0x80, 0x7c, 0xe0,
    0x1a, 0xab, 0x0, 0x45, 0x55, 0x28,

    /* U+0023 "#" */
    0x0, 0xfd, 0x9f, 0xea, 0x0, 0xf4, 0x7f, 0xb8,
    0x3, 0xfe, 0x20, 0x1, 0x0, 0x78, 0x80, 0x4,
    0x1, 0xfe, 0x11, 0x0, 0x34, 0x3, 0xce, 0x0,
    0x50, 0xf, 0xf1, 0x0, 0x4c, 0x1, 0xe2, 0x0,
    0x78, 0x7, 0xf9, 0x40, 0x23, 0x0, 0xe2, 0x0,
    0x88, 0x3, 0xfd, 0xe0, 0x1, 0x0, 0xf3, 0x80,
    0x4a, 0x1, 0xfe, 0x20, 0x2, 0x80, 0x78, 0x80,
    0x21, 0x0, 0xff, 0x28, 0x0, 0x80, 0x3d, 0xa0,
    0x3, 0x0, 0xf1, 0xff, 0xe1, 0x0, 0x37, 0xff,
    0x94, 0x0, 0x7f, 0xf6, 0x80, 0x14, 0x3, 0xff,
    0x92, 0xe0, 0xe, 0x0, 0xff, 0xe4, 0x90, 0x3,
    0x22, 0x23, 0x0, 0xc, 0x47, 0x94, 0x2, 0x88,
    0xd4, 0x0, 0x47, 0x7c, 0x0, 0x57, 0x7f, 0x68,
    0x4, 0xef, 0x88, 0x3, 0xcc, 0x0, 0x20, 0xf,
    0x68, 0x0, 0xc0, 0x3f, 0xe2, 0x0, 0x78, 0x7,
    0x98, 0x0, 0xc0, 0x1f, 0xe3, 0x0, 0x94, 0x3,
    0xc6, 0x0, 0xd0, 0xf, 0xf3, 0x0, 0x44, 0x1,
    0xc4, 0x1, 0x18, 0x7, 0xfb, 0x40, 0x2, 0x20,
    0xe, 0x60, 0x9, 0x80, 0x3d, 0xdf, 0xf3, 0x80,
    0x7, 0xff, 0xd6, 0x1, 0x6f, 0xfc, 0x40, 0x22,
    0x0, 0xff, 0xe4, 0x90, 0x28, 0x7, 0xff, 0x24,
    0x80, 0xd, 0x33, 0x38, 0x4, 0xf3, 0x3e, 0x0,
    0x96, 0x67, 0x0, 0x9, 0x9a, 0xd0, 0xa, 0x59,
    0xb9, 0x0, 0x2f, 0x66, 0x90, 0x3, 0xda, 0x0,
    0x11, 0x0, 0x73, 0x0, 0x4e, 0x1, 0xfe, 0x30,
    0x1, 0x0, 0x78, 0xc0, 0x22, 0x0, 0xff, 0x30,
    0x1, 0x40, 0x3d, 0xa0, 0x2, 0x0, 0xff, 0x88,
    0x1, 0xe0, 0x1e, 0x70, 0x3, 0x80, 0x7f, 0x8c,
    0x2, 0x50, 0xf, 0x10, 0x3, 0x40, 0x3f, 0xcc,
    0x1, 0x10, 0x7, 0x10, 0x4, 0x40, 0x1f, 0x0,

    /* U+0024 "$" */
    0x0, 0xff, 0x19, 0x80, 0x3f, 0xf8, 0xe7, 0x98,
    0x20, 0xf, 0xff, 0xf8, 0x7, 0x92, 0xb7, 0x0,
    0x1b, 0xd9, 0x4, 0x1, 0xfc, 0x9b, 0x6a, 0x40,
    0x18, 0x4d, 0xf6, 0x0, 0x3e, 0x8b, 0x20, 0xf,
    0xf9, 0xf4, 0x40, 0x34, 0x38, 0x7, 0x10, 0x0,
    0xc0, 0x38, 0xb4, 0x2, 0x37, 0x0, 0xcf, 0xdc,
    0x0, 0x77, 0xd0, 0x80, 0x47, 0x0, 0x9, 0x0,
    0xd9, 0x2, 0x1, 0xcb, 0xe4, 0x1, 0x38, 0x1,
    0x40, 0x26, 0x30, 0xf, 0xc3, 0x20, 0x18, 0xc4,
    0x3, 0x60, 0x7, 0xf9, 0x13, 0x80, 0x3c, 0x60,
    0x1f, 0xf5, 0xde, 0x31, 0x0, 0xd6, 0x1, 0xff,
    0xc5, 0x50, 0x8, 0xac, 0x40, 0x3f, 0xf8, 0x72,
    0x1, 0x93, 0xa9, 0x40, 0x3f, 0xf8, 0x27, 0x20,
    0x1c, 0xb2, 0x0, 0xa2, 0x0, 0xff, 0x35, 0x88,
    0x7, 0xcf, 0xba, 0x82, 0x0, 0xfc, 0x9c, 0xe2,
    0x1, 0xf1, 0x3e, 0xd0, 0x80, 0x7e, 0x8e, 0xb6,
    0x20, 0xf, 0x97, 0x90, 0x3, 0xf9, 0x27, 0x80,
    0x6, 0x1, 0xeb, 0x40, 0xf, 0xfe, 0xf, 0x7c,
    0x90, 0x6, 0xa0, 0xf, 0xfe, 0x1b, 0x6b, 0x0,
    0x42, 0xa0, 0x1f, 0xfc, 0x49, 0x10, 0xb, 0xc,
    0xf0, 0x80, 0x7f, 0xf0, 0x10, 0x2, 0x2e, 0xcc,
    0xac, 0x3, 0xff, 0x80, 0x20, 0x19, 0xc0, 0x25,
    0x10, 0xf, 0xf0, 0xa0, 0x4, 0x5e, 0x1, 0xa8,
    0x3, 0xfd, 0x40, 0x1b, 0x54, 0x40, 0x24, 0xd5,
    0x0, 0xf2, 0xf2, 0x0, 0x44, 0x81, 0x40, 0x18,
    0xab, 0xf8, 0x1, 0xfe, 0xa1, 0x0, 0xd2, 0x0,
    0x49, 0x0, 0xf1, 0x0, 0x8, 0x3, 0xd2, 0x80,
    0x13, 0x61, 0x0, 0x7f, 0xf0, 0xb, 0x18, 0x3,
    0x8f, 0x6d, 0x8c, 0x40, 0x30, 0x9b, 0x5e, 0x98,
    0x7, 0xe4, 0x9c, 0xec, 0x0, 0x6f, 0x64, 0xa0,
    0x7, 0xff, 0xec,

    /* U+0025 "%" */
    0x0, 0x9f, 0x3b, 0xf6, 0x48, 0x3, 0xff, 0x82,
    0xbf, 0xf1, 0x80, 0x71, 0x6c, 0x18, 0x81, 0x36,
    0xa0, 0x7, 0xfc, 0x36, 0x0, 0x73, 0x0, 0xef,
    0x20, 0x8, 0x40, 0x2b, 0x20, 0xf, 0xf5, 0x8,
    0x1c, 0x0, 0x72, 0x90, 0x2, 0x3f, 0xb0, 0x2,
    0xb0, 0xf, 0xe6, 0x40, 0x7, 0x0, 0x7b, 0xc0,
    0x4, 0xe0, 0x3, 0x70, 0x3, 0x80, 0x7e, 0x29,
    0x0, 0x41, 0x0, 0x79, 0x80, 0x8, 0x1, 0xb4,
    0x0, 0x20, 0x1f, 0xb8, 0x0, 0x8e, 0x1, 0xff,
    0xc3, 0x10, 0xf, 0xf4, 0x18, 0x2, 0x80, 0x3f,
    0xf8, 0x82, 0x1, 0xfc, 0x6e, 0x0, 0xa1, 0x0,
    0xfc, 0xc0, 0x4, 0x0, 0xd8, 0x0, 0x20, 0xf,
    0x70, 0x1, 0x54, 0x1, 0xfd, 0xe0, 0x2, 0x91,
    0x13, 0x30, 0x0, 0xa0, 0x1d, 0x24, 0x3, 0x60,
    0x1f, 0xe5, 0x30, 0x3, 0x77, 0x24, 0x0, 0x32,
    0x1, 0x91, 0x80, 0x14, 0x20, 0x1f, 0xf6, 0x98,
    0x7, 0x87, 0x44, 0x3, 0x50, 0x1, 0x90, 0x3,
    0xff, 0x80, 0x39, 0x48, 0x44, 0x48, 0xf3, 0x0,
    0xd4, 0x20, 0x52, 0x1, 0xff, 0xc3, 0x5b, 0xdd,
    0x5b, 0x88, 0x6, 0x55, 0x0, 0x38, 0x3, 0xff,
    0x9c, 0x36, 0x0, 0x73, 0x0, 0xff, 0xe7, 0x50,
    0x81, 0x40, 0x6, 0x17, 0xbd, 0xc9, 0x20, 0xf,
    0xfe, 0x1b, 0x20, 0x3, 0x80, 0x32, 0x74, 0x21,
    0x1b, 0x6b, 0x80, 0x7f, 0xf0, 0x4a, 0x40, 0x10,
    0x60, 0x11, 0x58, 0x7, 0xd0, 0xc0, 0x1f, 0xfc,
    0xe, 0x0, 0x1b, 0x80, 0x69, 0x0, 0xd, 0xfe,
    0x98, 0x2, 0x0, 0x3f, 0xe7, 0x30, 0x7, 0x0,
    0x61, 0x40, 0x4, 0x20, 0x17, 0x80, 0x5, 0x0,
    0x3f, 0x8a, 0x0, 0x12, 0x40, 0x18, 0x80, 0x24,
    0x0, 0x8c, 0x40, 0x6, 0x1, 0xfd, 0xe0, 0x4,
    0x60, 0xe, 0x70, 0x8, 0x80, 0x31, 0x80, 0x3c,
    0x3, 0xf4, 0x10, 0xd, 0x0, 0x7f, 0xf3, 0x8d,
    0xc0, 0x16, 0x20, 0x1e, 0x70, 0x8, 0x40, 0x31,
    0x80, 0x3c, 0x3, 0xee, 0x0, 0x2a, 0x80, 0x3e,
    0x20, 0x9, 0x0, 0x22, 0x10, 0x1, 0x0, 0x7a,
    0x48, 0x6, 0xc0, 0x3f, 0x9, 0x80, 0x20, 0x80,
    0x12, 0x1, 0x28, 0x7, 0x23, 0x0, 0x28, 0x40,
    0x3f, 0xa0, 0x0, 0x5b, 0xde, 0x80, 0x8, 0x0,
    0xe1, 0xa0, 0x3, 0x20, 0x7, 0xf9, 0x24, 0x2,
    0x10, 0x9, 0x9c, 0x3, 0xac, 0x40, 0xa4, 0x3,
    0xff, 0x80, 0xd8, 0xa4, 0x2, 0x97, 0x20, 0x0,

    /* U+0026 "&" */
    0x0, 0xf9, 0xaf, 0xbf, 0xb2, 0x8, 0x3, 0xff,
    0x86, 0x7d, 0x28, 0x20, 0x26, 0xfa, 0xe0, 0x1f,
    0xfc, 0x13, 0xc1, 0x0, 0xfd, 0xe, 0x1, 0xff,
    0xc0, 0xe0, 0xc, 0x4a, 0x80, 0x1a, 0x8, 0x3,
    0xfc, 0x84, 0x1, 0x4e, 0xd5, 0xf1, 0x80, 0x56,
    0x1, 0xfe, 0xc0, 0x9, 0x58, 0x2, 0x1f, 0x0,
    0x94, 0x3, 0xfc, 0x40, 0x16, 0x0, 0x71, 0x0,
    0x44, 0x1, 0xfe, 0x30, 0x8, 0x40, 0x38, 0x80,
    0x22, 0x0, 0xff, 0x70, 0x5, 0x80, 0x1d, 0x0,
    0x12, 0x0, 0x7f, 0x98, 0x2, 0x43, 0x0, 0xa9,
    0x0, 0x29, 0x0, 0xff, 0xa, 0x80, 0x5c, 0x5,
    0x8a, 0x1, 0x58, 0x80, 0x7f, 0xd6, 0x20, 0x2,
    0xcd, 0x30, 0xa, 0x50, 0x3, 0xff, 0x80, 0x34,
    0x1, 0x18, 0x4, 0x36, 0xc0, 0x1f, 0xfc, 0x24,
    0x30, 0xe, 0x4f, 0x40, 0xf, 0xfe, 0x10, 0xd9,
    0x80, 0x76, 0x88, 0x7, 0xff, 0x8, 0xfd, 0x0,
    0x3d, 0x28, 0x1, 0xc6, 0x71, 0x0, 0x62, 0xd1,
    0x0, 0x98, 0x80, 0x2b, 0x30, 0xd, 0x99, 0x78,
    0x6, 0xc1, 0x0, 0xa6, 0x58, 0x20, 0x16, 0x90,
    0x0, 0x40, 0x21, 0x0, 0xa0, 0x40, 0x2b, 0x60,
    0x1c, 0x0, 0x87, 0xc4, 0x14, 0x2, 0x70, 0x9,
    0x80, 0x26, 0x40, 0x8, 0xac, 0x2, 0x2d, 0xd,
    0x0, 0xb0, 0x2, 0x10, 0xb, 0x40, 0x39, 0x28,
    0x2, 0x3b, 0x60, 0x9, 0x0, 0x2, 0x1, 0x9c,
    0x3, 0xcb, 0x0, 0x12, 0x0, 0x46, 0x60, 0x0,
    0x80, 0x65, 0x0, 0xf9, 0xdc, 0x1, 0xe8, 0x0,
    0xc6, 0x1, 0x58, 0x7, 0xe8, 0x20, 0xc, 0x88,
    0x0, 0xd2, 0x1, 0x16, 0x98, 0x7, 0x2e, 0x10,
    0x6, 0x42, 0x0, 0xca, 0xa0, 0x8, 0xb3, 0x6a,
    0x97, 0xf4, 0x60, 0x1e, 0xf0, 0xe, 0xa3, 0x0,
    0xc4, 0xaa, 0x40, 0xe, 0x40, 0x8, 0xa8, 0x3,
    0xb2, 0x0, 0x3f, 0xc5, 0x37, 0x20, 0x12, 0xb8,
    0x7, 0x3f, 0x42, 0x8, 0x0, 0x4d, 0xaf, 0x58,
    0x19, 0x80, 0x14, 0x20,

    /* U+0027 "'" */
    0xef, 0xf9, 0x80, 0x38, 0xc0, 0x23, 0x10, 0x8,
    0x40, 0x39, 0xc0, 0x27, 0x10, 0x8, 0x40, 0x38,
    0xc0, 0x23, 0x10, 0x8, 0x40, 0x3a, 0xab, 0x0,

    /* U+0028 "(" */
    0x0, 0xf1, 0x16, 0x0, 0xf2, 0xee, 0xdc, 0x1,
    0xe8, 0x0, 0xa4, 0x3, 0x98, 0x80, 0x2, 0xa0,
    0x1d, 0x60, 0x14, 0x80, 0x71, 0x90, 0x4, 0xa0,
    0x1d, 0x20, 0x11, 0x90, 0x7, 0x20, 0x5, 0x40,
    0x1c, 0x82, 0x1, 0x20, 0x7, 0x68, 0x4, 0x44,
    0x0, 0xe4, 0x0, 0x90, 0x3, 0xc4, 0x1, 0x60,
    0x7, 0x20, 0x6, 0x70, 0xe, 0x30, 0x8, 0x48,
    0x3, 0xb8, 0x2, 0x20, 0xf, 0x10, 0x4, 0xc0,
    0x1e, 0x60, 0x8, 0x80, 0x3c, 0x60, 0x17, 0x0,
    0x78, 0x40, 0x3f, 0xf8, 0x46, 0x1, 0xff, 0xc9,
    0x30, 0xf, 0x8, 0x4, 0x20, 0x1e, 0x20, 0xb,
    0x80, 0x3c, 0xc0, 0x12, 0x80, 0x7b, 0x40, 0x22,
    0x0, 0xf1, 0x80, 0x42, 0x40, 0x1c, 0x80, 0x19,
    0x0, 0x3c, 0x60, 0x16, 0x80, 0x7a, 0xc0, 0x24,
    0x0, 0xf3, 0x0, 0x65, 0x0, 0xe1, 0x40, 0xb,
    0x80, 0x3d, 0xc0, 0x12, 0x8, 0x7, 0x29, 0x0,
    0x52, 0x1, 0xeb, 0x0, 0x98, 0x3, 0xcc, 0x40,
    0x1, 0x60, 0xf, 0x48, 0x5, 0x60,

    /* U+0029 ")" */
    0x2, 0x28, 0x40, 0x38, 0x77, 0x6e, 0x20, 0xc,
    0x2c, 0x1, 0x40, 0x7, 0x58, 0x4, 0xa4, 0x1,
    0x89, 0x0, 0x2b, 0x0, 0xed, 0x0, 0x98, 0x3,
    0x98, 0x3, 0x30, 0x7, 0x28, 0x5, 0xa0, 0x1d,
    0x80, 0x12, 0x0, 0x73, 0x80, 0x65, 0x0, 0xc2,
    0x40, 0x16, 0x0, 0x72, 0x0, 0x4a, 0x1, 0xde,
    0x1, 0x18, 0x7, 0x20, 0x6, 0x30, 0xc, 0x40,
    0x19, 0x80, 0x38, 0x40, 0x2d, 0x0, 0xe5, 0x0,
    0x88, 0x3, 0x84, 0x2, 0x10, 0xe, 0x30, 0x9,
    0xc0, 0x3f, 0xf9, 0xa6, 0x1, 0xfc, 0x20, 0x13,
    0x0, 0x73, 0x0, 0x46, 0x1, 0xc4, 0x1, 0x78,
    0x6, 0x30, 0xc, 0xa0, 0x19, 0x40, 0x31, 0x80,
    0x6c, 0x0, 0x8c, 0x3, 0x94, 0x2, 0x40, 0xc,
    0x80, 0x1a, 0x80, 0x36, 0x80, 0x44, 0x40, 0xc,
    0xc0, 0x15, 0x0, 0x65, 0x0, 0xcc, 0x1, 0xa4,
    0x2, 0x61, 0x0, 0x8c, 0xc0, 0x15, 0x80, 0x69,
    0x0, 0x98, 0x80, 0x21, 0x50, 0xa, 0x0, 0x30,

    /* U+002A "*" */
    0x0, 0xf1, 0x7f, 0xc0, 0x1f, 0xfc, 0x13, 0x0,
    0x8, 0x7, 0xf0, 0x80, 0x42, 0x0, 0x30, 0xc,
    0x20, 0x12, 0xf3, 0x0, 0x70, 0x80, 0x51, 0xc4,
    0x0, 0xb0, 0x9c, 0x20, 0x10, 0x8, 0xf5, 0xc2,
    0x40, 0xc0, 0x23, 0xd7, 0x0, 0xa7, 0x8, 0x0,
    0xc2, 0x7d, 0x2, 0x0, 0x81, 0x3, 0x60, 0x1,
    0x56, 0x88, 0x1, 0xfa, 0x4, 0x3, 0x8a, 0x75,
    0x40, 0x3c, 0xaa, 0x0, 0xe4, 0x70, 0xf, 0x15,
    0x6a, 0x0, 0x73, 0x74, 0x8, 0x0, 0x6b, 0x54,
    0x0, 0x62, 0x4, 0x40, 0x3, 0xf4, 0x1, 0xa8,
    0x5, 0x38, 0x0, 0x1d, 0x70, 0x9, 0x80, 0x9c,
    0x17, 0x98, 0x4, 0x2, 0x8d, 0x30, 0xb0, 0x4,
    0x55, 0x4, 0x3, 0x8, 0x0, 0xb2, 0x94, 0x2,
    0x50, 0x8, 0x40, 0x6, 0x1, 0x94, 0x3, 0xff,
    0x9a, 0x37, 0x6a, 0x0, 0xf8,

    /* U+002B "+" */
    0x0, 0xfc, 0x24, 0x50, 0x7, 0xff, 0x12, 0x37,
    0x64, 0x0, 0xff, 0xff, 0x80, 0x7f, 0xfa, 0xa,
    0xab, 0xe4, 0x0, 0xbe, 0xab, 0xd2, 0xca, 0xbf,
    0x10, 0x4, 0x8a, 0xbe, 0x60, 0xf, 0xfe, 0xe2,
    0x7f, 0xfc, 0xc0, 0x15, 0xff, 0xfc, 0x1, 0xff,
    0xff, 0x0, 0xff, 0xfa, 0x80,

    /* U+002C "," */
    0x0, 0x2a, 0xe4, 0x0, 0x55, 0x6c, 0x2, 0x0,
    0xd8, 0xc, 0x1, 0x90, 0x8, 0x2, 0x40, 0x7,
    0x80, 0x5a, 0x0, 0x20, 0x9, 0x0, 0xa, 0x0,
    0x22, 0x0, 0x4, 0x0, 0xa0, 0x2, 0x0, 0xb0,
    0x0, 0xe0, 0x12, 0x0, 0x8, 0x0, 0x80, 0x10,

    /* U+002D "-" */
    0x2b, 0xbf, 0xfe, 0x4, 0xa, 0x27, 0xff, 0x0,
    0xc0, 0x3f, 0xfa, 0x0,

    /* U+002E "." */
    0x3, 0xaa, 0x20, 0x26, 0x2a, 0xad, 0x7c, 0x3,
    0x40, 0x7, 0x1e, 0x80, 0x66, 0x64, 0x8, 0x9a,
    0x0,

    /* U+002F "/" */
    0x0, 0xff, 0x3c, 0x41, 0xc0, 0x3f, 0x86, 0x1d,
    0xd8, 0x1, 0xfc, 0xe0, 0x16, 0x0, 0x7f, 0x60,
    0x4, 0xa0, 0x1f, 0xc8, 0x0, 0x12, 0x0, 0xfc,
    0x62, 0x0, 0x40, 0xf, 0xe4, 0x0, 0xbc, 0x3,
    0xfb, 0x0, 0x24, 0x0, 0xfe, 0x40, 0x1, 0x8,
    0x7, 0xe4, 0x0, 0x94, 0x3, 0xfb, 0x40, 0x2c,
    0x0, 0xfe, 0x40, 0x9, 0x0, 0x3f, 0x9, 0x0,
    0x10, 0x3, 0xf9, 0xc0, 0x2c, 0x0, 0xfe, 0xc0,
    0x9, 0x0, 0x3f, 0x90, 0x0, 0x26, 0x1, 0xf8,
    0xc4, 0x0, 0x80, 0x1f, 0xc8, 0x1, 0x60, 0x7,
    0xf6, 0x0, 0x4e, 0x1, 0xfc, 0x80, 0x2, 0x10,
    0xf, 0xc8, 0x1, 0x20, 0x7, 0xf6, 0x0, 0x5a,
    0x1, 0xfc, 0xa0, 0x12, 0x0, 0x7e, 0x12, 0x0,
    0x20, 0x7, 0xf2, 0x0, 0x58, 0x1, 0xfd, 0xe0,
    0x12, 0x0, 0x7f, 0x20, 0x0, 0x4c, 0x3, 0xf1,
    0x8, 0x1, 0x0, 0x3f, 0x94, 0x2, 0xc0, 0xf,
    0xec, 0x0, 0x9c, 0x3, 0xf9, 0x0, 0x4, 0x20,
    0x1f, 0x90, 0x2, 0x40, 0xf, 0xec, 0x0, 0xb4,
    0x3, 0xf9, 0x40, 0x24, 0x0, 0xfc, 0x24, 0x0,
    0x30, 0xf, 0xe0,

    /* U+0030 "0" */
    0x0, 0xf0, 0xb5, 0xef, 0xfb, 0x69, 0x40, 0x3f,
    0xf8, 0xf, 0xd2, 0x84, 0x0, 0x25, 0xae, 0x50,
    0xf, 0xeb, 0x80, 0xf, 0xe1, 0xa8, 0x0, 0xfa,
    0x90, 0x3, 0x88, 0x80, 0x1c, 0xee, 0x0, 0xe5,
    0x50, 0x4, 0x33, 0xfb, 0xaf, 0x80, 0xd, 0x4,
    0x1, 0xac, 0x2, 0x1c, 0x60, 0xc, 0xf6, 0x1,
    0xb8, 0x2, 0x61, 0x0, 0xac, 0x80, 0x3c, 0x8e,
    0x1, 0x19, 0x80, 0x14, 0x1, 0x12, 0x80, 0x7e,
    0x90, 0xd, 0x40, 0x26, 0x1, 0x50, 0x7, 0xf0,
    0xa8, 0x4, 0xe0, 0xa0, 0x19, 0x40, 0x3f, 0xde,
    0x1, 0x8, 0x8c, 0x3, 0x10, 0x7, 0xf9, 0xc0,
    0x32, 0xe8, 0x4, 0x60, 0x1f, 0xf1, 0x0, 0x62,
    0x10, 0x9, 0xc0, 0x3f, 0xf8, 0x2, 0x1, 0x8,
    0x6, 0x10, 0xf, 0xfe, 0x1, 0x80, 0x5e, 0xe0,
    0x11, 0x80, 0x7f, 0xf0, 0x4, 0x2, 0x17, 0x0,
    0x8c, 0x3, 0xff, 0x80, 0x20, 0x10, 0x80, 0x61,
    0x0, 0xff, 0xe0, 0x18, 0x6, 0x10, 0x9, 0xc0,
    0x3f, 0xf8, 0x2, 0x1, 0x7e, 0x80, 0x46, 0x1,
    0xff, 0x10, 0x6, 0x33, 0x0, 0x62, 0x0, 0xff,
    0x38, 0x6, 0x55, 0x0, 0x64, 0x0, 0xff, 0x60,
    0x4, 0x23, 0x18, 0x5, 0x60, 0x1f, 0xc2, 0xc0,
    0x13, 0x80, 0x28, 0x2, 0x25, 0x0, 0xfd, 0x20,
    0x1a, 0x80, 0xe, 0x20, 0x15, 0x90, 0x7, 0x91,
    0xc0, 0x23, 0x30, 0x0, 0x60, 0x2, 0x1d, 0x60,
    0x8, 0x5e, 0xc0, 0x37, 0x80, 0x66, 0x40, 0xd,
    0x3f, 0xba, 0xe8, 0x0, 0xce, 0x60, 0x1d, 0x68,
    0x1, 0xc4, 0x40, 0xe, 0x68, 0x0, 0xfa, 0xe0,
    0x3, 0xf8, 0x6a, 0x40, 0x3f, 0x9f, 0xa5, 0x8,
    0x0, 0x49, 0x5c, 0xa0, 0x1c,

    /* U+0031 "1" */
    0x0, 0xf3, 0xff, 0xf3, 0x0, 0x61, 0xb8, 0x0,
    0xfe, 0x5f, 0x40, 0xf, 0xe9, 0xa1, 0x0, 0xfc,
    0x3a, 0xc0, 0x10, 0xd8, 0x7, 0x19, 0x0, 0x4b,
    0xe8, 0x1, 0xfd, 0x34, 0x20, 0x1f, 0x8b, 0x58,
    0x3, 0xf9, 0xb4, 0x80, 0x3f, 0x8a, 0x40, 0x3f,
    0xff, 0xe0, 0x1f, 0xff, 0xf0, 0xf, 0xff, 0xf8,
    0x7, 0xff, 0x54,

    /* U+0032 "2" */
    0x0, 0xf2, 0xd6, 0xff, 0xbb, 0x20, 0x80, 0x3f,
    0xc9, 0xd4, 0xa4, 0x0, 0x13, 0x7d, 0xa1, 0x0,
    0xfa, 0x6c, 0x40, 0x3f, 0x97, 0xc8, 0x3, 0x9d,
    0x80, 0x30, 0x9a, 0x10, 0x6, 0x1f, 0x10, 0x8,
    0xa0, 0x2, 0x1a, 0xec, 0xbd, 0xd2, 0x0, 0x45,
    0x60, 0x14, 0x0, 0x6c, 0x50, 0xc, 0x56, 0xa0,
    0x12, 0x88, 0x1, 0x40, 0x28, 0x20, 0xf, 0xac,
    0x3, 0x38, 0x10, 0x6, 0x50, 0xf, 0xc2, 0x60,
    0x17, 0x0, 0xc, 0xf1, 0x0, 0x7f, 0x38, 0x7,
    0x16, 0x66, 0x0, 0xff, 0x30, 0x5, 0xe0, 0x1f,
    0xfc, 0x32, 0x20, 0x4, 0x80, 0x1f, 0xfc, 0x38,
    0x0, 0x88, 0xc0, 0x3f, 0xf8, 0x4c, 0xa0, 0x14,
    0x0, 0x7f, 0xf0, 0x8e, 0x40, 0x24, 0x50, 0xf,
    0xfe, 0x9, 0x68, 0x4, 0x34, 0x1, 0xff, 0xc1,
    0x2c, 0x10, 0xb, 0x44, 0x3, 0xff, 0x80, 0x58,
    0x20, 0x15, 0x98, 0x7, 0xff, 0x0, 0x7c, 0x40,
    0x2a, 0x40, 0xf, 0xfe, 0x0, 0xe1, 0x0, 0x52,
    0xa0, 0x1f, 0xfc, 0x1, 0xc2, 0x0, 0xa5, 0x80,
    0x3f, 0xf8, 0x3, 0x84, 0x1, 0x43, 0x0, 0x7f,
    0xf0, 0x7, 0x8, 0x2, 0x87, 0x0, 0xff, 0xe0,
    0xe, 0x10, 0x4, 0xee, 0x0, 0xff, 0xe0, 0xe,
    0x10, 0x4, 0xf0, 0x1, 0xff, 0xc0, 0x1c, 0x20,
    0x9, 0xe0, 0x3, 0xff, 0x83, 0x84, 0x1, 0x9b,
    0xbb, 0xff, 0x80, 0x6, 0x40, 0x1c, 0x23, 0xff,
    0xc1, 0x0, 0xff, 0xef, 0x80,

    /* U+0033 "3" */
    0x0, 0xf2, 0x4e, 0x77, 0xfb, 0x69, 0x80, 0x3f,
    0xc9, 0xb6, 0xc6, 0x20, 0x2, 0x59, 0xe5, 0x0,
    0xfa, 0x6c, 0x80, 0x3f, 0x86, 0xa4, 0x3, 0xa5,
    0x80, 0x38, 0xd0, 0xc0, 0x39, 0x9c, 0x2, 0x46,
    0x0, 0x86, 0x7f, 0x2f, 0x3e, 0x40, 0x34, 0x8,
    0x3, 0xc0, 0x21, 0xf6, 0x0, 0xe6, 0xb0, 0xc,
    0xc0, 0x4, 0x0, 0xa0, 0x40, 0x3e, 0x44, 0x0,
    0x58, 0x0, 0x66, 0xce, 0x1, 0xfc, 0x60, 0x13,
    0x80, 0x26, 0x70, 0x80, 0x7f, 0x8, 0x4, 0xe0,
    0x1f, 0xfc, 0x47, 0x0, 0xb0, 0x3, 0xff, 0x87,
    0x42, 0x1, 0x30, 0x7, 0xff, 0x0, 0x9b, 0x54,
    0x2, 0xa1, 0x0, 0xfc, 0xdf, 0xf6, 0xc9, 0x0,
    0x6, 0xd4, 0x3, 0xff, 0x8b, 0x3c, 0x80, 0x1f,
    0xfc, 0x69, 0xb4, 0x0, 0xff, 0x13, 0x31, 0x50,
    0x40, 0x24, 0xb9, 0x0, 0xfe, 0x49, 0x95, 0x5f,
    0x59, 0x0, 0x4d, 0x0, 0x1f, 0xfc, 0x24, 0xd3,
    0x0, 0x9c, 0x80, 0x3f, 0xf8, 0x7c, 0x1, 0xa8,
    0x3, 0xff, 0x86, 0x46, 0x1, 0x20, 0x7, 0xff,
    0x11, 0x80, 0x21, 0xaf, 0xfb, 0x40, 0x3f, 0xe6,
    0x0, 0x84, 0x80, 0x22, 0x20, 0x7, 0xf1, 0x18,
    0x4, 0xd6, 0x1, 0xb8, 0x40, 0x3e, 0x1e, 0x0,
    0xde, 0x66, 0x0, 0x8f, 0xd8, 0x40, 0x21, 0x6f,
    0x30, 0x8, 0xd4, 0x38, 0x40, 0x21, 0x9e, 0xe6,
    0xf7, 0x24, 0x40, 0x21, 0xe0, 0x1, 0x60, 0x80,
    0x70, 0x90, 0x80, 0x70, 0xe1, 0x0, 0x45, 0xce,
    0x1, 0xff, 0x3f, 0x10, 0x7, 0xa3, 0xa9, 0x48,
    0x40, 0x4, 0x93, 0xd0, 0x1, 0x80,

    /* U+0034 "4" */
    0x0, 0xff, 0xe0, 0x47, 0xff, 0x20, 0x7, 0xff,
    0xc, 0xdc, 0x3, 0xff, 0x93, 0xc0, 0x1f, 0xfc,
    0x97, 0x20, 0xf, 0xfe, 0x41, 0x40, 0x7, 0xff,
    0x27, 0x80, 0x26, 0x0, 0xff, 0xe2, 0xb1, 0x80,
    0x6, 0x40, 0x3f, 0xf8, 0x83, 0x20, 0x15, 0x80,
    0x7f, 0xf1, 0x68, 0x2, 0x45, 0x0, 0xff, 0xe2,
    0x2a, 0x0, 0x54, 0x1, 0xff, 0xc4, 0x1b, 0x0,
    0xa4, 0x40, 0x3f, 0xf8, 0x96, 0x20, 0x3, 0x60,
    0xf, 0xfe, 0x22, 0x28, 0x5, 0xc0, 0x1f, 0xfc,
    0x5a, 0x0, 0x9c, 0x80, 0x3f, 0xf8, 0x92, 0x20,
    0x2, 0x80, 0xf, 0xfe, 0x21, 0xb0, 0x5, 0x20,
    0x1f, 0xfc, 0x5e, 0x0, 0x99, 0x0, 0x3f, 0xf8,
    0x90, 0x40, 0x1, 0x80, 0xf, 0xfe, 0x21, 0xb8,
    0x5, 0x62, 0x1, 0xff, 0xc4, 0x80, 0xd, 0x39,
    0x9f, 0x80, 0x34, 0xe6, 0x42, 0xe0, 0x18, 0xcf,
    0xf8, 0x3, 0x11, 0x9c, 0x1, 0xff, 0xe3, 0xcf,
    0xff, 0xfe, 0x8, 0x6, 0xbf, 0xf8, 0x40, 0x3f,
    0xff, 0xe0, 0x1f, 0xfd, 0xc0,

    /* U+0035 "5" */
    0x0, 0x57, 0xff, 0xff, 0xd, 0xc0, 0x26, 0x0,
    0xff, 0xe3, 0x90, 0x7, 0xff, 0x1c, 0x40, 0x23,
    0x3f, 0xfe, 0x1, 0x0, 0x8, 0x3, 0x66, 0x7f,
    0xf0, 0x14, 0x0, 0x20, 0x10, 0x80, 0x7f, 0xf0,
    0xd8, 0x2, 0x20, 0xf, 0xfe, 0x19, 0x0, 0x4c,
    0x1, 0xff, 0xc3, 0xe0, 0x8, 0x80, 0x3f, 0xf8,
    0x64, 0x1, 0x70, 0x1, 0x62, 0x64, 0xe6, 0x1,
    0xf3, 0x80, 0x47, 0x1f, 0x4e, 0xcc, 0x8c, 0xd4,
    0x0, 0xe2, 0x0, 0xad, 0xc0, 0x3e, 0x2b, 0x80,
    0xc, 0x20, 0x10, 0x80, 0x7f, 0x9e, 0x0, 0x4,
    0x1, 0xc9, 0x5d, 0xfd, 0x68, 0x1, 0x9d, 0x0,
    0xb6, 0xa1, 0xb2, 0xd4, 0x40, 0x52, 0xe0, 0x3,
    0x50, 0x0, 0x95, 0xe4, 0xc0, 0x3e, 0x76, 0x0,
    0x85, 0x40, 0x3f, 0xf8, 0x52, 0x1, 0xb0, 0x3,
    0xff, 0x86, 0xa0, 0x12, 0x80, 0x7f, 0xf0, 0xc8,
    0x2, 0x20, 0xf, 0xfe, 0x1f, 0x80, 0x7f, 0xf1,
    0xf8, 0x2, 0x3a, 0xff, 0xac, 0x3, 0xfc, 0x80,
    0x13, 0x90, 0x4, 0x82, 0x1, 0xf9, 0x8, 0x2,
    0xcb, 0x0, 0xd4, 0x1, 0xf1, 0x50, 0x4, 0x2c,
    0x68, 0x1, 0x26, 0x18, 0x6, 0x5c, 0x10, 0xa,
    0x0, 0x14, 0x20, 0x11, 0xe7, 0x66, 0x3e, 0x84,
    0x2, 0x56, 0x0, 0xe, 0x8, 0x6, 0x13, 0x30,
    0x7, 0x2d, 0x0, 0x62, 0xf5, 0x0, 0xfe, 0x19,
    0xa0, 0xf, 0xd, 0x6b, 0x98, 0x80, 0x5, 0x27,
    0x98, 0x3, 0x0,

    /* U+0036 "6" */
    0x0, 0xf9, 0x2b, 0x7f, 0xdd, 0x8e, 0x40, 0x1f,
    0xf2, 0x6d, 0xa9, 0x0, 0x4, 0xe3, 0x68, 0x40,
    0x3f, 0x35, 0x90, 0x7, 0xf2, 0xf9, 0x0, 0x79,
    0x64, 0x3, 0xc2, 0x1, 0xc3, 0x84, 0x1, 0x8a,
    0x80, 0x33, 0xef, 0xf7, 0xd1, 0x80, 0x43, 0x20,
    0x1a, 0x40, 0x21, 0xd8, 0x20, 0x9, 0x71, 0x0,
    0x24, 0x30, 0x1, 0x20, 0x5, 0xa4, 0x1, 0xf5,
    0x0, 0x6b, 0x0, 0x58, 0x4, 0xa6, 0x1, 0xf8,
    0x72, 0xaa, 0xb0, 0x3, 0x80, 0x52, 0x1, 0xfe,
    0x35, 0x58, 0xc0, 0x84, 0x0, 0x26, 0x1, 0x23,
    0xcc, 0x39, 0x80, 0x7c, 0xe0, 0x12, 0x80, 0x17,
    0xae, 0x19, 0xe3, 0x35, 0x0, 0x3b, 0x40, 0x22,
    0xa, 0xa0, 0x80, 0x78, 0xae, 0x0, 0x31, 0x0,
    0x43, 0x2a, 0x1, 0xfe, 0x79, 0x0, 0x84, 0x2,
    0x66, 0x0, 0x1b, 0x3f, 0xb1, 0x40, 0x33, 0x28,
    0x1, 0xc0, 0x21, 0x1, 0xc9, 0x30, 0x13, 0xaa,
    0x0, 0x6b, 0x0, 0xfd, 0x46, 0x1, 0xe5, 0x90,
    0x8, 0x58, 0x3, 0xca, 0x80, 0x1f, 0x98, 0x40,
    0x2d, 0x7, 0x0, 0xdc, 0x1, 0xfe, 0x60, 0x9,
    0x40, 0x80, 0x32, 0x80, 0x7f, 0xb8, 0x2, 0x10,
    0xe0, 0xf, 0xfe, 0x49, 0x80, 0x62, 0x0, 0xff,
    0x70, 0x4, 0x20, 0x80, 0x1a, 0xc0, 0x3f, 0xca,
    0x1, 0x28, 0x1, 0x40, 0x26, 0x10, 0xf, 0xca,
    0x40, 0x16, 0x80, 0x24, 0x2, 0x1d, 0x0, 0xf8,
    0xac, 0x3, 0x38, 0x0, 0xd4, 0x2, 0x3d, 0x40,
    0xc, 0xda, 0x20, 0x14, 0x8, 0x5, 0x64, 0x1,
    0x15, 0xf6, 0x6f, 0xc8, 0x6, 0x47, 0x0, 0xc3,
    0x84, 0x1, 0x84, 0xc8, 0x3, 0x92, 0xc0, 0x3c,
    0x3a, 0xc0, 0x1f, 0xe8, 0xb0, 0xf, 0xe9, 0xe8,
    0x41, 0x0, 0xa, 0x4f, 0x38, 0x7, 0x0,

    /* U+0037 "7" */
    0x3f, 0xff, 0xfe, 0x38, 0x80, 0x7f, 0xf7, 0xc4,
    0x7f, 0xf8, 0x40, 0x1e, 0x3e, 0xef, 0xfe, 0x11,
    0x0, 0x46, 0x20, 0x1f, 0xfc, 0x26, 0x20, 0xa,
    0x0, 0x3f, 0xf8, 0x70, 0x1, 0x1a, 0x0, 0x7f,
    0xf0, 0x98, 0x40, 0x28, 0x0, 0xff, 0xe1, 0xc0,
    0x4, 0x68, 0x1, 0xff, 0xc2, 0x61, 0x0, 0xa0,
    0x3, 0xff, 0x87, 0x0, 0x11, 0xa0, 0x7, 0xff,
    0x9, 0x84, 0x2, 0x80, 0xf, 0xfe, 0x1c, 0x0,
    0x46, 0x80, 0x1f, 0xfc, 0x26, 0x10, 0xb, 0xc0,
    0x3f, 0xf8, 0x70, 0x1, 0x21, 0x80, 0x7f, 0xf0,
    0x9c, 0x40, 0x28, 0x0, 0xff, 0xe1, 0xc8, 0x4,
    0x86, 0x1, 0xff, 0xc2, 0x71, 0x0, 0xa0, 0x3,
    0xff, 0x87, 0x20, 0x12, 0x18, 0x7, 0xff, 0x9,
    0xc4, 0x2, 0x80, 0xf, 0xfe, 0x1c, 0x80, 0x48,
    0x60, 0x1f, 0xfc, 0x27, 0x10, 0xa, 0x0, 0x3f,
    0xf8, 0x72, 0x1, 0x21, 0x80, 0x7f, 0xf0, 0x9c,
    0x40, 0x28, 0x0, 0xff, 0xe1, 0xc8, 0x4, 0x86,
    0x1, 0xff, 0xc2, 0x71, 0x0, 0xa0, 0x3, 0xff,
    0x87, 0x20, 0x12, 0x98, 0x7, 0xff, 0x9, 0xc4,
    0x2, 0x80, 0xf, 0xfe, 0x1c, 0x80, 0x4a, 0x40,
    0x1f, 0xfc, 0x0,

    /* U+0038 "8" */
    0x0, 0xf2, 0x4e, 0x77, 0xf6, 0xd2, 0x0, 0x7f,
    0x93, 0x6d, 0x8c, 0x40, 0x49, 0x6f, 0x94, 0x3,
    0xe7, 0xb2, 0x0, 0xfe, 0x1a, 0x90, 0xe, 0x68,
    0x0, 0xc2, 0x8a, 0x82, 0x1, 0x9a, 0x40, 0x21,
    0x90, 0xd, 0x3d, 0x75, 0x7d, 0x42, 0x1, 0x31,
    0x80, 0x18, 0x3, 0x5b, 0x0, 0x72, 0xe8, 0x6,
    0xa0, 0x6, 0x80, 0x46, 0x80, 0x1f, 0x1a, 0x80,
    0x48, 0x0, 0x10, 0x9, 0x40, 0x3f, 0xb4, 0x3,
    0xc4, 0x1, 0x18, 0x7, 0xf7, 0x80, 0x42, 0x0,
    0xc0, 0x9, 0x0, 0x3f, 0x94, 0x2, 0x40, 0x2,
    0x88, 0x0, 0x68, 0x3, 0xe8, 0x20, 0xa, 0x40,
    0x2d, 0x0, 0x97, 0x14, 0x40, 0x52, 0xdc, 0x2,
    0xa1, 0x0, 0x8f, 0x8, 0x0, 0x75, 0xdf, 0xd6,
    0x80, 0x1, 0xa5, 0x0, 0xe3, 0xd8, 0x0, 0xfe,
    0x6e, 0x50, 0xf, 0x26, 0xc0, 0x7, 0xf3, 0x73,
    0x0, 0x73, 0xd9, 0x0, 0x44, 0xce, 0xc6, 0x1,
    0xc, 0xc8, 0x2, 0x58, 0x0, 0x8b, 0x36, 0x62,
    0x73, 0x4c, 0x2, 0x68, 0x0, 0x58, 0x4, 0x7a,
    0x60, 0x1c, 0x58, 0x80, 0x13, 0x93, 0x8, 0x5,
    0xe0, 0x1f, 0xd4, 0x1, 0xab, 0x0, 0x22, 0x30,
    0xf, 0xe1, 0x40, 0x9, 0x58, 0x2, 0x60, 0xf,
    0xf8, 0x80, 0x23, 0x0, 0xce, 0x1, 0xff, 0x18,
    0x4, 0x2a, 0x1, 0x18, 0x80, 0x7f, 0x90, 0x2,
    0x3c, 0x0, 0xd4, 0x1, 0xfd, 0x22, 0x1, 0x5a,
    0x90, 0x4, 0x98, 0x60, 0x1c, 0x54, 0xc0, 0x10,
    0xb0, 0x78, 0x80, 0x47, 0x9b, 0x53, 0x5b, 0xa5,
    0x0, 0xd4, 0x20, 0x5a, 0x20, 0x18, 0x95, 0x94,
    0x80, 0x3a, 0x90, 0x2, 0x3e, 0x70, 0xf, 0xf9,
    0x75, 0x40, 0x3d, 0x1d, 0x2a, 0x40, 0x11, 0x24,
    0x6d, 0x10, 0x4,

    /* U+0039 "9" */
    0x0, 0xf2, 0xd6, 0xff, 0xbb, 0x20, 0x80, 0x3f,
    0xe6, 0xea, 0x52, 0x0, 0x9, 0xbe, 0xd9, 0x0,
    0x7e, 0xa9, 0x10, 0xf, 0xe4, 0xc3, 0x0, 0xf5,
    0x28, 0x7, 0x11, 0x88, 0x6, 0x1c, 0x30, 0xc,
    0xca, 0x1, 0x9f, 0xb7, 0x3b, 0x54, 0x3, 0x70,
    0x6, 0x80, 0xd, 0x90, 0x20, 0x11, 0x54, 0x0,
    0x44, 0xe0, 0x5, 0x10, 0xa, 0x4c, 0x3, 0xe7,
    0x50, 0xa, 0x80, 0x18, 0x1, 0xb, 0x0, 0x7f,
    0x40, 0x4, 0x46, 0x4, 0x1, 0x20, 0x7, 0xf8,
    0x84, 0x2, 0xb0, 0x70, 0x8, 0xc0, 0x3f, 0xe3,
    0x0, 0x8c, 0x1c, 0x2, 0x20, 0xf, 0xf8, 0x80,
    0x26, 0x2, 0x0, 0x90, 0x3, 0xfc, 0xa0, 0x18,
    0xc3, 0x0, 0x34, 0x0, 0x7f, 0x40, 0x6, 0x10,
    0x51, 0x0, 0x9d, 0x80, 0x3c, 0x36, 0x40, 0x1f,
    0x58, 0x6, 0x9b, 0x41, 0x2, 0x7f, 0x40, 0x10,
    0xf, 0x2b, 0x0, 0x64, 0xbe, 0xfd, 0x81, 0x2,
    0xb0, 0xf, 0xa5, 0xc0, 0x3f, 0xc7, 0x80, 0x18,
    0x80, 0x34, 0x59, 0x80, 0x7c, 0xf8, 0x24, 0x1,
    0x30, 0x7, 0x26, 0x6c, 0xbb, 0x3d, 0x7c, 0x0,
    0x38, 0x2, 0x20, 0xf, 0x89, 0xa2, 0x61, 0x40,
    0x32, 0x0, 0x58, 0x1, 0xff, 0xc4, 0x22, 0x0,
    0x48, 0xd, 0xff, 0x84, 0x3, 0xfa, 0xc0, 0x23,
    0x10, 0x40, 0xc, 0xc0, 0x1f, 0x8d, 0x80, 0x2a,
    0x0, 0x11, 0x0, 0x28, 0x30, 0xf, 0x16, 0x80,
    0x42, 0xc0, 0x14, 0x80, 0x6c, 0x71, 0x0, 0xb,
    0xe8, 0x80, 0x54, 0x1, 0x91, 0x80, 0x34, 0x77,
    0x3f, 0xa0, 0x3, 0x3a, 0x0, 0x74, 0xa8, 0x7,
    0x8, 0x7, 0x9a, 0x0, 0x3e, 0xa9, 0x0, 0xfe,
    0x19, 0x90, 0x7, 0xf3, 0x74, 0xa0, 0x80, 0x5,
    0x27, 0x98, 0x3, 0xc0,

    /* U+003A ":" */
    0x7, 0xee, 0x48, 0x34, 0x8, 0x9a, 0x34, 0x3,
    0x30, 0x7, 0x1f, 0x80, 0x6b, 0x4c, 0x55, 0x5b,
    0x1, 0xd5, 0x10, 0x3, 0xff, 0xcc, 0x75, 0x44,
    0x4, 0xc5, 0x55, 0xaf, 0x80, 0x68, 0x0, 0xe3,
    0xd0, 0xc, 0xcc, 0x81, 0x13, 0x40,

    /* U+003B ";" */
    0x0, 0x15, 0xfe, 0x18, 0x5, 0x88, 0x7, 0x82,
    0x8, 0x20, 0x19, 0x1, 0xc0, 0x3e, 0x33, 0x0,
    0x44, 0xa0, 0xc, 0x84, 0x7c, 0x0, 0xcf, 0x70,
    0x20, 0x1f, 0xff, 0xf5, 0x5c, 0x80, 0x15, 0x56,
    0xc0, 0x1, 0x0, 0x6c, 0x0, 0x30, 0x6, 0x40,
    0x1, 0x0, 0x48, 0x1, 0x78, 0x5, 0xa0, 0x11,
    0x0, 0x48, 0x1, 0x28, 0x0, 0x88, 0x1, 0x8,
    0x1, 0x40, 0x22, 0x0, 0xb0, 0x2, 0x70, 0x9,
    0x0, 0x22, 0x0, 0x20, 0x6,

    /* U+003C "<" */
    0x0, 0xff, 0xec, 0xa6, 0x20, 0x7, 0xff, 0xd,
    0x72, 0xcc, 0x3, 0xff, 0x84, 0xbb, 0x46, 0x1,
    0xff, 0xc2, 0x6d, 0xa2, 0x0, 0xff, 0xe1, 0x37,
    0x49, 0x0, 0x72, 0xa8, 0x3, 0xe7, 0xe9, 0x10,
    0xc, 0x2f, 0xd4, 0x20, 0x18, 0x63, 0xa0, 0x40,
    0x31, 0x4f, 0x40, 0x80, 0x61, 0x8e, 0x71, 0x0,
    0xc7, 0x5a, 0xc0, 0x1c, 0x33, 0xce, 0x1, 0xc9,
    0x98, 0x50, 0xf, 0xad, 0x80, 0x39, 0xb6, 0xcc,
    0x3, 0xff, 0x84, 0x7d, 0x24, 0x1, 0xff, 0xc4,
    0x3c, 0x50, 0xf, 0xfe, 0x4, 0x98, 0x6, 0x2a,
    0xe7, 0x10, 0xf, 0xe3, 0xcc, 0x20, 0x6, 0x18,
    0xe9, 0x20, 0xf, 0xe3, 0xbc, 0x50, 0xe, 0x6d,
    0xa3, 0x0, 0xfe, 0x3a, 0xd5, 0x0, 0xe5, 0xcc,
    0x28, 0x7, 0xf1, 0x56, 0xb0, 0x7, 0x1d, 0x6b,
    0x0, 0x7f, 0x14, 0xf3, 0x0, 0x71, 0x4a, 0x0,
    0x7f, 0x86, 0x79, 0xc0, 0x3f, 0xf8, 0xc3, 0x1d,
    0x2, 0x1, 0xff, 0xc5, 0x17, 0xe8, 0x10, 0xf,
    0xfe, 0x33, 0xf2, 0x0,

    /* U+003D "=" */
    0x9c, 0xcf, 0xfe, 0x2b, 0x29, 0x9f, 0xff, 0x14,
    0x40, 0x3f, 0xfb, 0x59, 0xff, 0xff, 0xc5, 0x70,
    0xf, 0xff, 0xf8, 0x4e, 0x67, 0xff, 0x15, 0x94,
    0xcf, 0xff, 0x8a, 0x20, 0x1f, 0xfd, 0xa0,

    /* U+003E ">" */
    0x0, 0xff, 0xe4, 0x44, 0x90, 0x7, 0xff, 0x14,
    0x5b, 0x68, 0x80, 0x3f, 0xf8, 0xcb, 0xb6, 0x60,
    0x1f, 0xfc, 0x64, 0xcb, 0x30, 0xf, 0xfa, 0x8c,
    0x3, 0x93, 0x30, 0x80, 0x1f, 0xc7, 0x98, 0x50,
    0xe, 0x3b, 0xc5, 0x0, 0xfe, 0x3a, 0xd6, 0x0,
    0xe3, 0xad, 0x50, 0xf, 0xe2, 0x9f, 0x81, 0x0,
    0xc5, 0x5a, 0xc0, 0x1f, 0xe7, 0xea, 0x30, 0xc,
    0x53, 0xcc, 0x1, 0xfe, 0x5c, 0xb4, 0x0, 0xc3,
    0x2a, 0x1, 0xff, 0x25, 0xe0, 0x80, 0x7f, 0xf1,
    0x5, 0xf4, 0x40, 0x3f, 0xf8, 0x45, 0x3d, 0x2,
    0x1, 0x99, 0x0, 0x3e, 0x4b, 0xd6, 0x0, 0xe6,
    0xe9, 0x10, 0xe, 0x5c, 0xb4, 0x0, 0xe7, 0xe9,
    0x10, 0xe, 0x7e, 0xa3, 0x0, 0xc3, 0x1d, 0x2,
    0x1, 0x86, 0x3e, 0x4, 0x3, 0xc, 0x73, 0x88,
    0x7, 0xa1, 0xc0, 0x38, 0x67, 0x9c, 0x3, 0xff,
    0x84, 0x53, 0xcc, 0x1, 0xff, 0xc2, 0x2a, 0xd6,
    0x0, 0xff, 0xe1, 0x1d, 0xea, 0x80, 0x7f, 0xf0,
    0xe3, 0x10, 0x3, 0xff, 0x8a,

    /* U+003F "?" */
    0x0, 0xe4, 0x9d, 0xef, 0xec, 0x83, 0x0, 0xfc,
    0x59, 0x6c, 0x42, 0x2, 0x6f, 0x96, 0x20, 0x1c,
    0x7a, 0x60, 0x1f, 0xc9, 0xe4, 0x1, 0x16, 0x0,
    0x71, 0xa9, 0x80, 0x61, 0xc1, 0x0, 0x40, 0x6,
    0x6e, 0xca, 0xce, 0x40, 0x8, 0x64, 0x5, 0x40,
    0x25, 0x91, 0x0, 0x86, 0xc8, 0x2, 0x50, 0x50,
    0xd, 0x0, 0x1f, 0x58, 0x4, 0x42, 0x6, 0x72,
    0x10, 0x7, 0xc4, 0x1, 0xc9, 0x99, 0x58, 0x7,
    0xe2, 0x0, 0xff, 0xe3, 0x50, 0x4, 0x22, 0x0,
    0xff, 0xe0, 0x39, 0x80, 0x4c, 0x1, 0xff, 0xc0,
    0x98, 0x0, 0x86, 0x40, 0x3f, 0xc7, 0xac, 0x1,
    0xb0, 0x40, 0x3f, 0x9b, 0x8, 0x2, 0x2d, 0x20,
    0xf, 0xe4, 0x90, 0xc, 0xfa, 0x40, 0x1f, 0xe9,
    0x0, 0xd7, 0x0, 0x1f, 0xf1, 0x10, 0x2, 0xa4,
    0x0, 0xff, 0xe0, 0x38, 0x4, 0x2a, 0x1, 0xff,
    0xc1, 0x20, 0x9, 0x40, 0x3f, 0xf8, 0xc2, 0x1,
    0xff, 0xc2, 0x7f, 0xfa, 0x80, 0x3f, 0xfd, 0x2d,
    0x50, 0x20, 0x1f, 0xfc, 0x2b, 0x95, 0x7c, 0x0,
    0xff, 0xe0, 0x92, 0x0, 0x44, 0xc0, 0x1f, 0xfc,
    0x1, 0x0, 0xe1, 0x0, 0xff, 0xe0, 0x18, 0x80,
    0x65, 0x0, 0xff, 0xe0, 0xe1, 0x81, 0x59, 0x0,
    0x7c,

    /* U+0040 "@" */
    0x0, 0xff, 0xe0, 0x2c, 0x5e, 0xf7, 0xfd, 0xb9,
    0x2a, 0x20, 0x1f, 0xfc, 0x84, 0xbf, 0xa7, 0x42,
    0x10, 0x8, 0x8d, 0xab, 0xa8, 0x80, 0x3f, 0xf8,
    0x87, 0x96, 0x80, 0x1f, 0xfc, 0x25, 0xda, 0x20,
    0xf, 0xfe, 0xb, 0xe1, 0x80, 0x61, 0x47, 0x99,
    0x54, 0xc2, 0x90, 0x6, 0x5d, 0x40, 0xf, 0xfa,
    0xa0, 0x3, 0x2d, 0xf5, 0xc3, 0x31, 0x59, 0xeb,
    0x74, 0xe0, 0x1a, 0xdc, 0x3, 0xfa, 0x54, 0x2,
    0x3d, 0xa4, 0x0, 0xff, 0x14, 0x72, 0x80, 0x50,
    0xc0, 0x1f, 0x33, 0x0, 0x27, 0xc2, 0x0, 0xff,
    0xe1, 0xd, 0x48, 0x5, 0x26, 0x1, 0xc5, 0x20,
    0x13, 0xc0, 0x7, 0xff, 0x19, 0xa4, 0x2, 0xe0,
    0xe, 0x80, 0x9, 0x20, 0x3, 0xe4, 0x66, 0x20,
    0x7, 0xf3, 0x28, 0x0, 0x9c, 0x2, 0x25, 0x0,
    0xa8, 0x3, 0x86, 0x7e, 0xe6, 0x57, 0xf0, 0x15,
    0xfe, 0xa0, 0xa, 0xc0, 0x29, 0x0, 0xa8, 0x2,
    0x71, 0x0, 0xc5, 0x8c, 0x1, 0xe7, 0xc6, 0x0,
    0x8, 0x4, 0x2c, 0x0, 0x14, 0x0, 0x28, 0x5,
    0x40, 0x18, 0x70, 0x80, 0x3f, 0x19, 0x80, 0x3e,
    0xa0, 0xb, 0x40, 0x88, 0x0, 0x32, 0x0, 0xd4,
    0x20, 0x3, 0xbe, 0xfe, 0xa2, 0x0, 0xfe, 0x31,
    0x0, 0x28, 0x38, 0x4, 0x80, 0x19, 0x50, 0x0,
    0x98, 0x82, 0x2, 0xba, 0x80, 0x1f, 0xca, 0x0,
    0x30, 0xd0, 0xb, 0x40, 0x37, 0x80, 0x54, 0x1,
    0xf4, 0x0, 0x7f, 0x10, 0x6, 0x20, 0x9, 0xc0,
    0x32, 0x0, 0x18, 0x40, 0x3e, 0x31, 0x0, 0xfc,
    0x20, 0x10, 0x88, 0x2, 0x30, 0x8, 0x44, 0x0,
    0xf0, 0xf, 0xe2, 0x0, 0xfc, 0x20, 0x19, 0xc0,
    0x21, 0x0, 0x8c, 0x2, 0x30, 0xf, 0xe7, 0x0,
    0xff, 0xe0, 0x8, 0x7, 0xe3, 0x0, 0x8c, 0x3,
    0xf9, 0xc0, 0x3f, 0x18, 0x6, 0x70, 0x8, 0x40,
    0x21, 0x0, 0xb8, 0x3, 0xf8, 0x80, 0x3f, 0x8,
    0x0, 0x80, 0x40, 0x22, 0x0, 0xc4, 0x0, 0x50,
    0xf, 0xc4, 0x20, 0x1f, 0x94, 0x0, 0xe0, 0x60,
    0x13, 0x80, 0x65, 0x0, 0x12, 0x0, 0x7d, 0x40,
    0x1f, 0x88, 0x40, 0x1a, 0x1e, 0x1, 0x60, 0x6,
    0xb0, 0xa, 0x8c, 0x3, 0x95, 0xc0, 0x25, 0x0,
    0xd4, 0x1, 0x28, 0x28, 0x4, 0x80, 0x18, 0xd8,
    0x0, 0x39, 0x4c, 0xaf, 0x94, 0x1, 0x86, 0x44,
    0x4c, 0xe0, 0x4, 0x20, 0x30, 0x8, 0xc4, 0x3,
    0x41, 0x0, 0x4b, 0x35, 0x6, 0x0, 0xb0, 0x9,
    0xbb, 0x92, 0x1, 0x48, 0x4, 0xa0, 0x14, 0x80,
    0x61, 0xc3, 0x0, 0xfd, 0x68, 0xe0, 0x1f, 0xac,
    0x80, 0x2e, 0x0, 0x9c, 0x40, 0x30, 0xe4, 0x98,
    0x4, 0x2d, 0xa8, 0x11, 0x68, 0x1, 0xb, 0x6a,
    0x0, 0x64, 0x30, 0xa, 0x80, 0x3c, 0xd9, 0xfd,
    0xfd, 0x24, 0x1, 0x25, 0xff, 0x7f, 0x49, 0x0,
    0x7b, 0xc0, 0x24, 0x80, 0xf, 0xc2, 0x1, 0xfe,
    0x10, 0xf, 0xf1, 0xb0, 0x4, 0xf2, 0x1, 0xff,
    0xd2, 0x93, 0x0, 0x9b, 0xc, 0x3, 0xff, 0xa3,
    0x86, 0x1, 0x1e, 0x5a, 0x0, 0x7f, 0x85, 0x6d,
    0x80, 0x3f, 0xf8, 0x58, 0xc0, 0x19, 0x2f, 0xf2,
    0x61, 0xd9, 0x8f, 0x39, 0xd4, 0x94, 0x1, 0xff,
    0xc3, 0x9b, 0x20, 0xe, 0x36, 0x78, 0x99, 0x43,
    0x18, 0x4, 0x62, 0x1, 0xff, 0xc3, 0x4d, 0xa4,
    0x0, 0xff, 0xe1, 0xa, 0x80, 0x7f, 0xf1, 0x96,
    0xfa, 0x9d, 0x8, 0x40, 0x2, 0x46, 0xd3, 0x9d,
    0x42, 0x1, 0xf8,

    /* U+0041 "A" */
    0x0, 0xff, 0x6f, 0xff, 0x0, 0x7f, 0xf2, 0xc,
    0x80, 0x39, 0x40, 0x3f, 0xf8, 0xf6, 0x1, 0xee,
    0x0, 0xff, 0xe3, 0xb0, 0x7, 0x90, 0x40, 0x3f,
    0xf8, 0xa8, 0x20, 0x3, 0x50, 0x9, 0x80, 0x3f,
    0xf8, 0xba, 0x1, 0x26, 0x0, 0x56, 0x1, 0xff,
    0xc5, 0x60, 0xb, 0x1c, 0x2, 0x32, 0x0, 0xff,
    0xe1, 0xa8, 0x6, 0x41, 0x20, 0xa, 0x80, 0x3f,
    0xf8, 0x7c, 0x1, 0x20, 0x1, 0x40, 0x26, 0x0,
    0xff, 0xe1, 0xa, 0x0, 0x5a, 0x0, 0xb0, 0x8,
    0x50, 0x3, 0xff, 0x82, 0xe0, 0x19, 0xc0, 0x6,
    0x20, 0x17, 0x0, 0x7f, 0xf0, 0x68, 0x2, 0x21,
    0x0, 0x90, 0x2, 0x50, 0xf, 0xfe, 0x0, 0x98,
    0x4, 0xa0, 0x1b, 0xc0, 0x32, 0x80, 0x7f, 0xcc,
    0x1, 0xa8, 0x3, 0x28, 0x6, 0xe0, 0xf, 0xfa,
    0x80, 0x22, 0x20, 0x7, 0x28, 0x4, 0x82, 0x1,
    0xfc, 0x44, 0x0, 0x94, 0x3, 0xdc, 0x1, 0x98,
    0x3, 0xfa, 0x80, 0x35, 0x0, 0x79, 0x4, 0x2,
    0xb0, 0xf, 0xe6, 0x0, 0x88, 0x80, 0x1f, 0x38,
    0x4, 0x64, 0x1, 0xf2, 0x8, 0x4, 0x5f, 0xff,
    0x98, 0x3, 0x50, 0x7, 0xda, 0x1, 0xff, 0xc6,
    0x60, 0xf, 0x98, 0x3, 0xff, 0x8c, 0x28, 0x1,
    0xca, 0x1, 0x8d, 0x13, 0xfe, 0x0, 0xdc, 0x1,
    0xde, 0x1, 0xba, 0xef, 0xfe, 0x20, 0x9, 0x40,
    0x30, 0xa8, 0x4, 0x64, 0x1, 0xff, 0x50, 0x6,
    0x50, 0x9, 0xc0, 0x35, 0x0, 0x7f, 0xf0, 0x18,
    0x3, 0x70, 0x5, 0x40, 0x19, 0xc0, 0x3f, 0xf8,
    0x2, 0x80, 0x12, 0x8, 0x9, 0x80, 0x48, 0x20,
    0x1f, 0xfc, 0x1d, 0x0, 0xcc, 0xc, 0x1, 0xb8,
    0x3, 0xff, 0x84, 0xc0, 0x1a, 0xc2, 0x80, 0x32,
    0x80, 0x7f, 0xf0, 0xd4, 0x2, 0x32,

    /* U+0042 "B" */
    0xcf, 0xff, 0xfb, 0xb2, 0xc, 0x3, 0xff, 0x8c,
    0x26, 0xf9, 0x64, 0x1, 0xff, 0xc8, 0x4c, 0x20,
    0xf, 0x84, 0xcf, 0xc4, 0x1, 0xc3, 0xe0, 0x1f,
    0x26, 0x67, 0xb7, 0xe8, 0x40, 0x22, 0x70, 0xf,
    0xfe, 0x1a, 0xe0, 0x6, 0xa0, 0xf, 0xfe, 0x21,
    0x38, 0x4, 0x40, 0x1f, 0xfc, 0x5d, 0x0, 0xc2,
    0x1, 0xff, 0xc9, 0x10, 0xf, 0xfe, 0x26, 0x80,
    0x44, 0x1, 0xff, 0xc4, 0x17, 0x0, 0x94, 0x3,
    0xff, 0x86, 0x78, 0x1, 0x14, 0x0, 0x79, 0x9b,
    0xe8, 0xbc, 0x20, 0x2, 0x60, 0x7, 0xc7, 0x33,
    0xe7, 0x40, 0x2, 0xdd, 0x84, 0x3, 0xff, 0x8c,
    0x9c, 0x80, 0x1f, 0xfc, 0x71, 0x5b, 0xa0, 0xf,
    0x97, 0xff, 0xed, 0x92, 0x0, 0x96, 0x80, 0x3f,
    0xf8, 0x44, 0xda, 0xa0, 0x12, 0xa8, 0x3, 0xff,
    0x89, 0x44, 0x1, 0x48, 0x7, 0xff, 0x16, 0xc0,
    0x23, 0x0, 0xff, 0xe2, 0xa8, 0x6, 0x20, 0xf,
    0xfe, 0x48, 0x80, 0x7f, 0xf1, 0x10, 0x3, 0x10,
    0x7, 0xff, 0xc, 0xa0, 0x2, 0x11, 0x0, 0x7f,
    0xf0, 0x45, 0xb0, 0x3, 0x30, 0x7, 0x2e, 0xef,
    0xdd, 0xc9, 0x10, 0x8, 0x64, 0x3, 0xc4, 0x5f,
    0x8, 0x7, 0xe, 0x88, 0x7, 0xff, 0x19, 0x3c,
    0xc0, 0x3f, 0xf8, 0x62, 0x8f, 0xb6, 0x20, 0x10,

    /* U+0043 "C" */
    0x0, 0xfc, 0x4f, 0x7d, 0xff, 0x6d, 0x28, 0x7,
    0xff, 0x8, 0xef, 0x61, 0x4, 0x2, 0x25, 0xaf,
    0x81, 0x0, 0xff, 0x46, 0x20, 0x7, 0xfc, 0xfe,
    0x80, 0x1f, 0xa9, 0xc0, 0x3f, 0xf8, 0x43, 0x6a,
    0x1, 0xe9, 0x50, 0xc, 0x2f, 0x7d, 0xcd, 0xb6,
    0x0, 0xea, 0x30, 0xc, 0xac, 0x1, 0x9f, 0xa1,
    0x4, 0x44, 0x93, 0xc8, 0x1, 0xb8, 0x3, 0x58,
    0x6, 0x98, 0x0, 0xfc, 0x36, 0xa0, 0x11, 0x30,
    0x1, 0x84, 0x2, 0x76, 0x0, 0xff, 0xa8, 0x40,
    0x2a, 0x0, 0x58, 0x4, 0x30, 0x1, 0xff, 0xc1,
    0x90, 0x8, 0xc4, 0x88, 0x1, 0x48, 0x7, 0xff,
    0x9, 0x5d, 0xf1, 0xa0, 0x6, 0x50, 0xf, 0xfe,
    0x11, 0x44, 0x62, 0xf0, 0x8, 0x48, 0x3, 0xff,
    0x90, 0x40, 0x11, 0x0, 0x7f, 0xf2, 0x5c, 0x2,
    0x60, 0xf, 0xff, 0xeb, 0x80, 0x42, 0x1, 0xff,
    0xc9, 0x20, 0x9, 0x40, 0x3f, 0xf9, 0x3e, 0x1,
    0x9, 0x0, 0x7f, 0xf2, 0x10, 0x3, 0x28, 0x7,
    0xff, 0x8, 0xa6, 0x71, 0x14, 0x1, 0x48, 0x7,
    0xff, 0xa, 0x99, 0xb1, 0x85, 0x0, 0x43, 0x0,
    0x1f, 0xfc, 0x16, 0x0, 0x8c, 0x41, 0xc4, 0x2,
    0x75, 0x0, 0xff, 0xa8, 0x40, 0x29, 0x0, 0xac,
    0x3, 0x54, 0x0, 0x7e, 0x1b, 0x50, 0x8, 0xd4,
    0x2, 0x56, 0x0, 0xcf, 0xd0, 0x62, 0x22, 0x49,
    0xe4, 0x0, 0x87, 0x80, 0x3a, 0x54, 0x3, 0xb,
    0xe7, 0x73, 0x6d, 0x80, 0x3b, 0x48, 0x3, 0xd4,
    0xe0, 0x1f, 0xfc, 0x22, 0xc3, 0x0, 0xfd, 0x18,
    0x80, 0x1f, 0xf4, 0x69, 0x80, 0x7f, 0x8e, 0xf6,
    0x10, 0x40, 0x22, 0x5a, 0xf7, 0x0, 0xf0,

    /* U+0044 "D" */
    0xcf, 0xff, 0xf7, 0x65, 0x30, 0x80, 0x7f, 0xf1,
    0xc4, 0xd6, 0x7a, 0x88, 0x3, 0xff, 0x94, 0xba,
    0xe0, 0x1f, 0xe1, 0x1e, 0x0, 0xfd, 0x14, 0x1,
    0xf9, 0x7b, 0xbb, 0xfd, 0x90, 0x40, 0x19, 0x64,
    0x3, 0xff, 0x86, 0x6f, 0xb0, 0x1, 0x99, 0x40,
    0x3f, 0xf8, 0xaf, 0x60, 0x1a, 0xc0, 0x3f, 0xf8,
    0xc8, 0xe0, 0x10, 0xb0, 0x7, 0xff, 0x1a, 0x4,
    0x2, 0xa0, 0xf, 0xfe, 0x3c, 0x80, 0x46, 0x20,
    0x1f, 0xfc, 0x65, 0x0, 0xca, 0x1, 0xff, 0xc6,
    0x20, 0xc, 0x60, 0x1f, 0xfc, 0x73, 0x0, 0xb8,
    0x3, 0xff, 0x96, 0x60, 0x1f, 0xfc, 0x77, 0x0,
    0xff, 0xe5, 0xb8, 0x7, 0xff, 0x2c, 0x40, 0x23,
    0x0, 0xff, 0xe3, 0x90, 0x5, 0xc0, 0x1f, 0xfc,
    0x63, 0x0, 0xc6, 0x1, 0xff, 0xc6, 0xb0, 0xc,
    0x80, 0x1f, 0xfc, 0x66, 0x0, 0x8c, 0x3, 0xff,
    0x8d, 0x2, 0x1, 0x48, 0x7, 0xff, 0x15, 0x5c,
    0x2, 0x25, 0x0, 0xff, 0xe2, 0x45, 0x0, 0x69,
    0x0, 0xff, 0xe1, 0x24, 0x73, 0x80, 0x67, 0x40,
    0xf, 0x2f, 0x77, 0x7f, 0xad, 0xc4, 0x3, 0x34,
    0x0, 0x7e, 0x11, 0xe0, 0xf, 0xd3, 0x20, 0xf,
    0xfe, 0x43, 0x73, 0x0, 0x7f, 0xf1, 0x4, 0xda,
    0xbe, 0x44, 0x3, 0xc0,

    /* U+0045 "E" */
    0xcf, 0xff, 0xfe, 0x2c, 0x0, 0x7f, 0xf7, 0x84,
    0xcf, 0xff, 0x83, 0xc0, 0x19, 0x33, 0x3f, 0xf8,
    0x2c, 0x1, 0xff, 0xff, 0x0, 0xff, 0xf9, 0x26,
    0x67, 0xff, 0x1, 0xc0, 0x38, 0x4c, 0xff, 0xf8,
    0x1c, 0x1, 0xff, 0xdf, 0x5f, 0xff, 0xfe, 0x4,
    0x80, 0x7f, 0xff, 0xc0, 0x3f, 0xff, 0xe0, 0x1f,
    0x2e, 0xef, 0xff, 0x6, 0x0, 0x38, 0x8b, 0xff,
    0x84, 0x1, 0xff, 0xda,

    /* U+0046 "F" */
    0xcf, 0xff, 0xfe, 0x2a, 0x80, 0x7f, 0xf7, 0x84,
    0xcf, 0xff, 0x82, 0x20, 0x19, 0x33, 0x3f, 0xf8,
    0x28, 0x1, 0xff, 0xff, 0x0, 0xff, 0xff, 0x80,
    0x79, 0x33, 0x3f, 0xf8, 0x0, 0x1e, 0x13, 0x3f,
    0xfe, 0x0, 0x7, 0xff, 0x81, 0x7f, 0xff, 0xf8,
    0x0, 0x1f, 0xff, 0xf0, 0xf, 0xff, 0xf8, 0x7,
    0xff, 0xc4,

    /* U+0047 "G" */
    0x0, 0xfc, 0x4f, 0x7d, 0xfe, 0xed, 0xa5, 0x0,
    0xff, 0xe1, 0x1d, 0xec, 0x20, 0x80, 0x4, 0x96,
    0xbd, 0xc0, 0x3f, 0xe8, 0xc4, 0x0, 0xff, 0xa3,
    0x4c, 0x3, 0xf5, 0x38, 0x7, 0xff, 0x8, 0xb1,
    0x0, 0x3d, 0x2a, 0x1, 0x85, 0xf3, 0xb9, 0xb6,
    0xa0, 0x1d, 0x66, 0x1, 0x95, 0x80, 0x33, 0xf4,
    0x18, 0x88, 0x92, 0xb4, 0xc0, 0x37, 0x0, 0x6b,
    0x0, 0xd5, 0x0, 0x1f, 0x8b, 0xc, 0x2, 0x27,
    0x0, 0x30, 0x80, 0x4e, 0xa0, 0x1f, 0xf6, 0x80,
    0x6a, 0x0, 0x58, 0x4, 0x30, 0x1, 0xff, 0xc0,
    0x17, 0x0, 0x88, 0xb0, 0x5, 0x20, 0x1f, 0xfc,
    0x29, 0xbb, 0xc6, 0x80, 0x19, 0x40, 0x3f, 0xf8,
    0x42, 0x89, 0x87, 0xc0, 0x21, 0x20, 0xf, 0xfe,
    0x41, 0x0, 0x4a, 0x1, 0xff, 0xc9, 0x70, 0x8,
    0x40, 0x3f, 0xfa, 0xfd, 0xff, 0xfe, 0x90, 0xf,
    0xfe, 0x73, 0x80, 0x42, 0x1, 0xff, 0xc9, 0x20,
    0x9, 0x40, 0x3f, 0x9d, 0x57, 0xc2, 0x1, 0xbc,
    0x2, 0x12, 0x0, 0xfd, 0x35, 0x5e, 0x30, 0x8,
    0x50, 0x3, 0x28, 0x7, 0xff, 0xc, 0x80, 0x2e,
    0x22, 0x0, 0x52, 0x1, 0xff, 0xc2, 0x40, 0xc,
    0xa1, 0x40, 0x10, 0xc0, 0x7, 0xff, 0x6, 0x0,
    0x21, 0x30, 0x71, 0x0, 0x9d, 0x80, 0x3f, 0xe8,
    0x30, 0x9, 0x80, 0x28, 0x0, 0xd3, 0x0, 0x1f,
    0xd2, 0xe0, 0x10, 0xc8, 0x4, 0xca, 0x1, 0x9f,
    0xa1, 0x4, 0x64, 0x8e, 0x60, 0xd, 0x62, 0x1,
    0xa9, 0x0, 0x30, 0xbd, 0xf7, 0x56, 0xe2, 0x1,
    0xa1, 0x40, 0x3d, 0x6e, 0x1, 0xff, 0xc3, 0xa7,
    0x0, 0xfd, 0x18, 0x80, 0x1f, 0xf2, 0xf2, 0x80,
    0x7f, 0x8e, 0xf6, 0x10, 0x80, 0x22, 0x59, 0xea,
    0x10, 0xe,

    /* U+0048 "H" */
    0xcf, 0xfa, 0x80, 0x3f, 0xf8, 0x5d, 0xff, 0x48,
    0x7, 0xff, 0xfc, 0x3, 0xff, 0xfe, 0x1, 0xff,
    0xff, 0x0, 0xff, 0xef, 0xae, 0xef, 0xff, 0x8,
    0x40, 0x3f, 0x88, 0xbf, 0xf8, 0x40, 0x1f, 0xfe,
    0xd5, 0xff, 0xff, 0xe1, 0x8, 0x7, 0xff, 0xfc,
    0x3, 0xff, 0xfe, 0x1, 0xff, 0xff, 0x0, 0xff,
    0xfb, 0x80,

    /* U+0049 "I" */
    0xcf, 0xfa, 0x80, 0x3f, 0xff, 0xe0, 0x1f, 0xff,
    0x50,

    /* U+004A "J" */
    0x0, 0xff, 0xe1, 0x57, 0xfd, 0x80, 0x1f, 0xff,
    0xf0, 0xf, 0xff, 0xf8, 0x7, 0xff, 0xfc, 0x3,
    0xff, 0xfe, 0x1, 0xff, 0xcb, 0x15, 0x5c, 0x20,
    0x1f, 0xfc, 0x15, 0xaa, 0xc4, 0x1, 0xff, 0xc1,
    0x70, 0xf, 0xfe, 0x30, 0x80, 0x66, 0x0, 0xfc,
    0xc0, 0x13, 0x10, 0x6, 0xc0, 0xf, 0xc6, 0x1,
    0x10, 0x18, 0x4, 0xc4, 0x1, 0xe8, 0x0, 0xd8,
    0x14, 0x1, 0xb1, 0x0, 0x34, 0x38, 0x4, 0x28,
    0xc, 0x60, 0x10, 0xdf, 0x66, 0x3d, 0xc0, 0x35,
    0x80, 0x5a, 0x20, 0x18, 0x4c, 0xc0, 0x1c, 0xea,
    0x1, 0xf, 0xa8, 0x7, 0xf0, 0xd4, 0x0, 0x70,
    0xd6, 0xb9, 0x88, 0x0, 0x96, 0x79, 0x40, 0x20,

    /* U+004B "K" */
    0xcf, 0xfa, 0x80, 0x3f, 0xf8, 0x19, 0xff, 0xb0,
    0x3, 0xff, 0x8b, 0x66, 0x1, 0x16, 0x80, 0x7f,
    0xf1, 0x25, 0x0, 0x21, 0xf1, 0x0, 0xff, 0xe1,
    0xc3, 0x0, 0x43, 0x84, 0x1, 0xff, 0xc3, 0x67,
    0x0, 0xda, 0x40, 0x1f, 0xfc, 0x35, 0x90, 0xd,
    0x66, 0x1, 0xff, 0xc3, 0x4a, 0x0, 0xd2, 0x80,
    0x1f, 0xfc, 0x33, 0xb0, 0xd, 0xc, 0x1, 0xff,
    0xc3, 0x2d, 0x0, 0xce, 0xe0, 0xf, 0xfe, 0x18,
    0xf8, 0x80, 0x4b, 0x0, 0x1f, 0xfc, 0x4d, 0x20,
    0x9, 0x28, 0x3, 0xff, 0x89, 0x46, 0x1, 0x1d,
    0x80, 0x7f, 0xf1, 0x1d, 0x40, 0x36, 0x80, 0x7f,
    0xf1, 0xe, 0x0, 0x3a, 0x40, 0x3f, 0xf8, 0x63,
    0xa0, 0x1e, 0x73, 0x0, 0xff, 0xe1, 0x20, 0x80,
    0x8, 0x3, 0x68, 0x7, 0xff, 0x14, 0xf5, 0xc0,
    0x21, 0xa0, 0xf, 0xfe, 0x19, 0x68, 0x41, 0x0,
    0x4a, 0xa0, 0xf, 0xfe, 0x9, 0x60, 0x80, 0x38,
    0x3, 0x58, 0x80, 0x7f, 0xc3, 0xe2, 0x1, 0x1c,
    0x0, 0x43, 0x40, 0x1f, 0xf2, 0x10, 0x7, 0x39,
    0x80, 0x48, 0xe0, 0x1f, 0xfc, 0x6e, 0x0, 0xd0,
    0x40, 0x1f, 0xfc, 0x52, 0x90, 0xd, 0xe0, 0x1f,
    0xfc, 0x66, 0x50, 0x8, 0xa0, 0x3, 0xff, 0x8d,
    0x62, 0x1, 0x3a, 0x0, 0x7f, 0xf1, 0x46, 0x80,
    0x35, 0x8, 0x7, 0xff, 0x15, 0x18, 0x2, 0x1b,
    0x0, 0xff, 0xe3, 0x49, 0x0, 0x4a, 0xa0, 0xf,
    0xfe, 0x37, 0x0, 0x6a, 0x20,

    /* U+004C "L" */
    0xcf, 0xfa, 0x80, 0x3f, 0xff, 0xe0, 0x1f, 0xff,
    0xf0, 0xf, 0xff, 0xf8, 0x7, 0xff, 0xfc, 0x3,
    0xff, 0xfe, 0x1, 0xff, 0xfe, 0x5d, 0xdf, 0xfe,
    0x5, 0x80, 0x71, 0x17, 0xff, 0x1, 0x80, 0x3f,
    0xfb, 0x0,

    /* U+004D "M" */
    0xcf, 0xfe, 0xe0, 0xf, 0xfe, 0x23, 0xff, 0xf9,
    0x0, 0x3c, 0x2a, 0x1, 0xff, 0xc3, 0xa0, 0xf,
    0xfe, 0x17, 0x0, 0x7f, 0xf0, 0x8c, 0x80, 0x3f,
    0xf8, 0x48, 0x20, 0x1f, 0xfc, 0x1a, 0x0, 0xff,
    0xe2, 0x48, 0x7, 0xff, 0x5, 0x80, 0x3f, 0xf8,
    0xa, 0x1, 0x30, 0x7, 0xff, 0x1, 0x40, 0x25,
    0x0, 0xfe, 0xd0, 0x8, 0x50, 0x3, 0xfe, 0xe0,
    0xb, 0x0, 0x3f, 0xca, 0x1, 0x70, 0x7, 0xf8,
    0x50, 0x2, 0x70, 0xf, 0xf7, 0x80, 0x4a, 0x20,
    0x1f, 0xcc, 0x1, 0x18, 0x7, 0xfc, 0xa0, 0x19,
    0xc0, 0x3f, 0xa8, 0x2, 0xa0, 0xf, 0xf7, 0x82,
    0x0, 0x54, 0x1, 0xf8, 0xc8, 0x2, 0x70, 0xf,
    0xfe, 0x7, 0x0, 0x46, 0x40, 0x1f, 0x50, 0x4,
    0x62, 0x1, 0xff, 0xc0, 0x50, 0xd, 0x40, 0x1f,
    0x30, 0x5, 0x40, 0x1f, 0xfc, 0x25, 0x0, 0x98,
    0x3, 0xca, 0x1, 0x9c, 0xc, 0x3, 0xf8, 0x40,
    0x1c, 0x1, 0xa, 0x80, 0x77, 0x0, 0x4a, 0x20,
    0x1f, 0xfc, 0x24, 0x20, 0xb, 0x80, 0x31, 0x20,
    0x5, 0xc0, 0x1f, 0xfc, 0x4a, 0x0, 0x90, 0x40,
    0x25, 0x0, 0x85, 0x0, 0x3f, 0xf8, 0x8c, 0x1,
    0x9c, 0x2, 0xa0, 0x9, 0x80, 0x3f, 0xf8, 0xa2,
    0x80, 0x16, 0x80, 0x8, 0x80, 0x15, 0x0, 0x7f,
    0xf1, 0xb8, 0x2, 0x40, 0x2, 0x80, 0x46, 0x40,
    0x1f, 0xfc, 0x65, 0x10, 0x9, 0x43, 0x0, 0x2a,
    0x0, 0xff, 0xe4, 0x30, 0x5, 0x80, 0x80, 0x13,
    0x0, 0x7f, 0xf2, 0x28, 0x2, 0x44, 0x0, 0x4a,
    0x1, 0xff, 0xc9, 0x23, 0x0, 0x17, 0x80, 0x5c,
    0x1, 0xff, 0xca, 0xa0, 0x9, 0x0, 0x4, 0x80,
    0x1f, 0xfc, 0xa6, 0x0, 0xf5, 0x0, 0x7f, 0xf3,
    0x18, 0x3, 0x98, 0x3, 0xff, 0x99, 0x40, 0x19,
    0x4, 0x3, 0xff, 0x98, 0x64, 0x1, 0x70, 0x7,
    0xff, 0x4,

    /* U+004E "N" */
    0xcf, 0xfd, 0x40, 0x1f, 0xfc, 0x17, 0xff, 0xc0,
    0x1e, 0x54, 0x0, 0xff, 0xe6, 0x50, 0x7, 0xff,
    0x30, 0x64, 0x3, 0xff, 0x98, 0xc6, 0x1, 0xff,
    0xc8, 0x10, 0xb, 0x80, 0x3f, 0xf9, 0xc, 0x20,
    0x2, 0x70, 0xf, 0xfe, 0x44, 0x80, 0x50, 0x40,
    0x1f, 0xfc, 0x77, 0x20, 0xa, 0x40, 0x3f, 0xf8,
    0xc2, 0x10, 0x1, 0x23, 0x0, 0x7f, 0xf1, 0x4c,
    0x14, 0xc0, 0x28, 0x10, 0xf, 0xfe, 0x3f, 0x80,
    0x43, 0x60, 0x1f, 0xfc, 0x41, 0x0, 0x1b, 0x0,
    0x4a, 0x80, 0x1f, 0xfc, 0x78, 0x10, 0xa, 0x80,
    0x3f, 0xf8, 0xe3, 0x60, 0x10, 0xc0, 0x7, 0xff,
    0x1d, 0x50, 0x2, 0x73, 0x0, 0xff, 0xe3, 0xc8,
    0x6, 0xf0, 0xf, 0xfe, 0x39, 0x40, 0x4, 0x6e,
    0x1, 0xff, 0xc7, 0x73, 0x0, 0xa0, 0x40, 0x3f,
    0xf8, 0xfe, 0x1, 0xac, 0x4, 0x3, 0xff, 0x8a,
    0x6e, 0x1, 0x29, 0x80, 0x7f, 0xf1, 0xe0, 0x80,
    0x28, 0x30, 0xf, 0xfe, 0x3c, 0x80, 0x48, 0x40,
    0x1f, 0xfc, 0x74, 0x50, 0xa, 0x40, 0x3f, 0xf9,
    0x16, 0x20, 0x1, 0x0, 0xff, 0xe4, 0xd, 0x80,
    0x7f, 0xf3, 0x15, 0x0, 0x3f, 0xf9, 0x92, 0x1,
    0xff, 0xcc, 0x28, 0x0, 0xf0,

    /* U+004F "O" */
    0x0, 0xfc, 0x4f, 0x7b, 0xfe, 0xed, 0xa5, 0x0,
    0xff, 0xe1, 0x9d, 0xec, 0x21, 0x0, 0x4, 0x96,
    0xbe, 0x4, 0x3, 0xfe, 0x7c, 0x40, 0xf, 0xf9,
    0xfd, 0x0, 0x3f, 0xaa, 0x0, 0x3f, 0xf8, 0x43,
    0x6a, 0x1, 0xf4, 0xa8, 0x6, 0x17, 0xbe, 0xe6,
    0xd2, 0x80, 0x75, 0x20, 0x7, 0x2b, 0x0, 0x67,
    0xe8, 0x41, 0x11, 0x2d, 0x69, 0x80, 0x6a, 0x10,
    0xd, 0x60, 0x1a, 0xa0, 0x3, 0xf1, 0x62, 0x80,
    0x43, 0x0, 0x13, 0x8, 0x4, 0xea, 0x1, 0xff,
    0x51, 0x0, 0x4c, 0x20, 0xb, 0x0, 0x86, 0x0,
    0x3f, 0xf8, 0x32, 0x1, 0x98, 0x8, 0x80, 0x14,
    0x80, 0x7f, 0xf0, 0x90, 0xc0, 0x2b, 0x4, 0x0,
    0xca, 0x1, 0xff, 0xc3, 0xb0, 0x8, 0xc3, 0xc0,
    0x21, 0x20, 0xf, 0xfe, 0x1a, 0x0, 0x63, 0x20,
    0x8, 0x80, 0x3f, 0xf8, 0x84, 0x1, 0x99, 0xc0,
    0x26, 0x0, 0xff, 0xe2, 0x8, 0x6, 0x30, 0xf,
    0xfe, 0x70, 0x80, 0x7f, 0xf3, 0x85, 0xc0, 0x21,
    0x0, 0xff, 0xe2, 0x8, 0x6, 0x32, 0x0, 0x94,
    0x3, 0xff, 0x88, 0x40, 0x19, 0xbc, 0x2, 0x12,
    0x0, 0xff, 0xe1, 0xa0, 0x6, 0x34, 0x0, 0xca,
    0x1, 0xff, 0xc3, 0xb0, 0x8, 0xc0, 0x88, 0x1,
    0x48, 0x7, 0xff, 0x9, 0xc, 0x2, 0x40, 0x5,
    0x0, 0x43, 0x0, 0x1f, 0xfc, 0x19, 0x0, 0xd2,
    0x0, 0x71, 0x0, 0x9d, 0x40, 0x3f, 0xea, 0x20,
    0x9, 0x84, 0x2, 0xb0, 0xd, 0x50, 0x1, 0xf8,
    0xad, 0x40, 0x21, 0x80, 0xc, 0xac, 0x1, 0x9f,
    0xa0, 0xc4, 0x44, 0xb5, 0xa8, 0x1, 0xa8, 0x40,
    0x3a, 0x54, 0x3, 0xb, 0xe7, 0x73, 0x69, 0x40,
    0x3a, 0x90, 0x3, 0xea, 0x70, 0xf, 0xfe, 0x10,
    0xda, 0x80, 0x7f, 0x46, 0x20, 0x7, 0xfc, 0xfe,
    0x80, 0x1f, 0xf1, 0xde, 0xc2, 0x8, 0x0, 0x49,
    0x67, 0xa0, 0x40, 0x3c,

    /* U+0050 "P" */
    0xcf, 0xff, 0xfb, 0xad, 0xc4, 0x3, 0xff, 0x8a,
    0x29, 0x1d, 0x22, 0x1, 0xff, 0xc7, 0x6c, 0x20,
    0xf, 0x9, 0x9f, 0x84, 0x3, 0x8b, 0xc0, 0x3c,
    0x99, 0x9e, 0xee, 0x40, 0x6, 0x28, 0x0, 0xff,
    0xe0, 0x8b, 0xe8, 0x6, 0x70, 0xf, 0xfe, 0x19,
    0x40, 0x6, 0x50, 0xf, 0xfe, 0x1b, 0x0, 0x6c,
    0x0, 0xff, 0xe1, 0x89, 0x0, 0x46, 0x1, 0xff,
    0xc4, 0x10, 0x8, 0x40, 0x3f, 0xf8, 0x84, 0x1,
    0x8, 0x7, 0xff, 0xc, 0x84, 0x2, 0x20, 0xf,
    0xfe, 0x1d, 0x80, 0x6c, 0x0, 0xff, 0xe1, 0x2b,
    0x0, 0x42, 0x80, 0x1f, 0xf0, 0xa5, 0x50, 0x3,
    0x40, 0x7, 0x2f, 0xff, 0xba, 0xd4, 0x3, 0x23,
    0x0, 0x7f, 0xf1, 0x96, 0xc0, 0x3f, 0xf8, 0xa5,
    0x54, 0x0, 0xf8, 0x4c, 0xf9, 0x10, 0xb1, 0x9a,
    0xa0, 0x1f, 0x93, 0x33, 0xae, 0xd4, 0xe6, 0x1,
    0xff, 0xff, 0x0, 0xff, 0xff, 0x80, 0x7f, 0xf8,
    0x40,

    /* U+0051 "Q" */
    0x0, 0xfc, 0x4f, 0x7b, 0xfe, 0xed, 0xa5, 0x0,
    0xff, 0xe1, 0x9d, 0xec, 0x21, 0x0, 0x4, 0x96,
    0xbe, 0x4, 0x3, 0xfe, 0x7c, 0x40, 0xf, 0xf9,
    0xfd, 0x0, 0x3f, 0xaa, 0x0, 0x3f, 0xf8, 0x43,
    0x6a, 0x1, 0xf4, 0xa8, 0x6, 0x17, 0xbe, 0xe6,
    0xd2, 0x80, 0x75, 0x20, 0x7, 0x2b, 0x0, 0x67,
    0xe8, 0x41, 0x11, 0x2d, 0x69, 0x80, 0x6a, 0x10,
    0xd, 0x60, 0x1a, 0xa0, 0x3, 0xf1, 0x62, 0x80,
    0x43, 0x0, 0x13, 0x8, 0x4, 0xea, 0x1, 0xff,
    0x51, 0x0, 0x4c, 0x20, 0xb, 0x0, 0x86, 0x0,
    0x3f, 0xf8, 0x32, 0x1, 0xa4, 0x8, 0x80, 0x14,
    0x80, 0x7f, 0xf0, 0x90, 0xc0, 0x24, 0x4, 0x0,
    0xca, 0x1, 0xff, 0xc3, 0xb0, 0x8, 0xc3, 0xc0,
    0x21, 0x20, 0xf, 0xfe, 0x1a, 0x0, 0x63, 0x20,
    0x8, 0x80, 0x3f, 0xf8, 0x84, 0x1, 0x99, 0xc0,
    0x26, 0x0, 0xff, 0xe2, 0x8, 0x6, 0x30, 0xf,
    0xfe, 0x70, 0x80, 0x7f, 0xf3, 0x85, 0xc0, 0x21,
    0x0, 0xff, 0xe2, 0x8, 0x6, 0x32, 0x0, 0x94,
    0x3, 0xff, 0x88, 0x40, 0x19, 0xbc, 0x2, 0x12,
    0x0, 0xff, 0xe1, 0xd8, 0x6, 0x34, 0x0, 0xca,
    0x1, 0xe7, 0x88, 0x8c, 0x3, 0x28, 0x4, 0x60,
    0x44, 0x0, 0xa4, 0x3, 0xc6, 0xef, 0x68, 0x80,
    0x10, 0x80, 0x2b, 0x0, 0x50, 0x4, 0x30, 0x1,
    0xc9, 0x0, 0x1, 0xd0, 0x4, 0x80, 0x66, 0x0,
    0x38, 0x80, 0x4e, 0xa0, 0x1c, 0xea, 0x0, 0x3a,
    0xb2, 0x0, 0x9c, 0x40, 0x2b, 0x0, 0xd5, 0x0,
    0x1d, 0x44, 0x0, 0x54, 0x0, 0x86, 0x0, 0x32,
    0xb0, 0x6, 0x7e, 0x83, 0x11, 0x15, 0x0, 0x7d,
    0xa0, 0x1e, 0x95, 0x0, 0xc2, 0xf9, 0xdc, 0xd8,
    0x0, 0xf5, 0x98, 0x7, 0xd4, 0xe0, 0x1f, 0xfc,
    0x32, 0x40, 0xf, 0xe8, 0xc4, 0x0, 0xff, 0xe0,
    0x95, 0x0, 0x7f, 0x8e, 0xf6, 0x10, 0x40, 0x22,
    0x5a, 0xd1, 0x0, 0x2b, 0x80, 0x7f, 0xc4, 0xf7,
    0xdf, 0xf6, 0xd2, 0x96, 0x80, 0x50, 0x80, 0x1f,
    0xfc, 0x93, 0x90, 0xa, 0x88, 0x0,

    /* U+0052 "R" */
    0xcf, 0xff, 0xfb, 0xad, 0xc8, 0x3, 0xff, 0x8c,
    0x29, 0x1b, 0x42, 0x1, 0xff, 0xc8, 0x5f, 0x30,
    0xf, 0x84, 0xcf, 0xc4, 0x1, 0xc3, 0xa2, 0x1,
    0xe4, 0xcc, 0xf6, 0xfc, 0x88, 0x4, 0x36, 0x1,
    0xff, 0xc3, 0x6f, 0x10, 0x9, 0x44, 0x3, 0xff,
    0x86, 0x36, 0x1, 0x9c, 0x3, 0xff, 0x88, 0xa0,
    0x1b, 0xc0, 0x3f, 0xf8, 0xa4, 0x1, 0x10, 0x7,
    0xff, 0x6c, 0x80, 0x21, 0x0, 0xff, 0xe2, 0x20,
    0x6, 0xd0, 0xf, 0xfe, 0x18, 0xc8, 0x6, 0x50,
    0xf, 0xfe, 0x12, 0xe1, 0x0, 0x48, 0x40, 0x1c,
    0x99, 0x9d, 0xbd, 0xf4, 0x40, 0x1a, 0x40, 0x3c,
    0x26, 0x7c, 0x42, 0x1, 0xeb, 0x20, 0xf, 0xfe,
    0x32, 0x6a, 0x0, 0x7f, 0xf1, 0x96, 0xc8, 0x3,
    0xf2, 0xff, 0xf8, 0x80, 0x25, 0x20, 0xf, 0xfe,
    0x24, 0x0, 0x68, 0x0, 0xff, 0xe2, 0x29, 0x80,
    0x4a, 0x60, 0x1f, 0xfc, 0x48, 0x0, 0xd0, 0x1,
    0xff, 0xc4, 0x44, 0x0, 0x48, 0x80, 0xf, 0xfe,
    0x24, 0x0, 0x69, 0x0, 0xff, 0xe2, 0x1a, 0x80,
    0x44, 0xc0, 0x1f, 0xfc, 0x48, 0x0, 0xd0, 0x1,
    0xff, 0xc4, 0x26, 0x0, 0x85, 0xc0, 0x3f, 0xf8,
    0x90, 0x1, 0xa4, 0x40, 0x3f, 0xf8, 0x62, 0xe0,
    0x10, 0xc8,

    /* U+0053 "S" */
    0x0, 0xf1, 0xc6, 0x77, 0xfb, 0xb6, 0x54, 0x3,
    0xfc, 0x57, 0x8e, 0x62, 0x0, 0x12, 0x6a, 0xe5,
    0x0, 0xf9, 0xf5, 0x0, 0x3f, 0xc3, 0x56, 0x1,
    0xcd, 0x0, 0x1e, 0x12, 0x0, 0xf2, 0x50, 0x4,
    0x72, 0x1, 0x97, 0x3f, 0xb7, 0xf5, 0xc0, 0x32,
    0xb0, 0x2, 0x40, 0x35, 0x50, 0xc0, 0x31, 0x46,
    0x88, 0x5, 0x0, 0x5, 0x0, 0x95, 0x40, 0x1f,
    0x8a, 0xc0, 0x21, 0x31, 0x0, 0xd8, 0x1, 0xfe,
    0x52, 0x2c, 0xe0, 0x1f, 0xfc, 0x5d, 0xdc, 0x82,
    0x1, 0xa8, 0x3, 0xff, 0x8a, 0xa0, 0x11, 0xd0,
    0x7, 0xff, 0x12, 0x0, 0x32, 0xf4, 0x10, 0x7,
    0xff, 0x4, 0xa8, 0x3, 0xb, 0xee, 0xa5, 0x44,
    0x3, 0xfc, 0xb6, 0x20, 0x1c, 0x4d, 0x5d, 0x8e,
    0x20, 0x1f, 0x93, 0xa4, 0x80, 0x3e, 0x38, 0xe9,
    0x10, 0xf, 0xcd, 0xba, 0x83, 0x0, 0xf9, 0xbd,
    0x0, 0x3f, 0x89, 0xf3, 0xed, 0x84, 0x3, 0xd,
    0xa0, 0x7, 0xff, 0x1, 0x27, 0xac, 0xc0, 0x35,
    0x0, 0x7f, 0xf0, 0xd3, 0x20, 0x2, 0x15, 0x0,
    0xff, 0xe2, 0x39, 0x0, 0x5e, 0xab, 0x8c, 0x3,
    0xff, 0x80, 0xe0, 0x10, 0xcd, 0x55, 0x0, 0x1f,
    0xfc, 0x6, 0x0, 0xcc, 0x1, 0x21, 0x0, 0x7f,
    0x88, 0xc0, 0x23, 0xe0, 0xd, 0xe2, 0x1, 0xf8,
    0xbc, 0x3, 0x62, 0x18, 0x4, 0x5d, 0x6, 0x1,
    0x8e, 0x74, 0x80, 0x23, 0x40, 0xe0, 0xe, 0x7c,
    0xfe, 0xe7, 0xe3, 0x0, 0x77, 0x0, 0xb, 0x4,
    0x3, 0xc2, 0x20, 0xf, 0xe, 0x10, 0x4, 0x7e,
    0xc0, 0x1f, 0xfc, 0x6, 0xf3, 0x0, 0xe1, 0x9e,
    0x95, 0x21, 0x0, 0x9, 0x2c, 0xf4, 0x88, 0x4,

    /* U+0054 "T" */
    0x3f, 0xff, 0xfe, 0x52, 0x80, 0x7f, 0xf9, 0x4,
    0xcf, 0xf1, 0x0, 0x62, 0x33, 0xfc, 0x25, 0x99,
    0xfb, 0xc0, 0x34, 0x66, 0x7e, 0x40, 0xf, 0xff,
    0xf8, 0x7, 0xff, 0xfc, 0x3, 0xff, 0xfe, 0x1,
    0xff, 0xff, 0x0, 0xff, 0xff, 0x80, 0x7f, 0xff,
    0xc0, 0x3f, 0xff, 0xe0, 0x1f, 0xfe, 0x70,

    /* U+0055 "U" */
    0xcf, 0xfa, 0x80, 0x3f, 0xf8, 0x23, 0xff, 0x98,
    0x3, 0xff, 0xfe, 0x1, 0xff, 0xff, 0x0, 0xff,
    0xff, 0x80, 0x7f, 0xff, 0xc0, 0x3f, 0xff, 0xe0,
    0x1f, 0xfd, 0x91, 0x0, 0xff, 0xe3, 0xb8, 0x4,
    0xe0, 0x1f, 0xfc, 0x12, 0x0, 0xc6, 0x20, 0x11,
    0x80, 0x7f, 0xf0, 0x54, 0x3, 0x36, 0x0, 0x66,
    0x0, 0xff, 0xe0, 0x58, 0x6, 0x37, 0x0, 0xd0,
    0x40, 0x1f, 0xe7, 0x20, 0x9, 0x0, 0x54, 0x2,
    0x1c, 0x30, 0xf, 0xcf, 0x0, 0x1a, 0x0, 0x16,
    0x20, 0x10, 0xe5, 0x29, 0x0, 0x9b, 0xec, 0x0,
    0x66, 0x30, 0x0, 0xe8, 0x7, 0x2d, 0x6f, 0xf6,
    0x41, 0x0, 0x63, 0x90, 0xc, 0x78, 0x20, 0x1f,
    0xfc, 0x25, 0xc0, 0xf, 0x1f, 0xb8, 0x7, 0xfc,
    0x55, 0x40, 0xf, 0xc3, 0x1d, 0x2a, 0x42, 0x0,
    0x13, 0x7b, 0xd5, 0x0, 0xe0,

    /* U+0056 "V" */
    0xdf, 0xfc, 0x1, 0xff, 0xc4, 0xaf, 0xfc, 0x54,
    0x1, 0x94, 0x3, 0xff, 0x86, 0xa0, 0x11, 0x11,
    0x80, 0x37, 0x80, 0x7f, 0xf0, 0x90, 0x3, 0x50,
    0xa, 0x0, 0x4a, 0x1, 0xff, 0xc2, 0xe0, 0xc,
    0xc0, 0xe, 0x0, 0xcc, 0x1, 0xff, 0xc1, 0x50,
    0x9, 0x4, 0x0, 0xa0, 0x1b, 0x40, 0x3f, 0xf8,
    0xa, 0x1, 0xb4, 0x3, 0x28, 0x4, 0x82, 0x1,
    0xff, 0x78, 0x6, 0x60, 0xd, 0xc0, 0x19, 0xc0,
    0x3f, 0xe5, 0x0, 0x94, 0x3, 0x90, 0x40, 0x2a,
    0x0, 0xff, 0x28, 0x6, 0xf0, 0xf, 0x30, 0x4,
    0x64, 0x1, 0xfd, 0xc0, 0x10, 0xa8, 0x7, 0xac,
    0x3, 0x28, 0x7, 0xe1, 0x40, 0x9, 0xc0, 0x3e,
    0x32, 0x0, 0xa8, 0x3, 0xf3, 0x80, 0x6a, 0x0,
    0xfd, 0x40, 0x11, 0x18, 0x7, 0xda, 0x1, 0x11,
    0x80, 0x7e, 0x60, 0xd, 0x60, 0x1e, 0x14, 0x0,
    0x94, 0x3, 0xf8, 0x50, 0x2, 0x60, 0xf, 0x38,
    0x6, 0xa0, 0xf, 0xf7, 0x0, 0x42, 0x60, 0x1d,
    0x40, 0x11, 0x90, 0x7, 0xf9, 0x40, 0x35, 0x0,
    0x61, 0x30, 0xa, 0xc0, 0x3f, 0xf8, 0xa, 0x1,
    0x38, 0x6, 0x70, 0xc, 0xc0, 0x1f, 0xfc, 0xe,
    0x0, 0x84, 0xc0, 0x2d, 0x0, 0x90, 0x40, 0x3f,
    0xf8, 0x8, 0x20, 0x15, 0x80, 0x48, 0x1, 0x70,
    0x7, 0xff, 0x9, 0x80, 0x25, 0x0, 0x20, 0x6,
    0x50, 0xf, 0xfe, 0x15, 0x80, 0x44, 0x40, 0xd0,
    0x9, 0x40, 0x3f, 0xf8, 0x66, 0x40, 0x12, 0x3,
    0x80, 0x5c, 0x1, 0xff, 0xc4, 0xa0, 0xb, 0x48,
    0x40, 0x2, 0x80, 0x1f, 0xfc, 0x46, 0x0, 0x91,
    0x40, 0x27, 0x0, 0xff, 0xe2, 0x8a, 0x0, 0x50,
    0x1, 0x50, 0x7, 0xff, 0x1b, 0x40, 0x3c, 0x46,
    0x1, 0xff, 0xc6, 0x60, 0xf, 0x28, 0x7, 0xff,
    0x21, 0x40, 0x3a, 0x80, 0x3f, 0xc0,

    /* U+0057 "W" */
    0xdf, 0xfb, 0x0, 0x3f, 0xe8, 0xff, 0xd4, 0x1,
    0xff, 0x5f, 0xfe, 0x4, 0x0, 0x8c, 0x40, 0x3f,
    0xc8, 0x1, 0x90, 0x3, 0xfe, 0x40, 0x9, 0x3,
    0x0, 0x32, 0x0, 0x7f, 0x8c, 0x3, 0x9, 0x0,
    0x7f, 0x18, 0x6, 0xc0, 0x40, 0xd, 0x80, 0x1f,
    0xc8, 0x1, 0xe4, 0x0, 0xfe, 0x40, 0xc, 0xa0,
    0x26, 0x1, 0x20, 0x7, 0xf6, 0x0, 0x7b, 0x0,
    0x3f, 0xb0, 0x2, 0x12, 0x0, 0x20, 0x4, 0x42,
    0x1, 0xf9, 0x0, 0x21, 0x0, 0x20, 0x7, 0xf2,
    0x0, 0x4e, 0x1, 0x58, 0x6, 0x40, 0xf, 0x84,
    0xc0, 0x6, 0xa0, 0x1, 0x20, 0xf, 0x90, 0x3,
    0x60, 0x4, 0x60, 0x1b, 0x0, 0x3e, 0x40, 0x9,
    0x4c, 0x2, 0x40, 0xf, 0xb0, 0x3, 0x20, 0x6,
    0x40, 0x9, 0x0, 0x3e, 0xc0, 0xb, 0xf4, 0x2,
    0xd0, 0xf, 0x90, 0x2, 0x31, 0x0, 0xda, 0x1,
    0x10, 0x80, 0x79, 0x0, 0x25, 0x70, 0x9, 0x40,
    0x3e, 0x30, 0x9, 0x0, 0x39, 0x0, 0x32, 0x0,
    0x70, 0x90, 0x4, 0x64, 0x20, 0x1, 0x30, 0xe,
    0x40, 0xd, 0x80, 0x1c, 0x44, 0x0, 0xb0, 0x3,
    0x90, 0x2, 0x40, 0x2, 0x0, 0x48, 0x1, 0xd8,
    0x1, 0x90, 0x3, 0xc8, 0x1, 0x20, 0x7, 0x78,
    0x5, 0x80, 0xc, 0x0, 0xb0, 0x3, 0x90, 0x2,
    0x40, 0xf, 0xb0, 0x2, 0x21, 0x0, 0xc8, 0x1,
    0x20, 0x1, 0x0, 0x24, 0x0, 0xe3, 0x0, 0xb4,
    0x3, 0xe4, 0x0, 0xc8, 0x1, 0x10, 0x80, 0x4,
    0xc0, 0x4, 0x40, 0x8, 0xc0, 0x24, 0x0, 0xc8,
    0x1, 0xf0, 0x98, 0x5, 0x80, 0x12, 0x0, 0x48,
    0x1, 0x90, 0x2, 0x40, 0xb, 0x0, 0x21, 0x20,
    0xf, 0xc8, 0x1, 0x20, 0x5, 0x80, 0x16, 0x0,
    0x6c, 0x0, 0xb0, 0x2, 0x40, 0x9, 0xc0, 0x3f,
    0xac, 0x2, 0x21, 0x0, 0x20, 0x4, 0x80, 0x19,
    0x40, 0x24, 0x0, 0x8c, 0x2, 0xc0, 0xf, 0xe3,
    0x0, 0xca, 0x4, 0x20, 0x2, 0x20, 0x7, 0x18,
    0x4, 0x60, 0x60, 0x19, 0x0, 0x3f, 0xc8, 0x1,
    0x60, 0x38, 0x4, 0x80, 0x1e, 0x40, 0x9, 0x1,
    0x0, 0x23, 0x10, 0xf, 0xf6, 0x80, 0x46, 0x18,
    0x1, 0x60, 0x7, 0xac, 0x2, 0xd0, 0xd0, 0x9,
    0x0, 0x3f, 0xe4, 0x0, 0x94, 0x14, 0x2, 0x40,
    0xf, 0x18, 0x4, 0x80, 0xe0, 0x15, 0x80, 0x7f,
    0xc4, 0x20, 0x1, 0x23, 0x0, 0x18, 0x80, 0x7c,
    0x80, 0x1, 0x22, 0x0, 0x46, 0x1, 0xff, 0xc0,
    0x70, 0xa, 0x80, 0x24, 0x0, 0xfd, 0xa0, 0x15,
    0x0, 0x48, 0x1, 0xff, 0xc1, 0xc0, 0x9, 0x80,
    0x2c, 0x0, 0xfc, 0x80, 0x13, 0x0, 0x5a, 0x1,
    0xff, 0xc1, 0x40, 0x8, 0x40, 0x24, 0x0, 0xfc,
    0x42, 0x0, 0x10, 0x9, 0x0, 0x3f, 0xf8, 0x22,
    0x60, 0x1c, 0x80, 0x1f, 0xe7, 0x0, 0xe2, 0x20,
    0x7, 0xff, 0x9, 0x0, 0x3b, 0x0, 0x3f, 0xd8,
    0x1, 0xc8, 0x1, 0xff, 0xc3, 0xb0, 0xe, 0x50,
    0xf, 0xf2, 0x0, 0x76, 0x0, 0x7e,

    /* U+0058 "X" */
    0xd, 0xff, 0xca, 0x1, 0xff, 0xc0, 0x2f, 0xfd,
    0xc2, 0x1e, 0x1, 0xac, 0x40, 0x3f, 0xee, 0x0,
    0xd4, 0x20, 0x50, 0x1, 0xd, 0x80, 0x7f, 0x9c,
    0xc0, 0x26, 0x40, 0x9, 0xcc, 0x2, 0x55, 0x0,
    0x7e, 0x28, 0x0, 0x8a, 0x40, 0x3b, 0x80, 0x35,
    0x88, 0x7, 0xde, 0x1, 0xb8, 0x3, 0xc5, 0x20,
    0x10, 0xd0, 0x7, 0xa0, 0x80, 0x27, 0x30, 0xf,
    0x99, 0x0, 0x24, 0x50, 0xc, 0x6e, 0x1, 0x1c,
    0x0, 0x7f, 0x50, 0x6, 0xb1, 0x0, 0xb8, 0x3,
    0x70, 0x7, 0xf8, 0x68, 0x2, 0x18, 0x0, 0x39,
    0x0, 0x50, 0x40, 0x1f, 0xf2, 0xa0, 0x4, 0xc4,
    0x30, 0x1, 0x23, 0x80, 0x7f, 0xf0, 0x68, 0x40,
    0x28, 0x90, 0xd, 0x40, 0x1f, 0xfc, 0x21, 0xb0,
    0x9, 0x5c, 0x2, 0x91, 0x0, 0xff, 0xe1, 0xaa,
    0x80, 0x3c, 0xac, 0x1, 0xff, 0xc5, 0xa1, 0x0,
    0xc3, 0x60, 0x1f, 0xfc, 0x72, 0x0, 0xff, 0xe6,
    0x39, 0x80, 0x61, 0xb0, 0xf, 0xfe, 0x29, 0x40,
    0x7, 0x95, 0x40, 0x1f, 0xfc, 0x4f, 0x0, 0x88,
    0xc0, 0x2b, 0x10, 0xf, 0xfe, 0x14, 0x10, 0x5,
    0x3e, 0x1, 0xd, 0x0, 0x7f, 0xf0, 0x51, 0xc0,
    0x25, 0x43, 0x50, 0x9, 0x18, 0x3, 0xfe, 0x1a,
    0x0, 0xd6, 0x0, 0xb1, 0x0, 0xa4, 0x80, 0x3f,
    0xd6, 0x20, 0x14, 0x88, 0x0, 0x6c, 0x3, 0x70,
    0x7, 0xf2, 0xa8, 0x2, 0x46, 0x0, 0xca, 0xa0,
    0x8, 0xdc, 0x3, 0xe1, 0xa0, 0x8, 0x68, 0x3,
    0xd6, 0x20, 0x14, 0x18, 0x7, 0xb4, 0x3, 0x50,
    0x80, 0x78, 0x6c, 0x3, 0x70, 0x7, 0x39, 0x80,
    0x4c, 0x80, 0x1f, 0x95, 0x40, 0x11, 0x40, 0x4,
    0x70, 0x1, 0x14, 0x80, 0x7f, 0xa8, 0x40, 0x27,
    0x30, 0x7, 0x0, 0x6e, 0x0, 0xff, 0xe0, 0x50,
    0x6, 0xe0, 0x92, 0x0, 0x9c, 0xc0, 0x3f, 0xf8,
    0x8, 0xc0, 0x11, 0x48,

    /* U+0059 "Y" */
    0xbf, 0xfc, 0xe0, 0x1f, 0xfc, 0x29, 0xff, 0xd1,
    0x40, 0x1a, 0x4, 0x3, 0xff, 0x80, 0x6c, 0x1,
    0xc, 0xc, 0x0, 0x6b, 0x0, 0xff, 0xe0, 0x78,
    0x6, 0xb0, 0x3, 0x90, 0x4, 0xa8, 0x1, 0xfe,
    0x53, 0x0, 0x91, 0x40, 0x2e, 0x0, 0xd2, 0x1,
    0xfe, 0xb0, 0xd, 0x20, 0x18, 0xd8, 0x2, 0x27,
    0x0, 0xfd, 0x2, 0x1, 0x41, 0x0, 0x74, 0x8,
    0x5, 0x2, 0x1, 0xe2, 0x70, 0x8, 0x9c, 0x3,
    0xc3, 0x0, 0x1a, 0x0, 0x3d, 0x20, 0x1a, 0x40,
    0x3f, 0x31, 0x80, 0x4c, 0x60, 0x19, 0x10, 0x1,
    0x2a, 0x0, 0x7f, 0x70, 0x6, 0xf0, 0xd, 0x20,
    0x1a, 0xc0, 0x3f, 0xc4, 0xe0, 0x11, 0xa8, 0x1,
    0x88, 0x2, 0x91, 0x0, 0xff, 0xa0, 0x40, 0x2b,
    0x0, 0x40, 0x4, 0x6c, 0x1, 0xff, 0xc1, 0xb0,
    0x8, 0x59, 0xc4, 0x2, 0xf0, 0xf, 0xfe, 0x12,
    0xa0, 0x5, 0x72, 0x1, 0x31, 0x80, 0x7f, 0xf0,
    0xe4, 0x2, 0x21, 0x0, 0xc, 0x0, 0x7f, 0xf1,
    0xa, 0x0, 0x3d, 0x62, 0x1, 0xff, 0xc5, 0x72,
    0x0, 0xc6, 0xa0, 0x1f, 0xfc, 0x78, 0x0, 0xde,
    0x1, 0xff, 0xc8, 0x10, 0xc, 0x20, 0x1f, 0xff,
    0xf0, 0xf, 0xff, 0xf8, 0x7, 0xff, 0xfc, 0x3,
    0xff, 0xc2,

    /* U+005A "Z" */
    0xaf, 0xff, 0xfe, 0x41, 0x80, 0x7f, 0xf7, 0xc4,
    0x8c, 0xff, 0xf8, 0x60, 0x18, 0xca, 0x33, 0x3f,
    0xf8, 0x48, 0x1, 0xb8, 0x3, 0xff, 0x86, 0x8e,
    0x1, 0x41, 0x0, 0x7f, 0xf0, 0x86, 0x80, 0x24,
    0x70, 0xf, 0xfe, 0x1e, 0x88, 0x5, 0x40, 0x1f,
    0xfc, 0x37, 0x30, 0xa, 0x44, 0x3, 0xff, 0x84,
    0x70, 0x1, 0x23, 0x0, 0x7f, 0xf0, 0xf8, 0x2,
    0x1a, 0x0, 0xff, 0xe1, 0xc1, 0x0, 0x56, 0x20,
    0x1f, 0xfc, 0x23, 0x70, 0x9, 0x54, 0x1, 0xff,
    0xc3, 0xe0, 0x8, 0x68, 0x3, 0xff, 0x87, 0x24,
    0x1, 0x50, 0x7, 0xff, 0xd, 0x18, 0x2, 0x64,
    0x0, 0xff, 0xe1, 0xd, 0x0, 0x45, 0x20, 0x1f,
    0xfc, 0x3b, 0x10, 0xb, 0x80, 0x3f, 0xf8, 0x6a,
    0xa0, 0x9, 0xcc, 0x3, 0xff, 0x84, 0x36, 0x1,
    0x1c, 0x0, 0x7f, 0xf0, 0xe8, 0x40, 0x2e, 0x0,
    0xff, 0xe1, 0xb2, 0x0, 0x52, 0x40, 0x1f, 0xfc,
    0x22, 0x90, 0x9, 0x18, 0x3, 0xff, 0x87, 0xc0,
    0x10, 0xd0, 0x7, 0xff, 0xd, 0xcc, 0x2, 0xd1,
    0x0, 0xff, 0xe1, 0x1c, 0x0, 0x43, 0xf9, 0x9f,
    0xfc, 0x23, 0xb0, 0xc, 0x26, 0x7f, 0xfc, 0x37,
    0x10, 0xf, 0xfe, 0xf8,

    /* U+005B "[" */
    0xef, 0xff, 0x9c, 0x3, 0xff, 0x94, 0xd1, 0x12,
    0x0, 0x6d, 0x77, 0x8c, 0x3, 0xff, 0xfe, 0x1,
    0xff, 0xff, 0x0, 0xff, 0xff, 0x80, 0x7f, 0xf2,
    0xb5, 0xde, 0x30, 0xc, 0xd1, 0x12, 0x0, 0x7f,
    0xf1, 0x80,

    /* U+005C "\\" */
    0x18, 0x89, 0x40, 0x3f, 0x85, 0x9d, 0xd6, 0x1,
    0xfe, 0x40, 0x0, 0x90, 0x7, 0xf6, 0x0, 0x4a,
    0x1, 0xfc, 0x80, 0x16, 0x0, 0x7f, 0x11, 0x0,
    0x8, 0x1, 0xfe, 0x40, 0x9, 0x0, 0x3f, 0xb0,
    0x2, 0xc0, 0xf, 0xe5, 0x0, 0x90, 0x3, 0xfc,
    0x60, 0x3, 0x10, 0xf, 0xe4, 0x0, 0x90, 0x3,
    0xfa, 0xc0, 0x2c, 0x0, 0xfe, 0x30, 0x9, 0xc0,
    0x3f, 0xc8, 0x0, 0x12, 0x0, 0xfe, 0xd0, 0x9,
    0x0, 0x3f, 0x90, 0x2, 0xd0, 0xf, 0xe2, 0x20,
    0x1, 0x0, 0x3f, 0xc8, 0x1, 0x18, 0x7, 0xf6,
    0x0, 0x56, 0x1, 0xfc, 0x80, 0x12, 0x0, 0x7f,
    0x9, 0x80, 0xc, 0x40, 0x3f, 0x90, 0x2, 0x40,
    0xf, 0xeb, 0x0, 0xb0, 0x3, 0xf8, 0xc0, 0x24,
    0x0, 0xff, 0x20, 0x0, 0x88, 0x1, 0xfd, 0xa0,
    0x12, 0x0, 0x7f, 0x20, 0x5, 0xa0, 0x1f, 0xc4,
    0x20, 0x4, 0x0, 0xff, 0x38, 0x4, 0x60, 0x1f,
    0xd8, 0x1, 0x58, 0x7, 0xf2, 0x0, 0x48, 0x1,
    0xfc, 0x26, 0x0, 0x30, 0xf, 0xf2, 0x0, 0x4a,
    0x1, 0xfd, 0x80, 0x16, 0x0, 0x7f, 0x20, 0x4,
    0x80,

    /* U+005D "]" */
    0xbf, 0xff, 0xa8, 0x3, 0xff, 0x8d, 0xd1, 0x12,
    0x0, 0x65, 0x77, 0x8c, 0x3, 0xff, 0xfe, 0x1,
    0xff, 0xff, 0x0, 0xff, 0xff, 0x80, 0x7f, 0xf2,
    0x95, 0xde, 0x30, 0xd, 0xd1, 0x12, 0x0, 0x7f,
    0xf2, 0x80,

    /* U+005E "^" */
    0x0, 0xf2, 0xc4, 0x4a, 0x1, 0xff, 0xd, 0x3b,
    0xd4, 0x20, 0x1f, 0xe9, 0x0, 0xe8, 0x0, 0xff,
    0x30, 0x7, 0x30, 0x80, 0x7e, 0x71, 0x0, 0x58,
    0x5, 0x20, 0x1f, 0xa4, 0x0, 0x88, 0x50, 0x3,
    0x0, 0x7c, 0xc2, 0x0, 0xf0, 0x90, 0x0, 0xb8,
    0x7, 0xac, 0x0, 0x48, 0x6, 0x80, 0x9, 0x0,
    0xe5, 0x20, 0x4, 0x0, 0x5e, 0x0, 0x16, 0x0,
    0xd0, 0x0, 0x15, 0x0, 0x90, 0x80, 0x16, 0x1,
    0x21, 0x0, 0x24, 0x3, 0xac, 0x0, 0x4a, 0x0,
    0x80, 0x9, 0x80, 0x39, 0x84, 0x1, 0x0, 0x66,
    0x0, 0x30, 0x80, 0x7a, 0x40, 0x4, 0x80,

    /* U+005F "_" */
    0xaa, 0xff, 0xe3, 0x2a, 0xff, 0xf1, 0xf4, 0x3,
    0xff, 0xb4,

    /* U+0060 "`" */
    0x9d, 0xd9, 0xc0, 0x2b, 0x22, 0xa0, 0x40, 0x5,
    0x0, 0x14, 0x80, 0x4e, 0x60, 0x6, 0x0, 0xdc,
    0x0, 0x17, 0x0, 0x8a, 0x0, 0x12, 0x0,

    /* U+0061 "a" */
    0x0, 0xe1, 0x6a, 0xdf, 0xf7, 0x64, 0x18, 0x7,
    0xe8, 0xe9, 0x52, 0x0, 0x9, 0xbe, 0x59, 0x0,
    0x76, 0x38, 0x7, 0xf9, 0x30, 0x80, 0x2b, 0x30,
    0xc, 0x8c, 0xea, 0x20, 0x10, 0xf0, 0x1, 0x50,
    0x2, 0x3d, 0xb9, 0x8a, 0xe6, 0x0, 0x8d, 0x0,
    0x54, 0x40, 0xb0, 0x80, 0x3a, 0x48, 0x2, 0xd0,
    0x4a, 0xed, 0xf0, 0xf, 0xca, 0x1, 0x10, 0x6,
    0x22, 0x0, 0x7f, 0xf0, 0x1c, 0x3, 0xfe, 0x13,
    0x76, 0x0, 0x84, 0x3, 0x89, 0x62, 0xf7, 0xfb,
    0x20, 0x40, 0x3e, 0x5c, 0xda, 0x74, 0x20, 0xf,
    0xfa, 0xa8, 0x60, 0x1f, 0x1b, 0x30, 0x3, 0xa1,
    0x40, 0x32, 0xce, 0x77, 0xe4, 0xf0, 0x6, 0x17,
    0x0, 0x93, 0xa9, 0x8c, 0x40, 0x3f, 0x28, 0x6,
    0xa1, 0x0, 0xfb, 0xc0, 0x30, 0x80, 0x44, 0x20,
    0x1f, 0x94, 0x3, 0x8, 0x4, 0x40, 0x1f, 0x98,
    0x80, 0x32, 0x80, 0x6a, 0x0, 0xf3, 0xc8, 0x7,
    0xa, 0x80, 0x4b, 0xf2, 0xee, 0x9e, 0x80, 0x20,
    0xe, 0xb1, 0x0, 0xcd, 0x10, 0x61, 0x3, 0x80,
    0xe, 0x1c, 0x30, 0xf, 0xcb, 0x80, 0x1f, 0x16,
    0x52, 0x90, 0x0, 0x56, 0xa8, 0x1, 0xe0,

    /* U+0062 "b" */
    0x1f, 0xfc, 0x60, 0x1f, 0xff, 0xf0, 0xf, 0xff,
    0xf2, 0xdf, 0x7f, 0xb6, 0x48, 0x3, 0xff, 0x81,
    0x74, 0x82, 0x0, 0x26, 0xd9, 0x0, 0xff, 0x52,
    0x0, 0x7e, 0x6c, 0x10, 0xf, 0xa9, 0x40, 0x6,
    0xa8, 0x20, 0x18, 0xe8, 0x3, 0xe6, 0x4, 0xec,
    0xab, 0xe9, 0x0, 0xc8, 0xa0, 0x1f, 0x25, 0x88,
    0x6, 0x6c, 0x0, 0xd0, 0x1, 0xf5, 0x0, 0x7c,
    0x6c, 0x1, 0x11, 0x80, 0x72, 0x88, 0x7, 0xe8,
    0x0, 0xc8, 0x1, 0xde, 0x1, 0xfc, 0x24, 0x1,
    0x68, 0x7, 0x30, 0x7, 0xf9, 0xc0, 0x26, 0x0,
    0xe1, 0x0, 0xff, 0x18, 0x4, 0x20, 0x1f, 0xfc,
    0xe1, 0x0, 0xff, 0x18, 0x4, 0x20, 0x1c, 0xa0,
    0x1f, 0xe7, 0x0, 0x98, 0x3, 0xb0, 0x3, 0xf8,
    0x88, 0x1, 0x68, 0x7, 0x29, 0x0, 0x7e, 0xb0,
    0xc, 0x80, 0x1e, 0x90, 0xf, 0x91, 0x80, 0x22,
    0x30, 0xf, 0x25, 0x88, 0x6, 0x6b, 0x0, 0xd0,
    0x1, 0xe7, 0x4, 0xec, 0xab, 0xe9, 0x0, 0xc8,
    0xa0, 0x1e, 0x95, 0x0, 0x1a, 0xa0, 0x80, 0x63,
    0xa0, 0xf, 0xd4, 0xa0, 0x1f, 0x97, 0x4, 0x3,
    0xfa, 0xa8, 0x82, 0x0, 0x26, 0xca, 0x0, 0xc0,

    /* U+0063 "c" */
    0x0, 0xf0, 0xb5, 0xf7, 0xfb, 0xad, 0xc4, 0x3,
    0xfc, 0xfd, 0x28, 0x20, 0x1, 0x48, 0xe8, 0x0,
    0xfd, 0x70, 0x1, 0xfe, 0x7c, 0x10, 0xe, 0xb4,
    0x0, 0xc4, 0x8a, 0x60, 0x18, 0xf4, 0x3, 0x32,
    0x0, 0x45, 0x7b, 0x75, 0x9a, 0x80, 0x11, 0xb8,
    0x5, 0x0, 0x11, 0x62, 0x0, 0x62, 0xb3, 0x0,
    0xa4, 0x0, 0xc2, 0x1, 0x48, 0x80, 0x7d, 0xe0,
    0x4, 0x90, 0x6, 0x80, 0x44, 0x80, 0x1f, 0x8f,
    0x7e, 0xdc, 0x0, 0xa0, 0x12, 0x80, 0x7f, 0x88,
    0x3, 0x84, 0x2, 0xd0, 0xf, 0xfe, 0x18, 0x80,
    0x61, 0x0, 0xff, 0xec, 0x8, 0x6, 0x10, 0xf,
    0xfe, 0x20, 0x80, 0x5a, 0x1, 0xff, 0xc4, 0x50,
    0x9, 0x40, 0x3f, 0xca, 0x40, 0x1b, 0x40, 0x22,
    0x40, 0xf, 0xc7, 0x5b, 0xd4, 0x20, 0xc2, 0x1,
    0x48, 0x80, 0x7d, 0xe0, 0x1, 0x41, 0x0, 0x40,
    0x4, 0x58, 0x80, 0x18, 0xac, 0xc0, 0x29, 0x0,
    0x99, 0x0, 0x22, 0xbd, 0xba, 0xcd, 0x40, 0x8,
    0xdc, 0x3, 0x5a, 0x0, 0x62, 0x45, 0x30, 0xc,
    0x7a, 0x1, 0xeb, 0x80, 0xf, 0xf3, 0x60, 0x80,
    0x7c, 0xfd, 0x28, 0x20, 0x1, 0x48, 0xe9, 0x0,
    0xc0,

    /* U+0064 "d" */
    0x0, 0xff, 0xe2, 0x3f, 0xfd, 0xa0, 0x1f, 0xff,
    0xf0, 0xf, 0xff, 0x6a, 0x56, 0xff, 0xb6, 0x4c,
    0x3, 0xfe, 0x2c, 0xb5, 0x20, 0x1, 0x36, 0x38,
    0x7, 0xf1, 0xe1, 0x80, 0x7e, 0x86, 0x0, 0xf8,
    0x74, 0x40, 0x31, 0x22, 0x8, 0x1, 0x3a, 0x1,
    0xeb, 0x10, 0x8, 0xb3, 0x6e, 0xdb, 0x84, 0xa,
    0x1, 0xc2, 0xa0, 0x11, 0x61, 0x80, 0x63, 0xc1,
    0x0, 0xf3, 0x0, 0x69, 0x10, 0xf, 0xd, 0x80,
    0x7a, 0xc0, 0x22, 0x40, 0xf, 0xca, 0x20, 0x1c,
    0x40, 0x12, 0x80, 0x7f, 0x90, 0x3, 0x84, 0x2,
    0xe0, 0xf, 0xf6, 0x80, 0x61, 0x0, 0xc4, 0x1,
    0xfe, 0x10, 0xf, 0xfe, 0x68, 0x80, 0x62, 0x0,
    0xff, 0x8, 0x7, 0x8, 0x5, 0xe0, 0x1f, 0xed,
    0x0, 0xe5, 0x0, 0x90, 0x3, 0xfc, 0x80, 0x1d,
    0x80, 0x11, 0x28, 0x7, 0xe5, 0x10, 0xe, 0x60,
    0xd, 0x62, 0x1, 0xe1, 0xb0, 0xf, 0xb, 0x0,
    0x43, 0x88, 0x1, 0x8f, 0x4, 0x3, 0xe8, 0x10,
    0x8, 0xaf, 0x6e, 0xb7, 0x8, 0x1c, 0x3, 0xc3,
    0xa2, 0x1, 0x89, 0x14, 0x80, 0x13, 0xa0, 0x1f,
    0x1e, 0x18, 0x7, 0xe8, 0x60, 0xf, 0xe2, 0xcb,
    0x52, 0x0, 0x13, 0x6b, 0x80, 0x78,

    /* U+0065 "e" */
    0x0, 0xf0, 0xbd, 0xf7, 0xfb, 0xa9, 0x80, 0x3f,
    0xe7, 0xe8, 0x41, 0x0, 0xa, 0xcf, 0xb8, 0x7,
    0xeb, 0x80, 0xf, 0xf4, 0x50, 0x7, 0xad, 0x0,
    0x32, 0x33, 0x10, 0x3, 0x2c, 0x80, 0x66, 0x40,
    0x9, 0xbe, 0xe6, 0x57, 0xc8, 0x1, 0x32, 0x0,
    0x50, 0x1, 0x3c, 0x80, 0x70, 0xd9, 0x80, 0x50,
    0x0, 0x61, 0x0, 0x14, 0x0, 0x7e, 0xf0, 0x8,
    0xc8, 0x30, 0x2, 0xa0, 0xf, 0xe3, 0x20, 0x9,
    0x1, 0x0, 0x21, 0x33, 0xff, 0x30, 0x5, 0xc0,
    0x20, 0x14, 0xe6, 0x7f, 0x90, 0x2, 0x21, 0x0,
    0xff, 0xee, 0x8, 0x80, 0x36, 0x7f, 0xff, 0xf0,
    0xac, 0x4, 0x2, 0x60, 0xf, 0xfe, 0x22, 0x80,
    0x5e, 0x1, 0xff, 0xc4, 0xd0, 0x9, 0x44, 0x3,
    0xf9, 0xd4, 0x40, 0x27, 0x0, 0xd4, 0x1, 0xf9,
    0x62, 0xbb, 0x48, 0x6, 0x0, 0x24, 0xc2, 0x0,
    0xe6, 0xa0, 0xc, 0x40, 0x7, 0x40, 0x8, 0xf7,
    0x26, 0x55, 0xd2, 0x1, 0xb8, 0x3, 0x59, 0x80,
    0x63, 0x66, 0x28, 0x80, 0x6a, 0x30, 0xe, 0xc8,
    0x0, 0xff, 0x1e, 0x28, 0x7, 0xcf, 0xd2, 0x84,
    0x0, 0x13, 0x6b, 0xc3, 0x0, 0x80,

    /* U+0066 "f" */
    0x0, 0xf8, 0xa7, 0x7f, 0xdd, 0x68, 0x1, 0xe8,
    0xd6, 0x20, 0x0, 0xa0, 0x80, 0x73, 0xb8, 0x3,
    0xe4, 0x0, 0xc3, 0x0, 0x18, 0x4c, 0xc8, 0x20,
    0x19, 0x0, 0x33, 0xf6, 0x62, 0xc0, 0x38, 0x80,
    0x34, 0x0, 0x7f, 0xf0, 0x48, 0x3, 0xff, 0x93,
    0x3f, 0xf4, 0x0, 0x45, 0xff, 0xac, 0x3, 0xff,
    0xa7, 0xb1, 0x12, 0x0, 0x43, 0x11, 0xb8, 0x11,
    0xde, 0xc0, 0x8, 0xdd, 0xf2, 0x80, 0x7f, 0xff,
    0xc0, 0x3f, 0xff, 0xe0, 0x1f, 0xff, 0xf0, 0xf,
    0xfe, 0x98,

    /* U+0067 "g" */
    0x0, 0xf2, 0x4e, 0xff, 0xb6, 0x4c, 0x0, 0x9f,
    0xf7, 0x0, 0x61, 0xbb, 0x31, 0x0, 0x9, 0xb2,
    0x0, 0x3f, 0x8b, 0xd0, 0x3, 0xf3, 0xb8, 0x3,
    0xf7, 0x88, 0x6, 0x24, 0x41, 0x0, 0x23, 0x0,
    0x3d, 0x4, 0x1, 0x15, 0xed, 0xdb, 0x70, 0x81,
    0xc0, 0x38, 0x5c, 0x2, 0x1c, 0x40, 0xc, 0x78,
    0x20, 0x1e, 0x70, 0xd, 0x62, 0x1, 0xe1, 0xb0,
    0xf, 0x68, 0x4, 0x4a, 0x1, 0xf9, 0x44, 0x3,
    0x94, 0x2, 0x40, 0xf, 0xf2, 0x0, 0x70, 0x80,
    0x5e, 0x1, 0xfe, 0xd0, 0xc, 0x20, 0x18, 0xc0,
    0x3f, 0xc2, 0x1, 0xfc, 0x20, 0x1f, 0xfc, 0x81,
    0x0, 0xff, 0x8, 0x6, 0x10, 0xd, 0xa0, 0x1f,
    0xee, 0x0, 0xe3, 0x0, 0x90, 0x3, 0xfc, 0x80,
    0x1c, 0x80, 0x11, 0x90, 0x7, 0xe3, 0x20, 0xe,
    0xb0, 0xd, 0xc0, 0x1f, 0xbc, 0x3, 0xc6, 0x80,
    0x11, 0xd8, 0x80, 0x62, 0xc3, 0x0, 0xfa, 0x40,
    0x32, 0x76, 0x4c, 0xb3, 0x4c, 0x14, 0x3, 0xc5,
    0x60, 0x1c, 0x6c, 0xc3, 0x0, 0x46, 0x0, 0x7c,
    0x98, 0x40, 0x1f, 0x9d, 0xc0, 0x1f, 0xc7, 0xb4,
    0xa2, 0x0, 0x25, 0xc8, 0x0, 0xff, 0xe0, 0x2d,
    0x77, 0xfb, 0x68, 0xc0, 0x3c, 0x60, 0x1f, 0xfc,
    0x4f, 0x0, 0x98, 0x2, 0x29, 0xa0, 0xf, 0xe1,
    0x70, 0x8, 0xc0, 0x73, 0x59, 0x6c, 0x80, 0x3c,
    0x78, 0x20, 0x15, 0x0, 0xa8, 0x4, 0x9b, 0x90,
    0xee, 0x8c, 0xc1, 0x0, 0x50, 0x40, 0x9, 0x50,
    0xc, 0x6f, 0x10, 0x73, 0x0, 0xce, 0xe0, 0xd,
    0x52, 0x20, 0x1f, 0xe2, 0xa8, 0x0, 0xf3, 0x75,
    0x29, 0x88, 0x0, 0x4d, 0xef, 0x54, 0x2,

    /* U+0068 "h" */
    0x1f, 0xfc, 0x40, 0x1f, 0xff, 0xf0, 0xf, 0xff,
    0xba, 0x57, 0x7f, 0x64, 0x8, 0x7, 0xfd, 0x76,
    0x51, 0x1, 0x37, 0xe6, 0x0, 0xfe, 0xc4, 0x0,
    0xfd, 0x2e, 0x1, 0xf5, 0x98, 0x0, 0xcc, 0x20,
    0x1d, 0x4, 0x1, 0xe6, 0x8, 0xfc, 0xc7, 0x61,
    0x0, 0x6b, 0x0, 0xfa, 0x9c, 0x3, 0x1e, 0x8,
    0x4, 0x80, 0x1e, 0x45, 0x0, 0xf0, 0xb0, 0x4,
    0x40, 0x1e, 0xd0, 0xf, 0xd6, 0x1, 0x88, 0x3,
    0x94, 0x3, 0xf0, 0x80, 0x7f, 0xf3, 0x4, 0x3,
    0xff, 0xfe, 0x1, 0xff, 0xff, 0x0, 0xff, 0xff,
    0x80, 0x7f, 0xf0, 0xc0,

    /* U+0069 "i" */
    0x0, 0xfa, 0x3f, 0xd4, 0xc, 0xe0, 0x5, 0x8f,
    0x0, 0xc7, 0x80, 0x1b, 0x16, 0x4, 0x4e, 0xe0,
    0x7e, 0xe4, 0x0, 0x7f, 0xf0, 0x47, 0xff, 0x18,
    0x7, 0xff, 0xfc, 0x3, 0xff, 0xce,

    /* U+006A "j" */
    0x0, 0xff, 0xe0, 0xc7, 0xfa, 0x40, 0x33, 0x38,
    0x1, 0x9c, 0x2, 0xf0, 0xd, 0x80, 0x16, 0x0,
    0x6c, 0x0, 0x96, 0x4, 0x4e, 0xe0, 0xc, 0xfd,
    0xc8, 0x0, 0xff, 0xe5, 0x17, 0xfe, 0x30, 0xf,
    0xff, 0xf8, 0x7, 0xff, 0xfc, 0x3, 0xff, 0xd8,
    0x20, 0x13, 0x80, 0x63, 0x0, 0xc, 0x80, 0x42,
    0x27, 0xbe, 0x30, 0x9, 0xc3, 0x50, 0x3, 0xc,
    0x0, 0x78, 0x74, 0x40, 0x21, 0x49, 0xe3, 0x0,
    0x0,

    /* U+006B "k" */
    0x1f, 0xfc, 0x60, 0x1f, 0xff, 0xf0, 0xf, 0xff,
    0xe2, 0x7f, 0xed, 0x10, 0xf, 0xfe, 0x1, 0xd8,
    0x4, 0x58, 0x20, 0x1f, 0xf1, 0xe0, 0x4, 0x3e,
    0x20, 0x1f, 0xf1, 0x68, 0x4, 0x38, 0x40, 0x1f,
    0xf0, 0xe0, 0x80, 0x5a, 0x40, 0x1f, 0xf0, 0xe0,
    0x80, 0x56, 0x60, 0x1f, 0xfc, 0xd, 0x20, 0xa,
    0x90, 0x3, 0xff, 0x81, 0x66, 0x1, 0x4a, 0x80,
    0x7f, 0xf0, 0x29, 0x0, 0x28, 0x60, 0xf, 0xfe,
    0x7, 0x28, 0x4, 0x6e, 0x1, 0xff, 0xc1, 0x20,
    0xc, 0x6a, 0x1, 0xff, 0xc7, 0xa2, 0x0, 0xff,
    0xe0, 0x93, 0x80, 0x6e, 0x0, 0xff, 0xe0, 0x16,
    0x42, 0x0, 0x47, 0x20, 0x1f, 0xf7, 0x8, 0x50,
    0x80, 0x4c, 0xa0, 0x1f, 0xfc, 0x11, 0xd0, 0xd,
    0x44, 0x1, 0xff, 0xc1, 0x38, 0x0, 0xdc, 0x1,
    0xff, 0xc2, 0x74, 0x0, 0x8e, 0x40, 0x3f, 0xf8,
    0x54, 0x20, 0x13, 0x28, 0x7, 0xff, 0x4, 0x74,
    0x3, 0x51, 0x0, 0x7f, 0xf0, 0x4e, 0x0, 0x37,
    0x0, 0x7f, 0xf0, 0x9d, 0x0, 0x23, 0x90,

    /* U+006C "l" */
    0x1f, 0xfc, 0x60, 0x1f, 0xff, 0xf0, 0xf, 0xff,
    0xf8, 0x7, 0xff, 0x18,

    /* U+006D "m" */
    0x1f, 0xfc, 0x1, 0x36, 0x7f, 0xb6, 0x4, 0x3,
    0x96, 0xbb, 0xfb, 0x18, 0x3, 0xfc, 0x39, 0x26,
    0x0, 0x27, 0xf1, 0x0, 0xe, 0x52, 0x88, 0x9,
    0xcf, 0x18, 0x7, 0xc3, 0x86, 0x1, 0xe1, 0xd0,
    0x1f, 0x30, 0xf, 0x87, 0x8, 0x3, 0xd2, 0x40,
    0x26, 0x40, 0x18, 0xd6, 0xc4, 0x0, 0x46, 0x1,
    0xee, 0x0, 0xf3, 0x8d, 0xf6, 0x6e, 0x8c, 0x2,
    0x85, 0x6, 0xed, 0xcf, 0x91, 0x0, 0x8c, 0x80,
    0x3d, 0x88, 0x1, 0x16, 0x8, 0x0, 0x81, 0x64,
    0x40, 0x26, 0xd0, 0xc, 0xa0, 0x1c, 0xe4, 0x1,
    0xe6, 0x0, 0xd0, 0x1, 0xe3, 0x20, 0xb, 0xc0,
    0x3b, 0x0, 0x3e, 0xd0, 0xc, 0x40, 0x1f, 0x38,
    0x4, 0x40, 0x1c, 0xe0, 0x1f, 0xf0, 0x80, 0x7f,
    0xff, 0xc0, 0x3f, 0xff, 0xe0, 0x1f, 0xff, 0xf0,
    0xf, 0xff, 0xf8, 0x7, 0xff, 0xfc, 0x3, 0xff,
    0xba,

    /* U+006E "n" */
    0x1f, 0xfc, 0x1, 0x25, 0x77, 0xf6, 0x40, 0x80,
    0x7f, 0x86, 0xec, 0xa2, 0x2, 0x6f, 0xcc, 0x1,
    0xfd, 0xa8, 0x1, 0xfa, 0x58, 0x3, 0xe7, 0x30,
    0x1, 0x98, 0x40, 0x3a, 0x48, 0x3, 0xd0, 0x11,
    0xf9, 0x8e, 0xc2, 0x0, 0xd6, 0x1, 0xf5, 0x38,
    0x6, 0x3c, 0x10, 0x9, 0x0, 0x3c, 0x8a, 0x1,
    0xe1, 0x60, 0x8, 0x80, 0x3d, 0xa0, 0x1f, 0xac,
    0x3, 0x8, 0x7, 0x28, 0x7, 0xe1, 0x0, 0xc6,
    0x1, 0xff, 0xff, 0x0, 0xff, 0xff, 0x80, 0x7f,
    0xff, 0xc0, 0x3f, 0xfa, 0xe0,

    /* U+006F "o" */
    0x0, 0xf0, 0xb5, 0xf7, 0xfb, 0xad, 0xc4, 0x3,
    0xfe, 0x7e, 0x94, 0x10, 0x0, 0xa4, 0x74, 0x80,
    0x7f, 0x5c, 0x0, 0x7f, 0x9b, 0x44, 0x3, 0xd6,
    0x80, 0x18, 0x95, 0x46, 0x1, 0x8b, 0x0, 0x39,
    0x90, 0x2, 0x2c, 0xda, 0xa6, 0x69, 0x80, 0x45,
    0x20, 0x1a, 0x0, 0x22, 0xc3, 0x0, 0xc5, 0x86,
    0x1, 0x31, 0x0, 0x18, 0x40, 0x29, 0x10, 0xf,
    0xb8, 0x3, 0x50, 0x3, 0x40, 0x22, 0x40, 0xf,
    0xc4, 0xa0, 0x12, 0x80, 0x14, 0x2, 0x50, 0xf,
    0xf6, 0x0, 0x44, 0x0, 0x10, 0xb, 0x40, 0x3f,
    0xca, 0x1, 0x8c, 0x40, 0x30, 0x80, 0x7f, 0x88,
    0x3, 0x38, 0x7, 0xff, 0x28, 0x40, 0x30, 0x80,
    0x7f, 0x8c, 0x3, 0x38, 0x8, 0x5, 0xa0, 0x1f,
    0xe4, 0x0, 0xc6, 0xa, 0x1, 0x28, 0x7, 0xfb,
    0x0, 0x22, 0x0, 0x68, 0x4, 0x48, 0x1, 0xf8,
    0x94, 0x2, 0x50, 0x3, 0x8, 0x5, 0x22, 0x1,
    0xf7, 0x0, 0x6a, 0x0, 0xa0, 0x2, 0x2c, 0x40,
    0xc, 0x78, 0x60, 0x13, 0x10, 0x4, 0xc8, 0x1,
    0x15, 0xed, 0xd6, 0xe1, 0x80, 0x45, 0x20, 0x1d,
    0x68, 0x1, 0x89, 0x14, 0x80, 0x31, 0x60, 0x7,
    0xd7, 0x0, 0x1f, 0xe6, 0xd1, 0x0, 0xfc, 0xfd,
    0x28, 0x20, 0x1, 0x48, 0xe9, 0x0, 0xe0,

    /* U+0070 "p" */
    0x1f, 0xfc, 0x20, 0x5, 0xbe, 0xff, 0x6c, 0x90,
    0x7, 0xff, 0x2, 0xe9, 0x4, 0x0, 0x4d, 0xb2,
    0x1, 0xfe, 0xa4, 0x0, 0xfc, 0xd8, 0x20, 0x1f,
    0x4a, 0x80, 0xd, 0x50, 0x40, 0x31, 0xd0, 0x7,
    0xce, 0x9, 0xd9, 0x57, 0xd2, 0x1, 0x91, 0x40,
    0x3e, 0x4b, 0x10, 0xc, 0xd8, 0x1, 0xa0, 0x3,
    0xea, 0x0, 0xf8, 0xd8, 0x2, 0x23, 0x0, 0xe5,
    0x10, 0xf, 0xd0, 0x1, 0x90, 0x3, 0xbc, 0x3,
    0xf8, 0x48, 0x2, 0xd0, 0xe, 0x60, 0xf, 0xf3,
    0x80, 0x4c, 0x1, 0xc2, 0x1, 0xfe, 0x30, 0x8,
    0x40, 0x3f, 0xf9, 0xc2, 0x1, 0xfe, 0x30, 0x8,
    0x40, 0x39, 0x40, 0x3f, 0xce, 0x1, 0x30, 0x7,
    0x60, 0x7, 0xf1, 0x10, 0x2, 0xd0, 0xe, 0x52,
    0x0, 0xfd, 0x60, 0x19, 0x0, 0x3d, 0x20, 0x1f,
    0x23, 0x0, 0x44, 0x60, 0x1e, 0x4b, 0x10, 0xc,
    0xd6, 0x1, 0xa0, 0x3, 0xcc, 0x9, 0xd9, 0x57,
    0xd2, 0x1, 0x91, 0x40, 0x3d, 0x4a, 0x0, 0x35,
    0x41, 0x0, 0xc7, 0x40, 0x1f, 0xa9, 0x40, 0x3f,
    0x2e, 0x8, 0x7, 0xf5, 0x51, 0x4, 0x0, 0x4d,
    0x94, 0x1, 0xff, 0xc0, 0x5b, 0xef, 0xf6, 0xc9,
    0x80, 0x7f, 0xff, 0xc0, 0x3f, 0xff, 0xe0, 0x0,

    /* U+0071 "q" */
    0x0, 0xf2, 0x56, 0xff, 0xb6, 0x4c, 0x0, 0xbf,
    0xf6, 0x80, 0x62, 0xcb, 0x52, 0x0, 0x13, 0x63,
    0x80, 0x7f, 0x1e, 0x18, 0x7, 0xe8, 0x60, 0xf,
    0x87, 0x44, 0x3, 0x12, 0x20, 0x80, 0x13, 0xa0,
    0x1e, 0xb1, 0x0, 0x8b, 0x36, 0xed, 0xb8, 0x40,
    0xe0, 0x1c, 0x2a, 0x1, 0x16, 0x18, 0x6, 0x3c,
    0x10, 0xf, 0x30, 0x6, 0x91, 0x0, 0xf0, 0xd8,
    0x7, 0xac, 0x2, 0x24, 0x0, 0xfc, 0xa2, 0x1,
    0xc4, 0x1, 0x28, 0x7, 0xf9, 0x0, 0x38, 0x40,
    0x2e, 0x0, 0xff, 0x68, 0x6, 0x10, 0xc, 0x40,
    0x1f, 0xe1, 0x0, 0xff, 0xe6, 0x88, 0x6, 0x20,
    0xf, 0xf0, 0x80, 0x70, 0x80, 0x5e, 0x1, 0xfe,
    0xd0, 0xe, 0x50, 0x9, 0x0, 0x3f, 0xc8, 0x1,
    0xd8, 0x1, 0x12, 0x80, 0x7e, 0x51, 0x0, 0xe6,
    0x0, 0xd6, 0x20, 0x1e, 0x1b, 0x0, 0xf0, 0xb0,
    0x4, 0x38, 0x80, 0x18, 0xf0, 0x40, 0x3e, 0x81,
    0x0, 0x8a, 0xf6, 0xeb, 0x70, 0x81, 0x40, 0x3c,
    0x3a, 0x20, 0x18, 0x91, 0x48, 0x1, 0x3a, 0x1,
    0xf1, 0xe1, 0x80, 0x7e, 0x86, 0x0, 0xfe, 0x2c,
    0xb5, 0x20, 0x1, 0x36, 0xb8, 0x7, 0xff, 0x1,
    0x2b, 0x7f, 0xdb, 0x24, 0x1, 0xff, 0xff, 0x0,
    0xff, 0xff, 0x80, 0x60,

    /* U+0072 "r" */
    0x1f, 0xfc, 0x0, 0x18, 0xdf, 0xf4, 0x80, 0x78,
    0xfd, 0xc8, 0x0, 0x60, 0x1c, 0x58, 0x20, 0x1f,
    0xe8, 0x0, 0xff, 0xe0, 0x28, 0x25, 0xff, 0xd6,
    0x1, 0xe7, 0xb4, 0x0, 0x84, 0x3, 0x8e, 0x0,
    0x3f, 0xe9, 0x0, 0xff, 0xe0, 0x30, 0x7, 0xff,
    0xfc, 0x3, 0xff, 0xfe, 0x1, 0xff, 0xce,

    /* U+0073 "s" */
    0x0, 0xe2, 0x7b, 0xdf, 0xf7, 0x5b, 0x88, 0x7,
    0xe9, 0xd8, 0x42, 0x0, 0xa, 0x47, 0x38, 0x7,
    0xe, 0x30, 0x7, 0xfa, 0x24, 0x3, 0x51, 0x80,
    0x42, 0xd1, 0x2c, 0x20, 0x13, 0x30, 0x0, 0x48,
    0x1, 0x2f, 0x4b, 0xb4, 0xf2, 0x0, 0x50, 0x0,
    0x40, 0xd, 0x40, 0x1e, 0xb1, 0x12, 0x30, 0x80,
    0x7f, 0xf0, 0xbf, 0xae, 0x4, 0xc, 0x3, 0x30,
    0x7, 0xc2, 0x1, 0xca, 0x1, 0xa6, 0xd4, 0x40,
    0x3f, 0xe9, 0x0, 0xc9, 0x5d, 0xb2, 0xc4, 0x1,
    0xf3, 0x48, 0x7, 0x89, 0xa7, 0x74, 0xc0, 0x1e,
    0x6e, 0x71, 0x0, 0xf8, 0xa7, 0x4, 0x3, 0x86,
    0x3b, 0x65, 0x88, 0x3, 0x8f, 0x0, 0x3f, 0x13,
    0x4e, 0xf4, 0x88, 0x4, 0x4c, 0x1, 0xff, 0xb,
    0x60, 0x6, 0xc0, 0x1, 0xb4, 0x88, 0x7, 0xc4,
    0x60, 0x10, 0x87, 0x64, 0xb4, 0x80, 0x7e, 0x20,
    0x8, 0x81, 0x0, 0x27, 0x60, 0xe, 0x1a, 0x10,
    0xb, 0x2, 0x0, 0x34, 0xec, 0xc4, 0x2b, 0x94,
    0x2, 0x35, 0x2, 0xa0, 0xc, 0x4c, 0xee, 0x50,
    0xc, 0x7a, 0x1, 0x2e, 0x10, 0x7, 0xf9, 0xf0,
    0x40, 0x31, 0xed, 0xb1, 0x8, 0x9, 0x24, 0xf4,
    0x0, 0x40,

    /* U+0074 "t" */
    0x0, 0x9b, 0xfe, 0xe0, 0xf, 0xff, 0x6c, 0xff,
    0xa4, 0x2, 0x1f, 0xfc, 0x60, 0x1f, 0xfc, 0xed,
    0x88, 0x20, 0x4, 0x31, 0x18, 0x91, 0xdd, 0xa0,
    0x19, 0xdf, 0x8, 0x7, 0xff, 0xfc, 0x3, 0xff,
    0xfe, 0x20, 0x1f, 0x88, 0x3, 0x28, 0x7, 0xca,
    0x1, 0xaa, 0xeb, 0x8, 0x2, 0x17, 0x0, 0xc8,
    0xa6, 0x80, 0x1a, 0x14, 0x3, 0xde, 0x1, 0xd5,
    0x6a, 0x20, 0x2, 0x10,

    /* U+0075 "u" */
    0x1f, 0xfc, 0x60, 0x1f, 0x8b, 0xff, 0x18, 0x7,
    0xff, 0xfc, 0x3, 0xff, 0xfe, 0x1, 0xff, 0xff,
    0x0, 0xff, 0xee, 0x38, 0x7, 0xe7, 0x0, 0xe1,
    0x0, 0xda, 0x1, 0xfb, 0xc0, 0x3c, 0x60, 0x13,
    0x10, 0x7, 0x91, 0x40, 0x3c, 0x80, 0x1b, 0x10,
    0x3, 0x3d, 0x80, 0x7d, 0x20, 0x18, 0x6f, 0xaf,
    0x3e, 0x1, 0xc0, 0x3c, 0x32, 0x1, 0xc2, 0x86,
    0x0, 0x28, 0x0, 0xf9, 0xa4, 0x3, 0xf1, 0xe0,
    0x8, 0x7, 0xcd, 0xce, 0x62, 0x2, 0x95, 0x82,
    0x1, 0xe0,

    /* U+0076 "v" */
    0xe, 0xff, 0xac, 0x3, 0xfe, 0xbf, 0xfb, 0x80,
    0xc, 0x1, 0x20, 0x80, 0x7f, 0xa, 0x0, 0x4c,
    0x0, 0xa0, 0xc, 0xe0, 0x1f, 0xce, 0x1, 0xa8,
    0x0, 0x46, 0x1, 0x50, 0x7, 0xf6, 0x80, 0x46,
    0x40, 0x15, 0x0, 0x46, 0x20, 0x1f, 0xa, 0x0,
    0x54, 0x1, 0x9c, 0x3, 0x30, 0x7, 0xcc, 0x1,
    0x98, 0x3, 0xa, 0x80, 0x56, 0x1, 0xf5, 0x80,
    0x4a, 0x1, 0xee, 0x0, 0x8c, 0x80, 0x38, 0x8c,
    0x2, 0xe0, 0xf, 0x20, 0x80, 0x4a, 0x1, 0xca,
    0x1, 0xa, 0x0, 0x7c, 0xc0, 0x15, 0x0, 0x75,
    0x0, 0x4c, 0x1, 0xfa, 0x80, 0x22, 0x20, 0x4,
    0x44, 0x0, 0xa8, 0x3, 0xf1, 0x18, 0x5, 0x40,
    0x15, 0x0, 0x46, 0x40, 0x1f, 0xd4, 0x1, 0x28,
    0x4, 0xa0, 0x15, 0x0, 0x7f, 0x9c, 0x2, 0x22,
    0x1, 0x10, 0x2, 0x60, 0xf, 0xf0, 0xa8, 0x4,
    0xa0, 0xa0, 0x12, 0x80, 0x7f, 0xf0, 0x38, 0x2,
    0xb0, 0xb0, 0xb, 0x80, 0x3f, 0xf8, 0x8, 0x20,
    0x3, 0x13, 0x0, 0xa, 0x0, 0x7f, 0xf0, 0x58,
    0x2, 0x80, 0x9, 0x80, 0x3f, 0xf8, 0x54, 0x1,
    0x30, 0x5, 0x40, 0x1f, 0xfc, 0x22, 0x30, 0xe,
    0x32, 0x0, 0xff, 0xe1, 0xd0, 0x7, 0x50, 0x7,
    0xff, 0x11, 0xc0, 0x39, 0x80, 0x3f, 0x0,

    /* U+0077 "w" */
    0xbf, 0xfb, 0x0, 0x3f, 0x57, 0xfd, 0xc0, 0x1f,
    0xab, 0xfe, 0xe0, 0xc0, 0x8, 0xc0, 0x3f, 0x20,
    0x4, 0x24, 0x1, 0xf2, 0x0, 0x4e, 0xa, 0x1,
    0x90, 0x3, 0xc6, 0x20, 0x19, 0x0, 0x3c, 0x42,
    0x1, 0x68, 0x11, 0x0, 0x2d, 0x0, 0xf2, 0x0,
    0x76, 0x0, 0x79, 0x40, 0x32, 0x0, 0x14, 0x2,
    0x40, 0xf, 0x60, 0x7, 0x20, 0x7, 0xb0, 0x2,
    0x40, 0xb, 0x0, 0x22, 0x10, 0xe, 0x40, 0x2,
    0x0, 0x4, 0xc0, 0x39, 0x0, 0x2d, 0x0, 0x90,
    0x40, 0x24, 0x0, 0xc8, 0x1, 0x78, 0x4, 0x80,
    0x18, 0xc0, 0x33, 0x80, 0x64, 0x0, 0xb0, 0x3,
    0x60, 0x4, 0x84, 0x0, 0xc0, 0xc, 0x80, 0x11,
    0x88, 0x6, 0xf0, 0x9, 0xc0, 0x32, 0x0, 0x10,
    0x10, 0x0, 0x80, 0x1a, 0xc0, 0x24, 0x0, 0xe4,
    0x0, 0x84, 0x80, 0x2, 0x60, 0xc, 0xc, 0x0,
    0x8c, 0x2, 0x30, 0xa, 0xc0, 0x38, 0x4c, 0x2,
    0x40, 0x2, 0x0, 0x48, 0x8, 0x1, 0x20, 0x1,
    0x0, 0x21, 0x30, 0xf, 0x58, 0x5, 0x80, 0xc,
    0x0, 0x8c, 0x4, 0x80, 0x18, 0x0, 0xc0, 0x9,
    0xc0, 0x3e, 0x50, 0x9, 0x0, 0x8, 0x0, 0x40,
    0x9, 0x40, 0x8, 0x0, 0x40, 0xb, 0x40, 0x3e,
    0x22, 0x0, 0x4, 0x80, 0x80, 0x1a, 0x1, 0x60,
    0x4, 0x40, 0x60, 0x12, 0x0, 0x7e, 0x40, 0x9,
    0xd0, 0x2, 0x40, 0x9, 0x0, 0x24, 0x30, 0x9,
    0x0, 0x3f, 0xb4, 0x2, 0xc3, 0x0, 0x11, 0x0,
    0x32, 0x0, 0x31, 0x0, 0x2d, 0x0, 0xfe, 0x40,
    0x9, 0x70, 0x0, 0xa0, 0x1d, 0xa0, 0x7, 0xd0,
    0x9, 0xc0, 0x3f, 0xca, 0x0, 0x35, 0x0, 0x60,
    0x7, 0x20, 0x0, 0x90, 0x0, 0x42, 0x1, 0xfe,
    0xc0, 0x8, 0x40, 0x8, 0x1, 0xc4, 0x40, 0x0,
    0x80, 0x14, 0x3, 0xfe, 0x70, 0xe, 0x40, 0xf,
    0x94, 0x3, 0xac, 0x3, 0xfe, 0x13, 0x0, 0xda,
    0x1, 0xf6, 0x0, 0x61, 0x30, 0xf, 0xfe, 0x5,
    0x80, 0x64, 0x0, 0xf9, 0x0, 0x33, 0x80, 0x7c,

    /* U+0078 "x" */
    0x2f, 0xfd, 0x60, 0x1f, 0x8f, 0xff, 0x40, 0x14,
    0x0, 0x48, 0xa0, 0x1f, 0x70, 0x4, 0x50, 0x0,
    0x73, 0x0, 0xac, 0x3, 0xce, 0x40, 0x17, 0x0,
    0x6e, 0x0, 0x86, 0x40, 0x31, 0x40, 0x4, 0xe6,
    0x1, 0x8a, 0x0, 0x26, 0x20, 0xa, 0x40, 0x22,
    0x80, 0xf, 0x39, 0x0, 0x52, 0x0, 0x44, 0x0,
    0x5c, 0x1, 0xfb, 0x80, 0x24, 0x40, 0x48, 0x4,
    0xc6, 0x1, 0xf8, 0xdc, 0x2, 0x85, 0x20, 0x0,
    0xc8, 0x7, 0xfa, 0x8, 0x0, 0x74, 0x1, 0x50,
    0x7, 0xff, 0x3, 0x80, 0x3c, 0xc8, 0x1, 0xff,
    0xc0, 0x36, 0x0, 0xc3, 0x0, 0x1f, 0xfc, 0x27,
    0x0, 0xc2, 0x60, 0x1f, 0xfc, 0x19, 0x10, 0xe,
    0xe0, 0xf, 0xfe, 0x2, 0x30, 0x0, 0x4c, 0x0,
    0x6e, 0x1, 0xff, 0x50, 0x5, 0x1e, 0x1, 0x41,
    0x0, 0x7f, 0x48, 0x80, 0x9, 0x8d, 0x40, 0x2e,
    0x0, 0xfc, 0x8c, 0x1, 0x40, 0x2, 0xc0, 0x23,
    0x70, 0xf, 0xa4, 0x2, 0x35, 0x0, 0xc, 0x0,
    0x50, 0x60, 0x1d, 0x24, 0x1, 0x70, 0x6, 0x72,
    0x0, 0xb8, 0x3, 0x1b, 0x0, 0x50, 0x40, 0x1d,
    0xc0, 0x11, 0x40, 0x5, 0xc0, 0x11, 0x38, 0x7,
    0x8d, 0x80, 0x27, 0x30, 0x82, 0x0, 0xb8, 0x3,
    0xf4, 0x8, 0x5, 0xc0,

    /* U+0079 "y" */
    0xe, 0xff, 0xac, 0x3, 0xfe, 0xaf, 0xfb, 0x80,
    0xc, 0x1, 0x20, 0x80, 0x7f, 0xa, 0x80, 0x4c,
    0x0, 0xa0, 0xc, 0xe0, 0x1f, 0xce, 0x1, 0xa8,
    0x0, 0x46, 0x1, 0x50, 0x7, 0xf6, 0x80, 0x46,
    0x40, 0x15, 0x0, 0x46, 0x20, 0x1f, 0xa, 0x0,
    0x54, 0x1, 0x98, 0x3, 0x30, 0x7, 0xcc, 0x1,
    0x98, 0x3, 0x98, 0x2, 0xa0, 0xf, 0xa8, 0x2,
    0x60, 0xf, 0x50, 0x4, 0x44, 0x0, 0xe2, 0x20,
    0x5, 0x40, 0x1e, 0x32, 0x0, 0xa8, 0x3, 0xa8,
    0x2, 0x23, 0x0, 0xfa, 0x80, 0x25, 0x0, 0xe6,
    0x0, 0xa8, 0x3, 0xf3, 0x0, 0x44, 0x60, 0x11,
    0x88, 0x4, 0xc0, 0x1f, 0x85, 0x0, 0x2a, 0x0,
    0xa8, 0x2, 0x41, 0x0, 0xfe, 0xe0, 0x9, 0xc0,
    0x27, 0x0, 0xb8, 0x3, 0xfc, 0xa2, 0x0, 0x13,
    0x4, 0x10, 0x0, 0xa8, 0x7, 0xfc, 0xe0, 0x15,
    0x86, 0x80, 0x4c, 0x1, 0xff, 0xc0, 0xa0, 0x9,
    0x1, 0xc0, 0x2a, 0x0, 0xff, 0xe0, 0x19, 0x0,
    0xc, 0xc2, 0x0, 0x32, 0x0, 0xff, 0xe0, 0xd0,
    0x5, 0xe0, 0x15, 0x0, 0x7f, 0xf0, 0x98, 0x2,
    0x30, 0x9, 0x80, 0x3f, 0xf8, 0x42, 0xa0, 0x1c,
    0xa0, 0x1f, 0xfc, 0x4e, 0x0, 0xe9, 0x0, 0xff,
    0xe2, 0x20, 0x80, 0x44, 0x60, 0x1f, 0xfc, 0x51,
    0x0, 0xa8, 0x3, 0xff, 0x8a, 0x80, 0x19, 0x80,
    0x3f, 0xf8, 0xbe, 0x1, 0x20, 0x80, 0x7f, 0xf1,
    0x15, 0x0, 0x2f, 0x0, 0xff, 0xe0, 0xbe, 0x56,
    0xd0, 0x4, 0x68, 0x1, 0xff, 0xc1, 0xb3, 0x52,
    0x0, 0x87, 0x80, 0x3f, 0xf8, 0x22, 0x60, 0x1c,
    0x3a, 0x40, 0x1f, 0xfc, 0x12, 0x31, 0x0, 0x1c,
    0x71, 0x80, 0x7f, 0xf0, 0x0,

    /* U+007A "z" */
    0x3f, 0xff, 0xfe, 0x24, 0x0, 0x7f, 0xf6, 0x4,
    0x8b, 0xfe, 0x0, 0xec, 0x2d, 0xdf, 0xf4, 0x0,
    0x67, 0x40, 0xf, 0xf1, 0x50, 0x4, 0x70, 0x1,
    0xff, 0x78, 0x4, 0x3a, 0x1, 0xff, 0x51, 0x0,
    0x54, 0x20, 0x1f, 0xe6, 0x50, 0x9, 0xd0, 0x3,
    0xfc, 0x72, 0x1, 0x1c, 0x0, 0x7f, 0x87, 0x40,
    0x21, 0xd0, 0xf, 0xfa, 0x84, 0x2, 0xa1, 0x0,
    0xff, 0x42, 0x0, 0x4e, 0x80, 0x1f, 0xe4, 0x70,
    0x9, 0x20, 0x3, 0xfc, 0x34, 0x1, 0xd, 0x0,
    0x7f, 0xda, 0x20, 0x15, 0x8, 0x7, 0xfa, 0x4c,
    0x2, 0x74, 0x0, 0xff, 0x2b, 0x0, 0x49, 0x0,
    0x1f, 0xe2, 0xa0, 0xc, 0xbb, 0xbf, 0xec, 0xb0,
    0xe, 0x12, 0x2f, 0xf1, 0x80, 0x7f, 0xf6, 0x0,

    /* U+007B "{" */
    0x0, 0xfc, 0x51, 0x7d, 0xea, 0x1, 0xf4, 0xeb,
    0xa0, 0x80, 0x7e, 0xa6, 0x0, 0xff, 0x8d, 0x40,
    0x32, 0xc3, 0x80, 0x75, 0x80, 0x43, 0xd4, 0xe4,
    0x1, 0xc8, 0x1, 0x40, 0x80, 0x7e, 0x10, 0x9,
    0x0, 0x3f, 0x8c, 0x2, 0x30, 0xf, 0xff, 0xa8,
    0x80, 0x42, 0x1, 0xf8, 0x80, 0x3f, 0xf8, 0x36,
    0x1, 0x18, 0x7, 0x8d, 0x69, 0x80, 0x2a, 0x0,
    0xe3, 0xca, 0x50, 0x9, 0x98, 0x1, 0xfe, 0x7d,
    0x90, 0xf, 0xf8, 0xdc, 0x3, 0xff, 0x80, 0x95,
    0x80, 0x1e, 0x3f, 0xe8, 0x0, 0x8d, 0xc0, 0x3e,
    0x17, 0x80, 0xa, 0x80, 0x3f, 0x98, 0x2, 0x20,
    0xf, 0xe1, 0x0, 0xc2, 0x1, 0xfc, 0x20, 0x1f,
    0xff, 0x93, 0x0, 0x8c, 0x3, 0xf9, 0x80, 0x24,
    0x0, 0xfe, 0x30, 0xa, 0x4, 0x3, 0xf5, 0x0,
    0x43, 0xd4, 0xe4, 0x1, 0xc4, 0xc0, 0x19, 0x61,
    0xc0, 0x3d, 0x2c, 0x1, 0xff, 0xc1, 0x9d, 0x74,
    0x10, 0x0,

    /* U+007C "|" */
    0x8, 0x89, 0x81, 0xde, 0xb0, 0xf, 0xff, 0xf8,
    0x7, 0xff, 0xfc, 0x3, 0xff, 0xfe, 0x1, 0xc0,

    /* U+007D "}" */
    0xbe, 0xda, 0x60, 0xf, 0xe1, 0x25, 0x9e, 0x40,
    0xf, 0xf8, 0x6c, 0xc0, 0x3b, 0x9c, 0xc0, 0x37,
    0x80, 0x72, 0xc6, 0x48, 0x4, 0x64, 0x1, 0xf3,
    0x18, 0x4, 0xe0, 0x1f, 0x90, 0x2, 0x20, 0xf,
    0xde, 0x1, 0x78, 0x7, 0xe1, 0x0, 0xff, 0xf5,
    0x88, 0x7, 0xe3, 0x0, 0x88, 0x3, 0xf3, 0x0,
    0x48, 0x40, 0x1f, 0x19, 0x80, 0x2c, 0x73, 0x10,
    0xe, 0xe2, 0x0, 0xc, 0x66, 0x0, 0x38, 0xb6,
    0x50, 0x3, 0xfc, 0x22, 0x70, 0xf, 0xe3, 0xf8,
    0x30, 0xf, 0xee, 0x10, 0x0, 0xd7, 0x68, 0x6,
    0x32, 0x0, 0xb1, 0x44, 0x3, 0x98, 0x2, 0x42,
    0x0, 0xf8, 0xc0, 0x22, 0x0, 0xff, 0xe0, 0x8,
    0x7, 0xff, 0x8c, 0x40, 0x3f, 0xf8, 0x1e, 0x1,
    0x78, 0x7, 0xe4, 0x0, 0x88, 0x3, 0xe6, 0x30,
    0x9, 0xc0, 0x32, 0xc6, 0x48, 0x4, 0x64, 0x1,
    0xb9, 0xcc, 0x3, 0x78, 0x7, 0xf8, 0x6c, 0xc0,
    0x3e, 0x25, 0x9e, 0x40, 0xf, 0x0,

    /* U+007E "~" */
    0x0, 0x9b, 0x3b, 0xf1, 0x80, 0x3f, 0x22, 0x44,
    0x0, 0xb9, 0x31, 0x3, 0x9d, 0x20, 0xe, 0x4b,
    0xb9, 0x2, 0x90, 0x3, 0xc5, 0xa8, 0x1, 0x8c,
    0x2, 0x32, 0x50, 0x8, 0x4c, 0x3, 0x5b, 0x80,
    0xa, 0x40, 0x27, 0x50, 0x9, 0x7b, 0x39, 0x0,
    0x28, 0xec, 0xd1, 0x0, 0x11, 0x34, 0x2, 0xb0,
    0x0, 0xdb, 0x0, 0x42, 0x60, 0x1a, 0x40, 0x40,
    0x2, 0x20, 0xd, 0x32, 0x0, 0xfa, 0x10, 0x22,
    0xed, 0xa0, 0x1e, 0x6e, 0x72, 0x1, 0x5c, 0x70,
    0x0,

    /* U+00A0 " " */

    /* U+00A1 "¡" */
    0x8, 0xee, 0x48, 0x33, 0x88, 0x9a, 0x74, 0x3,
    0x38, 0x80, 0x63, 0x90, 0xd, 0x67, 0x8c, 0xcb,
    0x60, 0x39, 0x92, 0x0, 0x7f, 0xf0, 0xaa, 0xee,
    0x20, 0x54, 0x48, 0x40, 0x3f, 0xf8, 0xae, 0x1,
    0xe1, 0x0, 0xff, 0xe5, 0x9, 0x80, 0x7f, 0xf2,
    0x8c, 0x40, 0x3f, 0xf9, 0x42, 0xe0, 0x1f, 0xf0,

    /* U+00A2 "¢" */
    0x0, 0xfe, 0x4f, 0xf0, 0x80, 0x7f, 0xfb, 0x49,
    0xbc, 0x1, 0x6e, 0x60, 0x1f, 0xf1, 0xe6, 0xca,
    0x0, 0x16, 0x33, 0x8, 0x1, 0xf9, 0xb0, 0xc0,
    0x3f, 0x1d, 0xc0, 0x7, 0x9a, 0x40, 0x3f, 0xf8,
    0xf, 0x20, 0x18, 0xa4, 0x3, 0x3c, 0x80, 0x36,
    0x0, 0x33, 0x20, 0x5, 0x20, 0x1b, 0x20, 0x80,
    0x6, 0xfa, 0x20, 0x14, 0x0, 0xd, 0x0, 0x28,
    0x30, 0xf, 0x14, 0x0, 0x42, 0x20, 0xa0, 0xc,
    0xe0, 0x1f, 0x99, 0x95, 0xda, 0x20, 0x80, 0x12,
    0x80, 0x7f, 0xa5, 0x44, 0x2, 0x20, 0xb, 0x0,
    0x3f, 0xf8, 0x62, 0x1, 0x88, 0x3, 0xff, 0xda,
    0x20, 0x18, 0x80, 0x3f, 0xf8, 0x84, 0x1, 0x60,
    0x7, 0xff, 0x11, 0x0, 0x24, 0x0, 0xff, 0x53,
    0x98, 0x5, 0x40, 0x10, 0xb8, 0x7, 0xe5, 0x54,
    0x67, 0x88, 0x19, 0x80, 0x28, 0x30, 0xf, 0xd,
    0x80, 0x46, 0x20, 0xe, 0x0, 0xd8, 0xe2, 0x0,
    0x36, 0xf1, 0x0, 0xa0, 0x2, 0x29, 0x0, 0xd1,
    0x40, 0xd, 0x91, 0x0, 0x99, 0x0, 0x33, 0x48,
    0x7, 0xff, 0x1, 0xa4, 0x3, 0xcd, 0x86, 0x1,
    0xf8, 0xae, 0x40, 0x3f, 0x1e, 0x6c, 0x20, 0x1,
    0x63, 0x35, 0x0, 0x3f, 0xe2, 0x7f, 0x0, 0x5b,
    0x98, 0x7, 0xff, 0x90,

    /* U+00A3 "£" */
    0x0, 0xf8, 0x5e, 0xfb, 0xfd, 0xb4, 0xa0, 0x1f,
    0xf3, 0xf4, 0x20, 0x80, 0x9, 0x6b, 0x4c, 0x3,
    0xf5, 0xc0, 0x7, 0xf1, 0x62, 0x0, 0x7a, 0x50,
    0x3, 0x88, 0x80, 0x1d, 0x64, 0x1, 0x91, 0x80,
    0x22, 0xbf, 0xdd, 0x7c, 0x0, 0x6e, 0x0, 0xde,
    0x1, 0xe, 0x20, 0x6, 0x78, 0x0, 0x8c, 0xc0,
    0x12, 0x0, 0x50, 0x20, 0x1e, 0x72, 0x0, 0xac,
    0x0, 0x40, 0x19, 0xc0, 0x3f, 0x51, 0xac, 0x58,
    0x7, 0xc2, 0x1, 0xf9, 0xf2, 0x9c, 0xc0, 0x3f,
    0xfc, 0x6, 0x1, 0x84, 0x3, 0xff, 0xad, 0xfe,
    0xe0, 0xd, 0xdf, 0xff, 0x80, 0x3f, 0xfc, 0x7b,
    0x98, 0x0, 0xd3, 0x99, 0xf6, 0x80, 0x71, 0x19,
    0x84, 0x2, 0x23, 0x3f, 0x88, 0x3, 0xf1, 0x80,
    0x7f, 0xf3, 0x4, 0x3, 0xff, 0x88, 0x20, 0x1f,
    0xfd, 0xd1, 0x0, 0x98, 0x3, 0xf0, 0xb3, 0x48,
    0x0, 0x12, 0x0, 0x19, 0x80, 0x3f, 0x14, 0xcd,
    0x0, 0x34, 0x0, 0x3d, 0x0, 0xfe, 0x40, 0x9,
    0xf7, 0x90, 0x0, 0x39, 0xbb, 0xfd, 0x0, 0x11,
    0x90, 0x6, 0x22, 0xff, 0x80, 0x35, 0x80, 0x7f,
    0xf1, 0xe0, 0xc0, 0x3f, 0xf8, 0x82, 0x96, 0xe0,

    /* U+00A4 "¤" */
    0x0, 0x29, 0x80, 0x78, 0x49, 0xc, 0x40, 0x3e,
    0x70, 0xc, 0xb5, 0xa6, 0x0, 0x17, 0xde, 0xdb,
    0xce, 0xe4, 0x98, 0x5, 0x51, 0x80, 0x4, 0xa0,
    0x1d, 0x37, 0xe8, 0x20, 0xe, 0x16, 0xcb, 0x19,
    0x50, 0x3c, 0x4, 0x30, 0x0, 0xe4, 0x0, 0x7f,
    0xc9, 0xcc, 0x1, 0x50, 0x3, 0x4c, 0x3, 0xcb,
    0x7d, 0xfe, 0xc7, 0x10, 0xf, 0x4b, 0x0, 0x7,
    0x44, 0x2, 0x2c, 0xa4, 0x10, 0x1, 0xc7, 0x28,
    0x6, 0x86, 0x0, 0xc8, 0x20, 0x3, 0xc3, 0x0,
    0xfd, 0x4e, 0x1, 0x60, 0x7, 0x40, 0x0, 0x74,
    0x40, 0x3f, 0xd0, 0x80, 0x4, 0x30, 0x9, 0x8,
    0x1, 0x62, 0x1, 0xff, 0xc0, 0xa0, 0xa, 0x40,
    0x2d, 0x0, 0x12, 0x80, 0x7f, 0xf0, 0x45, 0x80,
    0xa, 0x1, 0x20, 0x1, 0x0, 0x3f, 0xf8, 0x7a,
    0x1, 0x18, 0x0, 0x80, 0x18, 0x1, 0xff, 0xc3,
    0x40, 0x9, 0x80, 0x38, 0x40, 0x3f, 0xf8, 0xe6,
    0x1, 0xff, 0xd0, 0x10, 0x1, 0x0, 0x7f, 0xf0,
    0xc4, 0x2, 0x20, 0x2, 0x80, 0x30, 0x3, 0xff,
    0x86, 0x80, 0x12, 0x80, 0xc, 0x0, 0xa2, 0x1,
    0xff, 0xc2, 0xe0, 0x0, 0x88, 0x1, 0x40, 0x14,
    0x80, 0x7f, 0xf0, 0x51, 0x0, 0x6, 0x0, 0x89,
    0x0, 0xe, 0x80, 0x1f, 0xf0, 0xd0, 0x5, 0x20,
    0x1a, 0x40, 0x2b, 0x40, 0xf, 0xe1, 0xd1, 0x0,
    0x30, 0x80, 0x6b, 0x0, 0xd7, 0x0, 0x1f, 0x27,
    0x98, 0x4, 0xe6, 0x1, 0x4b, 0x0, 0x73, 0xf5,
    0x32, 0xb4, 0x6d, 0x88, 0x6, 0x1d, 0x30, 0x56,
    0x0, 0x94, 0x2, 0x15, 0x9a, 0x97, 0x20, 0x9,
    0xc, 0x0, 0x3c, 0xa, 0xe0, 0xa, 0xa6, 0x20,
    0x7, 0xf0, 0xcd, 0xe1, 0x80, 0xf8, 0x2, 0x1e,
    0x94, 0xe, 0xf1, 0xcc, 0x40, 0x49, 0xab, 0x98,
    0x1, 0xa9, 0x84, 0x0,

    /* U+00A5 "¥" */
    0x2f, 0xfd, 0x20, 0x1f, 0xe4, 0xff, 0xce, 0x4a,
    0x1, 0x30, 0x80, 0x7f, 0x78, 0x4, 0x2e, 0x10,
    0x1, 0x98, 0x3, 0xf1, 0xa0, 0x5, 0x20, 0x2,
    0x50, 0xa, 0x40, 0x3f, 0x48, 0x4, 0x2e, 0x1,
    0x48, 0x4, 0x2c, 0x1, 0xe1, 0x50, 0xa, 0x40,
    0x31, 0xa0, 0x5, 0x60, 0x1e, 0x90, 0x8, 0x5c,
    0x3, 0xa0, 0x2, 0x24, 0x0, 0xe7, 0x0, 0xa4,
    0x3, 0xc6, 0x80, 0x17, 0x80, 0x67, 0x0, 0xce,
    0x1, 0xf4, 0x0, 0x48, 0x60, 0x14, 0x80, 0x4e,
    0x1, 0xf8, 0xd0, 0x2, 0x90, 0x2, 0x88, 0x5,
    0x20, 0x1f, 0xd0, 0x1, 0x28, 0x84, 0x0, 0x4e,
    0x20, 0x1f, 0xc6, 0x80, 0x14, 0xa1, 0x0, 0x52,
    0x1, 0xff, 0x40, 0x4, 0xf0, 0x1, 0x38, 0x80,
    0x7f, 0xc6, 0x80, 0x11, 0x80, 0x52, 0x1, 0xf9,
    0xbb, 0xb2, 0x0, 0x7d, 0xfd, 0xd3, 0x0, 0x70,
    0x8e, 0x0, 0xfc, 0x23, 0xc0, 0x1f, 0xfc, 0xe6,
    0xff, 0xee, 0x0, 0xd5, 0xff, 0xce, 0x1, 0xff,
    0xe4, 0x6f, 0xfe, 0xe0, 0xd, 0x5f, 0xfc, 0xe0,
    0x1f, 0xfc, 0xf1, 0x1f, 0x0, 0x61, 0x1f, 0x80,
    0x33, 0x77, 0x77, 0x80, 0x6b, 0xee, 0xe6, 0x0,
    0xff, 0xff, 0x80, 0x7f, 0xf6, 0x40,

    /* U+00A6 "¦" */
    0x1f, 0xfb, 0x40, 0x3f, 0xfe, 0x3, 0x77, 0x70,
    0x22, 0x46, 0x1, 0xff, 0xd2, 0x1f, 0xfb, 0x40,
    0x3f, 0xfe, 0x3, 0x55, 0x48,

    /* U+00A7 "§" */
    0x0, 0xe3, 0x9d, 0xff, 0x76, 0x40, 0x80, 0x7e,
    0x1b, 0xc6, 0x20, 0x0, 0x9b, 0xf3, 0x0, 0x7d,
    0x88, 0x1, 0xfd, 0x2c, 0x1, 0xd0, 0x40, 0x10,
    0xab, 0xa8, 0x80, 0x52, 0x40, 0x19, 0x80, 0x25,
    0xea, 0x8a, 0xf3, 0x0, 0xac, 0x2, 0x11, 0x0,
    0x54, 0x1, 0x87, 0x80, 0x27, 0x0, 0xf8, 0x40,
    0x3c, 0x4a, 0x4d, 0x0, 0x10, 0x80, 0x42, 0x20,
    0xf, 0x56, 0xcb, 0x0, 0x64, 0x0, 0xa8, 0x3,
    0xff, 0x85, 0x0, 0x12, 0x61, 0x80, 0x7f, 0xf0,
    0xe, 0x80, 0x23, 0xca, 0x20, 0xf, 0xf8, 0x54,
    0x3, 0x2e, 0xd1, 0x0, 0x7c, 0x5b, 0x6a, 0x8e,
    0x40, 0x12, 0xec, 0x88, 0x6, 0x1c, 0x20, 0x8b,
    0x8d, 0x91, 0x0, 0x9b, 0xd4, 0x2, 0x61, 0x0,
    0x38, 0x4, 0xdd, 0x2, 0x0, 0x1a, 0x80, 0x6,
    0x0, 0x8, 0x3, 0xcf, 0xee, 0x1, 0x3b, 0x3,
    0x80, 0x8, 0x3, 0xe1, 0x8c, 0x0, 0xa0, 0x14,
    0x2, 0x70, 0xf, 0xc7, 0x0, 0x1, 0x5d, 0x0,
    0xa1, 0xc0, 0x3f, 0x28, 0x5, 0xa8, 0xa0, 0x14,
    0x6a, 0x80, 0x7f, 0xbc, 0x28, 0xc0, 0x22, 0xac,
    0x40, 0xc, 0xa0, 0x12, 0x0, 0x31, 0x80, 0x31,
    0xde, 0x20, 0xbc, 0x0, 0x14, 0xc0, 0x29, 0xc4,
    0x0, 0xc7, 0x7d, 0x0, 0x5, 0xa0, 0xe, 0x3b,
    0xb1, 0x80, 0x7a, 0x36, 0x80, 0x3f, 0x26, 0x51,
    0x0, 0x69, 0x0, 0xff, 0xe0, 0x2e, 0xc8, 0x80,
    0x7, 0xc0, 0x3f, 0xf8, 0x2d, 0x82, 0x0, 0x27,
    0x0, 0xff, 0xe0, 0x95, 0x80, 0x56, 0x1, 0x2c,
    0x67, 0x0, 0x7c, 0xe0, 0x11, 0x0, 0x52, 0xe6,
    0x2c, 0x1, 0xe6, 0x0, 0x8c, 0x2, 0xb0, 0xa,
    0x4c, 0x3, 0xc, 0x80, 0x4e, 0x1, 0x38, 0x80,
    0x59, 0x71, 0xb, 0xe2, 0x0, 0xa4, 0x3, 0x68,
    0x6, 0x47, 0x72, 0x0, 0x67, 0x30, 0xc, 0x78,
    0x20, 0x1f, 0xd1, 0x0, 0xf, 0x1f, 0x4a, 0x8,
    0x0, 0x52, 0x39, 0xc0, 0x30,

    /* U+00A8 "¨" */
    0x8, 0xed, 0x40, 0xc, 0x99, 0xd0, 0xc, 0xe2,
    0x56, 0x20, 0x1, 0xb3, 0x17, 0x77, 0x80, 0x65,
    0x0, 0x28, 0x6, 0xdf, 0x0, 0xca, 0x0, 0x50,
    0xd, 0xac, 0xe2, 0x54, 0x20, 0x1, 0xb2, 0x6,
    0x70,

    /* U+00A9 "©" */
    0x0, 0xff, 0x92, 0x2b, 0x31, 0x72, 0xe6, 0x1,
    0xff, 0xc7, 0x2a, 0xfb, 0x75, 0x33, 0x23, 0x46,
    0x6b, 0x0, 0x7f, 0xf0, 0xc6, 0x75, 0x40, 0x3f,
    0xc5, 0x3a, 0xa0, 0x1f, 0xfc, 0x2, 0xc6, 0x0,
    0xff, 0xe1, 0x15, 0x40, 0x7, 0xf9, 0x34, 0x80,
    0x32, 0x4e, 0xf7, 0xf6, 0x39, 0x0, 0x67, 0xb0,
    0xf, 0xc5, 0x60, 0x19, 0x7a, 0xd8, 0x84, 0x4,
    0xe3, 0x68, 0x80, 0x24, 0xa0, 0xf, 0xf, 0x80,
    0x6a, 0xa0, 0x80, 0x7f, 0x2e, 0xa8, 0x4, 0xae,
    0x1, 0xd2, 0x40, 0x16, 0x28, 0x0, 0x5f, 0x3b,
    0xfa, 0xd4, 0x2, 0xa6, 0x0, 0xa0, 0x80, 0x22,
    0x70, 0xa, 0x8c, 0x0, 0x9f, 0x6, 0x20, 0x29,
    0x5a, 0x60, 0x9, 0x30, 0xa, 0x0, 0x2b, 0x0,
    0x95, 0x40, 0x7, 0xb1, 0x0, 0xf8, 0xb1, 0x0,
    0x1c, 0x1, 0x29, 0x0, 0x18, 0x2, 0x80, 0x2,
    0x40, 0x4, 0x2c, 0xea, 0x1, 0xac, 0x40, 0x98,
    0x2, 0xa0, 0x40, 0x9, 0x8, 0x1, 0x40, 0x13,
    0xf4, 0xc5, 0x72, 0x0, 0x56, 0x0, 0xb0, 0x9,
    0x40, 0xc0, 0x2d, 0x0, 0x30, 0x80, 0x1a, 0x0,
    0x30, 0xd9, 0x0, 0x14, 0x0, 0x44, 0x0, 0x10,
    0x68, 0x4, 0xa0, 0xc, 0x0, 0xa4, 0x3, 0xe9,
    0x77, 0x84, 0x0, 0xc0, 0x11, 0x8, 0x4, 0x20,
    0x7, 0x0, 0x20, 0x7, 0xe4, 0x88, 0x84, 0x0,
    0x40, 0x13, 0x0, 0x7f, 0x84, 0x3, 0xff, 0x90,
    0x20, 0x10, 0x80, 0x4, 0x0, 0xe0, 0x1f, 0xfc,
    0x33, 0x0, 0x9c, 0x80, 0x26, 0x0, 0x28, 0x0,
    0x8c, 0x3, 0xed, 0xff, 0x70, 0x4, 0xe0, 0x11,
    0x68, 0x5, 0xe0, 0xa, 0x0, 0xb8, 0x40, 0x39,
    0x88, 0x0, 0x80, 0x1, 0x20, 0x0, 0x89, 0x0,
    0x25, 0x10, 0x35, 0x0, 0x17, 0xb0, 0x81, 0x4c,
    0x80, 0x28, 0x0, 0x30, 0x4, 0xe0, 0x28, 0x1,
    0x48, 0x2, 0x88, 0x0, 0x33, 0xdf, 0xac, 0x1,
    0x39, 0x0, 0xc8, 0x5, 0xa0, 0x8, 0x0, 0x9c,
    0xc0, 0x18, 0x60, 0x1f, 0xcb, 0x0, 0x8, 0x10,
    0x1, 0xa0, 0x0, 0xd4, 0x2, 0xd1, 0x1, 0xc7,
    0x0, 0xf1, 0x55, 0x0, 0xc, 0xc0, 0xb, 0xc0,
    0x34, 0x0, 0x43, 0x84, 0x0, 0x8f, 0xb8, 0x84,
    0xe6, 0xa8, 0x1, 0xe4, 0x2, 0x53, 0x0, 0xc5,
    0x60, 0x11, 0x6b, 0x80, 0x48, 0xee, 0x63, 0x0,
    0x15, 0xc0, 0x4, 0x74, 0x1, 0xe4, 0x90, 0xd,
    0x1a, 0xe4, 0x1, 0xc9, 0x5a, 0x80, 0x11, 0x68,
    0x7, 0xe6, 0xa0, 0xc, 0x51, 0xbf, 0xba, 0xef,
    0xb5, 0x0, 0xc9, 0x82, 0x1, 0xfc, 0xba, 0x60,
    0x1e, 0x22, 0x8, 0x7, 0x9e, 0xc4, 0x3, 0xfe,
    0x2c, 0xa2, 0x0, 0xff, 0x9b, 0xa0, 0x3, 0xff,
    0x86, 0xbb, 0x8e, 0x82, 0x1, 0x12, 0xcf, 0x48,
    0x80, 0x7e,

    /* U+00AA "ª" */
    0x0, 0xcb, 0x5b, 0xfe, 0xea, 0x50, 0xf, 0x1e,
    0xd2, 0x90, 0x0, 0x56, 0xb4, 0xc0, 0x23, 0xc2,
    0x0, 0xfc, 0x5a, 0x20, 0xe, 0x0, 0x9b, 0x7f,
    0xda, 0x80, 0x1, 0x80, 0x1a, 0x52, 0x69, 0x20,
    0x1, 0x58, 0x80, 0x1c, 0x5, 0xeb, 0x64, 0x3,
    0xc4, 0x0, 0x10, 0xf, 0xe1, 0x37, 0x30, 0xf,
    0x8e, 0x2f, 0x7f, 0xb2, 0x0, 0x3c, 0x59, 0x87,
    0x42, 0x0, 0xfe, 0x1c, 0x30, 0x8, 0xda, 0x2f,
    0x90, 0x3, 0x48, 0x80, 0x17, 0xb2, 0x5d, 0x4,
    0x3, 0x8c, 0x2, 0xa1, 0x0, 0xe7, 0x0, 0xff,
    0xe1, 0x21, 0x80, 0x63, 0x0, 0xa8, 0x40, 0x26,
    0xb0, 0xe, 0xa0, 0x9, 0x7b, 0x9b, 0xf2, 0x6,
    0x1, 0x8a, 0x80, 0x30, 0x90, 0x2, 0x94, 0x3,
    0x97, 0x5c, 0x80, 0x4, 0xda, 0xa0, 0x1c,

    /* U+00AB "«" */
    0x0, 0xfc, 0x4a, 0xb8, 0x40, 0x25, 0x5c, 0x60,
    0x1f, 0xe, 0x55, 0x5c, 0x20, 0xa, 0xae, 0x10,
    0xf, 0xb0, 0x40, 0x5, 0x40, 0x8, 0x50, 0xa,
    0xc8, 0x3, 0xd6, 0x40, 0x1, 0xf1, 0x6, 0x70,
    0xa, 0x50, 0x3, 0xd2, 0x80, 0x15, 0x10, 0x24,
    0x80, 0x4c, 0xc0, 0xf, 0x33, 0x0, 0x29, 0x40,
    0x2a, 0x0, 0x92, 0x40, 0x3c, 0x92, 0x1, 0x33,
    0x0, 0x7c, 0x40, 0x5, 0x40, 0x1e, 0x2b, 0x0,
    0x92, 0x40, 0x1a, 0x40, 0x1, 0xf1, 0x0, 0xe1,
    0xc0, 0x8, 0xac, 0x1, 0x46, 0x1, 0x51, 0x0,
    0x7b, 0x44, 0x2, 0xf0, 0x3, 0xa8, 0x5, 0x28,
    0x1, 0xf2, 0x0, 0x67, 0x0, 0x20, 0x6, 0xc0,
    0xf, 0xd0, 0x80, 0x15, 0x18, 0x1d, 0x0, 0x4b,
    0x0, 0x1f, 0xac, 0xc0, 0x2d, 0x10, 0x57, 0x0,
    0x9d, 0x40, 0x3f, 0x68, 0x80, 0x7, 0x40, 0x10,
    0xa0, 0x15, 0x18, 0x7, 0xc3, 0xa0, 0x11, 0xd8,
    0x2, 0x8c, 0x2, 0xd1, 0x0, 0xf8, 0xec, 0x2,
    0x48, 0x0, 0x69, 0x0, 0x7, 0x0, 0x3f, 0x24,
    0x80, 0x4e, 0xa0, 0x3e, 0x20, 0x2, 0xb0, 0xf,
    0xcc, 0xc0, 0xa, 0x8c, 0xa, 0x80, 0x24, 0x80,
    0xf, 0xd2, 0x80, 0x16, 0x90, 0x24, 0x80, 0x4e,
    0xc0,

    /* U+00AC "¬" */
    0x6a, 0xaf, 0xfe, 0x20, 0x6a, 0xaf, 0xff, 0x10,
    0x40, 0x3f, 0xfb, 0x17, 0xff, 0xff, 0xc0, 0x30,
    0xf, 0xff, 0xf8, 0x0,

    /* U+00AE "®" */
    0x0, 0xfc, 0x2d, 0x57, 0x97, 0x28, 0x1, 0xff,
    0xc2, 0x2b, 0xe9, 0x54, 0x34, 0x6b, 0xf7, 0x0,
    0xff, 0x9f, 0x50, 0x3, 0xfa, 0x38, 0x80, 0x3f,
    0x54, 0x0, 0x6, 0x33, 0xfd, 0xd6, 0xa0, 0x1,
    0xd4, 0x0, 0xf4, 0x28, 0x1, 0xb9, 0xcc, 0x0,
    0x29, 0x5a, 0x40, 0xb, 0x20, 0xc, 0x8e, 0x0,
    0xa9, 0x0, 0xfc, 0x5a, 0x80, 0xf, 0x0, 0xd2,
    0x0, 0x75, 0x9, 0xcc, 0xe9, 0x20, 0x5, 0x90,
    0x13, 0x0, 0x10, 0x80, 0xe0, 0x0, 0x46, 0x7c,
    0xda, 0x60, 0xe, 0x0, 0x40, 0x3, 0x40, 0x12,
    0x1, 0xc9, 0xfe, 0xb0, 0x4, 0x0, 0xd, 0x0,
    0x4c, 0x10, 0x0, 0xa0, 0x1f, 0x90, 0xc1, 0x80,
    0x2d, 0x0, 0x20, 0x10, 0x10, 0x7, 0xf0, 0x98,
    0x30, 0x4, 0xa0, 0xe, 0x0, 0x84, 0x3, 0xcb,
    0x76, 0xf0, 0x7, 0x80, 0x42, 0x0, 0x30, 0x8,
    0x40, 0x3c, 0x28, 0x81, 0x9, 0x40, 0x8, 0x40,
    0x6, 0x2, 0x4, 0x1, 0xe4, 0xff, 0x8, 0x68,
    0x6, 0x50, 0x7, 0x2, 0x0, 0x10, 0x3, 0xf4,
    0x82, 0x18, 0x5, 0x80, 0x3, 0xf, 0x0, 0x78,
    0x7, 0xe7, 0x10, 0x80, 0x0, 0xa8, 0xa, 0x2,
    0x88, 0x22, 0x80, 0xd, 0xc, 0x2, 0x84, 0x1,
    0xa, 0x0, 0x30, 0x5, 0x0, 0xa, 0x30, 0x8b,
    0x80, 0x9, 0xae, 0xc3, 0x28, 0x3, 0x0, 0x13,
    0x28, 0x3, 0x14, 0x3, 0xfa, 0x98, 0x1, 0x40,
    0x1d, 0x46, 0x0, 0xab, 0x40, 0xc, 0x2f, 0xca,
    0x0, 0x94, 0x0, 0xf6, 0x28, 0x1, 0x2f, 0xfb,
    0x7b, 0x90, 0x20, 0xa, 0x60, 0xf, 0xd5, 0x42,
    0x0, 0x84, 0x84, 0x2, 0x5d, 0x50, 0xf, 0xf2,
    0xed, 0xb1, 0x8, 0x9, 0xc6, 0xd1, 0x0, 0x70,

    /* U+00AF "¯" */
    0x1, 0x1f, 0xf0, 0x1f, 0x77, 0xfb, 0x0, 0x3f,
    0xf9, 0x80,

    /* U+00B0 "°" */
    0x0, 0xf1, 0x18, 0x80, 0x7e, 0x2a, 0xfd, 0xce,
    0xc5, 0x0, 0xe5, 0xd5, 0x0, 0xc7, 0x52, 0x1,
    0x1d, 0x0, 0x7e, 0x68, 0x0, 0x70, 0x5, 0x1b,
    0xd4, 0x20, 0x7, 0x24, 0x20, 0x5, 0x39, 0xa,
    0xe0, 0x5, 0x46, 0x0, 0x15, 0x0, 0xc4, 0xc0,
    0x3, 0xf0, 0x1, 0x0, 0x7b, 0x80, 0xf, 0xc0,
    0x2, 0x0, 0xf6, 0x80, 0x1d, 0x0, 0x3, 0x20,
    0x19, 0x14, 0x1, 0x84, 0x80, 0x6, 0xb6, 0x59,
    0xb0, 0x9, 0x82, 0x84, 0x0, 0x93, 0x4c, 0x1,
    0x50, 0x80, 0xe1, 0x0, 0x7d, 0x4a, 0x1, 0x16,
    0xc9, 0x88, 0x13, 0xf2, 0x80, 0x0,

    /* U+00B1 "±" */
    0x0, 0xfd, 0x3f, 0xf2, 0x0, 0x7f, 0xff, 0xc0,
    0x3f, 0xf8, 0x3, 0x77, 0xf2, 0x0, 0x51, 0x77,
    0xe8, 0x4, 0x4f, 0x88, 0x2, 0x34, 0x4f, 0x28,
    0x7, 0xff, 0x70, 0x7f, 0xfe, 0x60, 0xa, 0xff,
    0xfd, 0xa0, 0x1f, 0xff, 0xf0, 0xf, 0xfe, 0xe,
    0x2a, 0xce, 0x1, 0xff, 0xc3, 0x5a, 0xa8, 0xc0,
    0x3f, 0xf9, 0xe3, 0xff, 0xff, 0xc6, 0xd0, 0xf,
    0xfe, 0xea, 0x27, 0xff, 0x1c,

    /* U+00B2 "²" */
    0x0, 0xb, 0xe7, 0x7f, 0xb6, 0x90, 0x3, 0x27,
    0xc1, 0x88, 0x0, 0x96, 0xec, 0x0, 0x2b, 0x10,
    0xf, 0xc9, 0x61, 0x0, 0x13, 0xf7, 0xfa, 0x80,
    0x24, 0x27, 0x0, 0x1c, 0x8, 0x1, 0x60, 0x2,
    0x7d, 0xff, 0x60, 0x7, 0x8, 0x4, 0x20, 0x1f,
    0x86, 0x0, 0x2, 0x80, 0x1f, 0x1f, 0x88, 0x2,
    0x0, 0x3e, 0x6c, 0x10, 0x4, 0x30, 0x7, 0xaa,
    0x40, 0x29, 0x70, 0xe, 0x2d, 0x50, 0x1, 0xeb,
    0x0, 0x72, 0xe9, 0x0, 0x1f, 0x8, 0x3, 0xa6,
    0x80, 0x3, 0x52, 0x23, 0xea, 0x60, 0x8, 0x6b,
    0xbb, 0xd8, 0x20, 0x1f, 0xfc, 0xf0,

    /* U+00B3 "³" */
    0x0, 0xc9, 0x5b, 0xfe, 0xeb, 0x60, 0xf, 0xe,
    0x5a, 0x90, 0x0, 0x52, 0x78, 0xc0, 0x36, 0x18,
    0x7, 0xe1, 0xd1, 0x0, 0x31, 0x0, 0x13, 0x3f,
    0xda, 0x80, 0x1, 0x60, 0x1, 0xb3, 0x56, 0x60,
    0x2, 0x90, 0xb, 0x80, 0xb, 0x33, 0x0, 0x72,
    0x80, 0x5e, 0x1, 0xf3, 0xc4, 0xe4, 0x0, 0x19,
    0x80, 0x1f, 0x4b, 0xb1, 0x82, 0xec, 0x80, 0x7f,
    0xf0, 0x57, 0x64, 0x3, 0xf7, 0x7f, 0x62, 0x0,
    0x1b, 0x0, 0x3f, 0x84, 0xec, 0x80, 0x6, 0x60,
    0xab, 0xb5, 0x0, 0x7f, 0x9c, 0x19, 0x10, 0xb6,
    0x82, 0x24, 0xb2, 0x0, 0x94, 0x3c, 0x2, 0x4b,
    0xee, 0x5a, 0x0, 0x4c, 0x20, 0x76, 0x20, 0x1f,
    0xcf, 0x20, 0x12, 0x74, 0xa9, 0x0, 0x4, 0xdf,
    0x60, 0x0,

    /* U+00B4 "´" */
    0x0, 0x16, 0x6e, 0xb0, 0x80, 0x16, 0x64, 0x45,
    0x20, 0x16, 0x0, 0x14, 0x80, 0x24, 0x2, 0xe0,
    0x0, 0xb8, 0x1, 0x8c, 0x0, 0xc0, 0x2, 0x90,
    0x8,

    /* U+00B5 "µ" */
    0x1f, 0xfc, 0x60, 0x1f, 0x87, 0xff, 0x18, 0x7,
    0xff, 0xfc, 0x3, 0xff, 0xfe, 0x1, 0xff, 0xff,
    0x0, 0xff, 0xf5, 0x98, 0x7, 0xff, 0x1, 0xc0,
    0x3f, 0x8, 0x7, 0xff, 0x3, 0x0, 0x3f, 0x28,
    0x7, 0xff, 0x1, 0x80, 0x3f, 0x58, 0x7, 0xff,
    0x0, 0x6c, 0x40, 0x3a, 0x88, 0x3, 0x38, 0x7,
    0xe4, 0xf9, 0x55, 0x47, 0x28, 0x7, 0x4b, 0x20,
    0x7, 0x20, 0xb, 0x55, 0x1c, 0x40, 0xe4, 0x2,
    0x29, 0x90, 0x7, 0x42, 0x0, 0x78, 0xb9, 0x94,
    0x3, 0xfe, 0xba, 0x41, 0x3, 0x8d, 0x20, 0xaa,
    0x20, 0x80, 0x7f, 0x2d, 0xf7, 0xe3, 0x80, 0x65,
    0xbe, 0xfd, 0x0, 0xff, 0xff, 0x80, 0x7f, 0xff,
    0xc0, 0x30,

    /* U+00B6 "¶" */
    0x0, 0xf2, 0x4e, 0xff, 0xff, 0xb4, 0x3, 0x26,
    0xdb, 0x10, 0x7, 0xff, 0x9, 0xac, 0x80, 0x3f,
    0xf8, 0x89, 0x20, 0x1f, 0x8d, 0x54, 0x80, 0x1e,
    0xa0, 0xf, 0xe8, 0xaa, 0x40, 0x7, 0x30, 0x80,
    0x7f, 0xf1, 0xb4, 0x3, 0xff, 0x8e, 0xa0, 0x1f,
    0xfc, 0x71, 0x0, 0xff, 0xf7, 0x98, 0x7, 0xff,
    0x1e, 0xc0, 0x3f, 0xf8, 0xec, 0x1, 0xff, 0xc7,
    0x18, 0x0, 0xff, 0xe3, 0xba, 0x80, 0x7f, 0xf1,
    0xe9, 0xc0, 0x3f, 0xf8, 0xf1, 0xac, 0x20, 0x1f,
    0xfc, 0x52, 0x9e, 0xe6, 0x62, 0xd4, 0x3, 0xff,
    0x86, 0x26, 0x64, 0x10, 0xf, 0xff, 0xf8, 0x7,
    0xff, 0xfc, 0x3, 0xff, 0xb2,

    /* U+00B7 "·" */
    0x3, 0x9a, 0x40, 0x3c, 0x65, 0xb5, 0x80, 0xd,
    0x0, 0x1c, 0x7a, 0x1, 0x99, 0x8e, 0x22, 0x68,

    /* U+00B8 "¸" */
    0x2, 0xfd, 0x0, 0xe7, 0x0, 0xf8, 0x80, 0xd4,
    0x80, 0x2e, 0x1, 0xad, 0xa0, 0x6, 0xcc, 0x10,
    0x2a, 0x81, 0x19, 0xe4, 0x1, 0xa0, 0x44, 0x3e,
    0x0, 0x7b, 0xee, 0xb1, 0x40, 0xa, 0x1, 0x85,
    0x70, 0x80,

    /* U+00B9 "¹" */
    0x0, 0xd, 0x7f, 0xe3, 0x7, 0xe5, 0x0, 0xed,
    0x80, 0xf, 0x88, 0x0, 0xaa, 0x0, 0xe2, 0xca,
    0x30, 0xd, 0x3a, 0x60, 0x1e, 0x60, 0xf, 0xff,
    0xf8, 0x7, 0xff, 0x8,

    /* U+00BA "º" */
    0x0, 0xc2, 0xf9, 0xdf, 0xed, 0x93, 0x0, 0xf9,
    0x3e, 0xc, 0x40, 0x4, 0xd9, 0x20, 0x1c, 0xd6,
    0x20, 0x1f, 0x9b, 0x0, 0x22, 0x90, 0x9, 0x73,
    0xb6, 0x44, 0x0, 0x70, 0x0, 0x90, 0x9, 0xe8,
    0xc4, 0x9b, 0x0, 0x27, 0x21, 0x40, 0x0, 0xc0,
    0x7, 0x13, 0x80, 0x54, 0x80, 0x13, 0x0, 0x7d,
    0x40, 0x12, 0x10, 0x5, 0xa0, 0x1f, 0x10, 0x80,
    0xb, 0xc0, 0x21, 0x0, 0xff, 0x87, 0xc0, 0x21,
    0x0, 0xff, 0x84, 0x80, 0x2d, 0x0, 0xf8, 0x84,
    0x0, 0x48, 0x1, 0x30, 0x7, 0xca, 0x1, 0x20,
    0xa0, 0x0, 0x60, 0x3, 0x8a, 0x0, 0x2a, 0x9,
    0x0, 0x9e, 0x8c, 0x49, 0xb0, 0x2, 0x72, 0x2,
    0x90, 0x9, 0x73, 0xb6, 0x44, 0x0, 0x70, 0x1,
    0x35, 0x88, 0x7, 0xe6, 0xc0, 0xe, 0x4f, 0x83,
    0x10, 0x1, 0x36, 0x48, 0x4,

    /* U+00BB "»" */
    0x15, 0x5c, 0x40, 0x12, 0xae, 0x40, 0xf, 0xc3,
    0xd5, 0x56, 0x8, 0x0, 0xea, 0xab, 0x50, 0xf,
    0xd4, 0x40, 0x1, 0xc0, 0x3, 0x30, 0x2, 0xa3,
    0x0, 0xf8, 0x7c, 0x40, 0x5, 0x60, 0x9, 0x40,
    0xb, 0x48, 0x3, 0xe2, 0xa0, 0x9, 0x24, 0x1,
    0x44, 0x0, 0x1f, 0x10, 0xf, 0x92, 0x40, 0x26,
    0x60, 0xf, 0x88, 0x0, 0xa8, 0x3, 0xf3, 0x30,
    0x2, 0x94, 0x2, 0xa0, 0x9, 0x24, 0x3, 0xf4,
    0xa0, 0x5, 0x64, 0x9, 0x20, 0x13, 0x38, 0x7,
    0xeb, 0x20, 0xb, 0x4, 0x19, 0xc0, 0x28, 0x50,
    0xf, 0xde, 0x1, 0xe, 0x80, 0x21, 0x0, 0x2a,
    0x30, 0xf, 0x9c, 0x3, 0x20, 0x0, 0x54, 0x2,
    0x23, 0x0, 0xf1, 0xd0, 0x4, 0x90, 0x0, 0xd1,
    0x0, 0xf, 0x80, 0x78, 0x74, 0x2, 0x3b, 0x0,
    0x51, 0x80, 0x5a, 0x40, 0x1e, 0xd1, 0x0, 0xe,
    0x80, 0x21, 0x40, 0x2a, 0x30, 0xf, 0x59, 0x80,
    0x58, 0x20, 0xae, 0x1, 0x42, 0x80, 0x7a, 0x10,
    0x2, 0xb2, 0x3, 0xa0, 0x9, 0x9c, 0x3, 0xca,
    0xe0, 0x14, 0xa0, 0x16, 0x80, 0x49, 0x20, 0x1e,
    0x3a, 0x0, 0x99, 0x80, 0xf, 0x10, 0x1, 0x50,
    0x7, 0x8b, 0x40, 0x24, 0x90, 0x5, 0x90, 0x0,
    0x7c, 0x40, 0x3c,

    /* U+00BC "¼" */
    0x0, 0xd, 0x77, 0x56, 0x1, 0xff, 0xc2, 0x6e,
    0xe6, 0x88, 0x7, 0x1f, 0xa8, 0x8c, 0xc0, 0x1f,
    0xfc, 0x12, 0x91, 0x15, 0x8, 0x6, 0x5c, 0x10,
    0xf, 0xfe, 0x37, 0x0, 0xd, 0xc0, 0x3b, 0x40,
    0xe, 0xc0, 0x1f, 0xfc, 0x37, 0x30, 0x7, 0x0,
    0x7c, 0x37, 0x0, 0x1f, 0xfc, 0x32, 0x80, 0x4,
    0x90, 0x7, 0xb3, 0xd0, 0x3, 0xff, 0x89, 0xc0,
    0x4, 0x60, 0xf, 0x90, 0x40, 0x3f, 0xf8, 0x90,
    0x60, 0xa, 0x0, 0xff, 0xe6, 0x9b, 0x80, 0x24,
    0x40, 0x3f, 0xf9, 0xbc, 0x0, 0x46, 0x0, 0xff,
    0xe6, 0xc1, 0x0, 0xd0, 0x7, 0xff, 0x34, 0xdc,
    0x1, 0x62, 0x1, 0xff, 0xcd, 0xe0, 0x2, 0xa8,
    0x3, 0xff, 0x9b, 0x24, 0x3, 0x60, 0x1f, 0xfc,
    0xd4, 0x60, 0x5, 0x8, 0x6, 0x3c, 0xcc, 0x40,
    0x1f, 0xfc, 0x3a, 0x0, 0x32, 0x0, 0x77, 0x99,
    0xe1, 0x0, 0xff, 0xe1, 0x50, 0x80, 0xc8, 0x7,
    0x31, 0x80, 0x7f, 0xd3, 0xfe, 0xd0, 0x9, 0x14,
    0x1, 0x40, 0x1e, 0x80, 0xf, 0xfe, 0x30, 0xd0,
    0x1, 0x90, 0x3, 0xa0, 0x41, 0x40, 0x3f, 0xf8,
    0x96, 0x20, 0x52, 0x1, 0xc4, 0xe0, 0x8, 0x0,
    0xff, 0xe1, 0xaa, 0x80, 0x1c, 0x1, 0xe8, 0x0,
    0x31, 0x0, 0x7f, 0xf0, 0x86, 0xc0, 0xe, 0x60,
    0x1c, 0x6a, 0x0, 0x80, 0xf, 0xfe, 0x1d, 0x8,
    0x14, 0x0, 0x7b, 0xc0, 0x10, 0x20, 0x1f, 0xfc,
    0x26, 0x40, 0x7, 0x0, 0x79, 0x8c, 0x5, 0xc0,
    0x3f, 0xf8, 0x43, 0x20, 0x8, 0x30, 0xf, 0x40,
    0x2, 0x0, 0x3f, 0xf8, 0x74, 0x0, 0x37, 0x0,
    0xf3, 0x8, 0x2, 0xb3, 0x20, 0xb, 0xf0, 0x40,
    0x39, 0x90, 0x1, 0xc0, 0x1f, 0xf1, 0x9e, 0x0,
    0x8c, 0xc0, 0x1c, 0x52, 0x0, 0x82, 0x0, 0xff,
    0xe6, 0xf0, 0x0, 0xdc, 0x3, 0xf3, 0x7f, 0xfb,
    0x80, 0x2c, 0xf1, 0x0, 0x9c, 0xc0, 0x1c, 0x1,
    0xff, 0xcf, 0x77, 0x59, 0x0, 0x7f, 0xf1, 0x5,
    0xde, 0x20, 0x0,

    /* U+00BD "½" */
    0x0, 0x16, 0x7f, 0xda, 0x1, 0xff, 0xc2, 0x8f,
    0xf8, 0x40, 0x3c, 0xba, 0x60, 0x1f, 0xfc, 0x53,
    0x70, 0x5, 0x8, 0x7, 0x2d, 0x0, 0x7f, 0xf1,
    0xf8, 0x0, 0xaa, 0x0, 0xf6, 0x80, 0x25, 0x80,
    0x3f, 0xf8, 0x72, 0x40, 0x36, 0x1, 0xf8, 0x71,
    0x80, 0x3f, 0xf8, 0x68, 0xc0, 0xa, 0x10, 0xf,
    0xb3, 0xcc, 0x3, 0xff, 0x86, 0x34, 0x0, 0x64,
    0x0, 0xfc, 0x82, 0x1, 0xff, 0xc4, 0xb1, 0x2,
    0x90, 0xf, 0xfe, 0x72, 0xa8, 0x1, 0xc0, 0x1f,
    0xfc, 0xe1, 0xb0, 0x3, 0x98, 0x7, 0xff, 0x3a,
    0x84, 0xa, 0x0, 0x3f, 0xf9, 0xcc, 0x80, 0xe,
    0x0, 0xff, 0xe7, 0x14, 0x80, 0x20, 0xc0, 0x3f,
    0xf9, 0xdc, 0x0, 0x37, 0x0, 0xff, 0xe7, 0x39,
    0x80, 0x38, 0x3, 0x14, 0xef, 0xfb, 0x60, 0x40,
    0x3f, 0xf8, 0x45, 0x0, 0x9, 0x20, 0x9, 0xb5,
    0x88, 0x0, 0x4f, 0xe4, 0x1, 0xc2, 0x33, 0x0,
    0x6f, 0x0, 0x23, 0x0, 0x45, 0x20, 0x12, 0x10,
    0x0, 0x7c, 0x3, 0xa3, 0xb9, 0x60, 0x14, 0x10,
    0xd, 0x0, 0x6a, 0x0, 0xf, 0x5e, 0xc8, 0x0,
    0x8c, 0x3, 0xfc, 0x6e, 0x0, 0xb1, 0x0, 0xda,
    0xee, 0xb1, 0x0, 0x30, 0x4, 0xc0, 0x1f, 0xee,
    0x0, 0x2a, 0x80, 0x39, 0x62, 0xa, 0x1, 0x10,
    0x4, 0xc0, 0x1f, 0xd2, 0x40, 0x36, 0x1, 0xff,
    0xc1, 0x80, 0x1, 0x18, 0x7, 0xe4, 0x60, 0x5,
    0x8, 0x7, 0xff, 0x1, 0xd4, 0x1, 0xc0, 0x1f,
    0x86, 0x80, 0xc, 0x80, 0x1f, 0xfc, 0x6, 0x80,
    0x4, 0x18, 0x7, 0xeb, 0x10, 0x29, 0x0, 0xff,
    0xe0, 0x34, 0x80, 0x19, 0xc0, 0x3f, 0x2a, 0x80,
    0x1c, 0x1, 0xff, 0xc0, 0x59, 0x0, 0x2c, 0x80,
    0x7e, 0x1a, 0x0, 0x39, 0x80, 0x7f, 0xcb, 0x40,
    0x4, 0xa0, 0xf, 0xea, 0x0, 0x1c, 0x0, 0x7f,
    0xcb, 0x40, 0x3, 0xb0, 0xf, 0xe6, 0x40, 0x7,
    0x0, 0x7f, 0xc7, 0x40, 0x11, 0xf7, 0x74, 0x0,
    0x45, 0x20, 0x8, 0x20, 0xf, 0xf9, 0x0, 0x38,
    0x47, 0xc0, 0x17, 0x0, 0x11, 0xc0, 0x3f, 0xf9,
    0x80,

    /* U+00BE "¾" */
    0x0, 0xcb, 0x37, 0x69, 0x30, 0xf, 0xfe, 0x19,
    0xe6, 0x46, 0x1, 0xe4, 0xea, 0x64, 0x43, 0x65,
    0x0, 0x7f, 0xf0, 0xb8, 0xcc, 0xc6, 0x1, 0xc7,
    0x62, 0x1, 0xe5, 0x80, 0xf, 0xfe, 0x4, 0x90,
    0xd, 0x80, 0x7a, 0x40, 0x3, 0x7f, 0xc8, 0x0,
    0x70, 0xf, 0xf9, 0x18, 0x1, 0x42, 0x1, 0xef,
    0x88, 0x6a, 0x0, 0xc8, 0x4, 0x40, 0x1f, 0xc3,
    0x40, 0x6, 0x40, 0xf, 0x95, 0xdc, 0x60, 0x13,
    0x0, 0x46, 0x1, 0xfd, 0x62, 0x5, 0x20, 0x1f,
    0xfc, 0x23, 0x90, 0x2, 0x8, 0x7, 0xe5, 0x50,
    0x3, 0x80, 0x3f, 0xf8, 0x5, 0xfe, 0xc2, 0x4,
    0xa0, 0xf, 0xc3, 0x60, 0x7, 0x30, 0xf, 0xfe,
    0x29, 0xe8, 0x80, 0x7e, 0xa1, 0x2, 0x80, 0xf,
    0xfe, 0x9, 0xb3, 0x10, 0xe, 0x74, 0x40, 0x3c,
    0xa8, 0x0, 0xe0, 0xf, 0xfe, 0x10, 0xcc, 0xae,
    0xc0, 0x2, 0x90, 0xe, 0x1a, 0x0, 0x39, 0x80,
    0x7f, 0xf1, 0x90, 0xc0, 0x8, 0x1, 0xd4, 0x0,
    0x38, 0x0, 0xff, 0xe0, 0x11, 0x40, 0x1c, 0x20,
    0x1, 0x0, 0xcc, 0x80, 0xe, 0x0, 0xff, 0xe0,
    0xe, 0xed, 0x66, 0x3, 0x24, 0x0, 0x70, 0x8,
    0xa4, 0x1, 0x4, 0x1, 0xff, 0xc0, 0x15, 0x0,
    0x26, 0x7f, 0x30, 0x5, 0x0, 0x17, 0x0, 0xd,
    0xc0, 0x39, 0x3f, 0xf2, 0x80, 0x54, 0xa0, 0x1f,
    0xe, 0x10, 0x1, 0xcc, 0x1, 0xc0, 0x1e, 0x90,
    0xf, 0xea, 0xc6, 0x32, 0x22, 0xcf, 0x18, 0x0,
    0xa0, 0x1, 0x24, 0x1, 0xce, 0x40, 0x1f, 0xe3,
    0x9c, 0xdd, 0x53, 0x0, 0x6f, 0x0, 0x23, 0x0,
    0x71, 0x40, 0x7, 0xff, 0x26, 0x8, 0x6, 0x80,
    0x3d, 0x20, 0x7, 0x10, 0xf, 0xfe, 0x29, 0xb8,
    0x2, 0xc4, 0x3, 0x95, 0x0, 0x60, 0x3, 0xff,
    0x8d, 0xc0, 0x5, 0x50, 0x7, 0xac, 0x1, 0x60,
    0x1f, 0xfc, 0x69, 0x20, 0x1b, 0x0, 0xf4, 0x8,
    0x1a, 0x80, 0x7f, 0xf1, 0x51, 0x80, 0x14, 0x20,
    0x1c, 0x4e, 0x0, 0xe0, 0xf, 0xfe, 0x35, 0x0,
    0x19, 0x0, 0x3d, 0xc0, 0x6, 0x20, 0xf, 0xfe,
    0x2d, 0x8, 0xc, 0x80, 0x79, 0xc, 0x0, 0x99,
    0x90, 0x80, 0x23, 0x8, 0x3, 0xf2, 0xa8, 0x1,
    0x40, 0x1f, 0xf1, 0x19, 0xc0, 0x11, 0x18, 0x80,
    0x7c, 0x36, 0x0, 0x64, 0x0, 0xff, 0xe8, 0x58,
    0x81, 0x48, 0x7, 0xe4, 0xff, 0xf8, 0x2, 0xaf,
    0x30, 0xf, 0x2a, 0x80, 0x1c, 0x1, 0xff, 0xd1,
    0x37, 0x75, 0x18, 0x7, 0xff, 0x16, 0x1d, 0xe0,
    0x0,

    /* U+00BF "¿" */
    0x0, 0xfc, 0x79, 0xf8, 0x60, 0x1f, 0xfc, 0x11,
    0xc3, 0x3, 0xd1, 0x0, 0xff, 0xe0, 0x20, 0x6,
    0x14, 0x0, 0xff, 0xe0, 0x8, 0x7, 0x8, 0x7,
    0xff, 0x1, 0xc, 0x2, 0x34, 0x0, 0xff, 0xe0,
    0xe4, 0x2c, 0x60, 0x7, 0xff, 0xd, 0xe9, 0xc0,
    0x3f, 0xfd, 0x31, 0xdd, 0x40, 0x7, 0xff, 0x8,
    0x47, 0x0, 0x7f, 0xf0, 0xd4, 0x2, 0xf0, 0xf,
    0xfe, 0x9, 0x18, 0x4, 0x60, 0x1f, 0xfc, 0x1,
    0xf0, 0xc, 0x80, 0x1f, 0xf1, 0xf9, 0x0, 0x4e,
    0x1, 0xff, 0x46, 0x8, 0x4, 0x70, 0x1, 0xfe,
    0xb7, 0x0, 0xcd, 0x80, 0x1f, 0xea, 0x40, 0x8,
    0x6e, 0x40, 0x3f, 0xc8, 0xa0, 0x11, 0x7a, 0x0,
    0x7f, 0xde, 0x1, 0xbc, 0x40, 0x3f, 0xf8, 0xa,
    0x1, 0x29, 0x0, 0x7f, 0xf0, 0x44, 0x2, 0xd0,
    0xf, 0xc6, 0x89, 0x10, 0x7, 0x8, 0x7, 0xec,
    0xbb, 0x94, 0x4, 0x2, 0xc0, 0xf, 0x8c, 0x3,
    0x18, 0x20, 0x4, 0xa8, 0x1, 0xef, 0x0, 0xc8,
    0x12, 0x1, 0xae, 0x8, 0x5, 0x74, 0xc0, 0x27,
    0x0, 0x1b, 0x80, 0x67, 0xdf, 0xea, 0x20, 0x8,
    0xe0, 0x2, 0x86, 0x0, 0xff, 0x8f, 0x40, 0x3a,
    0x6c, 0xc0, 0x3e, 0x18, 0xc1, 0x0, 0xf2, 0x66,
    0xcb, 0xb3, 0x22, 0xf9, 0xc0, 0x30,

    /* U+00C0 "À" */
    0x0, 0xfd, 0x9b, 0xb2, 0x0, 0x7f, 0xf2, 0xa8,
    0x8a, 0xf0, 0xf, 0xfe, 0x53, 0x20, 0x1, 0xc,
    0x3, 0xff, 0x95, 0x20, 0x14, 0x80, 0x7f, 0xf2,
    0x8a, 0x40, 0xa, 0x40, 0x1f, 0xfc, 0xa6, 0x30,
    0x5, 0x80, 0x7f, 0xf2, 0xf3, 0xfd, 0x20, 0x1f,
    0xff, 0xf0, 0xdf, 0xfe, 0x0, 0xff, 0xe4, 0x19,
    0x0, 0x72, 0x80, 0x7f, 0xf1, 0xec, 0x3, 0xdc,
    0x1, 0xff, 0xc7, 0x60, 0xf, 0x20, 0x80, 0x7f,
    0xf1, 0x50, 0x40, 0x6, 0xa0, 0x13, 0x0, 0x7f,
    0xf1, 0x74, 0x2, 0x4c, 0x0, 0xac, 0x3, 0xff,
    0x8a, 0xc0, 0x16, 0x38, 0x4, 0x64, 0x1, 0xff,
    0xc3, 0x50, 0xc, 0x82, 0x40, 0x15, 0x0, 0x7f,
    0xf0, 0xf8, 0x2, 0x40, 0x2, 0x80, 0x4c, 0x1,
    0xff, 0xc2, 0x14, 0x0, 0xb4, 0x1, 0x60, 0x10,
    0xa0, 0x7, 0xff, 0x5, 0xc0, 0x33, 0x80, 0xc,
    0x40, 0x2e, 0x0, 0xff, 0xe0, 0xd0, 0x4, 0x42,
    0x1, 0x20, 0x4, 0xa0, 0x1f, 0xfc, 0x1, 0x30,
    0x9, 0x40, 0x37, 0x80, 0x65, 0x0, 0xff, 0x98,
    0x3, 0x50, 0x6, 0x50, 0xd, 0xc0, 0x1f, 0xf5,
    0x0, 0x44, 0x40, 0xe, 0x50, 0x9, 0x4, 0x3,
    0xf8, 0x88, 0x1, 0x28, 0x7, 0xb8, 0x3, 0x30,
    0x7, 0xf5, 0x0, 0x6a, 0x0, 0xf2, 0x8, 0x5,
    0x60, 0x1f, 0xcc, 0x1, 0x11, 0x0, 0x3e, 0x70,
    0x8, 0xc8, 0x3, 0xe4, 0x10, 0x8, 0xbf, 0xff,
    0x30, 0x6, 0xa0, 0xf, 0xb4, 0x3, 0xff, 0x8c,
    0xc0, 0x1f, 0x30, 0x7, 0xff, 0x18, 0x50, 0x3,
    0x94, 0x3, 0x1a, 0x27, 0xfc, 0x1, 0xb8, 0x3,
    0xbc, 0x3, 0x75, 0xdf, 0xfc, 0x40, 0x12, 0x80,
    0x61, 0x50, 0x8, 0xc8, 0x3, 0xfe, 0xa0, 0xc,
    0xa0, 0x13, 0x80, 0x6a, 0x0, 0xff, 0xe0, 0x30,
    0x6, 0xe0, 0xa, 0x80, 0x33, 0x80, 0x7f, 0xf0,
    0x5, 0x0, 0x24, 0x10, 0x13, 0x0, 0x90, 0x40,
    0x3f, 0xf8, 0x3a, 0x1, 0x98, 0x18, 0x3, 0x70,
    0x7, 0xff, 0x9, 0x80, 0x35, 0x85, 0x0, 0x65,
    0x0, 0xff, 0xe1, 0xa8, 0x4, 0x64,

    /* U+00C1 "Á" */
    0x0, 0xff, 0xe1, 0x66, 0xec, 0x60, 0x1f, 0xfc,
    0x97, 0x32, 0x23, 0x18, 0x7, 0xff, 0x26, 0x40,
    0x3, 0x40, 0x1f, 0xfc, 0x96, 0x10, 0x5, 0x88,
    0x7, 0xff, 0x26, 0xc0, 0x8, 0xa0, 0x1f, 0xfc,
    0x95, 0x20, 0x1a, 0x0, 0xff, 0xe5, 0x2f, 0xfb,
    0x84, 0x3, 0xff, 0xff, 0xbf, 0xfc, 0x1, 0xff,
    0xc8, 0x32, 0x0, 0xe5, 0x0, 0xff, 0xe3, 0xd8,
    0x7, 0xb8, 0x3, 0xff, 0x8e, 0xc0, 0x1e, 0x41,
    0x0, 0xff, 0xe2, 0xa0, 0x80, 0xd, 0x40, 0x26,
    0x0, 0xff, 0xe2, 0xe8, 0x4, 0x98, 0x1, 0x58,
    0x7, 0xff, 0x15, 0x80, 0x2c, 0x70, 0x8, 0xc8,
    0x3, 0xff, 0x86, 0xa0, 0x19, 0x4, 0x80, 0x2a,
    0x0, 0xff, 0xe1, 0xf0, 0x4, 0x80, 0x5, 0x0,
    0x98, 0x3, 0xff, 0x84, 0x28, 0x1, 0x68, 0x2,
    0xc0, 0x21, 0x40, 0xf, 0xfe, 0xb, 0x80, 0x67,
    0x0, 0x18, 0x80, 0x5c, 0x1, 0xff, 0xc1, 0xa0,
    0x8, 0x84, 0x2, 0x40, 0x9, 0x40, 0x3f, 0xf8,
    0x2, 0x60, 0x12, 0x80, 0x6f, 0x0, 0xca, 0x1,
    0xff, 0x30, 0x6, 0xa0, 0xc, 0xa0, 0x1b, 0x80,
    0x3f, 0xea, 0x0, 0x88, 0x80, 0x1c, 0xa0, 0x12,
    0x8, 0x7, 0xf1, 0x10, 0x2, 0x50, 0xf, 0x70,
    0x6, 0x60, 0xf, 0xea, 0x0, 0xd4, 0x1, 0xe4,
    0x10, 0xa, 0xc0, 0x3f, 0x98, 0x2, 0x22, 0x0,
    0x7c, 0xe0, 0x11, 0x90, 0x7, 0xc8, 0x20, 0x11,
    0x7f, 0xfe, 0x60, 0xd, 0x40, 0x1f, 0x68, 0x7,
    0xff, 0x19, 0x80, 0x3e, 0x60, 0xf, 0xfe, 0x30,
    0xa0, 0x7, 0x28, 0x6, 0x34, 0x4f, 0xf8, 0x3,
    0x70, 0x7, 0x78, 0x6, 0xeb, 0xbf, 0xf8, 0x80,
    0x25, 0x0, 0xc2, 0xa0, 0x11, 0x90, 0x7, 0xfd,
    0x40, 0x19, 0x40, 0x27, 0x0, 0xd4, 0x1, 0xff,
    0xc0, 0x60, 0xd, 0xc0, 0x15, 0x0, 0x67, 0x0,
    0xff, 0xe0, 0xa, 0x0, 0x48, 0x20, 0x26, 0x1,
    0x20, 0x80, 0x7f, 0xf0, 0x74, 0x3, 0x30, 0x30,
    0x6, 0xe0, 0xf, 0xfe, 0x13, 0x0, 0x6b, 0xa,
    0x0, 0xca, 0x1, 0xff, 0xc3, 0x50, 0x8, 0xc8,

    /* U+00C2 "Â" */
    0x0, 0xff, 0x9e, 0x22, 0x10, 0xf, 0xfe, 0x4d,
    0x43, 0xbd, 0x82, 0x1, 0xff, 0xc7, 0x95, 0x0,
    0x8, 0x16, 0x80, 0x7f, 0xf1, 0xa1, 0x80, 0x13,
    0x80, 0x3, 0xb0, 0xf, 0xfe, 0x23, 0x38, 0x1,
    0x98, 0x54, 0x0, 0x49, 0x0, 0xff, 0xe1, 0x2c,
    0x80, 0x12, 0x40, 0xb, 0x0, 0x6, 0x80, 0xf,
    0xfe, 0xa, 0xff, 0xd6, 0x1, 0x9f, 0xfe, 0x80,
    0xf, 0xff, 0xde, 0xff, 0xf0, 0x7, 0xff, 0x20,
    0xc8, 0x3, 0x94, 0x3, 0xff, 0x8f, 0x60, 0x1e,
    0xe0, 0xf, 0xfe, 0x3b, 0x0, 0x79, 0x4, 0x3,
    0xff, 0x8a, 0x82, 0x0, 0x35, 0x0, 0x98, 0x3,
    0xff, 0x8b, 0xa0, 0x12, 0x60, 0x5, 0x60, 0x1f,
    0xfc, 0x56, 0x0, 0xb1, 0xc0, 0x23, 0x20, 0xf,
    0xfe, 0x1a, 0x80, 0x64, 0x12, 0x0, 0xa8, 0x3,
    0xff, 0x87, 0xc0, 0x12, 0x0, 0x14, 0x2, 0x60,
    0xf, 0xfe, 0x10, 0xa0, 0x5, 0xa0, 0xb, 0x0,
    0x85, 0x0, 0x3f, 0xf8, 0x2e, 0x1, 0x9c, 0x0,
    0x62, 0x1, 0x70, 0x7, 0xff, 0x6, 0x80, 0x22,
    0x10, 0x9, 0x0, 0x25, 0x0, 0xff, 0xe0, 0x9,
    0x80, 0x4a, 0x1, 0xbc, 0x3, 0x28, 0x7, 0xfc,
    0xc0, 0x1a, 0x80, 0x32, 0x80, 0x6e, 0x0, 0xff,
    0xa8, 0x2, 0x22, 0x0, 0x72, 0x80, 0x48, 0x20,
    0x1f, 0xc4, 0x40, 0x9, 0x40, 0x3d, 0xc0, 0x19,
    0x80, 0x3f, 0xa8, 0x3, 0x50, 0x7, 0x90, 0x40,
    0x2b, 0x0, 0xfe, 0x60, 0x8, 0x88, 0x1, 0xf3,
    0x80, 0x46, 0x40, 0x1f, 0x20, 0x80, 0x45, 0xff,
    0xf9, 0x80, 0x35, 0x0, 0x7d, 0xa0, 0x1f, 0xfc,
    0x66, 0x0, 0xf9, 0x80, 0x3f, 0xf8, 0xc2, 0x80,
    0x1c, 0xa0, 0x18, 0xd1, 0x3f, 0xe0, 0xd, 0xc0,
    0x1d, 0xe0, 0x1b, 0xae, 0xff, 0xe2, 0x0, 0x94,
    0x3, 0xa, 0x80, 0x46, 0x40, 0x1f, 0xf5, 0x0,
    0x65, 0x0, 0x9c, 0x3, 0x50, 0x7, 0xff, 0x1,
    0x80, 0x37, 0x0, 0x54, 0x1, 0x9c, 0x3, 0xff,
    0x80, 0x28, 0x1, 0x20, 0x80, 0x98, 0x4, 0x82,
    0x1, 0xff, 0xc1, 0xd0, 0xc, 0xc0, 0xc0, 0x1b,
    0x80, 0x3f, 0xf8, 0x4c, 0x1, 0xac, 0x28, 0x3,
    0x28, 0x7, 0xff, 0xd, 0x40, 0x23, 0x20,

    /* U+00C3 "Ã" */
    0x0, 0xfc, 0x79, 0xfa, 0xe0, 0x14, 0x7f, 0x88,
    0x3, 0xff, 0x84, 0x38, 0x60, 0x51, 0xa8, 0x2a,
    0x0, 0x20, 0xf, 0xfe, 0x13, 0x0, 0x4, 0x40,
    0x57, 0xc4, 0x8, 0x1, 0xff, 0xc3, 0xc0, 0x6,
    0x74, 0x80, 0x74, 0x0, 0x7f, 0xf0, 0xc9, 0x14,
    0x81, 0xb9, 0xd1, 0x70, 0xc0, 0x3f, 0xf8, 0x73,
    0x74, 0x1, 0xc, 0x5d, 0x18, 0x7, 0xff, 0xf7,
    0x7f, 0xf8, 0x3, 0xff, 0x90, 0x64, 0x1, 0xca,
    0x1, 0xff, 0xc7, 0xb0, 0xf, 0x70, 0x7, 0xff,
    0x1d, 0x80, 0x3c, 0x82, 0x1, 0xff, 0xc5, 0x41,
    0x0, 0x1a, 0x80, 0x4c, 0x1, 0xff, 0xc5, 0xd0,
    0x9, 0x30, 0x2, 0xb0, 0xf, 0xfe, 0x2b, 0x0,
    0x58, 0xe0, 0x11, 0x90, 0x7, 0xff, 0xd, 0x40,
    0x32, 0x9, 0x0, 0x54, 0x1, 0xff, 0xc3, 0xe0,
    0x9, 0x0, 0xa, 0x1, 0x30, 0x7, 0xff, 0x8,
    0x50, 0x2, 0xd0, 0x5, 0x80, 0x42, 0x80, 0x1f,
    0xfc, 0x17, 0x0, 0xce, 0x0, 0x31, 0x0, 0xb8,
    0x3, 0xff, 0x83, 0x40, 0x11, 0x8, 0x4, 0x80,
    0x12, 0x80, 0x7f, 0xf0, 0x4, 0xc0, 0x25, 0x0,
    0xde, 0x1, 0x94, 0x3, 0xfe, 0x60, 0xd, 0x40,
    0x19, 0x40, 0x37, 0x0, 0x7f, 0xd4, 0x1, 0x11,
    0x0, 0x39, 0x40, 0x24, 0x10, 0xf, 0xe2, 0x20,
    0x4, 0xa0, 0x1e, 0xe0, 0xc, 0xc0, 0x1f, 0xd4,
    0x1, 0xa8, 0x3, 0xc8, 0x20, 0x15, 0x80, 0x7f,
    0x30, 0x4, 0x44, 0x0, 0xf9, 0xc0, 0x23, 0x20,
    0xf, 0x90, 0x40, 0x22, 0xff, 0xfc, 0xc0, 0x1a,
    0x80, 0x3e, 0xd0, 0xf, 0xfe, 0x33, 0x0, 0x7c,
    0xc0, 0x1f, 0xfc, 0x61, 0x40, 0xe, 0x50, 0xc,
    0x68, 0x9f, 0xf0, 0x6, 0xe0, 0xe, 0xf0, 0xd,
    0xd7, 0x7f, 0xf1, 0x0, 0x4a, 0x1, 0x85, 0x40,
    0x23, 0x20, 0xf, 0xfa, 0x80, 0x32, 0x80, 0x4e,
    0x1, 0xa8, 0x3, 0xff, 0x80, 0xc0, 0x1b, 0x80,
    0x2a, 0x0, 0xce, 0x1, 0xff, 0xc0, 0x14, 0x0,
    0x90, 0x40, 0x4c, 0x2, 0x41, 0x0, 0xff, 0xe0,
    0xe8, 0x6, 0x60, 0x60, 0xd, 0xc0, 0x1f, 0xfc,
    0x26, 0x0, 0xd6, 0x14, 0x1, 0x94, 0x3, 0xff,
    0x86, 0xa0, 0x11, 0x90,

    /* U+00C4 "Ä" */
    0x0, 0xf9, 0xfb, 0x8c, 0x1, 0x8f, 0x3e, 0x80,
    0x3f, 0xf8, 0x49, 0x2, 0x29, 0x30, 0xb, 0x4c,
    0x16, 0x40, 0x3f, 0xf8, 0x26, 0x1, 0x94, 0x0,
    0x22, 0x0, 0x94, 0x3, 0xff, 0x82, 0x60, 0x19,
    0x40, 0x2, 0x20, 0x9, 0x40, 0x3f, 0xf8, 0x29,
    0x22, 0x52, 0x60, 0x16, 0x18, 0xac, 0x80, 0x7f,
    0xf0, 0x9b, 0xb5, 0x80, 0x31, 0x67, 0x50, 0x7,
    0xff, 0xf3, 0x7f, 0xf8, 0x3, 0xff, 0x90, 0x64,
    0x1, 0xca, 0x1, 0xff, 0xc7, 0xb0, 0xf, 0x70,
    0x7, 0xff, 0x1d, 0x80, 0x3c, 0x82, 0x1, 0xff,
    0xc5, 0x41, 0x0, 0x1a, 0x80, 0x4c, 0x1, 0xff,
    0xc5, 0xd0, 0x9, 0x30, 0x2, 0xb0, 0xf, 0xfe,
    0x2b, 0x0, 0x58, 0xe0, 0x11, 0x90, 0x7, 0xff,
    0xd, 0x40, 0x32, 0x9, 0x0, 0x54, 0x1, 0xff,
    0xc3, 0xe0, 0x9, 0x0, 0xa, 0x1, 0x30, 0x7,
    0xff, 0x8, 0x50, 0x2, 0xd0, 0x5, 0x80, 0x42,
    0x80, 0x1f, 0xfc, 0x17, 0x0, 0xce, 0x0, 0x31,
    0x0, 0xb8, 0x3, 0xff, 0x83, 0x40, 0x11, 0x8,
    0x4, 0x80, 0x12, 0x80, 0x7f, 0xf0, 0x4, 0xc0,
    0x25, 0x0, 0xde, 0x1, 0x94, 0x3, 0xfe, 0x60,
    0xd, 0x40, 0x19, 0x40, 0x37, 0x0, 0x7f, 0xd4,
    0x1, 0x11, 0x0, 0x39, 0x40, 0x24, 0x10, 0xf,
    0xe2, 0x20, 0x4, 0xa0, 0x1e, 0xe0, 0xc, 0xc0,
    0x1f, 0xd4, 0x1, 0xa8, 0x3, 0xc8, 0x20, 0x15,
    0x80, 0x7f, 0x30, 0x4, 0x44, 0x0, 0xf9, 0xc0,
    0x23, 0x20, 0xf, 0x90, 0x40, 0x22, 0xff, 0xfc,
    0xc0, 0x1a, 0x80, 0x3e, 0xd0, 0xf, 0xfe, 0x33,
    0x0, 0x7c, 0xc0, 0x1f, 0xfc, 0x61, 0x40, 0xe,
    0x50, 0xc, 0x68, 0x9f, 0xf0, 0x6, 0xe0, 0xe,
    0xf0, 0xd, 0xd7, 0x7f, 0xf1, 0x0, 0x4a, 0x1,
    0x85, 0x40, 0x23, 0x20, 0xf, 0xfa, 0x80, 0x32,
    0x80, 0x4e, 0x1, 0xa8, 0x3, 0xff, 0x80, 0xc0,
    0x1b, 0x80, 0x2a, 0x0, 0xce, 0x1, 0xff, 0xc0,
    0x14, 0x0, 0x90, 0x40, 0x4c, 0x2, 0x41, 0x0,
    0xff, 0xe0, 0xe8, 0x6, 0x60, 0x60, 0xd, 0xc0,
    0x1f, 0xfc, 0x26, 0x0, 0xd6, 0x14, 0x1, 0x94,
    0x3, 0xff, 0x86, 0xa0, 0x11, 0x90,

    /* U+00C5 "Å" */
    0x0, 0xff, 0x8d, 0x98, 0x80, 0x1f, 0xfc, 0x92,
    0xcc, 0x4c, 0xaf, 0x94, 0x3, 0xff, 0x8c, 0x58,
    0x60, 0x18, 0x69, 0x40, 0x3f, 0xf8, 0xb0, 0x20,
    0xbd, 0xc9, 0x0, 0x58, 0x7, 0xff, 0x15, 0x40,
    0x68, 0x44, 0xca, 0x2, 0x80, 0x1f, 0xfc, 0x63,
    0x0, 0xc4, 0x0, 0x10, 0xf, 0xfe, 0x21, 0x1,
    0x18, 0x4, 0xa0, 0x7, 0x0, 0xff, 0xe2, 0x58,
    0x3, 0x26, 0x34, 0x81, 0x8, 0x3, 0xff, 0x88,
    0xca, 0x0, 0x67, 0x20, 0x2a, 0x0, 0xff, 0xe3,
    0x55, 0x10, 0x40, 0xa3, 0x44, 0x3, 0xff, 0x8e,
    0xb7, 0xdf, 0xae, 0x1, 0xff, 0xc9, 0xdf, 0xfe,
    0x0, 0xff, 0xe4, 0x19, 0x0, 0x72, 0x80, 0x7f,
    0xf1, 0xec, 0x3, 0xdc, 0x1, 0xff, 0xc7, 0x60,
    0xf, 0x20, 0x80, 0x7f, 0xf1, 0x50, 0x40, 0x6,
    0xa0, 0x13, 0x0, 0x7f, 0xf1, 0x74, 0x2, 0x4c,
    0x0, 0xac, 0x3, 0xff, 0x8a, 0xc0, 0x16, 0x38,
    0x4, 0x64, 0x1, 0xff, 0xc3, 0x50, 0xc, 0x82,
    0x40, 0x15, 0x0, 0x7f, 0xf0, 0xf8, 0x2, 0x40,
    0x2, 0x80, 0x4c, 0x1, 0xff, 0xc2, 0x14, 0x0,
    0xb4, 0x1, 0x60, 0x10, 0xa0, 0x7, 0xff, 0x5,
    0xc0, 0x33, 0x80, 0xc, 0x40, 0x2e, 0x0, 0xff,
    0xe0, 0xd0, 0x4, 0x42, 0x1, 0x20, 0x4, 0xa0,
    0x1f, 0xfc, 0x1, 0x30, 0x9, 0x40, 0x37, 0x80,
    0x65, 0x0, 0xff, 0x98, 0x3, 0x50, 0x6, 0x50,
    0xd, 0xc0, 0x1f, 0xf5, 0x0, 0x44, 0x40, 0xe,
    0x50, 0x9, 0x4, 0x3, 0xf8, 0x88, 0x1, 0x28,
    0x7, 0xb8, 0x3, 0x30, 0x7, 0xf5, 0x0, 0x6a,
    0x0, 0xf2, 0x8, 0x5, 0x60, 0x1f, 0xcc, 0x1,
    0x11, 0x0, 0x3e, 0x70, 0x8, 0xc8, 0x3, 0xe4,
    0x10, 0x8, 0xbf, 0xff, 0x30, 0x6, 0xa0, 0xf,
    0xb4, 0x3, 0xff, 0x8c, 0xc0, 0x1f, 0x30, 0x7,
    0xff, 0x18, 0x50, 0x3, 0x94, 0x3, 0x1a, 0x27,
    0xfc, 0x1, 0xb8, 0x3, 0xbc, 0x3, 0x75, 0xdf,
    0xfc, 0x40, 0x12, 0x80, 0x61, 0x50, 0x8, 0xc8,
    0x3, 0xfe, 0xa0, 0xc, 0xa0, 0x13, 0x80, 0x6a,
    0x0, 0xff, 0xe0, 0x30, 0x6, 0xe0, 0xa, 0x80,
    0x33, 0x80, 0x7f, 0xf0, 0x5, 0x0, 0x24, 0x10,
    0x13, 0x0, 0x90, 0x40, 0x3f, 0xf8, 0x3a, 0x1,
    0x98, 0x18, 0x3, 0x70, 0x7, 0xff, 0x9, 0x80,
    0x35, 0x85, 0x0, 0x65, 0x0, 0xff, 0xe1, 0xa8,
    0x4, 0x64,

    /* U+00C6 "Æ" */
    0x0, 0xff, 0xe0, 0xdf, 0xff, 0xff, 0x2a, 0x0,
    0x3f, 0xf8, 0x4, 0x80, 0x1f, 0xfd, 0x78, 0x0,
    0xc4, 0x1, 0xff, 0xd2, 0x25, 0x0, 0xa7, 0x58,
    0x2, 0x13, 0x3f, 0xfe, 0xf, 0x0, 0x7f, 0xd6,
    0x1, 0xb, 0x0, 0x72, 0xe6, 0x7f, 0xf0, 0x58,
    0x3, 0xfc, 0x2c, 0x1, 0x30, 0x7, 0xff, 0x4e,
    0x40, 0x34, 0x80, 0x7f, 0xf4, 0xd8, 0x2, 0x51,
    0x0, 0xff, 0xe9, 0x38, 0x80, 0x52, 0x1, 0xff,
    0xd3, 0x90, 0x9, 0xc, 0x3, 0xff, 0xa4, 0xc2,
    0x1, 0x78, 0x7, 0xff, 0x4e, 0xc0, 0x22, 0x40,
    0xf, 0xfe, 0x92, 0x90, 0x5, 0x60, 0x1f, 0xcb,
    0x99, 0xff, 0xc0, 0x70, 0xf, 0xd2, 0x1, 0xb,
    0x0, 0x7f, 0x9, 0x9f, 0xff, 0x3, 0x80, 0x3e,
    0x33, 0x0, 0x4c, 0x1, 0xff, 0xd3, 0x80, 0xd,
    0x20, 0x1f, 0xfd, 0x22, 0x40, 0x9, 0x84, 0x3,
    0xfc, 0x9f, 0xff, 0xfc, 0x9, 0x0, 0xf4, 0x0,
    0x6b, 0x0, 0xff, 0xe9, 0xa, 0x80, 0x6d, 0xff,
    0xf9, 0x80, 0x3f, 0xf9, 0x50, 0x1, 0xff, 0xd7,
    0x16, 0x0, 0xff, 0xeb, 0xc8, 0x6, 0x68, 0x8f,
    0xe3, 0x0, 0xff, 0xe4, 0xb0, 0x4, 0x32, 0xef,
    0xfc, 0xa0, 0x1f, 0xfc, 0x87, 0x10, 0xa, 0x40,
    0x3f, 0xfa, 0x72, 0x1, 0xb, 0x80, 0x7f, 0xf4,
    0x94, 0x40, 0x26, 0x0, 0xff, 0xe1, 0xa6, 0xef,
    0xff, 0x6, 0x2, 0x0, 0x34, 0x80, 0x7f, 0xf1,
    0x8, 0xbf, 0xf8, 0x48, 0x40, 0x13, 0x8, 0x7,
    0xff, 0x4a, 0x0, 0x35, 0x80, 0x7f, 0xf4, 0xc0,

    /* U+00C7 "Ç" */
    0x0, 0xfc, 0x4f, 0x7d, 0xff, 0x6d, 0x28, 0x7,
    0xff, 0x8, 0xef, 0x61, 0x4, 0x2, 0x25, 0xaf,
    0x81, 0x0, 0xff, 0x46, 0x20, 0x7, 0xfc, 0xfe,
    0x80, 0x1f, 0xa9, 0xc0, 0x3f, 0xf8, 0x43, 0x6a,
    0x1, 0xe9, 0x50, 0xc, 0x2f, 0x7d, 0xcd, 0xb6,
    0x0, 0xea, 0x30, 0xc, 0xac, 0x1, 0x9f, 0xa1,
    0x4, 0x44, 0x93, 0xc8, 0x1, 0xb8, 0x3, 0x58,
    0x6, 0x98, 0x0, 0xfc, 0x36, 0xa0, 0x11, 0x30,
    0x1, 0x84, 0x2, 0x76, 0x0, 0xff, 0xa8, 0x40,
    0x2a, 0x0, 0x58, 0x4, 0x30, 0x1, 0xff, 0xc1,
    0x90, 0x8, 0xc4, 0x88, 0x1, 0x48, 0x7, 0xff,
    0x9, 0x5d, 0xf1, 0xa0, 0x6, 0x50, 0xf, 0xfe,
    0x11, 0x44, 0x62, 0xf0, 0x8, 0x48, 0x3, 0xff,
    0x90, 0x40, 0x11, 0x0, 0x7f, 0xf2, 0x5c, 0x2,
    0x60, 0xf, 0xff, 0xeb, 0x80, 0x42, 0x1, 0xff,
    0xc9, 0x20, 0x9, 0x40, 0x3f, 0xf9, 0x3e, 0x1,
    0x9, 0x0, 0x7f, 0xf2, 0x10, 0x3, 0x28, 0x7,
    0xff, 0x8, 0xa6, 0x71, 0x14, 0x1, 0x48, 0x7,
    0xff, 0xa, 0x99, 0xb1, 0x85, 0x0, 0x43, 0x0,
    0x1f, 0xfc, 0x16, 0x0, 0x8c, 0x41, 0xc4, 0x2,
    0x75, 0x0, 0xff, 0xa8, 0x40, 0x29, 0x0, 0xac,
    0x3, 0x54, 0x0, 0x7e, 0x1b, 0x50, 0x8, 0xd4,
    0x2, 0x56, 0x0, 0xcf, 0xd0, 0x62, 0x22, 0x49,
    0xe4, 0x0, 0x87, 0x80, 0x3a, 0x54, 0x3, 0xb,
    0xe7, 0x73, 0x6d, 0x80, 0x3b, 0x48, 0x3, 0xd4,
    0xe0, 0x1f, 0xfc, 0x22, 0xc3, 0x0, 0xfd, 0x18,
    0x80, 0x1f, 0xf4, 0x69, 0x80, 0x7f, 0x8e, 0xf6,
    0x10, 0x40, 0x22, 0x5a, 0xf7, 0x0, 0xff, 0xe1,
    0x13, 0xdf, 0x8, 0x5e, 0xd2, 0x80, 0x7f, 0xf2,
    0x4, 0x35, 0x44, 0x3, 0xff, 0x90, 0x60, 0x6,
    0xae, 0x30, 0xf, 0xfe, 0x39, 0x55, 0x1c, 0x1,
    0xe0, 0x1f, 0xfc, 0x71, 0x55, 0x41, 0x1, 0x80,
    0x7f, 0xf1, 0xc8, 0xa5, 0x20, 0x10, 0xf, 0xfe,
    0x3e, 0xed, 0x40, 0x6, 0x0, 0xff, 0xe5, 0x9c,
    0xc0, 0x7, 0xe0,

    /* U+00C8 "È" */
    0x0, 0xd3, 0xbb, 0x38, 0x7, 0xff, 0xa, 0xc8,
    0xa8, 0x10, 0xf, 0xfe, 0x9, 0x40, 0x5, 0x20,
    0x1f, 0xfc, 0x27, 0x30, 0x3, 0x0, 0x7f, 0xf0,
    0xf8, 0x0, 0x2e, 0x1, 0xff, 0xc2, 0x28, 0x0,
    0x48, 0x7, 0xff, 0xd, 0xff, 0xdc, 0x1, 0xff,
    0xe2, 0xcf, 0xff, 0xfe, 0x2c, 0x0, 0x7f, 0xf7,
    0x84, 0xcf, 0xff, 0x83, 0xc0, 0x19, 0x33, 0x3f,
    0xf8, 0x2c, 0x1, 0xff, 0xff, 0x0, 0xff, 0xf9,
    0x26, 0x67, 0xff, 0x1, 0xc0, 0x38, 0x4c, 0xff,
    0xf8, 0x1c, 0x1, 0xff, 0xdf, 0x5f, 0xff, 0xfe,
    0x4, 0x80, 0x7f, 0xff, 0xc0, 0x3f, 0xff, 0xe0,
    0x1f, 0x2e, 0xef, 0xff, 0x6, 0x0, 0x38, 0x8b,
    0xff, 0x84, 0x1, 0xff, 0xda,

    /* U+00C9 "É" */
    0x0, 0xff, 0x4e, 0xed, 0x0, 0x1f, 0xfc, 0x12,
    0x62, 0x21, 0xc8, 0x7, 0xff, 0x6, 0x0, 0x2b,
    0x10, 0xf, 0xfe, 0x0, 0xa8, 0x1, 0x54, 0x1,
    0xff, 0xc1, 0x80, 0x0, 0xd8, 0x7, 0xff, 0x4,
    0x58, 0x1, 0x62, 0x1, 0xff, 0xc1, 0x1f, 0xf9,
    0x40, 0x3f, 0xfc, 0x39, 0xff, 0xff, 0xc5, 0x80,
    0xf, 0xfe, 0xf0, 0x99, 0xff, 0xf0, 0x78, 0x3,
    0x26, 0x67, 0xff, 0x5, 0x80, 0x3f, 0xff, 0xe0,
    0x1f, 0xff, 0x24, 0xcc, 0xff, 0xe0, 0x38, 0x7,
    0x9, 0x9f, 0xff, 0x3, 0x80, 0x3f, 0xfb, 0xeb,
    0xff, 0xff, 0xc0, 0x90, 0xf, 0xff, 0xf8, 0x7,
    0xff, 0xfc, 0x3, 0xe5, 0xdd, 0xff, 0xe0, 0xc0,
    0x7, 0x11, 0x7f, 0xf0, 0x80, 0x3f, 0xfb, 0x40,

    /* U+00CA "Ê" */
    0x0, 0xf9, 0x62, 0x24, 0x0, 0xff, 0xe0, 0xad,
    0x3b, 0xd6, 0x60, 0x1f, 0xf2, 0x50, 0x0, 0x40,
    0x18, 0x40, 0x1f, 0xc7, 0x60, 0x4, 0xe3, 0x0,
    0x60, 0x80, 0x7c, 0x58, 0x0, 0x2a, 0xd, 0x10,
    0x1c, 0x10, 0xe, 0x2c, 0x0, 0xf, 0x88, 0xe,
    0x80, 0xb, 0x40, 0x38, 0xbb, 0xfd, 0xc4, 0x1,
    0x1f, 0xfd, 0x80, 0x1f, 0xfd, 0xdc, 0xff, 0xff,
    0xe2, 0xc0, 0x7, 0xff, 0x78, 0x4c, 0xff, 0xf8,
    0x3c, 0x1, 0x93, 0x33, 0xff, 0x82, 0xc0, 0x1f,
    0xff, 0xf0, 0xf, 0xff, 0x92, 0x66, 0x7f, 0xf0,
    0x1c, 0x3, 0x84, 0xcf, 0xff, 0x81, 0xc0, 0x1f,
    0xfd, 0xf5, 0xff, 0xff, 0xe0, 0x48, 0x7, 0xff,
    0xfc, 0x3, 0xff, 0xfe, 0x1, 0xf2, 0xee, 0xff,
    0xf0, 0x60, 0x3, 0x88, 0xbf, 0xf8, 0x40, 0x1f,
    0xfd, 0xa0,

    /* U+00CB "Ë" */
    0x0, 0x93, 0x7e, 0x80, 0x30, 0xd7, 0xe1, 0x80,
    0x7a, 0x88, 0x16, 0x0, 0x28, 0x50, 0x3d, 0x0,
    0xe2, 0x10, 0x8, 0xc0, 0x24, 0x0, 0x84, 0x40,
    0x18, 0x84, 0x2, 0xc0, 0x9, 0x0, 0x22, 0x10,
    0xe, 0xd3, 0x16, 0x70, 0xa, 0x54, 0x4f, 0xc0,
    0x3c, 0x79, 0xd2, 0x1, 0xd5, 0xd8, 0x40, 0x1f,
    0xfd, 0xdc, 0xff, 0xff, 0xe2, 0xc0, 0x7, 0xff,
    0x78, 0x4c, 0xff, 0xf8, 0x3c, 0x1, 0x93, 0x33,
    0xff, 0x82, 0xc0, 0x1f, 0xff, 0xf0, 0xf, 0xff,
    0x92, 0x66, 0x7f, 0xf0, 0x1c, 0x3, 0x84, 0xcf,
    0xff, 0x81, 0xc0, 0x1f, 0xfd, 0xf5, 0xff, 0xff,
    0xe0, 0x48, 0x7, 0xff, 0xfc, 0x3, 0xff, 0xfe,
    0x1, 0xf2, 0xee, 0xff, 0xf0, 0x60, 0x3, 0x88,
    0xbf, 0xf8, 0x40, 0x1f, 0xfd, 0xa0,

    /* U+00CC "Ì" */
    0x9d, 0xda, 0x0, 0x2b, 0x22, 0x9c, 0x40, 0x5,
    0x0, 0x14, 0x80, 0x4e, 0x60, 0x7, 0x0, 0xdc,
    0x1, 0x38, 0x4, 0x50, 0x0, 0x90, 0xc, 0xff,
    0xee, 0x0, 0xff, 0xe4, 0x67, 0xfd, 0x40, 0x1f,
    0xff, 0xf0, 0xf, 0xff, 0xf8, 0x7, 0xff, 0xf8,

    /* U+00CD "Í" */
    0x0, 0xa7, 0x76, 0x70, 0x1, 0x31, 0x10, 0xd8,
    0x1, 0x0, 0x15, 0x88, 0xa, 0x80, 0x15, 0x40,
    0x8, 0x0, 0xd, 0x80, 0x5, 0x80, 0x16, 0x20,
    0x1, 0xff, 0x94, 0x3, 0xff, 0x8f, 0x9f, 0xf5,
    0x0, 0x7f, 0xff, 0xc0, 0x3f, 0xff, 0xe0, 0x1f,
    0xff, 0xf0, 0x0,

    /* U+00CE "Î" */
    0x0, 0xe5, 0x88, 0x90, 0x3, 0xf9, 0x69, 0xde,
    0xb3, 0x0, 0xf9, 0x28, 0x0, 0x20, 0xd, 0x20,
    0xe, 0x3b, 0x0, 0x27, 0x18, 0xe, 0x8, 0x4,
    0x78, 0x0, 0x2b, 0xd, 0x10, 0x1c, 0x10, 0x2d,
    0x0, 0xf, 0x80, 0x7, 0x40, 0x5, 0xa0, 0x5d,
    0xfe, 0xe2, 0x0, 0x8f, 0xfe, 0xc0, 0xf, 0xfe,
    0xc6, 0x7f, 0xd4, 0x1, 0xff, 0xff, 0x0, 0xff,
    0xff, 0x80, 0x7f, 0xff, 0xc0, 0x3f, 0xff, 0xe0,
    0x1f, 0xff, 0xf0, 0xf, 0xff, 0x30,

    /* U+00CF "Ï" */
    0x4, 0xdf, 0xa0, 0xc, 0x35, 0xf8, 0x60, 0xa,
    0x20, 0x58, 0x0, 0xa1, 0x40, 0xf4, 0x8, 0x40,
    0x23, 0x0, 0x90, 0x2, 0x11, 0x10, 0x80, 0x46,
    0x1, 0x20, 0x4, 0x42, 0x1a, 0x62, 0xd0, 0x1,
    0x4a, 0x89, 0xf8, 0x0, 0xf3, 0xa4, 0x3, 0xab,
    0xb0, 0x80, 0x3f, 0xfb, 0x19, 0xff, 0x50, 0x7,
    0xff, 0xfc, 0x3, 0xff, 0xfe, 0x1, 0xff, 0xff,
    0x0, 0xff, 0xff, 0x80, 0x7f, 0xff, 0xc0, 0x3f,
    0xfc, 0xc0,

    /* U+00D0 "Ð" */
    0x0, 0xdd, 0xff, 0xfe, 0xec, 0x95, 0x10, 0xf,
    0xfe, 0x58, 0x9b, 0x57, 0x48, 0x80, 0x7f, 0xf3,
    0x9b, 0x98, 0x3, 0xff, 0x84, 0x23, 0xc0, 0x1f,
    0xa6, 0x0, 0x3f, 0xf8, 0xf, 0xdd, 0xdf, 0xec,
    0x71, 0x0, 0xce, 0xe0, 0xf, 0xfe, 0x39, 0xc7,
    0x38, 0x6, 0x83, 0x0, 0xff, 0xe4, 0xc4, 0x80,
    0x6f, 0x0, 0xff, 0xe5, 0x32, 0x80, 0x46, 0x60,
    0xf, 0xfe, 0x55, 0x80, 0x69, 0x0, 0xff, 0xe5,
    0xb, 0x0, 0x48, 0x1, 0xff, 0xcb, 0xc0, 0x8,
    0x48, 0x3, 0xff, 0x94, 0x80, 0x19, 0xc0, 0x3f,
    0xf9, 0x42, 0x1, 0x8a, 0x7f, 0xe1, 0x0, 0x9f,
    0xff, 0xd8, 0x1, 0xf0, 0x80, 0x7f, 0xf3, 0xcc,
    0x2, 0xf0, 0xf, 0xfe, 0x59, 0x80, 0x5f, 0x77,
    0x80, 0x31, 0x5d, 0xfb, 0xc0, 0x3e, 0x10, 0xc,
    0x48, 0x90, 0x80, 0x4a, 0x89, 0xe3, 0x0, 0xf0,
    0x80, 0x63, 0x0, 0xff, 0xe5, 0x20, 0x6, 0x60,
    0xf, 0xfe, 0x57, 0x80, 0x42, 0x40, 0x1f, 0xfc,
    0x91, 0x50, 0x9, 0xc0, 0x3f, 0xf9, 0x54, 0x1,
    0xa8, 0x3, 0xff, 0x92, 0xe8, 0x1, 0x21, 0x80,
    0x7f, 0xf1, 0xc6, 0x60, 0x3, 0x48, 0x7, 0xff,
    0x14, 0x52, 0x39, 0x80, 0x34, 0x90, 0x7, 0xf9,
    0xfb, 0xbb, 0xfa, 0xdc, 0x3, 0xa1, 0x80, 0x3f,
    0xf8, 0x2, 0x3c, 0x1, 0xf0, 0xdb, 0x80, 0x7f,
    0xf3, 0x1f, 0xd0, 0x3, 0xff, 0x90, 0x26, 0xd7,
    0xf0, 0x20, 0x1e,

    /* U+00D1 "Ñ" */
    0x0, 0xf8, 0xf3, 0xf5, 0xc0, 0x28, 0xff, 0x8,
    0x7, 0xff, 0x0, 0x70, 0xc0, 0xa3, 0x4c, 0x54,
    0x0, 0x20, 0x1f, 0xfc, 0x9, 0x0, 0x8, 0x80,
    0xb3, 0x88, 0x14, 0x3, 0xff, 0x82, 0x80, 0xf,
    0xe8, 0x0, 0xe8, 0x0, 0xff, 0xe0, 0xb2, 0x28,
    0x83, 0xf3, 0xa3, 0x61, 0x0, 0x7f, 0xf0, 0x6a,
    0xe8, 0x2, 0x18, 0xb9, 0x30, 0xf, 0xff, 0x76,
    0x7f, 0xea, 0x0, 0xff, 0xe0, 0xbf, 0xfe, 0x0,
    0xf2, 0xa0, 0x7, 0xff, 0x32, 0x80, 0x3f, 0xf9,
    0x83, 0x20, 0x1f, 0xfc, 0xc6, 0x30, 0xf, 0xfe,
    0x40, 0x80, 0x5c, 0x1, 0xff, 0xc8, 0x61, 0x0,
    0x13, 0x80, 0x7f, 0xf2, 0x24, 0x2, 0x82, 0x0,
    0xff, 0xe3, 0xb9, 0x0, 0x52, 0x1, 0xff, 0xc6,
    0x10, 0x80, 0x9, 0x18, 0x3, 0xff, 0x8a, 0x60,
    0xa6, 0x1, 0x40, 0x80, 0x7f, 0xf1, 0xfc, 0x2,
    0x1b, 0x0, 0xff, 0xe2, 0x8, 0x0, 0xd8, 0x2,
    0x54, 0x0, 0xff, 0xe3, 0xc0, 0x80, 0x54, 0x1,
    0xff, 0xc7, 0x1b, 0x0, 0x86, 0x0, 0x3f, 0xf8,
    0xea, 0x80, 0x13, 0x98, 0x7, 0xff, 0x1e, 0x40,
    0x37, 0x80, 0x7f, 0xf1, 0xca, 0x0, 0x23, 0x70,
    0xf, 0xfe, 0x3b, 0x98, 0x5, 0x2, 0x1, 0xff,
    0xc7, 0xf0, 0xd, 0x60, 0x20, 0x1f, 0xfc, 0x53,
    0x70, 0x9, 0x4c, 0x3, 0xff, 0x8f, 0x4, 0x1,
    0x41, 0x80, 0x7f, 0xf1, 0xe4, 0x2, 0x42, 0x0,
    0xff, 0xe3, 0xa2, 0x80, 0x52, 0x1, 0xff, 0xc8,
    0xb1, 0x0, 0x8, 0x7, 0xff, 0x20, 0x6c, 0x3,
    0xff, 0x98, 0xa8, 0x1, 0xff, 0xcc, 0x90, 0xf,
    0xfe, 0x61, 0x40, 0x7, 0x80,

    /* U+00D2 "Ò" */
    0x0, 0xfd, 0x9f, 0xf4, 0x0, 0x7f, 0xf2, 0xb8,
    0x2, 0x71, 0x0, 0xff, 0xe4, 0x94, 0x0, 0x4c,
    0x1, 0xff, 0xca, 0x73, 0x0, 0x48, 0x7, 0xff,
    0x2f, 0x80, 0x2, 0xc0, 0x1f, 0xfc, 0xa2, 0x92,
    0x26, 0x80, 0x7f, 0xf2, 0xdb, 0x75, 0x60, 0x1f,
    0xff, 0xe2, 0x7b, 0xdf, 0xf7, 0x6d, 0x28, 0x7,
    0xff, 0xc, 0xef, 0x61, 0x8, 0x0, 0x24, 0xb5,
    0xf0, 0x20, 0x1f, 0xf3, 0xe2, 0x0, 0x7f, 0xcf,
    0xe8, 0x1, 0xfd, 0x50, 0x1, 0xff, 0xc2, 0x1b,
    0x50, 0xf, 0xa5, 0x40, 0x30, 0xbd, 0xf7, 0x36,
    0x94, 0x3, 0xa9, 0x0, 0x39, 0x58, 0x3, 0x3f,
    0x42, 0x8, 0x89, 0x6b, 0x4c, 0x3, 0x50, 0x80,
    0x6b, 0x0, 0xd5, 0x0, 0x1f, 0x8b, 0x14, 0x2,
    0x18, 0x0, 0x98, 0x40, 0x27, 0x50, 0xf, 0xfa,
    0x88, 0x2, 0x61, 0x0, 0x58, 0x4, 0x30, 0x1,
    0xff, 0xc1, 0x90, 0xc, 0xc0, 0x44, 0x0, 0xa4,
    0x3, 0xff, 0x84, 0x86, 0x1, 0x58, 0x20, 0x6,
    0x50, 0xf, 0xfe, 0x1d, 0x80, 0x46, 0x1e, 0x1,
    0x9, 0x0, 0x7f, 0xf0, 0xd0, 0x3, 0x19, 0x0,
    0x44, 0x1, 0xff, 0xc4, 0x20, 0xc, 0xce, 0x1,
    0x30, 0x7, 0xff, 0x10, 0x40, 0x31, 0x80, 0x7f,
    0xf3, 0x84, 0x3, 0xff, 0x9c, 0x2e, 0x1, 0x8,
    0x7, 0xff, 0x10, 0x40, 0x31, 0x90, 0x4, 0xa0,
    0x1f, 0xfc, 0x42, 0x0, 0xcd, 0xe0, 0x10, 0x90,
    0x7, 0xff, 0xd, 0x0, 0x31, 0xa0, 0x6, 0x50,
    0xf, 0xfe, 0x1d, 0x80, 0x46, 0x4, 0x40, 0xa,
    0x40, 0x3f, 0xf8, 0x48, 0x60, 0x12, 0x0, 0x28,
    0x2, 0x18, 0x0, 0xff, 0xe0, 0xc8, 0x6, 0x90,
    0x3, 0x88, 0x4, 0xea, 0x1, 0xff, 0x51, 0x0,
    0x4c, 0x20, 0x15, 0x80, 0x6a, 0x80, 0xf, 0xc5,
    0x6a, 0x1, 0xc, 0x0, 0x65, 0x60, 0xc, 0xfd,
    0x6, 0x22, 0x25, 0xad, 0x40, 0xd, 0x42, 0x1,
    0xd2, 0xa0, 0x18, 0x5f, 0x3b, 0x9b, 0x4a, 0x1,
    0xd4, 0x80, 0x1f, 0x53, 0x80, 0x7f, 0xf0, 0x86,
    0xd4, 0x3, 0xfa, 0x31, 0x0, 0x3f, 0xe7, 0xf4,
    0x0, 0xff, 0x8e, 0xf6, 0x10, 0x40, 0x2, 0x4b,
    0x3d, 0x2, 0x1, 0xe0,

    /* U+00D3 "Ó" */
    0x0, 0xff, 0xe1, 0x77, 0xfc, 0xe0, 0x1f, 0xfc,
    0x95, 0x10, 0x1, 0xb8, 0x7, 0xff, 0x26, 0x0,
    0x2e, 0x0, 0xff, 0xe4, 0xa1, 0x0, 0x24, 0x80,
    0x3f, 0xf9, 0x30, 0x0, 0x36, 0x0, 0xff, 0xe4,
    0x90, 0x91, 0xf0, 0x7, 0xff, 0x28, 0xb7, 0x58,
    0x40, 0x1f, 0xff, 0xd2, 0x7b, 0xdf, 0xf7, 0x6d,
    0x28, 0x7, 0xff, 0xc, 0xef, 0x61, 0x8, 0x0,
    0x24, 0xb5, 0xf0, 0x20, 0x1f, 0xf3, 0xe2, 0x0,
    0x7f, 0xcf, 0xe8, 0x1, 0xfd, 0x50, 0x1, 0xff,
    0xc2, 0x1b, 0x50, 0xf, 0xa5, 0x40, 0x30, 0xbd,
    0xf7, 0x36, 0x94, 0x3, 0xa9, 0x0, 0x39, 0x58,
    0x3, 0x3f, 0x42, 0x8, 0x89, 0x6b, 0x4c, 0x3,
    0x50, 0x80, 0x6b, 0x0, 0xd5, 0x0, 0x1f, 0x8b,
    0x14, 0x2, 0x18, 0x0, 0x98, 0x40, 0x27, 0x50,
    0xf, 0xfa, 0x88, 0x2, 0x61, 0x0, 0x58, 0x4,
    0x30, 0x1, 0xff, 0xc1, 0x90, 0xc, 0xc0, 0x44,
    0x0, 0xa4, 0x3, 0xff, 0x84, 0x86, 0x1, 0x58,
    0x20, 0x6, 0x50, 0xf, 0xfe, 0x1d, 0x80, 0x46,
    0x1e, 0x1, 0x9, 0x0, 0x7f, 0xf0, 0xd0, 0x3,
    0x19, 0x0, 0x44, 0x1, 0xff, 0xc4, 0x20, 0xc,
    0xce, 0x1, 0x30, 0x7, 0xff, 0x10, 0x40, 0x31,
    0x80, 0x7f, 0xf3, 0x84, 0x3, 0xff, 0x9c, 0x2e,
    0x1, 0x8, 0x7, 0xff, 0x10, 0x40, 0x31, 0x90,
    0x4, 0xa0, 0x1f, 0xfc, 0x42, 0x0, 0xcd, 0xe0,
    0x10, 0x90, 0x7, 0xff, 0xd, 0x0, 0x31, 0xa0,
    0x6, 0x50, 0xf, 0xfe, 0x1d, 0x80, 0x46, 0x4,
    0x40, 0xa, 0x40, 0x3f, 0xf8, 0x48, 0x60, 0x12,
    0x0, 0x28, 0x2, 0x18, 0x0, 0xff, 0xe0, 0xc8,
    0x6, 0x90, 0x3, 0x88, 0x4, 0xea, 0x1, 0xff,
    0x51, 0x0, 0x4c, 0x20, 0x15, 0x80, 0x6a, 0x80,
    0xf, 0xc5, 0x6a, 0x1, 0xc, 0x0, 0x65, 0x60,
    0xc, 0xfd, 0x6, 0x22, 0x25, 0xad, 0x40, 0xd,
    0x42, 0x1, 0xd2, 0xa0, 0x18, 0x5f, 0x3b, 0x9b,
    0x4a, 0x1, 0xd4, 0x80, 0x1f, 0x53, 0x80, 0x7f,
    0xf0, 0x86, 0xd4, 0x3, 0xfa, 0x31, 0x0, 0x3f,
    0xe7, 0xf4, 0x0, 0xff, 0x8e, 0xf6, 0x10, 0x40,
    0x2, 0x4b, 0x3d, 0x2, 0x1, 0xe0,

    /* U+00D4 "Ô" */
    0x0, 0xff, 0xe, 0xff, 0xd4, 0x1, 0xff, 0xc8,
    0x1c, 0x20, 0x9, 0x60, 0x3, 0xff, 0x8f, 0xa4,
    0x3, 0x0, 0x7, 0x70, 0x7, 0xff, 0x16, 0xcc,
    0x1, 0xae, 0xe0, 0x4, 0x28, 0x7, 0xff, 0xe,
    0x90, 0x1, 0x26, 0x10, 0x80, 0xa, 0x40, 0xf,
    0xfe, 0x9, 0x11, 0xdd, 0x2c, 0x1, 0x5c, 0x3b,
    0x8c, 0x3, 0xff, 0x82, 0x51, 0x13, 0x0, 0x73,
    0xc4, 0x1c, 0x3, 0xff, 0xf2, 0x4f, 0x7b, 0xfe,
    0xed, 0xa5, 0x0, 0xff, 0xe1, 0x9d, 0xec, 0x21,
    0x0, 0x4, 0x96, 0xbe, 0x4, 0x3, 0xfe, 0x7c,
    0x40, 0xf, 0xf9, 0xfd, 0x0, 0x3f, 0xaa, 0x0,
    0x3f, 0xf8, 0x43, 0x6a, 0x1, 0xf4, 0xa8, 0x6,
    0x17, 0xbe, 0xe6, 0xd2, 0x80, 0x75, 0x20, 0x7,
    0x2b, 0x0, 0x67, 0xe8, 0x41, 0x11, 0x2d, 0x69,
    0x80, 0x6a, 0x10, 0xd, 0x60, 0x1a, 0xa0, 0x3,
    0xf1, 0x62, 0x80, 0x43, 0x0, 0x13, 0x8, 0x4,
    0xea, 0x1, 0xff, 0x51, 0x0, 0x4c, 0x20, 0xb,
    0x0, 0x86, 0x0, 0x3f, 0xf8, 0x32, 0x1, 0x98,
    0x8, 0x80, 0x14, 0x80, 0x7f, 0xf0, 0x90, 0xc0,
    0x2b, 0x4, 0x0, 0xca, 0x1, 0xff, 0xc3, 0xb0,
    0x8, 0xc3, 0xc0, 0x21, 0x20, 0xf, 0xfe, 0x1a,
    0x0, 0x63, 0x20, 0x8, 0x80, 0x3f, 0xf8, 0x84,
    0x1, 0x99, 0xc0, 0x26, 0x0, 0xff, 0xe2, 0x8,
    0x6, 0x30, 0xf, 0xfe, 0x70, 0x80, 0x7f, 0xf3,
    0x85, 0xc0, 0x21, 0x0, 0xff, 0xe2, 0x8, 0x6,
    0x32, 0x0, 0x94, 0x3, 0xff, 0x88, 0x40, 0x19,
    0xbc, 0x2, 0x12, 0x0, 0xff, 0xe1, 0xa0, 0x6,
    0x34, 0x0, 0xca, 0x1, 0xff, 0xc3, 0xb0, 0x8,
    0xc0, 0x88, 0x1, 0x48, 0x7, 0xff, 0x9, 0xc,
    0x2, 0x40, 0x5, 0x0, 0x43, 0x0, 0x1f, 0xfc,
    0x19, 0x0, 0xd2, 0x0, 0x71, 0x0, 0x9d, 0x40,
    0x3f, 0xea, 0x20, 0x9, 0x84, 0x2, 0xb0, 0xd,
    0x50, 0x1, 0xf8, 0xad, 0x40, 0x21, 0x80, 0xc,
    0xac, 0x1, 0x9f, 0xa0, 0xc4, 0x44, 0xb5, 0xa8,
    0x1, 0xa8, 0x40, 0x3a, 0x54, 0x3, 0xb, 0xe7,
    0x73, 0x69, 0x40, 0x3a, 0x90, 0x3, 0xea, 0x70,
    0xf, 0xfe, 0x10, 0xda, 0x80, 0x7f, 0x46, 0x20,
    0x7, 0xfc, 0xfe, 0x80, 0x1f, 0xf1, 0xde, 0xc2,
    0x8, 0x0, 0x49, 0x67, 0xa0, 0x40, 0x3c,

    /* U+00D5 "Õ" */
    0x0, 0xfe, 0x7b, 0xa5, 0x0, 0x8f, 0x30, 0x80,
    0x1f, 0xfc, 0x3a, 0x84, 0x5a, 0xb2, 0xb, 0x33,
    0x38, 0x7, 0xff, 0x8, 0xd4, 0x3, 0x26, 0xe3,
    0x80, 0xc, 0x3, 0xff, 0x84, 0x80, 0x8, 0xe6,
    0x0, 0x18, 0x1, 0xc0, 0x3f, 0xf8, 0x7a, 0x0,
    0x61, 0x9c, 0x40, 0x17, 0x80, 0xf, 0xfe, 0x1d,
    0x7f, 0x84, 0x0, 0x77, 0xfd, 0x0, 0x1f, 0xff,
    0xf0, 0xf, 0xfe, 0x59, 0x3d, 0xef, 0xfb, 0xb6,
    0x94, 0x3, 0xff, 0x86, 0x77, 0xb0, 0x84, 0x0,
    0x12, 0x5a, 0xf8, 0x10, 0xf, 0xf9, 0xf1, 0x0,
    0x3f, 0xe7, 0xf4, 0x0, 0xfe, 0xa8, 0x0, 0xff,
    0xe1, 0xd, 0xa8, 0x7, 0xd2, 0xa0, 0x18, 0x5e,
    0xfb, 0x9b, 0x4a, 0x1, 0xd4, 0x80, 0x1c, 0xac,
    0x1, 0x9f, 0xa1, 0x4, 0x44, 0xb5, 0xa6, 0x1,
    0xa8, 0x40, 0x35, 0x80, 0x6a, 0x80, 0xf, 0xc5,
    0x8a, 0x1, 0xc, 0x0, 0x4c, 0x20, 0x13, 0xa8,
    0x7, 0xfd, 0x44, 0x1, 0x30, 0x80, 0x2c, 0x2,
    0x18, 0x0, 0xff, 0xe0, 0xc8, 0x6, 0x60, 0x22,
    0x0, 0x52, 0x1, 0xff, 0xc2, 0x43, 0x0, 0xac,
    0x10, 0x3, 0x28, 0x7, 0xff, 0xe, 0xc0, 0x23,
    0xf, 0x0, 0x84, 0x80, 0x3f, 0xf8, 0x68, 0x1,
    0x8c, 0x80, 0x22, 0x0, 0xff, 0xe2, 0x10, 0x6,
    0x67, 0x0, 0x98, 0x3, 0xff, 0x88, 0x20, 0x18,
    0xc0, 0x3f, 0xf9, 0xc2, 0x1, 0xff, 0xce, 0x17,
    0x0, 0x84, 0x3, 0xff, 0x88, 0x20, 0x18, 0xc8,
    0x2, 0x50, 0xf, 0xfe, 0x21, 0x0, 0x66, 0xf0,
    0x8, 0x48, 0x3, 0xff, 0x86, 0x80, 0x18, 0xd0,
    0x3, 0x28, 0x7, 0xff, 0xe, 0xc0, 0x23, 0x2,
    0x20, 0x5, 0x20, 0x1f, 0xfc, 0x24, 0x30, 0x9,
    0x0, 0x14, 0x1, 0xc, 0x0, 0x7f, 0xf0, 0x64,
    0x3, 0x48, 0x1, 0xc4, 0x2, 0x75, 0x0, 0xff,
    0xa8, 0x80, 0x26, 0x10, 0xa, 0xc0, 0x35, 0x40,
    0x7, 0xe2, 0xb5, 0x0, 0x86, 0x0, 0x32, 0xb0,
    0x6, 0x7e, 0x83, 0x11, 0x12, 0xd6, 0xa0, 0x6,
    0xa1, 0x0, 0xe9, 0x50, 0xc, 0x2f, 0x9d, 0xcd,
    0xa5, 0x0, 0xea, 0x40, 0xf, 0xa9, 0xc0, 0x3f,
    0xf8, 0x43, 0x6a, 0x1, 0xfd, 0x18, 0x80, 0x1f,
    0xf3, 0xfa, 0x0, 0x7f, 0xc7, 0x7b, 0x8, 0x20,
    0x1, 0x25, 0x9e, 0x81, 0x0, 0xf0,

    /* U+00D6 "Ö" */
    0x0, 0xf9, 0x37, 0xa0, 0x3, 0xd, 0xf5, 0x90,
    0x7, 0xff, 0x4, 0x6c, 0x85, 0xd8, 0x2, 0xa4,
    0x14, 0xe0, 0xf, 0xfe, 0xa, 0x80, 0x6f, 0x0,
    0x90, 0x2, 0x30, 0xf, 0xfe, 0xa, 0x80, 0x6f,
    0x0, 0x90, 0x2, 0x30, 0xf, 0xfe, 0x8, 0xd9,
    0xb, 0xb0, 0x5, 0x48, 0x7, 0xc0, 0x1f, 0xfc,
    0x24, 0xde, 0x80, 0xc, 0x37, 0xf8, 0x40, 0x1f,
    0xff, 0xf0, 0xf, 0xfe, 0x49, 0x3d, 0xef, 0xfb,
    0xb6, 0x94, 0x3, 0xff, 0x86, 0x77, 0xb0, 0x84,
    0x0, 0x12, 0x5a, 0xf8, 0x10, 0xf, 0xf9, 0xf1,
    0x0, 0x3f, 0xe7, 0xf4, 0x0, 0xfe, 0xa8, 0x0,
    0xff, 0xe1, 0xd, 0xa8, 0x7, 0xd2, 0xa0, 0x18,
    0x5e, 0xfb, 0x9b, 0x4a, 0x1, 0xd4, 0x80, 0x1c,
    0xac, 0x1, 0x9f, 0xa1, 0x4, 0x44, 0xb5, 0xa6,
    0x1, 0xa8, 0x40, 0x35, 0x80, 0x6a, 0x80, 0xf,
    0xc5, 0x8a, 0x1, 0xc, 0x0, 0x4c, 0x20, 0x13,
    0xa8, 0x7, 0xfd, 0x44, 0x1, 0x30, 0x80, 0x2c,
    0x2, 0x18, 0x0, 0xff, 0xe0, 0xc8, 0x6, 0x60,
    0x22, 0x0, 0x52, 0x1, 0xff, 0xc2, 0x43, 0x0,
    0xac, 0x10, 0x3, 0x28, 0x7, 0xff, 0xe, 0xc0,
    0x23, 0xf, 0x0, 0x84, 0x80, 0x3f, 0xf8, 0x68,
    0x1, 0x8c, 0x80, 0x22, 0x0, 0xff, 0xe2, 0x10,
    0x6, 0x67, 0x0, 0x98, 0x3, 0xff, 0x88, 0x20,
    0x18, 0xc0, 0x3f, 0xf9, 0xc2, 0x1, 0xff, 0xce,
    0x17, 0x0, 0x84, 0x3, 0xff, 0x88, 0x20, 0x18,
    0xc8, 0x2, 0x50, 0xf, 0xfe, 0x21, 0x0, 0x66,
    0xf0, 0x8, 0x48, 0x3, 0xff, 0x86, 0x80, 0x18,
    0xd0, 0x3, 0x28, 0x7, 0xff, 0xe, 0xc0, 0x23,
    0x2, 0x20, 0x5, 0x20, 0x1f, 0xfc, 0x24, 0x30,
    0x9, 0x0, 0x14, 0x1, 0xc, 0x0, 0x7f, 0xf0,
    0x64, 0x3, 0x48, 0x1, 0xc4, 0x2, 0x75, 0x0,
    0xff, 0xa8, 0x80, 0x26, 0x10, 0xa, 0xc0, 0x35,
    0x40, 0x7, 0xe2, 0xb5, 0x0, 0x86, 0x0, 0x32,
    0xb0, 0x6, 0x7e, 0x83, 0x11, 0x12, 0xd6, 0xa0,
    0x6, 0xa1, 0x0, 0xe9, 0x50, 0xc, 0x2f, 0x9d,
    0xcd, 0xa5, 0x0, 0xea, 0x40, 0xf, 0xa9, 0xc0,
    0x3f, 0xf8, 0x43, 0x6a, 0x1, 0xfd, 0x18, 0x80,
    0x1f, 0xf3, 0xfa, 0x0, 0x7f, 0xc7, 0x7b, 0x8,
    0x20, 0x1, 0x25, 0x9e, 0x81, 0x0, 0xf0,

    /* U+00D7 "×" */
    0x0, 0xa8, 0x40, 0x3f, 0xe3, 0x90, 0xd, 0x8b,
    0x82, 0x1, 0xfc, 0x78, 0xd2, 0x0, 0xc3, 0x2,
    0xc1, 0x0, 0xf8, 0xf0, 0x0, 0xd2, 0x16, 0x1,
    0x16, 0x8, 0x7, 0x1e, 0x0, 0x6d, 0x7, 0x80,
    0x8, 0xb0, 0x40, 0x23, 0xc0, 0xd, 0x68, 0x0,
    0x78, 0x0, 0x8b, 0xc8, 0xf, 0x0, 0x35, 0xa0,
    0x6, 0x78, 0x0, 0x87, 0x17, 0x0, 0x35, 0xa0,
    0x7, 0x9e, 0x0, 0x21, 0xa0, 0xd, 0x68, 0x1,
    0xf9, 0xe0, 0x3, 0xeb, 0x40, 0xf, 0xf3, 0xb0,
    0x7, 0x52, 0x0, 0x7f, 0xc8, 0xc0, 0x1d, 0x64,
    0x1, 0xfe, 0x4b, 0x0, 0xf0, 0xe1, 0x0, 0x7e,
    0x4b, 0x0, 0xcc, 0x1, 0xe, 0x10, 0x7, 0x92,
    0xc0, 0x35, 0xcc, 0x80, 0x21, 0xc2, 0x0, 0xc9,
    0x60, 0x1b, 0x10, 0x1a, 0x40, 0x21, 0xc2, 0x0,
    0x25, 0x80, 0x6c, 0x30, 0x9, 0xa4, 0x2, 0x1c,
    0x20, 0x90, 0xd, 0x86, 0x1, 0xcd, 0x20, 0x10,
    0xc0, 0x78, 0x80, 0x30, 0xc0, 0x3e, 0x69, 0x0,
    0x1d, 0x1, 0x61, 0x61, 0x80, 0x7f, 0x34, 0x9e,
    0x0, 0x45, 0xa6, 0x1, 0xff, 0x36, 0x0, 0x0,

    /* U+00D8 "Ø" */
    0x0, 0xff, 0xe5, 0x28, 0x7, 0xff, 0x0, 0x9e,
    0xf7, 0xfd, 0xdb, 0x4a, 0x1, 0x4d, 0x58, 0x80,
    0x7e, 0x3b, 0xd8, 0x42, 0x0, 0x9, 0x2d, 0x7c,
    0x2b, 0x2, 0x58, 0x7, 0xcf, 0x88, 0x1, 0xff,
    0x3d, 0x0, 0x6, 0xc0, 0x3d, 0x50, 0x1, 0xff,
    0xc5, 0xa1, 0x0, 0xe9, 0x50, 0xc, 0x2f, 0x7d,
    0xcd, 0xa5, 0x0, 0xff, 0xe0, 0x2b, 0x0, 0x67,
    0xe8, 0x41, 0x11, 0x2d, 0x50, 0x3, 0xa8, 0x40,
    0x35, 0x80, 0x6a, 0x80, 0xf, 0xd0, 0x1, 0xc3,
    0x0, 0x13, 0x8, 0x4, 0xea, 0x1, 0xfa, 0x48,
    0x3, 0xcc, 0x20, 0xb, 0x0, 0x86, 0x0, 0x3f,
    0x2b, 0x0, 0x16, 0xc0, 0x33, 0x1, 0x10, 0x2,
    0x90, 0xf, 0xc3, 0x60, 0x2, 0xa4, 0x30, 0xa,
    0xc1, 0x0, 0x32, 0x80, 0x7e, 0xd1, 0x0, 0x70,
    0x2, 0xc0, 0x23, 0xf, 0x0, 0x84, 0x80, 0x3e,
    0x73, 0x0, 0x41, 0x80, 0x10, 0x3, 0x19, 0x0,
    0x44, 0x1, 0xf1, 0xc0, 0x0, 0xdc, 0x2, 0x20,
    0xc, 0xce, 0x1, 0x30, 0x7, 0xdc, 0x0, 0x1d,
    0x0, 0xc2, 0x1, 0x8c, 0x3, 0xfe, 0xa2, 0x0,
    0x58, 0x80, 0x7f, 0x8, 0x7, 0xf9, 0x54, 0x0,
    0x65, 0x0, 0xff, 0xb, 0x80, 0x42, 0x1, 0x8a,
    0x80, 0x5, 0x20, 0x1e, 0x10, 0xc, 0x64, 0x1,
    0x28, 0x6, 0xe0, 0xb, 0x80, 0x3e, 0x20, 0xc,
    0xde, 0x1, 0x9, 0x0, 0x20, 0xc0, 0x10, 0x60,
    0x1f, 0x20, 0x6, 0x34, 0x0, 0xca, 0x6, 0xe0,
    0x4, 0x70, 0xf, 0xd6, 0x1, 0x18, 0x11, 0x0,
    0x29, 0x1d, 0x0, 0xd, 0x0, 0x7e, 0x43, 0x0,
    0x90, 0x1, 0x40, 0x10, 0xf0, 0x80, 0x28, 0x40,
    0x3f, 0x48, 0x6, 0x90, 0x3, 0x88, 0x7, 0x99,
    0x0, 0x3f, 0x51, 0x0, 0x4c, 0x20, 0x15, 0x80,
    0x7a, 0x0, 0x3e, 0x2b, 0x50, 0x8, 0x60, 0x3,
    0x2b, 0x0, 0x77, 0xc1, 0x88, 0x89, 0x6b, 0x50,
    0x3, 0x50, 0x80, 0x7f, 0xc2, 0xf9, 0xdc, 0xda,
    0x50, 0xe, 0xa4, 0x0, 0xe4, 0x60, 0xf, 0xfe,
    0x20, 0xda, 0x80, 0x7a, 0x80, 0x3, 0x68, 0x1,
    0xff, 0x3f, 0xa0, 0x7, 0xd4, 0x21, 0x49, 0x7b,
    0x8, 0x20, 0x1, 0x25, 0x9e, 0x81, 0x0, 0xfc,
    0x9f, 0x48, 0x0, 0x27, 0xbe, 0xff, 0x76, 0xd3,
    0x8, 0x7, 0xe0,

    /* U+00D9 "Ù" */
    0x0, 0xf2, 0x7f, 0xe1, 0x0, 0xff, 0xe3, 0x22,
    0x80, 0x52, 0x1, 0xff, 0xc7, 0xb1, 0x0, 0x30,
    0x7, 0xff, 0x1c, 0x6c, 0x0, 0x2e, 0x1, 0xff,
    0xc7, 0x55, 0x0, 0x24, 0x3, 0xff, 0x91, 0x66,
    0x46, 0x80, 0x1f, 0xfc, 0x71, 0xcd, 0xd2, 0x0,
    0x7f, 0xfb, 0xb3, 0xfe, 0xa0, 0xf, 0xfe, 0x8,
    0xff, 0xe6, 0x0, 0xff, 0xff, 0x80, 0x7f, 0xff,
    0xc0, 0x3f, 0xff, 0xe0, 0x1f, 0xff, 0xf0, 0xf,
    0xff, 0xf8, 0x7, 0xff, 0x64, 0x40, 0x3f, 0xf8,
    0xee, 0x1, 0x38, 0x7, 0xff, 0x4, 0x80, 0x31,
    0x88, 0x4, 0x60, 0x1f, 0xfc, 0x15, 0x0, 0xcd,
    0x80, 0x19, 0x80, 0x3f, 0xf8, 0x16, 0x1, 0x8d,
    0xc0, 0x34, 0x10, 0x7, 0xf9, 0xc8, 0x2, 0x40,
    0x15, 0x0, 0x87, 0xc, 0x3, 0xf3, 0xc0, 0x6,
    0x80, 0x5, 0x88, 0x4, 0x39, 0x4a, 0x40, 0x26,
    0xfb, 0x0, 0x19, 0x8c, 0x0, 0x3a, 0x1, 0xcb,
    0x5b, 0xfd, 0x90, 0x40, 0x18, 0xe4, 0x3, 0x1e,
    0x8, 0x7, 0xff, 0x9, 0x70, 0x3, 0xc7, 0xee,
    0x1, 0xff, 0x15, 0x50, 0x3, 0xf0, 0xc7, 0x4a,
    0x90, 0x80, 0x4, 0xde, 0xf5, 0x40, 0x38,

    /* U+00DA "Ú" */
    0x0, 0xff, 0xe0, 0x3f, 0xfd, 0xa0, 0x1f, 0xfc,
    0x79, 0x0, 0xb8, 0x3, 0xff, 0x8c, 0xc2, 0x0,
    0x73, 0x0, 0xff, 0xe3, 0x58, 0x0, 0xa0, 0x3,
    0xff, 0x8c, 0xa4, 0x0, 0xe0, 0xf, 0xfe, 0x3e,
    0x11, 0x20, 0xc0, 0x3f, 0xf8, 0xf3, 0xba, 0x70,
    0xf, 0xff, 0x76, 0x7f, 0xd4, 0x1, 0xff, 0xc1,
    0x1f, 0xfc, 0xc0, 0x1f, 0xff, 0xf0, 0xf, 0xff,
    0xf8, 0x7, 0xff, 0xfc, 0x3, 0xff, 0xfe, 0x1,
    0xff, 0xff, 0x0, 0xff, 0xec, 0x88, 0x7, 0xff,
    0x1d, 0xc0, 0x27, 0x0, 0xff, 0xe0, 0x90, 0x6,
    0x31, 0x0, 0x8c, 0x3, 0xff, 0x82, 0xa0, 0x19,
    0xb0, 0x3, 0x30, 0x7, 0xff, 0x2, 0xc0, 0x31,
    0xb8, 0x6, 0x82, 0x0, 0xff, 0x39, 0x0, 0x48,
    0x2, 0xa0, 0x10, 0xe1, 0x80, 0x7e, 0x78, 0x0,
    0xd0, 0x0, 0xb1, 0x0, 0x87, 0x29, 0x48, 0x4,
    0xdf, 0x60, 0x3, 0x31, 0x80, 0x7, 0x40, 0x39,
    0x6b, 0x7f, 0xb2, 0x8, 0x3, 0x1c, 0x80, 0x63,
    0xc1, 0x0, 0xff, 0xe1, 0x2e, 0x0, 0x78, 0xfd,
    0xc0, 0x3f, 0xe2, 0xaa, 0x0, 0x7e, 0x18, 0xe9,
    0x52, 0x10, 0x0, 0x9b, 0xde, 0xa8, 0x7, 0x0,

    /* U+00DB "Û" */
    0x0, 0xfe, 0x8f, 0xfb, 0x88, 0x3, 0xff, 0x8a,
    0xee, 0x0, 0x87, 0x4, 0x3, 0xff, 0x86, 0xd0,
    0x0, 0x72, 0x1, 0xc1, 0x0, 0xff, 0xe0, 0xac,
    0x80, 0x16, 0x3c, 0x40, 0xb4, 0x3, 0xff, 0x80,
    0x94, 0x0, 0x3a, 0x2, 0xa0, 0x1, 0xd8, 0x7,
    0xfc, 0x6e, 0xf6, 0x80, 0x49, 0x4e, 0xe3, 0x30,
    0x7, 0xf9, 0xe2, 0x21, 0x0, 0xcb, 0x11, 0x18,
    0x7, 0xff, 0xa7, 0x3f, 0xea, 0x0, 0xff, 0xe0,
    0x8f, 0xfe, 0x60, 0xf, 0xff, 0xf8, 0x7, 0xff,
    0xfc, 0x3, 0xff, 0xfe, 0x1, 0xff, 0xff, 0x0,
    0xff, 0xff, 0x80, 0x7f, 0xf6, 0x44, 0x3, 0xff,
    0x8e, 0xe0, 0x13, 0x80, 0x7f, 0xf0, 0x48, 0x3,
    0x18, 0x80, 0x46, 0x1, 0xff, 0xc1, 0x50, 0xc,
    0xd8, 0x1, 0x98, 0x3, 0xff, 0x81, 0x60, 0x18,
    0xdc, 0x3, 0x41, 0x0, 0x7f, 0x9c, 0x80, 0x24,
    0x1, 0x50, 0x8, 0x70, 0xc0, 0x3f, 0x3c, 0x0,
    0x68, 0x0, 0x58, 0x80, 0x43, 0x94, 0xa4, 0x2,
    0x6f, 0xb0, 0x1, 0x98, 0xc0, 0x3, 0xa0, 0x1c,
    0xb5, 0xbf, 0xd9, 0x4, 0x1, 0x8e, 0x40, 0x31,
    0xe0, 0x80, 0x7f, 0xf0, 0x97, 0x0, 0x3c, 0x7e,
    0xe0, 0x1f, 0xf1, 0x55, 0x0, 0x3f, 0xc, 0x74,
    0xa9, 0x8, 0x0, 0x4d, 0xef, 0x54, 0x3, 0x80,

    /* U+00DC "Ü" */
    0x0, 0xe1, 0xae, 0xc2, 0x0, 0xcd, 0xbc, 0xc0,
    0x1f, 0xf4, 0x28, 0x9f, 0x80, 0x47, 0x24, 0x32,
    0x80, 0x1f, 0xe4, 0x0, 0x88, 0x40, 0x8, 0x1,
    0x8c, 0x3, 0xfc, 0x80, 0x11, 0x8, 0x0, 0xc0,
    0x31, 0x80, 0x7f, 0xa1, 0x40, 0xf8, 0x2, 0x49,
    0x11, 0x42, 0x0, 0x7f, 0x86, 0xbf, 0xc, 0x3,
    0x37, 0x71, 0xc0, 0x3f, 0xff, 0xe0, 0x16, 0x7f,
    0xd4, 0x1, 0xff, 0xc1, 0x1f, 0xfc, 0xc0, 0x1f,
    0xff, 0xf0, 0xf, 0xff, 0xf8, 0x7, 0xff, 0xfc,
    0x3, 0xff, 0xfe, 0x1, 0xff, 0xff, 0x0, 0xff,
    0xec, 0x88, 0x7, 0xff, 0x1d, 0xc0, 0x27, 0x0,
    0xff, 0xe0, 0x90, 0x6, 0x31, 0x0, 0x8c, 0x3,
    0xff, 0x82, 0xa0, 0x19, 0xb0, 0x3, 0x30, 0x7,
    0xff, 0x2, 0xc0, 0x31, 0xb8, 0x6, 0x82, 0x0,
    0xff, 0x39, 0x0, 0x48, 0x2, 0xa0, 0x10, 0xe1,
    0x80, 0x7e, 0x78, 0x0, 0xd0, 0x0, 0xb1, 0x0,
    0x87, 0x29, 0x48, 0x4, 0xdf, 0x60, 0x3, 0x31,
    0x80, 0x7, 0x40, 0x39, 0x6b, 0x7f, 0xb2, 0x8,
    0x3, 0x1c, 0x80, 0x63, 0xc1, 0x0, 0xff, 0xe1,
    0x2e, 0x0, 0x78, 0xfd, 0xc0, 0x3f, 0xe2, 0xaa,
    0x0, 0x7e, 0x18, 0xe9, 0x52, 0x10, 0x0, 0x9b,
    0xde, 0xa8, 0x7, 0x0,

    /* U+00DD "Ý" */
    0x0, 0xff, 0xe0, 0x9e, 0xed, 0x82, 0x1, 0xff,
    0xc8, 0x82, 0x2a, 0xc4, 0x3, 0xff, 0x8e, 0x48,
    0x0, 0x37, 0x0, 0xff, 0xe4, 0x40, 0x5, 0xc0,
    0x1f, 0xfc, 0x81, 0x50, 0x4, 0x10, 0x7, 0xff,
    0x22, 0x0, 0x6, 0xe0, 0x1f, 0xfc, 0x99, 0xff,
    0x60, 0x7, 0xff, 0xce, 0xff, 0xf3, 0x80, 0x7f,
    0xf0, 0xa7, 0xff, 0x45, 0x0, 0x68, 0x10, 0xf,
    0xfe, 0x1, 0xb0, 0x4, 0x30, 0x30, 0x1, 0xac,
    0x3, 0xff, 0x81, 0xe0, 0x1a, 0xc0, 0xe, 0x40,
    0x12, 0xa0, 0x7, 0xf9, 0x4c, 0x2, 0x45, 0x0,
    0xb8, 0x3, 0x48, 0x7, 0xfa, 0xc0, 0x34, 0x80,
    0x63, 0x60, 0x8, 0x9c, 0x3, 0xf4, 0x8, 0x5,
    0x4, 0x1, 0xd0, 0x20, 0x14, 0x8, 0x7, 0x89,
    0xc0, 0x22, 0x70, 0xf, 0xc, 0x0, 0x68, 0x0,
    0xf4, 0x80, 0x69, 0x0, 0xfc, 0xc6, 0x1, 0x31,
    0x80, 0x64, 0x40, 0x4, 0xa8, 0x1, 0xfd, 0xc0,
    0x1b, 0xc0, 0x34, 0x80, 0x6b, 0x0, 0xff, 0x13,
    0x80, 0x46, 0xa0, 0x6, 0x20, 0xa, 0x44, 0x3,
    0xfe, 0x81, 0x0, 0xac, 0x1, 0x0, 0x11, 0xb0,
    0x7, 0xff, 0x6, 0xc0, 0x21, 0x67, 0x10, 0xb,
    0xc0, 0x3f, 0xf8, 0x4a, 0x80, 0x15, 0xc8, 0x4,
    0xc6, 0x1, 0xff, 0xc3, 0x90, 0x8, 0x84, 0x0,
    0x30, 0x1, 0xff, 0xc4, 0x28, 0x0, 0xf5, 0x88,
    0x7, 0xff, 0x15, 0xc8, 0x3, 0x1a, 0x80, 0x7f,
    0xf1, 0xe0, 0x3, 0x78, 0x7, 0xff, 0x20, 0x40,
    0x30, 0x80, 0x7f, 0xff, 0xc0, 0x3f, 0xff, 0xe0,
    0x1f, 0xff, 0xf0, 0xf, 0xff, 0x8,

    /* U+00DE "Þ" */
    0xff, 0xd0, 0x1, 0xff, 0xff, 0x0, 0xff, 0xf0,
    0x3f, 0xff, 0xba, 0xdc, 0x80, 0x3f, 0xf8, 0x82,
    0x91, 0xb4, 0x20, 0x1f, 0xfc, 0x65, 0xf3, 0x0,
    0xf1, 0x22, 0x78, 0x80, 0x30, 0xe1, 0x0, 0x72,
    0xdd, 0xfb, 0x74, 0xa0, 0x1a, 0x40, 0x3f, 0xf8,
    0x25, 0x4c, 0x1, 0x21, 0x80, 0x7f, 0xf0, 0xa4,
    0x40, 0x24, 0x0, 0xff, 0xe1, 0xa0, 0x5, 0xa0,
    0x1f, 0xfc, 0x33, 0x0, 0xff, 0xe3, 0x90, 0x4,
    0x60, 0x1f, 0xfc, 0x21, 0x40, 0xb, 0xc0, 0x3f,
    0xf8, 0x54, 0x1, 0x9c, 0x3, 0xfe, 0x26, 0xd4,
    0x0, 0x98, 0x40, 0x33, 0xff, 0xfb, 0x64, 0x80,
    0x23, 0x90, 0xf, 0xfe, 0x2a, 0x68, 0x7, 0xff,
    0x10, 0xaa, 0xc4, 0x3, 0xc4, 0x89, 0x95, 0x4d,
    0x39, 0xaa, 0x1, 0xf9, 0x6e, 0xf5, 0x52, 0x58,
    0xc0, 0x3f, 0xff, 0xe0, 0x1f, 0xfd, 0x30,

    /* U+00DF "ß" */
    0x0, 0xc2, 0xb7, 0xbd, 0xfd, 0x90, 0x60, 0x1f,
    0xe6, 0xea, 0x42, 0x10, 0x13, 0x7c, 0xc1, 0x80,
    0x7d, 0x52, 0x1, 0xfe, 0x3c, 0x40, 0xe, 0x85,
    0x0, 0xe1, 0x21, 0x0, 0xeb, 0x30, 0x8, 0x5c,
    0x3, 0x37, 0x73, 0x7b, 0xc, 0x3, 0x78, 0x4,
    0xc0, 0x1a, 0x24, 0x40, 0x23, 0xc3, 0x0, 0x8c,
    0x80, 0x1a, 0x1, 0x13, 0x80, 0x7d, 0x0, 0x19,
    0xc0, 0xc, 0x1, 0x20, 0x7, 0xe4, 0x0, 0xff,
    0x84, 0x3, 0xff, 0x82, 0x20, 0x1f, 0xfc, 0x34,
    0x0, 0xc8, 0x1, 0xff, 0xc3, 0x80, 0x9, 0x80,
    0x3f, 0xf8, 0x43, 0x66, 0x0, 0x39, 0x0, 0xff,
    0xaa, 0xf3, 0x90, 0x0, 0xb8, 0x1, 0xff, 0xc0,
    0x44, 0x18, 0x5, 0x54, 0x0, 0xff, 0xe3, 0xd7,
    0x40, 0x7, 0xff, 0x1c, 0x5f, 0x48, 0x3, 0xfd,
    0xdf, 0xee, 0xb4, 0x0, 0x8b, 0xc0, 0x3f, 0xf8,
    0x22, 0x97, 0x0, 0x11, 0x30, 0x7, 0xff, 0xd,
    0xd0, 0x2, 0xb0, 0xf, 0xfe, 0x27, 0x0, 0x44,
    0x1, 0xff, 0xc4, 0x60, 0xc, 0x40, 0x1f, 0xfd,
    0x8b, 0x0, 0xc4, 0x1, 0xff, 0xc2, 0x26, 0x0,
    0x8c, 0x3, 0xff, 0x84, 0x98, 0x20, 0x15, 0x0,
    0x7f, 0x66, 0x6e, 0xb1, 0x0, 0x8d, 0x80, 0x3f,
    0x8c, 0xf0, 0x80, 0x62, 0xd0, 0xf, 0xfe, 0x32,
    0xe0, 0x80, 0x7f, 0xf0, 0xcd, 0xb2, 0x84, 0x2,

    /* U+00E0 "à" */
    0x0, 0xc3, 0x9b, 0xb1, 0x80, 0x7f, 0xf0, 0x46,
    0xc8, 0xa8, 0x0, 0xff, 0xe1, 0x39, 0x80, 0x10,
    0x80, 0x3f, 0xf8, 0x5c, 0x1, 0x40, 0x7, 0xff,
    0x8, 0xa0, 0x0, 0xa2, 0x1, 0xff, 0xc2, 0x73,
    0x0, 0x40, 0x7, 0xff, 0xf, 0x3f, 0xd2, 0x1,
    0xff, 0xe6, 0x16, 0xad, 0xff, 0x76, 0x41, 0x80,
    0x7e, 0x8e, 0x95, 0x20, 0x0, 0x9b, 0xe5, 0x90,
    0x7, 0x63, 0x80, 0x7f, 0x93, 0x8, 0x2, 0xb3,
    0x0, 0xc8, 0xce, 0xa2, 0x1, 0xf, 0x0, 0x15,
    0x0, 0x23, 0xdb, 0x98, 0xae, 0x60, 0x8, 0xd0,
    0x5, 0x44, 0xb, 0x8, 0x3, 0xa4, 0x80, 0x2d,
    0x4, 0xae, 0xdf, 0x0, 0xfc, 0xa0, 0x11, 0x0,
    0x62, 0x20, 0x7, 0xff, 0x1, 0xc0, 0x3f, 0xe1,
    0x37, 0x60, 0x8, 0x40, 0x38, 0x96, 0x2f, 0x7f,
    0xb2, 0x4, 0x3, 0xe5, 0xcd, 0xa7, 0x42, 0x0,
    0xff, 0xaa, 0x86, 0x1, 0xf1, 0xb3, 0x0, 0x3a,
    0x14, 0x3, 0x2c, 0xe7, 0x7e, 0x4f, 0x0, 0x61,
    0x70, 0x9, 0x3a, 0x98, 0xc4, 0x3, 0xf2, 0x80,
    0x6a, 0x10, 0xf, 0xbc, 0x3, 0x8, 0x4, 0x42,
    0x1, 0xf9, 0x40, 0x30, 0x80, 0x44, 0x1, 0xf9,
    0x88, 0x3, 0x28, 0x6, 0xa0, 0xf, 0x3c, 0x80,
    0x70, 0xa8, 0x4, 0xbf, 0x2e, 0xe9, 0xe8, 0x2,
    0x0, 0xeb, 0x10, 0xc, 0xd1, 0x6, 0x10, 0x38,
    0x0, 0xe1, 0xc3, 0x0, 0xfc, 0xb8, 0x1, 0xf1,
    0x65, 0x29, 0x0, 0x5, 0x6a, 0x80, 0x1e,

    /* U+00E1 "á" */
    0x0, 0xff, 0xe, 0x6e, 0xb0, 0xc0, 0x3f, 0xf8,
    0x32, 0x64, 0x46, 0x30, 0xf, 0xfe, 0xb, 0x80,
    0x6, 0xc0, 0x3f, 0xf8, 0x2e, 0x1, 0x58, 0x80,
    0x7f, 0xf0, 0x64, 0x0, 0xaa, 0x0, 0xff, 0xe0,
    0xb0, 0x80, 0xd8, 0x7, 0xff, 0x9, 0xbf, 0xdc,
    0x20, 0x1f, 0xfe, 0x51, 0x6a, 0xdf, 0xf7, 0x64,
    0x18, 0x7, 0xe8, 0xe9, 0x52, 0x0, 0x9, 0xbe,
    0x59, 0x0, 0x76, 0x38, 0x7, 0xf9, 0x30, 0x80,
    0x2b, 0x30, 0xc, 0x8c, 0xea, 0x20, 0x10, 0xf0,
    0x1, 0x50, 0x2, 0x3d, 0xb9, 0x8a, 0xe6, 0x0,
    0x8d, 0x0, 0x54, 0x40, 0xb0, 0x80, 0x3a, 0x48,
    0x2, 0xd0, 0x4a, 0xed, 0xf0, 0xf, 0xca, 0x1,
    0x10, 0x6, 0x22, 0x0, 0x7f, 0xf0, 0x1c, 0x3,
    0xfe, 0x13, 0x76, 0x0, 0x84, 0x3, 0x89, 0x62,
    0xf7, 0xfb, 0x20, 0x40, 0x3e, 0x5c, 0xda, 0x74,
    0x20, 0xf, 0xfa, 0xa8, 0x60, 0x1f, 0x1b, 0x30,
    0x3, 0xa1, 0x40, 0x32, 0xce, 0x77, 0xe4, 0xf0,
    0x6, 0x17, 0x0, 0x93, 0xa9, 0x8c, 0x40, 0x3f,
    0x28, 0x6, 0xa1, 0x0, 0xfb, 0xc0, 0x30, 0x80,
    0x44, 0x20, 0x1f, 0x94, 0x3, 0x8, 0x4, 0x40,
    0x1f, 0x98, 0x80, 0x32, 0x80, 0x6a, 0x0, 0xf3,
    0xc8, 0x7, 0xa, 0x80, 0x4b, 0xf2, 0xee, 0x9e,
    0x80, 0x20, 0xe, 0xb1, 0x0, 0xcd, 0x10, 0x61,
    0x3, 0x80, 0xe, 0x1c, 0x30, 0xf, 0xcb, 0x80,
    0x1f, 0x16, 0x52, 0x90, 0x0, 0x56, 0xa8, 0x1,
    0xe0,

    /* U+00E2 "â" */
    0x0, 0xf9, 0x3f, 0xf3, 0x0, 0x7f, 0xf0, 0xe,
    0xc0, 0x34, 0xa8, 0x7, 0xf8, 0xb4, 0x0, 0x6c,
    0x0, 0xa3, 0x0, 0xfc, 0x58, 0x20, 0x5b, 0x26,
    0x0, 0xd2, 0x0, 0xf0, 0xf8, 0x80, 0x3c, 0x43,
    0x48, 0x7, 0x4, 0x3, 0x91, 0x5d, 0xd8, 0x40,
    0x1, 0xf7, 0x73, 0x20, 0x7, 0x2c, 0x44, 0x60,
    0x18, 0xa2, 0x25, 0x0, 0xff, 0xf0, 0x8b, 0x56,
    0xff, 0xbb, 0x20, 0xc0, 0x3f, 0x47, 0x4a, 0x90,
    0x0, 0x4d, 0xf2, 0xc8, 0x3, 0xb1, 0xc0, 0x3f,
    0xc9, 0x84, 0x1, 0x59, 0x80, 0x64, 0x67, 0x51,
    0x0, 0x87, 0x80, 0xa, 0x80, 0x11, 0xed, 0xcc,
    0x57, 0x30, 0x4, 0x68, 0x2, 0xa2, 0x5, 0x84,
    0x1, 0xd2, 0x40, 0x16, 0x82, 0x57, 0x6f, 0x80,
    0x7e, 0x50, 0x8, 0x80, 0x31, 0x10, 0x3, 0xff,
    0x80, 0xe0, 0x1f, 0xf0, 0x9b, 0xb0, 0x4, 0x20,
    0x1c, 0x4b, 0x17, 0xbf, 0xd9, 0x2, 0x1, 0xf2,
    0xe6, 0xd3, 0xa1, 0x0, 0x7f, 0xd5, 0x43, 0x0,
    0xf8, 0xd9, 0x80, 0x1d, 0xa, 0x1, 0x96, 0x73,
    0xbf, 0x27, 0x80, 0x30, 0xb8, 0x4, 0x9d, 0x4c,
    0x62, 0x1, 0xf9, 0x40, 0x35, 0x8, 0x7, 0xde,
    0x1, 0x84, 0x2, 0x21, 0x0, 0xfc, 0xa0, 0x18,
    0x40, 0x22, 0x0, 0xfc, 0xc4, 0x1, 0x94, 0x3,
    0x50, 0x7, 0x9e, 0x40, 0x38, 0x54, 0x2, 0x5f,
    0x97, 0x74, 0xf4, 0x1, 0x0, 0x75, 0x88, 0x6,
    0x68, 0x83, 0x8, 0x1c, 0x0, 0x70, 0xe1, 0x80,
    0x7e, 0x5c, 0x0, 0xf8, 0xb2, 0x94, 0x80, 0x2,
    0xb5, 0x40, 0xf, 0x0,

    /* U+00E3 "ã" */
    0x0, 0xe7, 0xdf, 0xf7, 0x6e, 0x5f, 0x7f, 0x80,
    0x3e, 0x78, 0x20, 0x0, 0x91, 0xa0, 0x82, 0x80,
    0x7d, 0x40, 0x3, 0x31, 0x8, 0x0, 0x5a, 0x80,
    0x3e, 0xdf, 0xf6, 0x63, 0x7b, 0xfd, 0xd2, 0x1,
    0xff, 0xf6, 0x16, 0xad, 0xff, 0x76, 0x41, 0x80,
    0x7e, 0x8e, 0x95, 0x20, 0x0, 0x9b, 0xe5, 0x90,
    0x7, 0x63, 0x80, 0x7f, 0x93, 0x8, 0x2, 0xb3,
    0x0, 0xc8, 0xce, 0xa2, 0x1, 0xf, 0x0, 0x15,
    0x0, 0x23, 0xdb, 0x98, 0xae, 0x60, 0x8, 0xd0,
    0x5, 0x44, 0xb, 0x8, 0x3, 0xa4, 0x80, 0x2d,
    0x4, 0xae, 0xdf, 0x0, 0xfc, 0xa0, 0x11, 0x0,
    0x62, 0x20, 0x7, 0xff, 0x1, 0xc0, 0x3f, 0xe1,
    0x37, 0x60, 0x8, 0x40, 0x38, 0x96, 0x2f, 0x7f,
    0xb2, 0x4, 0x3, 0xe5, 0xcd, 0xa7, 0x42, 0x0,
    0xff, 0xaa, 0x86, 0x1, 0xf1, 0xb3, 0x0, 0x3a,
    0x14, 0x3, 0x2c, 0xe7, 0x7e, 0x4f, 0x0, 0x61,
    0x70, 0x9, 0x3a, 0x98, 0xc4, 0x3, 0xf2, 0x80,
    0x6a, 0x10, 0xf, 0xbc, 0x3, 0x8, 0x4, 0x42,
    0x1, 0xf9, 0x40, 0x30, 0x80, 0x44, 0x1, 0xf9,
    0x88, 0x3, 0x28, 0x6, 0xa0, 0xf, 0x3c, 0x80,
    0x70, 0xa8, 0x4, 0xbf, 0x2e, 0xe9, 0xe8, 0x2,
    0x0, 0xeb, 0x10, 0xc, 0xd1, 0x6, 0x10, 0x38,
    0x0, 0xe1, 0xc3, 0x0, 0xfc, 0xb8, 0x1, 0xf1,
    0x65, 0x29, 0x0, 0x5, 0x6a, 0x80, 0x1e,

    /* U+00E4 "ä" */
    0x0, 0xcf, 0xba, 0x50, 0xc, 0x79, 0xd2, 0x1,
    0xe4, 0x82, 0x25, 0x10, 0x5, 0xa6, 0x2d, 0x0,
    0x1d, 0x80, 0x19, 0x0, 0x4, 0x20, 0x12, 0x0,
    0x76, 0x80, 0x64, 0x0, 0x10, 0x80, 0x48, 0x1,
    0xcb, 0x2, 0x29, 0x20, 0xb, 0x48, 0x16, 0x0,
    0x3c, 0xfd, 0xc6, 0x0, 0xc7, 0xbf, 0x40, 0x1f,
    0xff, 0x51, 0x6a, 0xdf, 0xf7, 0x64, 0x18, 0x7,
    0xe8, 0xe9, 0x52, 0x0, 0x9, 0xbe, 0x59, 0x0,
    0x76, 0x38, 0x7, 0xf9, 0x30, 0x80, 0x2b, 0x30,
    0xc, 0x8c, 0xea, 0x20, 0x10, 0xf0, 0x1, 0x50,
    0x2, 0x3d, 0xb9, 0x8a, 0xe6, 0x0, 0x8d, 0x0,
    0x54, 0x40, 0xb0, 0x80, 0x3a, 0x48, 0x2, 0xd0,
    0x4a, 0xed, 0xf0, 0xf, 0xca, 0x1, 0x10, 0x6,
    0x22, 0x0, 0x7f, 0xf0, 0x1c, 0x3, 0xfe, 0x13,
    0x76, 0x0, 0x84, 0x3, 0x89, 0x62, 0xf7, 0xfb,
    0x20, 0x40, 0x3e, 0x5c, 0xda, 0x74, 0x20, 0xf,
    0xfa, 0xa8, 0x60, 0x1f, 0x1b, 0x30, 0x3, 0xa1,
    0x40, 0x32, 0xce, 0x77, 0xe4, 0xf0, 0x6, 0x17,
    0x0, 0x93, 0xa9, 0x8c, 0x40, 0x3f, 0x28, 0x6,
    0xa1, 0x0, 0xfb, 0xc0, 0x30, 0x80, 0x44, 0x20,
    0x1f, 0x94, 0x3, 0x8, 0x4, 0x40, 0x1f, 0x98,
    0x80, 0x32, 0x80, 0x6a, 0x0, 0xf3, 0xc8, 0x7,
    0xa, 0x80, 0x4b, 0xf2, 0xee, 0x9e, 0x80, 0x20,
    0xe, 0xb1, 0x0, 0xcd, 0x10, 0x61, 0x3, 0x80,
    0xe, 0x1c, 0x30, 0xf, 0xcb, 0x80, 0x1f, 0x16,
    0x52, 0x90, 0x0, 0x56, 0xa8, 0x1, 0xe0,

    /* U+00E5 "å" */
    0x0, 0xfc, 0x8e, 0xe5, 0x0, 0xff, 0xe0, 0x96,
    0x5c, 0x42, 0xb9, 0x0, 0x3f, 0xc3, 0x86, 0x1,
    0x86, 0xd0, 0x3, 0xfa, 0x4, 0x13, 0x79, 0xc0,
    0x12, 0x1, 0xfc, 0xc0, 0x36, 0x43, 0x8, 0x4,
    0x60, 0x1f, 0xe2, 0x0, 0xc6, 0x0, 0x70, 0xf,
    0xf1, 0x0, 0x63, 0x0, 0x38, 0x7, 0xe5, 0x1,
    0xb2, 0x18, 0x40, 0x23, 0x0, 0xfd, 0x62, 0x9,
    0xbc, 0xe0, 0x9, 0x0, 0xfe, 0x1c, 0x20, 0xc,
    0x36, 0x80, 0x1f, 0xe2, 0xdb, 0x88, 0x57, 0x20,
    0x7, 0xff, 0x5, 0x1d, 0xca, 0x1, 0xff, 0xc0,
    0x16, 0xad, 0xff, 0x76, 0x41, 0x80, 0x7e, 0x8e,
    0x95, 0x20, 0x0, 0x9b, 0xe5, 0x90, 0x7, 0x63,
    0x80, 0x7f, 0x93, 0x8, 0x2, 0xb3, 0x0, 0xc8,
    0xce, 0xa2, 0x1, 0xf, 0x0, 0x15, 0x0, 0x23,
    0xdb, 0x98, 0xae, 0x60, 0x8, 0xd0, 0x5, 0x44,
    0xb, 0x8, 0x3, 0xa4, 0x80, 0x2d, 0x4, 0xae,
    0xdf, 0x0, 0xfc, 0xa0, 0x11, 0x0, 0x62, 0x20,
    0x7, 0xff, 0x1, 0xc0, 0x3f, 0xe1, 0x37, 0x60,
    0x8, 0x40, 0x38, 0x96, 0x2f, 0x7f, 0xb2, 0x4,
    0x3, 0xe5, 0xcd, 0xa7, 0x42, 0x0, 0xff, 0xaa,
    0x86, 0x1, 0xf1, 0xb3, 0x0, 0x3a, 0x14, 0x3,
    0x2c, 0xe7, 0x7e, 0x4f, 0x0, 0x61, 0x70, 0x9,
    0x3a, 0x98, 0xc4, 0x3, 0xf2, 0x80, 0x6a, 0x10,
    0xf, 0xbc, 0x3, 0x8, 0x4, 0x42, 0x1, 0xf9,
    0x40, 0x30, 0x80, 0x44, 0x1, 0xf9, 0x88, 0x3,
    0x28, 0x6, 0xa0, 0xf, 0x3c, 0x80, 0x70, 0xa8,
    0x4, 0xbf, 0x2e, 0xe9, 0xe8, 0x2, 0x0, 0xeb,
    0x10, 0xc, 0xd1, 0x6, 0x10, 0x38, 0x0, 0xe1,
    0xc3, 0x0, 0xfc, 0xb8, 0x1, 0xf1, 0x65, 0x29,
    0x0, 0x5, 0x6a, 0x80, 0x1e,

    /* U+00E6 "æ" */
    0x0, 0xe1, 0x6a, 0xdf, 0xf7, 0x5b, 0x90, 0x7,
    0x25, 0x6f, 0xfb, 0xad, 0xc4, 0x3, 0xfa, 0x3a,
    0x54, 0x80, 0x2, 0x91, 0xae, 0x0, 0x3d, 0xb5,
    0x20, 0x0, 0xa4, 0x74, 0x0, 0x78, 0x71, 0xc0,
    0x3f, 0xd1, 0x4, 0xc2, 0x0, 0xfe, 0x7c, 0x0,
    0xed, 0x30, 0xc, 0x8c, 0xec, 0x40, 0x13, 0xd8,
    0x6, 0x47, 0x72, 0x88, 0x4, 0x76, 0x1, 0x29,
    0x80, 0x49, 0xd7, 0x31, 0x3a, 0xe0, 0x1e, 0x4e,
    0xb8, 0x85, 0x73, 0x80, 0x48, 0xc0, 0x6, 0x61,
    0x81, 0xd8, 0x80, 0x74, 0x18, 0x6, 0x5b, 0x10,
    0xe, 0x86, 0x0, 0xa0, 0x0, 0x73, 0x9f, 0xa0,
    0x1f, 0x90, 0x3, 0x50, 0x7, 0xe9, 0x10, 0x0,
    0xa0, 0x7, 0x8, 0x7, 0xef, 0x0, 0x98, 0x3,
    0xfc, 0x80, 0x16, 0x0, 0x7e, 0x12, 0x21, 0x9d,
    0xc0, 0x17, 0x19, 0xff, 0xc0, 0x11, 0x0, 0x62,
    0x8c, 0xfe, 0xdd, 0x66, 0x4c, 0x1, 0x46, 0x67,
    0xf9, 0x80, 0x26, 0x0, 0xa7, 0x5c, 0xc0, 0x3f,
    0xfa, 0x3a, 0xc0, 0x1f, 0xfd, 0x11, 0xa, 0x20,
    0x8, 0xa3, 0x7b, 0xff, 0x40, 0x5, 0x5f, 0xff,
    0xfc, 0x2d, 0x15, 0x0, 0x9b, 0x5c, 0x84, 0x3,
    0xf1, 0x0, 0x7f, 0xf0, 0xd4, 0x3, 0x48, 0x7,
    0xee, 0x0, 0xb0, 0x3, 0xff, 0x86, 0x20, 0x11,
    0x0, 0x7f, 0x38, 0x4, 0x84, 0x1, 0xfc, 0xec,
    0x82, 0xc, 0x1, 0x10, 0x80, 0x7d, 0x2, 0x1,
    0xb8, 0x3, 0xf2, 0x44, 0xdf, 0x29, 0x0, 0x6d,
    0x20, 0xc, 0x34, 0xe0, 0x1c, 0x7a, 0x60, 0x1c,
    0xd6, 0x1, 0xa, 0x8b, 0x0, 0x47, 0xb9, 0x54,
    0xce, 0x50, 0x0, 0xc8, 0x4, 0x59, 0xb5, 0x37,
    0xd2, 0x1, 0xa8, 0x1, 0x4, 0x1, 0x8d, 0x54,
    0x60, 0x10, 0xeb, 0x40, 0x6, 0x25, 0x64, 0x10,
    0xd, 0x28, 0x0, 0x1c, 0x40, 0xf, 0xe5, 0xf3,
    0x7, 0xb1, 0x0, 0xfe, 0x2b, 0x60, 0xc, 0x37,
    0x65, 0x20, 0x0, 0xa4, 0x75, 0x8, 0x4, 0x9d,
    0x4a, 0x40, 0x1, 0x26, 0xbd, 0x40, 0x8,

    /* U+00E7 "ç" */
    0x0, 0xf0, 0xb5, 0xf7, 0xfb, 0xad, 0xc4, 0x3,
    0xfc, 0xfd, 0x28, 0x20, 0x1, 0x48, 0xe8, 0x0,
    0xfd, 0x70, 0x1, 0xfe, 0x7c, 0x10, 0xe, 0xb4,
    0x0, 0xc4, 0x8a, 0x60, 0x18, 0xf4, 0x3, 0x32,
    0x0, 0x45, 0x7b, 0x75, 0x9a, 0x80, 0x11, 0xb8,
    0x5, 0x0, 0x11, 0x62, 0x0, 0x62, 0xb3, 0x0,
    0xa4, 0x0, 0xc2, 0x1, 0x48, 0x80, 0x7d, 0xe0,
    0x4, 0x90, 0x6, 0x80, 0x44, 0x80, 0x1f, 0x8f,
    0x7e, 0xdc, 0x0, 0xa0, 0x12, 0x80, 0x7f, 0x88,
    0x3, 0x84, 0x2, 0xd0, 0xf, 0xfe, 0x18, 0x80,
    0x61, 0x0, 0xff, 0xec, 0x8, 0x6, 0x10, 0xf,
    0xfe, 0x20, 0x80, 0x5a, 0x1, 0xff, 0xc4, 0x50,
    0x9, 0x40, 0x3f, 0xca, 0x40, 0x1b, 0x40, 0x22,
    0x40, 0xf, 0xc7, 0x5b, 0xd4, 0x20, 0xc2, 0x1,
    0x48, 0x80, 0x7d, 0xe0, 0x1, 0x41, 0x0, 0x40,
    0x4, 0x58, 0x80, 0x18, 0xac, 0xc0, 0x29, 0x0,
    0x99, 0x0, 0x22, 0xbd, 0xba, 0xcd, 0x40, 0x8,
    0xdc, 0x3, 0x5a, 0x0, 0x62, 0x45, 0x30, 0xc,
    0x7a, 0x1, 0xeb, 0x80, 0xf, 0xf3, 0x60, 0x80,
    0x7c, 0xfd, 0x28, 0x20, 0x12, 0x47, 0x48, 0x7,
    0xf8, 0x5a, 0xf0, 0x1, 0xd6, 0xe2, 0x1, 0xff,
    0xc2, 0x60, 0x5, 0xb8, 0x80, 0x7f, 0xf0, 0xc8,
    0x0, 0xb1, 0xc4, 0x1, 0xff, 0xc2, 0x7c, 0xb6,
    0x0, 0x40, 0x7, 0xff, 0x8, 0x4d, 0x24, 0x0,
    0xc0, 0x1f, 0xfc, 0x22, 0x29, 0xc0, 0xe, 0x1,
    0xff, 0xc1, 0x3d, 0xda, 0x0, 0x1e, 0x1, 0xff,
    0xc5, 0x14, 0xb4, 0x0, 0xe0,

    /* U+00E8 "è" */
    0x0, 0xe4, 0xdd, 0xb0, 0x3, 0xff, 0x88, 0x8c,
    0x44, 0x37, 0x0, 0xff, 0xe2, 0x50, 0x5, 0x20,
    0x1f, 0xfc, 0x41, 0x90, 0x0, 0xb0, 0x7, 0xff,
    0x11, 0x90, 0x1, 0x60, 0x1f, 0xfc, 0x59, 0x0,
    0x12, 0x80, 0x7f, 0xf1, 0xb, 0xfe, 0x50, 0xf,
    0xff, 0x60, 0xbd, 0xf7, 0xfb, 0xa9, 0x80, 0x3f,
    0xe7, 0xe8, 0x41, 0x0, 0xa, 0xcf, 0xb8, 0x7,
    0xeb, 0x80, 0xf, 0xf4, 0x50, 0x7, 0xad, 0x0,
    0x32, 0x33, 0x10, 0x3, 0x2c, 0x80, 0x66, 0x40,
    0x9, 0xbe, 0xe6, 0x57, 0xc8, 0x1, 0x32, 0x0,
    0x50, 0x1, 0x3c, 0x80, 0x70, 0xd9, 0x80, 0x50,
    0x0, 0x61, 0x0, 0x14, 0x0, 0x7e, 0xf0, 0x8,
    0xc8, 0x30, 0x2, 0xa0, 0xf, 0xe3, 0x20, 0x9,
    0x1, 0x0, 0x21, 0x33, 0xff, 0x30, 0x5, 0xc0,
    0x20, 0x14, 0xe6, 0x7f, 0x90, 0x2, 0x21, 0x0,
    0xff, 0xee, 0x8, 0x80, 0x36, 0x7f, 0xff, 0xf0,
    0xac, 0x4, 0x2, 0x60, 0xf, 0xfe, 0x22, 0x80,
    0x5e, 0x1, 0xff, 0xc4, 0xd0, 0x9, 0x44, 0x3,
    0xf9, 0xd4, 0x40, 0x27, 0x0, 0xd4, 0x1, 0xf9,
    0x62, 0xbb, 0x48, 0x6, 0x0, 0x24, 0xc2, 0x0,
    0xe6, 0xa0, 0xc, 0x40, 0x7, 0x40, 0x8, 0xf7,
    0x26, 0x55, 0xd2, 0x1, 0xb8, 0x3, 0x59, 0x80,
    0x63, 0x66, 0x28, 0x80, 0x6a, 0x30, 0xe, 0xc8,
    0x0, 0xff, 0x1e, 0x28, 0x7, 0xcf, 0xd2, 0x84,
    0x0, 0x13, 0x6b, 0xc3, 0x0, 0x80,

    /* U+00E9 "é" */
    0x0, 0xff, 0x93, 0x76, 0xc0, 0xf, 0xfe, 0x24,
    0x11, 0x54, 0x1, 0xff, 0xc3, 0x43, 0x0, 0x23,
    0x0, 0x7f, 0xf0, 0xfc, 0x2, 0xa0, 0xf, 0xfe,
    0x19, 0xa0, 0x2, 0x44, 0x3, 0xff, 0x87, 0x20,
    0x4, 0x60, 0xf, 0xfe, 0x25, 0x7f, 0xac, 0x3,
    0xff, 0xd8, 0x2f, 0x7d, 0xfe, 0xea, 0x60, 0xf,
    0xf9, 0xfa, 0x10, 0x40, 0x2, 0xb3, 0xee, 0x1,
    0xfa, 0xe0, 0x3, 0xfd, 0x14, 0x1, 0xeb, 0x40,
    0xc, 0x8c, 0xc4, 0x0, 0xcb, 0x20, 0x19, 0x90,
    0x2, 0x6f, 0xb9, 0x95, 0xf2, 0x0, 0x4c, 0x80,
    0x14, 0x0, 0x4f, 0x20, 0x1c, 0x36, 0x60, 0x14,
    0x0, 0x18, 0x40, 0x5, 0x0, 0x1f, 0xbc, 0x2,
    0x32, 0xc, 0x0, 0xa8, 0x3, 0xf8, 0xc8, 0x2,
    0x40, 0x40, 0x8, 0x4c, 0xff, 0xcc, 0x1, 0x70,
    0x8, 0x5, 0x39, 0x9f, 0xe4, 0x0, 0x88, 0x40,
    0x3f, 0xfb, 0x82, 0x20, 0xd, 0x9f, 0xff, 0xfc,
    0x2b, 0x1, 0x0, 0x98, 0x3, 0xff, 0x88, 0xa0,
    0x17, 0x80, 0x7f, 0xf1, 0x34, 0x2, 0x51, 0x0,
    0xfe, 0x75, 0x10, 0x9, 0xc0, 0x35, 0x0, 0x7e,
    0x58, 0xae, 0xd2, 0x1, 0x80, 0x9, 0x30, 0x80,
    0x39, 0xa8, 0x3, 0x10, 0x1, 0xd0, 0x2, 0x3d,
    0xc9, 0x95, 0x74, 0x80, 0x6e, 0x0, 0xd6, 0x60,
    0x18, 0xd9, 0x8a, 0x20, 0x1a, 0x8c, 0x3, 0xb2,
    0x0, 0x3f, 0xc7, 0x8a, 0x1, 0xf3, 0xf4, 0xa1,
    0x0, 0x4, 0xda, 0xf0, 0xc0, 0x20,

    /* U+00EA "ê" */
    0x0, 0xfd, 0x1f, 0xf8, 0xc0, 0x3f, 0xf8, 0x4c,
    0xe0, 0x1b, 0x48, 0x3, 0xff, 0x80, 0xb2, 0x0,
    0x62, 0x1, 0xf1, 0x0, 0xff, 0x25, 0x0, 0x12,
    0x70, 0x40, 0xb4, 0x3, 0xf9, 0x2c, 0x0, 0x56,
    0x3, 0xa0, 0x3, 0xb0, 0xf, 0xc6, 0xef, 0x60,
    0x4, 0x76, 0xee, 0x33, 0x0, 0x7c, 0xf1, 0x10,
    0x80, 0x64, 0x88, 0x8c, 0x3, 0xff, 0xce, 0x2f,
    0x7d, 0xfe, 0xea, 0x60, 0xf, 0xf9, 0xfa, 0x10,
    0x40, 0x2, 0xb3, 0xee, 0x1, 0xfa, 0xe0, 0x3,
    0xfd, 0x14, 0x1, 0xeb, 0x40, 0xc, 0x8c, 0xc4,
    0x0, 0xcb, 0x20, 0x19, 0x90, 0x2, 0x6f, 0xb9,
    0x95, 0xf2, 0x0, 0x4c, 0x80, 0x14, 0x0, 0x4f,
    0x20, 0x1c, 0x36, 0x60, 0x14, 0x0, 0x18, 0x40,
    0x5, 0x0, 0x1f, 0xbc, 0x2, 0x32, 0xc, 0x0,
    0xa8, 0x3, 0xf8, 0xc8, 0x2, 0x40, 0x40, 0x8,
    0x4c, 0xff, 0xcc, 0x1, 0x70, 0x8, 0x5, 0x39,
    0x9f, 0xe4, 0x0, 0x88, 0x40, 0x3f, 0xfb, 0x82,
    0x20, 0xd, 0x9f, 0xff, 0xfc, 0x2b, 0x1, 0x0,
    0x98, 0x3, 0xff, 0x88, 0xa0, 0x17, 0x80, 0x7f,
    0xf1, 0x34, 0x2, 0x51, 0x0, 0xfe, 0x75, 0x10,
    0x9, 0xc0, 0x35, 0x0, 0x7e, 0x58, 0xae, 0xd2,
    0x1, 0x80, 0x9, 0x30, 0x80, 0x39, 0xa8, 0x3,
    0x10, 0x1, 0xd0, 0x2, 0x3d, 0xc9, 0x95, 0x74,
    0x80, 0x6e, 0x0, 0xd6, 0x60, 0x18, 0xd9, 0x8a,
    0x20, 0x1a, 0x8c, 0x3, 0xb2, 0x0, 0x3f, 0xc7,
    0x8a, 0x1, 0xf3, 0xf4, 0xa1, 0x0, 0x4, 0xda,
    0xf0, 0xc0, 0x20,

    /* U+00EB "ë" */
    0x0, 0xe9, 0xec, 0x20, 0xc, 0xdb, 0xa6, 0x0,
    0xfd, 0x2c, 0x27, 0x80, 0x11, 0xc9, 0x12, 0x50,
    0x3, 0xe5, 0x0, 0x84, 0x40, 0x5, 0x0, 0xd8,
    0x1, 0xf2, 0x80, 0x42, 0x20, 0x2, 0x80, 0x6c,
    0x0, 0xfa, 0x54, 0xf, 0x40, 0x23, 0x91, 0x14,
    0x20, 0x7, 0xea, 0xfc, 0x30, 0xc, 0xdd, 0xc7,
    0x0, 0xff, 0xfe, 0x8b, 0xdf, 0x7f, 0xba, 0x98,
    0x3, 0xfe, 0x7e, 0x84, 0x10, 0x0, 0xac, 0xfb,
    0x80, 0x7e, 0xb8, 0x0, 0xff, 0x45, 0x0, 0x7a,
    0xd0, 0x3, 0x23, 0x31, 0x0, 0x32, 0xc8, 0x6,
    0x64, 0x0, 0x9b, 0xee, 0x65, 0x7c, 0x80, 0x13,
    0x20, 0x5, 0x0, 0x13, 0xc8, 0x7, 0xd, 0x98,
    0x5, 0x0, 0x6, 0x10, 0x1, 0x40, 0x7, 0xef,
    0x0, 0x8c, 0x83, 0x0, 0x2a, 0x0, 0xfe, 0x32,
    0x0, 0x90, 0x10, 0x2, 0x13, 0x3f, 0xf3, 0x0,
    0x5c, 0x2, 0x1, 0x4e, 0x67, 0xf9, 0x0, 0x22,
    0x10, 0xf, 0xfe, 0xe0, 0x88, 0x3, 0x67, 0xff,
    0xff, 0xa, 0xc0, 0x40, 0x26, 0x0, 0xff, 0xe2,
    0x28, 0x5, 0xe0, 0x1f, 0xfc, 0x4d, 0x0, 0x94,
    0x40, 0x3f, 0x9d, 0x44, 0x2, 0x70, 0xd, 0x40,
    0x1f, 0x96, 0x2b, 0xb4, 0x80, 0x60, 0x2, 0x4c,
    0x20, 0xe, 0x6a, 0x0, 0xc4, 0x0, 0x74, 0x0,
    0x8f, 0x72, 0x65, 0x5d, 0x20, 0x1b, 0x80, 0x35,
    0x98, 0x6, 0x36, 0x62, 0x88, 0x6, 0xa3, 0x0,
    0xec, 0x80, 0xf, 0xf1, 0xe2, 0x80, 0x7c, 0xfd,
    0x28, 0x40, 0x1, 0x36, 0xbc, 0x30, 0x8,

    /* U+00EC "ì" */
    0x1f, 0xfc, 0x80, 0x10, 0xc8, 0x5, 0xe0, 0x19,
    0x90, 0x0, 0x86, 0x1, 0xa4, 0x2, 0x90, 0xc,
    0x52, 0x0, 0x52, 0x0, 0xcc, 0xa4, 0x45, 0x0,
    0xea, 0xdd, 0x38, 0x7, 0xff, 0x4, 0x7f, 0xf1,
    0x80, 0x7f, 0xff, 0xc0, 0x3f, 0xff, 0xe0, 0x1f,
    0xfd, 0xb0,

    /* U+00ED "í" */
    0x0, 0x8f, 0xff, 0x10, 0x5, 0x20, 0x14, 0x10,
    0x0, 0x94, 0x0, 0x6e, 0x1, 0x58, 0x5, 0xc0,
    0x10, 0xb0, 0x2, 0x8, 0x2, 0x72, 0x22, 0xb8,
    0x6, 0x6d, 0xd5, 0x0, 0x7f, 0xf0, 0x47, 0xff,
    0x18, 0x7, 0xff, 0xfc, 0x3, 0xff, 0xfe, 0x1,
    0xff, 0xde,

    /* U+00EE "î" */
    0x0, 0xe7, 0x88, 0x38, 0x80, 0x7e, 0xb8, 0x77,
    0x46, 0x80, 0x7d, 0x48, 0x0, 0x10, 0x3b, 0x0,
    0xe9, 0x50, 0x5, 0x50, 0x0, 0x92, 0x1, 0x43,
    0x0, 0x1d, 0x52, 0x40, 0xd, 0x0, 0xee, 0x0,
    0x2c, 0x0, 0x19, 0x80, 0x7, 0x67, 0xff, 0xa8,
    0x3, 0x4f, 0xfc, 0xc0, 0x1f, 0xfd, 0x41, 0xff,
    0xc6, 0x1, 0xff, 0xff, 0x0, 0xff, 0xff, 0x80,
    0x7f, 0xff, 0xc0, 0x3f, 0xff, 0xa0,

    /* U+00EF "ï" */
    0x8, 0xee, 0x28, 0x6, 0x4d, 0xf9, 0x6, 0x71,
    0x15, 0x10, 0x0, 0x6c, 0x81, 0xa3, 0xc0, 0x33,
    0x80, 0x8, 0x3, 0x1e, 0x0, 0x64, 0x0, 0x10,
    0x80, 0x58, 0xb0, 0x25, 0x62, 0x0, 0x1d, 0x31,
    0x77, 0x3, 0xf6, 0xa0, 0x6, 0x3c, 0xe8, 0x0,
    0xff, 0xea, 0x8f, 0xfe, 0x30, 0xf, 0xff, 0xf8,
    0x7, 0xff, 0xfc, 0x3, 0xff, 0xfe, 0x1, 0xff,
    0xfd,

    /* U+00F0 "ð" */
    0x0, 0xf1, 0x80, 0x7f, 0xf1, 0xcf, 0x30, 0x80,
    0x1f, 0x18, 0x7, 0xf4, 0x81, 0xdd, 0x84, 0x2,
    0x3b, 0xc5, 0x0, 0xfc, 0x40, 0x12, 0x73, 0x26,
    0x61, 0x3, 0xc0, 0x3f, 0x47, 0x28, 0x5, 0x36,
    0x60, 0x31, 0x40, 0x1f, 0xc3, 0x4c, 0x1, 0xcf,
    0xce, 0x1, 0xfe, 0x5c, 0x60, 0xe, 0x40, 0xf,
    0xf0, 0xed, 0x18, 0xc, 0xa0, 0x0, 0xec, 0x3,
    0xf8, 0x4c, 0xa, 0x79, 0xad, 0x0, 0x9, 0x0,
    0x1f, 0xd3, 0x2d, 0x60, 0xa, 0xc8, 0x0, 0xe6,
    0x1, 0xf9, 0xd8, 0x3, 0xde, 0x1, 0x70, 0x7,
    0xf2, 0xdf, 0x7f, 0xb1, 0xca, 0x0, 0x4, 0xc0,
    0x1e, 0x2d, 0xa4, 0x10, 0x1, 0xc6, 0xa9, 0x0,
    0x20, 0x3, 0x8f, 0x48, 0x3, 0xe2, 0xca, 0x0,
    0xa, 0x80, 0x43, 0xa0, 0x19, 0x6b, 0x72, 0x48,
    0x64, 0x2, 0xe0, 0xa, 0xc4, 0x2, 0xba, 0x52,
    0x36, 0xd5, 0x10, 0x9, 0x0, 0x4, 0xa0, 0x14,
    0xa0, 0x7, 0xa8, 0x80, 0x31, 0x85, 0x0, 0x44,
    0xc0, 0x1f, 0xa0, 0x3, 0x28, 0x20, 0x4, 0xa0,
    0x1f, 0xca, 0x20, 0x17, 0x1, 0x80, 0x58, 0x1,
    0xfe, 0x40, 0x8, 0x44, 0x1, 0x98, 0x3, 0xfc,
    0x40, 0x11, 0x80, 0x7f, 0xf1, 0x3c, 0x2, 0x30,
    0xe, 0x10, 0xf, 0xf7, 0x80, 0x42, 0x20, 0xc,
    0xc0, 0x1f, 0xe2, 0x0, 0xb8, 0xc, 0x2, 0xc0,
    0xf, 0xf2, 0x0, 0x48, 0x16, 0x1, 0x30, 0x80,
    0x7e, 0x61, 0x0, 0x9, 0x3, 0x0, 0x6b, 0x0,
    0xf8, 0x60, 0x2, 0x60, 0x0, 0xb0, 0x4, 0xb4,
    0x20, 0x18, 0xf0, 0x40, 0x3, 0x0, 0x14, 0x90,
    0x4, 0xbd, 0x93, 0x5b, 0x84, 0x1, 0x50, 0x7,
    0x61, 0x0, 0x63, 0x65, 0x20, 0xd, 0x28, 0x1,
    0xc3, 0xac, 0x1, 0xfc, 0x56, 0xc0, 0x1f, 0xa7,
    0x5c, 0xc4, 0x0, 0x4b, 0x5a, 0x80, 0x18,

    /* U+00F1 "ñ" */
    0x0, 0xe7, 0xef, 0xdb, 0x62, 0x1d, 0xff, 0x0,
    0x7e, 0x58, 0x10, 0x24, 0x9d, 0xe2, 0x3, 0x0,
    0xfd, 0x20, 0x2, 0x10, 0xf, 0x78, 0x7, 0xe6,
    0x46, 0xde, 0xd9, 0x65, 0x6d, 0x30, 0xf, 0xd5,
    0x72, 0x0, 0x26, 0x9a, 0x92, 0x0, 0xff, 0xf0,
    0x8f, 0xfe, 0x0, 0x92, 0xbb, 0xfb, 0x20, 0x40,
    0x3f, 0xc3, 0x76, 0x51, 0x1, 0x37, 0xe6, 0x0,
    0xfe, 0xd4, 0x0, 0xfd, 0x2c, 0x1, 0xf3, 0x98,
    0x0, 0xcc, 0x20, 0x1d, 0x24, 0x1, 0xe8, 0x8,
    0xfc, 0xc7, 0x61, 0x0, 0x6b, 0x0, 0xfa, 0x9c,
    0x3, 0x1e, 0x8, 0x4, 0x80, 0x1e, 0x45, 0x0,
    0xf0, 0xb0, 0x4, 0x40, 0x1e, 0xd0, 0xf, 0xd6,
    0x1, 0x84, 0x3, 0x94, 0x3, 0xf0, 0x80, 0x63,
    0x0, 0xff, 0xff, 0x80, 0x7f, 0xff, 0xc0, 0x3f,
    0xff, 0xe0, 0x1f, 0xfd, 0x70,

    /* U+00F2 "ò" */
    0x0, 0xe1, 0xcd, 0xd8, 0x80, 0x3f, 0xf8, 0x82,
    0x84, 0x54, 0x0, 0x7f, 0xf1, 0x60, 0x80, 0xa,
    0x40, 0x1f, 0xfc, 0x5e, 0x0, 0xac, 0x3, 0xff,
    0x8a, 0x6e, 0x0, 0x61, 0x0, 0xff, 0xe2, 0xc1,
    0x0, 0x24, 0x3, 0xff, 0x8d, 0xbf, 0xe8, 0x0,
    0xff, 0xf7, 0x8b, 0x5f, 0x7f, 0xba, 0xdc, 0x40,
    0x3f, 0xe7, 0xe9, 0x41, 0x0, 0xa, 0x47, 0x48,
    0x7, 0xf5, 0xc0, 0x7, 0xf9, 0xb4, 0x40, 0x3d,
    0x68, 0x1, 0x89, 0x54, 0x60, 0x18, 0xb0, 0x3,
    0x99, 0x0, 0x22, 0xcd, 0xaa, 0x66, 0x98, 0x4,
    0x52, 0x1, 0xa0, 0x2, 0x2c, 0x30, 0xc, 0x58,
    0x60, 0x13, 0x10, 0x1, 0x84, 0x2, 0x91, 0x0,
    0xfb, 0x80, 0x35, 0x0, 0x34, 0x2, 0x24, 0x0,
    0xfc, 0x4a, 0x1, 0x28, 0x1, 0x40, 0x25, 0x0,
    0xff, 0x60, 0x4, 0x40, 0x1, 0x0, 0xb4, 0x3,
    0xfc, 0xa0, 0x18, 0xc4, 0x3, 0x8, 0x7, 0xf8,
    0x80, 0x33, 0x80, 0x7f, 0xf2, 0x84, 0x3, 0x8,
    0x7, 0xf8, 0xc0, 0x33, 0x80, 0x80, 0x5a, 0x1,
    0xfe, 0x40, 0xc, 0x60, 0xa0, 0x12, 0x80, 0x7f,
    0xb0, 0x2, 0x20, 0x6, 0x80, 0x44, 0x80, 0x1f,
    0x89, 0x40, 0x25, 0x0, 0x30, 0x80, 0x52, 0x20,
    0x1f, 0x70, 0x6, 0xa0, 0xa, 0x0, 0x22, 0xc4,
    0x0, 0xc7, 0x86, 0x1, 0x31, 0x0, 0x4c, 0x80,
    0x11, 0x5e, 0xdd, 0x6e, 0x18, 0x4, 0x52, 0x1,
    0xd6, 0x80, 0x18, 0x91, 0x48, 0x3, 0x16, 0x0,
    0x7d, 0x70, 0x1, 0xfe, 0x6d, 0x10, 0xf, 0xcf,
    0xd2, 0x82, 0x0, 0x14, 0x8e, 0x90, 0xe,

    /* U+00F3 "ó" */
    0x0, 0xff, 0x87, 0x37, 0x58, 0x60, 0x1f, 0xfc,
    0x49, 0x32, 0x22, 0x98, 0x7, 0xff, 0xc, 0x5c,
    0x0, 0x32, 0x1, 0xff, 0xc4, 0x60, 0xa, 0x80,
    0x3f, 0xf8, 0xb2, 0x0, 0x64, 0x0, 0xff, 0xe2,
    0x38, 0x80, 0xc8, 0x7, 0xff, 0x15, 0xff, 0xdc,
    0x1, 0xff, 0xef, 0x16, 0xbe, 0xff, 0x75, 0xb8,
    0x80, 0x7f, 0xcf, 0xd2, 0x82, 0x0, 0x14, 0x8e,
    0x90, 0xf, 0xeb, 0x80, 0xf, 0xf3, 0x68, 0x80,
    0x7a, 0xd0, 0x3, 0x12, 0xa8, 0xc0, 0x31, 0x60,
    0x7, 0x32, 0x0, 0x45, 0x9b, 0x54, 0xcd, 0x30,
    0x8, 0xa4, 0x3, 0x40, 0x4, 0x58, 0x60, 0x18,
    0xb0, 0xc0, 0x26, 0x20, 0x3, 0x8, 0x5, 0x22,
    0x1, 0xf7, 0x0, 0x6a, 0x0, 0x68, 0x4, 0x48,
    0x1, 0xf8, 0x94, 0x2, 0x50, 0x2, 0x80, 0x4a,
    0x1, 0xfe, 0xc0, 0x8, 0x80, 0x2, 0x1, 0x68,
    0x7, 0xf9, 0x40, 0x31, 0x88, 0x6, 0x10, 0xf,
    0xf1, 0x0, 0x67, 0x0, 0xff, 0xe5, 0x8, 0x6,
    0x10, 0xf, 0xf1, 0x80, 0x67, 0x1, 0x0, 0xb4,
    0x3, 0xfc, 0x80, 0x18, 0xc1, 0x40, 0x25, 0x0,
    0xff, 0x60, 0x4, 0x40, 0xd, 0x0, 0x89, 0x0,
    0x3f, 0x12, 0x80, 0x4a, 0x0, 0x61, 0x0, 0xa4,
    0x40, 0x3e, 0xe0, 0xd, 0x40, 0x14, 0x0, 0x45,
    0x88, 0x1, 0x8f, 0xc, 0x2, 0x62, 0x0, 0x99,
    0x0, 0x22, 0xbd, 0xba, 0xdc, 0x30, 0x8, 0xa4,
    0x3, 0xad, 0x0, 0x31, 0x22, 0x90, 0x6, 0x2c,
    0x0, 0xfa, 0xe0, 0x3, 0xfc, 0xda, 0x20, 0x1f,
    0x9f, 0xa5, 0x4, 0x0, 0x29, 0x1d, 0x20, 0x1c,

    /* U+00F4 "ô" */
    0x0, 0xfc, 0x9f, 0xf9, 0x80, 0x3f, 0xf8, 0x67,
    0x60, 0x1a, 0x50, 0x3, 0xff, 0x82, 0x78, 0x0,
    0x35, 0x0, 0x59, 0x80, 0x7f, 0xc5, 0xa0, 0x2,
    0xda, 0x30, 0x6, 0x90, 0x7, 0xf0, 0xe0, 0x80,
    0x3c, 0x43, 0x44, 0x7, 0x4, 0x3, 0xf2, 0x33,
    0xbb, 0x8, 0x0, 0x38, 0xee, 0x64, 0x0, 0xfc,
    0xb1, 0x11, 0x80, 0x62, 0x88, 0x94, 0x3, 0xff,
    0xd4, 0x2d, 0x7d, 0xfe, 0xeb, 0x71, 0x0, 0xff,
    0x9f, 0xa5, 0x4, 0x0, 0x29, 0x1d, 0x20, 0x1f,
    0xd7, 0x0, 0x1f, 0xe6, 0xd1, 0x0, 0xf5, 0xa0,
    0x6, 0x25, 0x51, 0x80, 0x62, 0xc0, 0xe, 0x64,
    0x0, 0x8b, 0x36, 0xa9, 0x9a, 0x60, 0x11, 0x48,
    0x6, 0x80, 0x8, 0xb0, 0xc0, 0x31, 0x61, 0x80,
    0x4c, 0x40, 0x6, 0x10, 0xa, 0x44, 0x3, 0xee,
    0x0, 0xd4, 0x0, 0xd0, 0x8, 0x90, 0x3, 0xf1,
    0x28, 0x4, 0xa0, 0x5, 0x0, 0x94, 0x3, 0xfd,
    0x80, 0x11, 0x0, 0x4, 0x2, 0xd0, 0xf, 0xf2,
    0x80, 0x63, 0x10, 0xc, 0x20, 0x1f, 0xe2, 0x0,
    0xce, 0x1, 0xff, 0xca, 0x10, 0xc, 0x20, 0x1f,
    0xe3, 0x0, 0xce, 0x2, 0x1, 0x68, 0x7, 0xf9,
    0x0, 0x31, 0x82, 0x80, 0x4a, 0x1, 0xfe, 0xc0,
    0x8, 0x80, 0x1a, 0x1, 0x12, 0x0, 0x7e, 0x25,
    0x0, 0x94, 0x0, 0xc2, 0x1, 0x48, 0x80, 0x7d,
    0xc0, 0x1a, 0x80, 0x28, 0x0, 0x8b, 0x10, 0x3,
    0x1e, 0x18, 0x4, 0xc4, 0x1, 0x32, 0x0, 0x45,
    0x7b, 0x75, 0xb8, 0x60, 0x11, 0x48, 0x7, 0x5a,
    0x0, 0x62, 0x45, 0x20, 0xc, 0x58, 0x1, 0xf5,
    0xc0, 0x7, 0xf9, 0xb4, 0x40, 0x3f, 0x3f, 0x4a,
    0x8, 0x0, 0x52, 0x3a, 0x40, 0x38,

    /* U+00F5 "õ" */
    0x0, 0xf3, 0xef, 0xfb, 0xb7, 0x2f, 0xfe, 0x0,
    0xff, 0x44, 0x8, 0x0, 0x24, 0x68, 0x0, 0x50,
    0xf, 0xf3, 0x0, 0xc, 0xc4, 0x20, 0x1, 0x6a,
    0x0, 0xff, 0x77, 0xfb, 0x31, 0xbd, 0xfe, 0xe9,
    0x0, 0xff, 0xff, 0x80, 0x42, 0xd7, 0xdf, 0xee,
    0xb7, 0x10, 0xf, 0xf9, 0xfa, 0x50, 0x40, 0x2,
    0x91, 0xd2, 0x1, 0xfd, 0x70, 0x1, 0xfe, 0x6d,
    0x10, 0xf, 0x5a, 0x0, 0x62, 0x55, 0x18, 0x6,
    0x2c, 0x0, 0xe6, 0x40, 0x8, 0xb3, 0x6a, 0x99,
    0xa6, 0x1, 0x14, 0x80, 0x68, 0x0, 0x8b, 0xc,
    0x3, 0x16, 0x18, 0x4, 0xc4, 0x0, 0x61, 0x0,
    0xa4, 0x40, 0x3e, 0xe0, 0xd, 0x40, 0xd, 0x0,
    0x89, 0x0, 0x3f, 0x12, 0x80, 0x4a, 0x0, 0x50,
    0x9, 0x40, 0x3f, 0xd8, 0x1, 0x10, 0x0, 0x40,
    0x2d, 0x0, 0xff, 0x28, 0x6, 0x31, 0x0, 0xc2,
    0x1, 0xfe, 0x20, 0xc, 0xe0, 0x1f, 0xfc, 0xa1,
    0x0, 0xc2, 0x1, 0xfe, 0x30, 0xc, 0xe0, 0x20,
    0x16, 0x80, 0x7f, 0x90, 0x3, 0x18, 0x28, 0x4,
    0xa0, 0x1f, 0xec, 0x0, 0x88, 0x1, 0xa0, 0x11,
    0x20, 0x7, 0xe2, 0x50, 0x9, 0x40, 0xc, 0x20,
    0x14, 0x88, 0x7, 0xdc, 0x1, 0xa8, 0x2, 0x80,
    0x8, 0xb1, 0x0, 0x31, 0xe1, 0x80, 0x4c, 0x40,
    0x13, 0x20, 0x4, 0x57, 0xb7, 0x5b, 0x86, 0x1,
    0x14, 0x80, 0x75, 0xa0, 0x6, 0x24, 0x52, 0x0,
    0xc5, 0x80, 0x1f, 0x5c, 0x0, 0x7f, 0x9b, 0x44,
    0x3, 0xf3, 0xf4, 0xa0, 0x80, 0x5, 0x23, 0xa4,
    0x3, 0x80,

    /* U+00F6 "ö" */
    0x0, 0xe7, 0xed, 0x50, 0xc, 0x79, 0xd2, 0x1,
    0xfc, 0xb0, 0x25, 0x44, 0x1, 0x69, 0x8b, 0x38,
    0x7, 0xec, 0x0, 0xce, 0x0, 0x31, 0x0, 0xb0,
    0x3, 0xf6, 0x0, 0x67, 0x0, 0x10, 0x6, 0xc0,
    0xf, 0xca, 0xe2, 0x2a, 0x20, 0x0, 0xd9, 0x3,
    0x38, 0x7, 0xf4, 0x77, 0x14, 0x3, 0x26, 0xfc,
    0x80, 0x7f, 0xff, 0xc0, 0x2, 0xd7, 0xdf, 0xee,
    0xb7, 0x10, 0xf, 0xf9, 0xfa, 0x50, 0x40, 0x2,
    0x91, 0xd2, 0x1, 0xfd, 0x70, 0x1, 0xfe, 0x6d,
    0x10, 0xf, 0x5a, 0x0, 0x62, 0x55, 0x18, 0x6,
    0x2c, 0x0, 0xe6, 0x40, 0x8, 0xb3, 0x6a, 0x99,
    0xa6, 0x1, 0x14, 0x80, 0x68, 0x0, 0x8b, 0xc,
    0x3, 0x16, 0x18, 0x4, 0xc4, 0x0, 0x61, 0x0,
    0xa4, 0x40, 0x3e, 0xe0, 0xd, 0x40, 0xd, 0x0,
    0x89, 0x0, 0x3f, 0x12, 0x80, 0x4a, 0x0, 0x50,
    0x9, 0x40, 0x3f, 0xd8, 0x1, 0x10, 0x0, 0x40,
    0x2d, 0x0, 0xff, 0x28, 0x6, 0x31, 0x0, 0xc2,
    0x1, 0xfe, 0x20, 0xc, 0xe0, 0x1f, 0xfc, 0xa1,
    0x0, 0xc2, 0x1, 0xfe, 0x30, 0xc, 0xe0, 0x20,
    0x16, 0x80, 0x7f, 0x90, 0x3, 0x18, 0x28, 0x4,
    0xa0, 0x1f, 0xec, 0x0, 0x88, 0x1, 0xa0, 0x11,
    0x20, 0x7, 0xe2, 0x50, 0x9, 0x40, 0xc, 0x20,
    0x14, 0x88, 0x7, 0xdc, 0x1, 0xa8, 0x2, 0x80,
    0x8, 0xb1, 0x0, 0x31, 0xe1, 0x80, 0x4c, 0x40,
    0x13, 0x20, 0x4, 0x57, 0xb7, 0x5b, 0x86, 0x1,
    0x14, 0x80, 0x75, 0xa0, 0x6, 0x24, 0x52, 0x0,
    0xc5, 0x80, 0x1f, 0x5c, 0x0, 0x7f, 0x9b, 0x44,
    0x3, 0xf3, 0xf4, 0xa0, 0x80, 0x5, 0x23, 0xa4,
    0x3, 0x80,

    /* U+00F7 "÷" */
    0x0, 0xfc, 0x9b, 0xf6, 0x20, 0x1f, 0xfc, 0x22,
    0xb2, 0x4, 0xd0, 0xf, 0xfe, 0x12, 0x80, 0x63,
    0x10, 0xf, 0xfe, 0x8, 0x80, 0x70, 0x80, 0x7f,
    0xf0, 0x58, 0x80, 0x27, 0x0, 0xff, 0xe1, 0xec,
    0x35, 0x40, 0x7, 0xff, 0x11, 0xe5, 0x40, 0x3f,
    0xfa, 0x39, 0x9f, 0xfc, 0x69, 0x3, 0x3f, 0xfe,
    0x32, 0x80, 0x7f, 0xf7, 0x7f, 0xff, 0xf8, 0xd8,
    0x1, 0xff, 0xe4, 0x4d, 0xfb, 0x10, 0xf, 0xfe,
    0x11, 0x59, 0x2, 0x68, 0x7, 0xff, 0x9, 0x40,
    0x31, 0x88, 0x7, 0xff, 0x4, 0x40, 0x38, 0x40,
    0x3f, 0xf8, 0x2c, 0x40, 0x13, 0x80, 0x7f, 0xf0,
    0xf6, 0x1a, 0xa0, 0x3, 0xe0,

    /* U+00F8 "ø" */
    0x0, 0xff, 0xe3, 0xa8, 0x7, 0xe1, 0x6b, 0xef,
    0xf7, 0x5b, 0x88, 0x1, 0xea, 0xc0, 0x3c, 0xfd,
    0x28, 0x20, 0x1, 0x48, 0xe9, 0x68, 0x4, 0x30,
    0xd, 0x70, 0x1, 0xfe, 0x69, 0x0, 0x51, 0x80,
    0x56, 0x80, 0x18, 0x95, 0x46, 0x1, 0xe7, 0x50,
    0x9, 0x90, 0x2, 0x2c, 0xda, 0xa6, 0x69, 0x0,
    0x61, 0x0, 0xd0, 0x1, 0x16, 0x18, 0x6, 0x20,
    0xe, 0x62, 0x0, 0x30, 0x80, 0x52, 0x20, 0x1d,
    0x44, 0x1, 0xd4, 0x0, 0xd0, 0x8, 0x90, 0x3,
    0xa5, 0x40, 0x4c, 0x2, 0x50, 0x2, 0x80, 0x4a,
    0x1, 0xcc, 0xc0, 0x6, 0xd0, 0x4, 0x40, 0x1,
    0x0, 0xb4, 0x3, 0x24, 0x80, 0x2c, 0xd4, 0x3,
    0x18, 0x80, 0x61, 0x0, 0x8e, 0xc0, 0x12, 0x80,
    0x40, 0x19, 0xc0, 0x3f, 0xe, 0x80, 0x1d, 0x80,
    0x3f, 0x8, 0x6, 0x10, 0x1c, 0x10, 0x58, 0x0,
    0x8c, 0x3, 0x38, 0x8, 0x5, 0xa1, 0x44, 0x7,
    0x40, 0x19, 0x0, 0x31, 0x82, 0x80, 0x4b, 0x48,
    0x5, 0xa0, 0x1d, 0x80, 0x11, 0x0, 0x34, 0x2,
    0x25, 0x1, 0xf1, 0x0, 0xc4, 0xa0, 0x12, 0x80,
    0x18, 0x40, 0x3b, 0x48, 0x3, 0xb8, 0x3, 0x50,
    0x5, 0x0, 0x1c, 0xe0, 0x18, 0xf0, 0xc0, 0x26,
    0x20, 0x9, 0x0, 0x3a, 0xf6, 0xeb, 0x70, 0xc0,
    0x22, 0x90, 0x8, 0x7c, 0x3, 0xc4, 0x8a, 0x40,
    0x18, 0xb0, 0x3, 0x69, 0x2, 0x40, 0x7, 0xf9,
    0xb4, 0x40, 0x21, 0x10, 0x15, 0xbf, 0x4a, 0x8,
    0x0, 0x52, 0x3a, 0x40, 0x38, 0x75, 0xb0, 0x0,
    0x2d, 0x7d, 0xfe, 0xeb, 0x71, 0x0, 0xf0,

    /* U+00F9 "ù" */
    0x0, 0xc5, 0x9b, 0xb1, 0x0, 0x7f, 0xf0, 0x89,
    0x8, 0xab, 0x0, 0xff, 0xe1, 0xc1, 0x0, 0x18,
    0x40, 0x3f, 0xf8, 0x7c, 0x1, 0x48, 0x7, 0xff,
    0xc, 0xdc, 0x0, 0xe2, 0x1, 0xff, 0xc3, 0x82,
    0x0, 0x30, 0x7, 0xff, 0x13, 0x7f, 0xce, 0x1,
    0xff, 0xe4, 0x1f, 0xfc, 0x60, 0x1f, 0x8b, 0xff,
    0x18, 0x7, 0xff, 0xfc, 0x3, 0xff, 0xfe, 0x1,
    0xff, 0xff, 0x0, 0xff, 0xee, 0x38, 0x7, 0xe7,
    0x0, 0xe1, 0x0, 0xda, 0x1, 0xfb, 0xc0, 0x3c,
    0x60, 0x13, 0x10, 0x7, 0x91, 0x40, 0x3c, 0x80,
    0x1b, 0x10, 0x3, 0x3d, 0x80, 0x7d, 0x20, 0x18,
    0x6f, 0xaf, 0x3e, 0x1, 0xc0, 0x3c, 0x32, 0x1,
    0xc2, 0x86, 0x0, 0x28, 0x0, 0xf9, 0xa4, 0x3,
    0xf1, 0xe0, 0x8, 0x7, 0xcd, 0xce, 0x62, 0x2,
    0x95, 0x82, 0x1, 0xe0,

    /* U+00FA "ú" */
    0x0, 0xff, 0x16, 0x6e, 0xb0, 0x80, 0x3f, 0xf8,
    0x56, 0x64, 0x45, 0x20, 0xf, 0xfe, 0x8, 0xb0,
    0x0, 0xa4, 0x3, 0xff, 0x85, 0x20, 0x14, 0x80,
    0x7f, 0xf0, 0xdc, 0x0, 0xc8, 0x1, 0xff, 0xc2,
    0x70, 0x1, 0x48, 0x7, 0xff, 0xd, 0xff, 0xda,
    0x1, 0xff, 0xe4, 0x1f, 0xfc, 0x60, 0x1f, 0x8b,
    0xff, 0x18, 0x7, 0xff, 0xfc, 0x3, 0xff, 0xfe,
    0x1, 0xff, 0xff, 0x0, 0xff, 0xee, 0x38, 0x7,
    0xe7, 0x0, 0xe1, 0x0, 0xda, 0x1, 0xfb, 0xc0,
    0x3c, 0x60, 0x13, 0x10, 0x7, 0x91, 0x40, 0x3c,
    0x80, 0x1b, 0x10, 0x3, 0x3d, 0x80, 0x7d, 0x20,
    0x18, 0x6f, 0xaf, 0x3e, 0x1, 0xc0, 0x3c, 0x32,
    0x1, 0xc2, 0x86, 0x0, 0x28, 0x0, 0xf9, 0xa4,
    0x3, 0xf1, 0xe0, 0x8, 0x7, 0xcd, 0xce, 0x62,
    0x2, 0x95, 0x82, 0x1, 0xe0,

    /* U+00FB "û" */
    0x0, 0xfc, 0xf1, 0x7, 0x10, 0xf, 0xfe, 0x15,
    0xc3, 0xba, 0x34, 0x3, 0xff, 0x83, 0x68, 0x0,
    0x10, 0x3a, 0x0, 0xff, 0xa9, 0x0, 0x15, 0x40,
    0x2, 0xc8, 0x7, 0xf4, 0x28, 0x2, 0x15, 0x24,
    0x0, 0xce, 0x1, 0xf3, 0xb8, 0x0, 0xae, 0x0,
    0x66, 0x0, 0x21, 0x80, 0x3c, 0xff, 0xf5, 0x0,
    0x69, 0xff, 0x98, 0x3, 0xff, 0xbe, 0x3f, 0xf8,
    0xc0, 0x3f, 0x17, 0xfe, 0x30, 0xf, 0xff, 0xf8,
    0x7, 0xff, 0xfc, 0x3, 0xff, 0xfe, 0x1, 0xff,
    0xdc, 0x70, 0xf, 0xce, 0x1, 0xc2, 0x1, 0xb4,
    0x3, 0xf7, 0x80, 0x78, 0xc0, 0x26, 0x20, 0xf,
    0x22, 0x80, 0x79, 0x0, 0x36, 0x20, 0x6, 0x7b,
    0x0, 0xfa, 0x40, 0x30, 0xdf, 0x5e, 0x7c, 0x3,
    0x80, 0x78, 0x64, 0x3, 0x85, 0xc, 0x0, 0x50,
    0x1, 0xf3, 0x48, 0x7, 0xe3, 0xc0, 0x10, 0xf,
    0x9b, 0x9c, 0xc4, 0x5, 0x2b, 0x4, 0x3, 0xc0,

    /* U+00FC "ü" */
    0x0, 0xd3, 0xda, 0xa0, 0x19, 0x37, 0xa4, 0x3,
    0xe6, 0x60, 0x95, 0x10, 0x0, 0x6c, 0x85, 0x9c,
    0x3, 0xde, 0x1, 0x98, 0x0, 0xa0, 0x1b, 0x40,
    0x3d, 0xe0, 0x19, 0x40, 0xa, 0x1, 0xb4, 0x3,
    0xcc, 0xe2, 0x56, 0x20, 0x1, 0xb3, 0x17, 0x70,
    0x7, 0xd1, 0xda, 0x80, 0x19, 0x33, 0xa0, 0x3,
    0xff, 0xc0, 0x3f, 0xf8, 0xc0, 0x3f, 0x17, 0xfe,
    0x30, 0xf, 0xff, 0xf8, 0x7, 0xff, 0xfc, 0x3,
    0xff, 0xfe, 0x1, 0xff, 0xdc, 0x70, 0xf, 0xce,
    0x1, 0xc2, 0x1, 0xb4, 0x3, 0xf7, 0x80, 0x78,
    0xc0, 0x26, 0x20, 0xf, 0x22, 0x80, 0x79, 0x0,
    0x36, 0x20, 0x6, 0x7b, 0x0, 0xfa, 0x40, 0x30,
    0xdf, 0x5e, 0x7c, 0x3, 0x80, 0x78, 0x64, 0x3,
    0x85, 0xc, 0x0, 0x50, 0x1, 0xf3, 0x48, 0x7,
    0xe3, 0xc0, 0x10, 0xf, 0x9b, 0x9c, 0xc4, 0x5,
    0x2b, 0x4, 0x3, 0xc0,

    /* U+00FD "ý" */
    0x0, 0xff, 0xe0, 0x46, 0xed, 0x0, 0x1f, 0xfc,
    0x51, 0x72, 0x2a, 0x40, 0x3f, 0xf8, 0xb0, 0x1,
    0x48, 0x80, 0x7f, 0xf1, 0x5, 0x80, 0x8, 0xc0,
    0x1f, 0xfc, 0x59, 0x0, 0xa8, 0x3, 0xff, 0x8c,
    0xc0, 0x9, 0x10, 0xf, 0xfe, 0x37, 0x7f, 0x98,
    0x3, 0xff, 0xd9, 0xdf, 0xf5, 0x80, 0x7f, 0xd5,
    0xff, 0x70, 0x1, 0x80, 0x24, 0x10, 0xf, 0xe1,
    0x50, 0x9, 0x80, 0x14, 0x1, 0x9c, 0x3, 0xf9,
    0xc0, 0x35, 0x0, 0x8, 0xc0, 0x2a, 0x0, 0xfe,
    0xd0, 0x8, 0xc8, 0x2, 0xa0, 0x8, 0xc4, 0x3,
    0xe1, 0x40, 0xa, 0x80, 0x33, 0x0, 0x66, 0x0,
    0xf9, 0x80, 0x33, 0x0, 0x73, 0x0, 0x54, 0x1,
    0xf5, 0x0, 0x4c, 0x1, 0xea, 0x0, 0x88, 0x80,
    0x1c, 0x44, 0x0, 0xa8, 0x3, 0xc6, 0x40, 0x15,
    0x0, 0x75, 0x0, 0x44, 0x60, 0x1f, 0x50, 0x4,
    0xa0, 0x1c, 0xc0, 0x15, 0x0, 0x7e, 0x60, 0x8,
    0x8c, 0x2, 0x31, 0x0, 0x98, 0x3, 0xf0, 0xa0,
    0x5, 0x40, 0x15, 0x0, 0x48, 0x20, 0x1f, 0xdc,
    0x1, 0x38, 0x4, 0xe0, 0x17, 0x0, 0x7f, 0x94,
    0x40, 0x2, 0x60, 0x82, 0x0, 0x15, 0x0, 0xff,
    0x9c, 0x2, 0xb0, 0xd0, 0x9, 0x80, 0x3f, 0xf8,
    0x14, 0x1, 0x20, 0x38, 0x5, 0x40, 0x1f, 0xfc,
    0x3, 0x20, 0x1, 0x98, 0x40, 0x6, 0x40, 0x1f,
    0xfc, 0x1a, 0x0, 0xbc, 0x2, 0xa0, 0xf, 0xfe,
    0x13, 0x0, 0x46, 0x1, 0x30, 0x7, 0xff, 0x8,
    0x54, 0x3, 0x94, 0x3, 0xff, 0x89, 0xc0, 0x1d,
    0x20, 0x1f, 0xfc, 0x44, 0x10, 0x8, 0x8c, 0x3,
    0xff, 0x8a, 0x20, 0x15, 0x0, 0x7f, 0xf1, 0x50,
    0x3, 0x30, 0x7, 0xff, 0x17, 0xc0, 0x24, 0x10,
    0xf, 0xfe, 0x22, 0xa0, 0x5, 0xe0, 0x1f, 0xfc,
    0x17, 0xca, 0xda, 0x0, 0x8d, 0x0, 0x3f, 0xf8,
    0x36, 0x6a, 0x40, 0x10, 0xf0, 0x7, 0xff, 0x4,
    0x4c, 0x3, 0x87, 0x48, 0x3, 0xff, 0x82, 0x46,
    0x20, 0x3, 0x8e, 0x30, 0xf, 0xfe, 0x0,

    /* U+00FE "þ" */
    0x1f, 0xfc, 0x60, 0x1f, 0xff, 0xf0, 0xf, 0xff,
    0xf2, 0xdf, 0x7f, 0xb6, 0x48, 0x3, 0xff, 0x81,
    0x74, 0x82, 0x0, 0x26, 0xd9, 0x0, 0xff, 0x52,
    0x0, 0x7e, 0x6c, 0x10, 0xf, 0xa9, 0x40, 0x6,
    0xa8, 0x20, 0x18, 0xe8, 0x3, 0xe6, 0x4, 0xec,
    0xab, 0xe9, 0x0, 0xc8, 0xa0, 0x1f, 0x25, 0x88,
    0x6, 0x6c, 0x0, 0xd0, 0x1, 0xf5, 0x0, 0x7c,
    0x6c, 0x1, 0x11, 0x80, 0x72, 0x88, 0x7, 0xe8,
    0x0, 0xc8, 0x1, 0xde, 0x1, 0xfc, 0x24, 0x1,
    0x68, 0x7, 0x30, 0x7, 0xf9, 0xc0, 0x26, 0x0,
    0xe1, 0x0, 0xff, 0x18, 0x4, 0x20, 0x1f, 0xfc,
    0xe1, 0x0, 0xff, 0x18, 0x4, 0x20, 0x1c, 0xa0,
    0x1f, 0xe7, 0x0, 0x98, 0x3, 0xb0, 0x3, 0xf8,
    0x88, 0x1, 0x68, 0x7, 0x29, 0x0, 0x7e, 0xb0,
    0xc, 0x80, 0x1e, 0x90, 0xf, 0x91, 0x80, 0x22,
    0x30, 0xf, 0x25, 0x88, 0x6, 0x6b, 0x0, 0xd0,
    0x1, 0xe6, 0x4, 0xec, 0xab, 0xe9, 0x0, 0xc8,
    0xa0, 0x1e, 0xa5, 0x0, 0x1a, 0xa0, 0x80, 0x63,
    0xa0, 0xf, 0xd4, 0xa0, 0x1f, 0x97, 0x4, 0x3,
    0xfa, 0xa8, 0x82, 0x0, 0x26, 0xca, 0x0, 0xff,
    0xe0, 0x2d, 0xf7, 0xfb, 0x64, 0xc0, 0x3f, 0xff,
    0xe0, 0x1f, 0xff, 0xf0, 0x0,

    /* U+00FF "ÿ" */
    0x0, 0xe3, 0xcf, 0xa0, 0xe, 0xaf, 0xd3, 0x0,
    0xff, 0x69, 0x82, 0xc8, 0x5, 0xa, 0x5, 0xa0,
    0x1f, 0xc2, 0x20, 0x9, 0x40, 0x24, 0x0, 0x84,
    0x80, 0x3f, 0x8, 0x80, 0x24, 0x0, 0x90, 0x2,
    0x12, 0x0, 0xfe, 0xc3, 0x16, 0x80, 0xa, 0x18,
    0x4f, 0x40, 0x3f, 0xc5, 0x9d, 0x20, 0x1d, 0x3d,
    0x86, 0x1, 0xff, 0xe8, 0xef, 0xfa, 0xc0, 0x3f,
    0xea, 0xff, 0xb8, 0x0, 0xc0, 0x12, 0x8, 0x7,
    0xf0, 0xa8, 0x4, 0xc0, 0xa, 0x0, 0xce, 0x1,
    0xfc, 0xe0, 0x1a, 0x80, 0x4, 0x60, 0x15, 0x0,
    0x7f, 0x68, 0x4, 0x64, 0x1, 0x50, 0x4, 0x62,
    0x1, 0xf0, 0xa0, 0x5, 0x40, 0x19, 0x80, 0x33,
    0x0, 0x7c, 0xc0, 0x19, 0x80, 0x39, 0x80, 0x2a,
    0x0, 0xfa, 0x80, 0x26, 0x0, 0xf5, 0x0, 0x44,
    0x40, 0xe, 0x22, 0x0, 0x54, 0x1, 0xe3, 0x20,
    0xa, 0x80, 0x3a, 0x80, 0x22, 0x30, 0xf, 0xa8,
    0x2, 0x50, 0xe, 0x60, 0xa, 0x80, 0x3f, 0x30,
    0x4, 0x46, 0x1, 0x18, 0x80, 0x4c, 0x1, 0xf8,
    0x50, 0x2, 0xa0, 0xa, 0x80, 0x24, 0x10, 0xf,
    0xee, 0x0, 0x9c, 0x2, 0x70, 0xb, 0x80, 0x3f,
    0xca, 0x20, 0x1, 0x30, 0x41, 0x0, 0xa, 0x80,
    0x7f, 0xce, 0x1, 0x58, 0x68, 0x4, 0xc0, 0x1f,
    0xfc, 0xa, 0x0, 0x90, 0x1c, 0x2, 0xa0, 0xf,
    0xfe, 0x1, 0x90, 0x0, 0xcc, 0x20, 0x3, 0x20,
    0xf, 0xfe, 0xd, 0x0, 0x5e, 0x1, 0x50, 0x7,
    0xff, 0x9, 0x80, 0x23, 0x0, 0x98, 0x3, 0xff,
    0x84, 0x2a, 0x1, 0xca, 0x1, 0xff, 0xc4, 0xe0,
    0xe, 0x90, 0xf, 0xfe, 0x22, 0x8, 0x4, 0x46,
    0x1, 0xff, 0xc5, 0x10, 0xa, 0x80, 0x3f, 0xf8,
    0xa8, 0x1, 0x98, 0x3, 0xff, 0x8b, 0xe0, 0x12,
    0x8, 0x7, 0xff, 0x11, 0x50, 0x2, 0xf0, 0xf,
    0xfe, 0xb, 0xe5, 0x6d, 0x0, 0x46, 0x80, 0x1f,
    0xfc, 0x1b, 0x35, 0x20, 0x8, 0x78, 0x3, 0xff,
    0x82, 0x26, 0x1, 0xc3, 0xa4, 0x1, 0xff, 0xc1,
    0x23, 0x10, 0x1, 0xc7, 0x18, 0x7, 0xff, 0x0,

    /* U+0100 "Ā" */
    0x0, 0xfc, 0x23, 0xfe, 0x0, 0xff, 0xe2, 0x2f,
    0x77, 0xfa, 0x80, 0x3f, 0xff, 0x2b, 0xff, 0xfe,
    0xa0, 0xf, 0xff, 0xf8, 0x7, 0xff, 0x33, 0x7f,
    0xf8, 0x3, 0xff, 0x90, 0x64, 0x1, 0xca, 0x1,
    0xff, 0xc7, 0xb0, 0xf, 0x70, 0x7, 0xff, 0x1d,
    0x80, 0x3c, 0x82, 0x1, 0xff, 0xc5, 0x41, 0x0,
    0x1a, 0x80, 0x4c, 0x1, 0xff, 0xc5, 0xd0, 0x9,
    0x30, 0x2, 0xb0, 0xf, 0xfe, 0x2b, 0x0, 0x58,
    0xe0, 0x11, 0x90, 0x7, 0xff, 0xd, 0x40, 0x32,
    0x9, 0x0, 0x54, 0x1, 0xff, 0xc3, 0xe0, 0x9,
    0x0, 0xa, 0x1, 0x30, 0x7, 0xff, 0x8, 0x50,
    0x2, 0xd0, 0x5, 0x80, 0x42, 0x80, 0x1f, 0xfc,
    0x17, 0x0, 0xce, 0x0, 0x31, 0x0, 0xb8, 0x3,
    0xff, 0x83, 0x40, 0x11, 0x8, 0x4, 0x80, 0x12,
    0x80, 0x7f, 0xf0, 0x4, 0xc0, 0x25, 0x0, 0xde,
    0x1, 0x94, 0x3, 0xfe, 0x60, 0xd, 0x40, 0x19,
    0x40, 0x37, 0x0, 0x7f, 0xd4, 0x1, 0x11, 0x0,
    0x39, 0x40, 0x24, 0x10, 0xf, 0xe2, 0x20, 0x4,
    0xa0, 0x1e, 0xe0, 0xc, 0xc0, 0x1f, 0xd4, 0x1,
    0xa8, 0x3, 0xc8, 0x20, 0x15, 0x80, 0x7f, 0x30,
    0x4, 0x44, 0x0, 0xf9, 0xc0, 0x23, 0x20, 0xf,
    0x90, 0x40, 0x22, 0xff, 0xfc, 0xc0, 0x1a, 0x80,
    0x3e, 0xd0, 0xf, 0xfe, 0x33, 0x0, 0x7c, 0xc0,
    0x1f, 0xfc, 0x61, 0x40, 0xe, 0x50, 0xc, 0x68,
    0x9f, 0xf0, 0x6, 0xe0, 0xe, 0xf0, 0xd, 0xd7,
    0x7f, 0xf1, 0x0, 0x4a, 0x1, 0x85, 0x40, 0x23,
    0x20, 0xf, 0xfa, 0x80, 0x32, 0x80, 0x4e, 0x1,
    0xa8, 0x3, 0xff, 0x80, 0xc0, 0x1b, 0x80, 0x2a,
    0x0, 0xce, 0x1, 0xff, 0xc0, 0x14, 0x0, 0x90,
    0x40, 0x4c, 0x2, 0x41, 0x0, 0xff, 0xe0, 0xe8,
    0x6, 0x60, 0x60, 0xd, 0xc0, 0x1f, 0xfc, 0x26,
    0x0, 0xd6, 0x14, 0x1, 0x94, 0x3, 0xff, 0x86,
    0xa0, 0x11, 0x90,

    /* U+0101 "ā" */
    0x0, 0xcd, 0xff, 0xfe, 0x90, 0xf, 0xff, 0xb,
    0x77, 0x7f, 0xa4, 0x3, 0xf0, 0x8f, 0xf8, 0x3,
    0xff, 0xc6, 0x2d, 0x5b, 0xfe, 0xec, 0x83, 0x0,
    0xfd, 0x1d, 0x2a, 0x40, 0x1, 0x37, 0xcb, 0x20,
    0xe, 0xc7, 0x0, 0xff, 0x26, 0x10, 0x5, 0x66,
    0x1, 0x91, 0x9d, 0x44, 0x2, 0x1e, 0x0, 0x2a,
    0x0, 0x47, 0xb7, 0x31, 0x5c, 0xc0, 0x11, 0xa0,
    0xa, 0x88, 0x16, 0x10, 0x7, 0x49, 0x0, 0x5a,
    0x9, 0x5d, 0xbe, 0x1, 0xf9, 0x40, 0x22, 0x0,
    0xc4, 0x40, 0xf, 0xfe, 0x3, 0x80, 0x7f, 0xc2,
    0x6e, 0xc0, 0x10, 0x80, 0x71, 0x2c, 0x5e, 0xff,
    0x64, 0x8, 0x7, 0xcb, 0x9b, 0x4e, 0x84, 0x1,
    0xff, 0x55, 0xc, 0x3, 0xe3, 0x66, 0x0, 0x74,
    0x28, 0x6, 0x59, 0xce, 0xfc, 0x9e, 0x0, 0xc2,
    0xe0, 0x12, 0x75, 0x31, 0x88, 0x7, 0xe5, 0x0,
    0xd4, 0x20, 0x1f, 0x78, 0x6, 0x10, 0x8, 0x84,
    0x3, 0xf2, 0x80, 0x61, 0x0, 0x88, 0x3, 0xf3,
    0x10, 0x6, 0x50, 0xd, 0x40, 0x1e, 0x79, 0x0,
    0xe1, 0x50, 0x9, 0x7e, 0x5d, 0xd3, 0xd0, 0x4,
    0x1, 0xd6, 0x20, 0x19, 0xa2, 0xc, 0x20, 0x70,
    0x1, 0xc3, 0x86, 0x1, 0xf9, 0x70, 0x3, 0xe2,
    0xca, 0x52, 0x0, 0xa, 0xd5, 0x0, 0x3c,

    /* U+0102 "Ă" */
    0x0, 0xf9, 0xa1, 0xc0, 0x3c, 0xb1, 0x1, 0x0,
    0xff, 0xe1, 0x6b, 0xc1, 0x80, 0x75, 0xbb, 0x84,
    0x3, 0xff, 0x85, 0x80, 0xe, 0x20, 0xa, 0x84,
    0x10, 0x3, 0xff, 0x86, 0xe4, 0x5, 0xba, 0xcf,
    0x50, 0x4, 0x0, 0x7f, 0xf1, 0x3c, 0x80, 0x4,
    0x60, 0x15, 0x98, 0x7, 0xff, 0x10, 0xb6, 0x4c,
    0x40, 0x9f, 0x90, 0x3, 0xff, 0x8e, 0xd9, 0xdf,
    0xb0, 0x20, 0x1f, 0xff, 0xed, 0xff, 0xe0, 0xf,
    0xfe, 0x41, 0x90, 0x7, 0x28, 0x7, 0xff, 0x1e,
    0xc0, 0x3d, 0xc0, 0x1f, 0xfc, 0x76, 0x0, 0xf2,
    0x8, 0x7, 0xff, 0x15, 0x4, 0x0, 0x6a, 0x1,
    0x30, 0x7, 0xff, 0x17, 0x40, 0x24, 0xc0, 0xa,
    0xc0, 0x3f, 0xf8, 0xac, 0x1, 0x63, 0x80, 0x46,
    0x40, 0x1f, 0xfc, 0x35, 0x0, 0xc8, 0x24, 0x1,
    0x50, 0x7, 0xff, 0xf, 0x80, 0x24, 0x0, 0x28,
    0x4, 0xc0, 0x1f, 0xfc, 0x21, 0x40, 0xb, 0x40,
    0x16, 0x1, 0xa, 0x0, 0x7f, 0xf0, 0x5c, 0x3,
    0x38, 0x0, 0xc4, 0x2, 0xe0, 0xf, 0xfe, 0xd,
    0x0, 0x44, 0x20, 0x12, 0x0, 0x4a, 0x1, 0xff,
    0xc0, 0x13, 0x0, 0x94, 0x3, 0x78, 0x6, 0x50,
    0xf, 0xf9, 0x80, 0x35, 0x0, 0x65, 0x0, 0xdc,
    0x1, 0xff, 0x50, 0x4, 0x44, 0x0, 0xe5, 0x0,
    0x90, 0x40, 0x3f, 0x88, 0x80, 0x12, 0x80, 0x7b,
    0x80, 0x33, 0x0, 0x7f, 0x50, 0x6, 0xa0, 0xf,
    0x20, 0x80, 0x56, 0x1, 0xfc, 0xc0, 0x11, 0x10,
    0x3, 0xe7, 0x0, 0x8c, 0x80, 0x3e, 0x41, 0x0,
    0x8b, 0xff, 0xf3, 0x0, 0x6a, 0x0, 0xfb, 0x40,
    0x3f, 0xf8, 0xcc, 0x1, 0xf3, 0x0, 0x7f, 0xf1,
    0x85, 0x0, 0x39, 0x40, 0x31, 0xa2, 0x7f, 0xc0,
    0x1b, 0x80, 0x3b, 0xc0, 0x37, 0x5d, 0xff, 0xc4,
    0x1, 0x28, 0x6, 0x15, 0x0, 0x8c, 0x80, 0x3f,
    0xea, 0x0, 0xca, 0x1, 0x38, 0x6, 0xa0, 0xf,
    0xfe, 0x3, 0x0, 0x6e, 0x0, 0xa8, 0x3, 0x38,
    0x7, 0xff, 0x0, 0x50, 0x2, 0x41, 0x1, 0x30,
    0x9, 0x4, 0x3, 0xff, 0x83, 0xa0, 0x19, 0x81,
    0x80, 0x37, 0x0, 0x7f, 0xf0, 0x98, 0x3, 0x58,
    0x50, 0x6, 0x50, 0xf, 0xfe, 0x1a, 0x80, 0x46,
    0x40,

    /* U+0103 "ă" */
    0x0, 0xc8, 0xaa, 0x0, 0xf2, 0x2a, 0x80, 0x3e,
    0x8a, 0xa1, 0x0, 0x75, 0x54, 0x1, 0xf5, 0x80,
    0x3d, 0x44, 0x13, 0x4, 0x14, 0x3, 0xe7, 0x20,
    0x2a, 0xef, 0xb3, 0x1, 0x80, 0xf, 0xd8, 0x80,
    0x1e, 0x2c, 0x20, 0xf, 0xc3, 0x78, 0xea, 0x8d,
    0x7a, 0x40, 0x1f, 0xf1, 0xc5, 0x5c, 0xa0, 0x7,
    0xff, 0x94, 0x5a, 0xb7, 0xfd, 0xd9, 0x6, 0x1,
    0xfa, 0x3a, 0x54, 0x80, 0x2, 0x6f, 0x96, 0x40,
    0x1d, 0x8e, 0x1, 0xfe, 0x4c, 0x20, 0xa, 0xcc,
    0x3, 0x23, 0x3a, 0x88, 0x4, 0x3c, 0x0, 0x54,
    0x0, 0x8f, 0x6e, 0x62, 0xb9, 0x80, 0x23, 0x40,
    0x15, 0x10, 0x2c, 0x20, 0xe, 0x92, 0x0, 0xb4,
    0x12, 0xbb, 0x7c, 0x3, 0xf2, 0x80, 0x44, 0x1,
    0x88, 0x80, 0x1f, 0xfc, 0x7, 0x0, 0xff, 0x84,
    0xdd, 0x80, 0x21, 0x0, 0xe2, 0x58, 0xbd, 0xfe,
    0xc8, 0x10, 0xf, 0x97, 0x36, 0x9d, 0x8, 0x3,
    0xfe, 0xaa, 0x18, 0x7, 0xc6, 0xcc, 0x0, 0xe8,
    0x50, 0xc, 0xb3, 0x9d, 0xf9, 0x3c, 0x1, 0x85,
    0xc0, 0x24, 0xea, 0x63, 0x10, 0xf, 0xca, 0x1,
    0xa8, 0x40, 0x3e, 0xf0, 0xc, 0x20, 0x11, 0x8,
    0x7, 0xe5, 0x0, 0xc2, 0x1, 0x10, 0x7, 0xe6,
    0x20, 0xc, 0xa0, 0x1a, 0x80, 0x3c, 0xf2, 0x1,
    0xc2, 0xa0, 0x12, 0xfc, 0xbb, 0xa7, 0xa0, 0x8,
    0x3, 0xac, 0x40, 0x33, 0x44, 0x18, 0x40, 0xe0,
    0x3, 0x87, 0xc, 0x3, 0xf2, 0xe0, 0x7, 0xc5,
    0x94, 0xa4, 0x0, 0x15, 0xaa, 0x0, 0x78,

    /* U+0104 "Ą" */
    0x0, 0xff, 0x6f, 0xff, 0x0, 0x7f, 0xf2, 0x4c,
    0x80, 0x39, 0x40, 0x3f, 0xf9, 0x16, 0x1, 0xee,
    0x0, 0xff, 0xe4, 0x30, 0x4, 0x20, 0x4, 0x10,
    0xf, 0xfe, 0x32, 0x8, 0x0, 0xd0, 0x2, 0x60,
    0xf, 0xfe, 0x36, 0x80, 0x57, 0xe0, 0x15, 0x80,
    0x7f, 0xf1, 0x98, 0x2, 0x54, 0x0, 0x8c, 0x80,
    0x3f, 0xf8, 0x8a, 0x1, 0x9, 0xa, 0x0, 0x54,
    0x1, 0xff, 0xc4, 0xe0, 0x9, 0xc0, 0x18, 0x1,
    0x30, 0x7, 0xff, 0xc, 0x50, 0x2, 0xd0, 0x2,
    0x80, 0x42, 0x80, 0x1f, 0xfc, 0x27, 0x0, 0xc8,
    0x0, 0x22, 0x0, 0x5c, 0x1, 0xff, 0xc2, 0xa0,
    0x9, 0x40, 0x35, 0x0, 0x4a, 0x1, 0xff, 0xc1,
    0x13, 0x0, 0xbc, 0x3, 0x28, 0x6, 0x50, 0xf,
    0xfe, 0x3, 0x0, 0x65, 0x0, 0xc4, 0x40, 0xb,
    0x80, 0x3f, 0xf8, 0x14, 0x1, 0x28, 0x7, 0xa8,
    0x2, 0x41, 0x0, 0xff, 0x11, 0x0, 0x2f, 0x0,
    0xf3, 0x0, 0x66, 0x0, 0xff, 0x50, 0x6, 0x50,
    0xf, 0xa, 0x0, 0x56, 0x1, 0xfe, 0x60, 0x8,
    0x6e, 0xff, 0x30, 0x4, 0x64, 0x1, 0xf9, 0x4,
    0x2, 0x14, 0x4f, 0xc4, 0x1, 0xa8, 0x3, 0xf6,
    0x80, 0x7f, 0xf1, 0x98, 0x3, 0xf3, 0x0, 0x7f,
    0xf1, 0x85, 0x0, 0x3c, 0xa0, 0x1a, 0xff, 0xff,
    0xe0, 0xd, 0xc0, 0x1e, 0xf0, 0x8, 0x50, 0x3,
    0xfe, 0x50, 0x9, 0x40, 0x38, 0x54, 0x2, 0x70,
    0xf, 0xfe, 0x7, 0x0, 0x65, 0x0, 0xce, 0x1,
    0xb4, 0x3, 0xff, 0x80, 0x80, 0x1b, 0x80, 0x35,
    0x0, 0x64, 0x0, 0xff, 0xe0, 0xa8, 0x4, 0x82,
    0x0, 0x13, 0x0, 0x94, 0x3, 0xff, 0x85, 0xc0,
    0x19, 0x80, 0xc, 0x1, 0xb8, 0x3, 0xff, 0x84,
    0x82, 0x1, 0x58, 0x2, 0x80, 0x32, 0x0, 0x7f,
    0xf0, 0xd4, 0x2, 0x32, 0xd, 0xff, 0xc0, 0x1f,
    0xfc, 0x32, 0x60, 0x9, 0xc8, 0x3, 0xff, 0x90,
    0x38, 0x40, 0xb, 0x80, 0xf, 0xfe, 0x4d, 0x88,
    0x2, 0x50, 0x3, 0xff, 0x94, 0xa0, 0x12, 0x0,
    0x7f, 0xf2, 0x84, 0x3, 0x59, 0xa2, 0x0, 0x3f,
    0xf8, 0xe2, 0x20, 0x9, 0xb2, 0xe4, 0x3, 0xff,
    0x91, 0x40, 0x1e, 0x25, 0x0, 0xff, 0xe3, 0xa6,
    0xb1, 0x0, 0xe, 0x10,

    /* U+0105 "ą" */
    0x0, 0xe1, 0x6a, 0xdf, 0xf7, 0x64, 0x18, 0x7,
    0xfa, 0x3a, 0x54, 0x80, 0x2, 0x6f, 0x96, 0x40,
    0x1f, 0x63, 0x80, 0x7f, 0x93, 0x8, 0x3, 0xac,
    0xc0, 0x32, 0x33, 0xa8, 0x80, 0x43, 0xc0, 0x19,
    0x50, 0x2, 0x3d, 0xb9, 0x8a, 0xe6, 0x0, 0x8d,
    0x0, 0x21, 0x51, 0x2, 0xc2, 0x0, 0xe9, 0x20,
    0xb, 0x40, 0x24, 0xae, 0xdf, 0x0, 0xfc, 0xa0,
    0x11, 0x0, 0x78, 0x88, 0x1, 0xff, 0xc0, 0x70,
    0xf, 0xfe, 0x8, 0x9b, 0xb0, 0x4, 0x20, 0x1f,
    0x12, 0xc5, 0xef, 0xf6, 0x40, 0x80, 0x7f, 0x2e,
    0x6d, 0x3a, 0x10, 0x7, 0xff, 0x6, 0xa8, 0x60,
    0x1f, 0x1b, 0x30, 0x3, 0xe8, 0x50, 0xc, 0xb3,
    0x9d, 0xf9, 0x3c, 0x1, 0xe1, 0x70, 0x9, 0x3a,
    0x98, 0xc4, 0x3, 0xfc, 0xa0, 0x1a, 0x84, 0x3,
    0xef, 0x0, 0xf0, 0x80, 0x44, 0x20, 0x1f, 0x94,
    0x3, 0xc2, 0x1, 0x10, 0x7, 0xe6, 0x20, 0xf,
    0x28, 0x6, 0xa0, 0xf, 0x3c, 0x80, 0x7c, 0x2a,
    0x1, 0x2f, 0xcb, 0xba, 0x7a, 0x0, 0x80, 0x3e,
    0xb1, 0x0, 0xcd, 0x10, 0x61, 0x3, 0x80, 0xf,
    0x87, 0xc, 0x3, 0xf2, 0xe0, 0x7, 0xf1, 0x65,
    0x29, 0x0, 0x5, 0x6a, 0x80, 0x40, 0x1f, 0xe5,
    0xad, 0xff, 0x75, 0x28, 0x34, 0x0, 0xb, 0x80,
    0x3f, 0xf8, 0x4d, 0x20, 0x6, 0xd3, 0x0, 0xff,
    0xe0, 0x8c, 0x80, 0xa, 0x40, 0x3f, 0xf8, 0x6e,
    0x1, 0x20, 0x7, 0xff, 0x10, 0x40, 0x27, 0x43,
    0x70, 0xf, 0xfe, 0x9, 0x80, 0x43, 0x79, 0xa,
    0x1, 0xff, 0xc0, 0x45, 0x0, 0xf4, 0x80, 0x7f,
    0xf0, 0x6a, 0x88, 0x20, 0x2b, 0x0,

    /* U+0106 "Ć" */
    0x0, 0xff, 0xe1, 0x77, 0xfc, 0xc0, 0x1f, 0xfc,
    0x86, 0x10, 0x2, 0x30, 0x7, 0xff, 0x22, 0xc0,
    0x29, 0x0, 0xff, 0xe4, 0x29, 0x0, 0x24, 0x80,
    0x3f, 0xf9, 0x12, 0x0, 0x46, 0x0, 0xff, 0xe4,
    0x18, 0x91, 0xd0, 0x7, 0xff, 0x24, 0xf7, 0x58,
    0x20, 0x1f, 0xff, 0xa2, 0x7b, 0xef, 0xfb, 0x69,
    0x40, 0x3f, 0xf8, 0x47, 0x7b, 0x8, 0x20, 0x11,
    0x2d, 0x7c, 0x8, 0x7, 0xfa, 0x31, 0x0, 0x3f,
    0xe7, 0xf4, 0x0, 0xfd, 0x4e, 0x1, 0xff, 0xc2,
    0x1b, 0x50, 0xf, 0x4a, 0x80, 0x61, 0x7b, 0xee,
    0x6d, 0xb0, 0x7, 0x51, 0x80, 0x65, 0x60, 0xc,
    0xfd, 0x8, 0x22, 0x24, 0x9e, 0x40, 0xd, 0xc0,
    0x1a, 0xc0, 0x34, 0xc0, 0x7, 0xe1, 0xb5, 0x0,
    0x89, 0x80, 0xc, 0x20, 0x13, 0xb0, 0x7, 0xfd,
    0x42, 0x1, 0x50, 0x2, 0xc0, 0x21, 0x80, 0xf,
    0xfe, 0xc, 0x80, 0x46, 0x24, 0x40, 0xa, 0x40,
    0x3f, 0xf8, 0x4a, 0xef, 0x8d, 0x0, 0x32, 0x80,
    0x7f, 0xf0, 0x8a, 0x23, 0x17, 0x80, 0x42, 0x40,
    0x1f, 0xfc, 0x82, 0x0, 0x88, 0x3, 0xff, 0x92,
    0xe0, 0x13, 0x0, 0x7f, 0xff, 0x5c, 0x2, 0x10,
    0xf, 0xfe, 0x49, 0x0, 0x4a, 0x1, 0xff, 0xc9,
    0xf0, 0x8, 0x48, 0x3, 0xff, 0x90, 0x80, 0x19,
    0x40, 0x3f, 0xf8, 0x45, 0x33, 0x88, 0xa0, 0xa,
    0x40, 0x3f, 0xf8, 0x54, 0xcd, 0x8c, 0x28, 0x2,
    0x18, 0x0, 0xff, 0xe0, 0xb0, 0x4, 0x62, 0xe,
    0x20, 0x13, 0xa8, 0x7, 0xfd, 0x42, 0x1, 0x48,
    0x5, 0x60, 0x1a, 0xa0, 0x3, 0xf0, 0xda, 0x80,
    0x46, 0xa0, 0x12, 0xb0, 0x6, 0x7e, 0x83, 0x11,
    0x12, 0x4f, 0x20, 0x4, 0x3c, 0x1, 0xd2, 0xa0,
    0x18, 0x5f, 0x3b, 0x9b, 0x6c, 0x1, 0xda, 0x40,
    0x1e, 0xa7, 0x0, 0xff, 0xe1, 0x16, 0x18, 0x7,
    0xe8, 0xc4, 0x0, 0xff, 0xa3, 0x4c, 0x3, 0xfc,
    0x77, 0xb0, 0x82, 0x1, 0x12, 0xd7, 0xb8, 0x7,
    0x80,

    /* U+0107 "ć" */
    0x0, 0xff, 0x87, 0x37, 0x58, 0x60, 0x1f, 0xfc,
    0x39, 0x32, 0x22, 0x98, 0x7, 0xff, 0x8, 0x5c,
    0x0, 0x32, 0x1, 0xff, 0xc3, 0x60, 0xa, 0x80,
    0x3f, 0xf8, 0x92, 0x0, 0x64, 0x0, 0xff, 0xe1,
    0xb8, 0x80, 0xc8, 0x7, 0xff, 0x11, 0xff, 0xdc,
    0x1, 0xff, 0xec, 0x16, 0xbe, 0xff, 0x75, 0xb8,
    0x80, 0x7f, 0x9f, 0xa5, 0x4, 0x0, 0x29, 0x1d,
    0x0, 0x1f, 0xae, 0x0, 0x3f, 0xcf, 0x82, 0x1,
    0xd6, 0x80, 0x18, 0x91, 0x4c, 0x3, 0x1e, 0x80,
    0x66, 0x40, 0x8, 0xaf, 0x6e, 0xb3, 0x50, 0x2,
    0x37, 0x0, 0xa0, 0x2, 0x2c, 0x40, 0xc, 0x56,
    0x60, 0x14, 0x80, 0x18, 0x40, 0x29, 0x10, 0xf,
    0xbc, 0x0, 0x92, 0x0, 0xd0, 0x8, 0x90, 0x3,
    0xf1, 0xef, 0xdb, 0x80, 0x14, 0x2, 0x50, 0xf,
    0xf1, 0x0, 0x70, 0x80, 0x5a, 0x1, 0xff, 0xc3,
    0x10, 0xc, 0x20, 0x1f, 0xfd, 0x81, 0x0, 0xc2,
    0x1, 0xff, 0xc4, 0x10, 0xb, 0x40, 0x3f, 0xf8,
    0x8a, 0x1, 0x28, 0x7, 0xf9, 0x48, 0x3, 0x68,
    0x4, 0x48, 0x1, 0xf8, 0xeb, 0x7a, 0x84, 0x18,
    0x40, 0x29, 0x10, 0xf, 0xbc, 0x0, 0x28, 0x20,
    0x8, 0x0, 0x8b, 0x10, 0x3, 0x15, 0x98, 0x5,
    0x20, 0x13, 0x20, 0x4, 0x57, 0xb7, 0x59, 0xa8,
    0x1, 0x1b, 0x80, 0x6b, 0x40, 0xc, 0x48, 0xa6,
    0x1, 0x8f, 0x40, 0x3d, 0x70, 0x1, 0xfe, 0x6c,
    0x10, 0xf, 0x9f, 0xa5, 0x4, 0x0, 0x29, 0x1d,
    0x20, 0x18,

    /* U+0108 "Ĉ" */
    0x0, 0xff, 0x17, 0x7f, 0xd2, 0x1, 0xff, 0xc7,
    0x1f, 0x10, 0x9, 0xa0, 0x3, 0xff, 0x8a, 0x38,
    0x40, 0x30, 0x0, 0x76, 0x0, 0xff, 0xe2, 0x69,
    0x0, 0x35, 0xd8, 0x1, 0x2a, 0x1, 0xff, 0xc2,
    0xb3, 0x0, 0x51, 0x84, 0xa0, 0x2, 0x90, 0x3,
    0xff, 0x80, 0x66, 0x77, 0x52, 0x80, 0x55, 0xe,
    0xe3, 0x0, 0xff, 0xe0, 0x1c, 0x44, 0xa0, 0x18,
    0x5e, 0x20, 0xe0, 0x1f, 0xff, 0x62, 0x7b, 0xef,
    0xfb, 0x69, 0x40, 0x3f, 0xf8, 0x47, 0x7b, 0x8,
    0x20, 0x11, 0x2d, 0x7c, 0x8, 0x7, 0xfa, 0x31,
    0x0, 0x3f, 0xe7, 0xf4, 0x0, 0xfd, 0x4e, 0x1,
    0xff, 0xc2, 0x1b, 0x50, 0xf, 0x4a, 0x80, 0x61,
    0x7b, 0xee, 0x6d, 0xb0, 0x7, 0x51, 0x80, 0x65,
    0x60, 0xc, 0xfd, 0x8, 0x22, 0x24, 0x9e, 0x40,
    0xd, 0xc0, 0x1a, 0xc0, 0x34, 0xc0, 0x7, 0xe1,
    0xb5, 0x0, 0x89, 0x80, 0xc, 0x20, 0x13, 0xb0,
    0x7, 0xfd, 0x42, 0x1, 0x50, 0x2, 0xc0, 0x21,
    0x80, 0xf, 0xfe, 0xc, 0x80, 0x46, 0x24, 0x40,
    0xa, 0x40, 0x3f, 0xf8, 0x4a, 0xef, 0x8d, 0x0,
    0x32, 0x80, 0x7f, 0xf0, 0x8a, 0x23, 0x17, 0x80,
    0x42, 0x40, 0x1f, 0xfc, 0x82, 0x0, 0x88, 0x3,
    0xff, 0x92, 0xe0, 0x13, 0x0, 0x7f, 0xff, 0x5c,
    0x2, 0x10, 0xf, 0xfe, 0x49, 0x0, 0x4a, 0x1,
    0xff, 0xc9, 0xf0, 0x8, 0x48, 0x3, 0xff, 0x90,
    0x80, 0x19, 0x40, 0x3f, 0xf8, 0x45, 0x33, 0x88,
    0xa0, 0xa, 0x40, 0x3f, 0xf8, 0x54, 0xcd, 0x8c,
    0x28, 0x2, 0x18, 0x0, 0xff, 0xe0, 0xb0, 0x4,
    0x62, 0xe, 0x20, 0x13, 0xa8, 0x7, 0xfd, 0x42,
    0x1, 0x48, 0x5, 0x60, 0x1a, 0xa0, 0x3, 0xf0,
    0xda, 0x80, 0x46, 0xa0, 0x12, 0xb0, 0x6, 0x7e,
    0x83, 0x11, 0x12, 0x4f, 0x20, 0x4, 0x3c, 0x1,
    0xd2, 0xa0, 0x18, 0x5f, 0x3b, 0x9b, 0x6c, 0x1,
    0xda, 0x40, 0x1e, 0xa7, 0x0, 0xff, 0xe1, 0x16,
    0x18, 0x7, 0xe8, 0xc4, 0x0, 0xff, 0xa3, 0x4c,
    0x3, 0xfc, 0x77, 0xb0, 0x82, 0x1, 0x12, 0xd7,
    0xb8, 0x7, 0x80,

    /* U+0109 "ĉ" */
    0x0, 0xfc, 0x9f, 0xf9, 0x80, 0x3f, 0xf8, 0x47,
    0x60, 0x1a, 0x50, 0x3, 0xff, 0x80, 0x78, 0x0,
    0x35, 0x0, 0x59, 0x80, 0x7f, 0x8b, 0x40, 0x5,
    0xb4, 0x60, 0xd, 0x20, 0xf, 0xc3, 0x82, 0x0,
    0xf1, 0xd, 0x10, 0x1c, 0x10, 0xf, 0x91, 0x9d,
    0xd8, 0x40, 0x1, 0xc7, 0x73, 0x20, 0x7, 0xcb,
    0x11, 0x18, 0x6, 0x28, 0x89, 0x40, 0x3f, 0xfc,
    0xe2, 0xd7, 0xdf, 0xee, 0xb7, 0x10, 0xf, 0xf3,
    0xf4, 0xa0, 0x80, 0x5, 0x23, 0xa0, 0x3, 0xf5,
    0xc0, 0x7, 0xf9, 0xf0, 0x40, 0x3a, 0xd0, 0x3,
    0x12, 0x29, 0x80, 0x63, 0xd0, 0xc, 0xc8, 0x1,
    0x15, 0xed, 0xd6, 0x6a, 0x0, 0x46, 0xe0, 0x14,
    0x0, 0x45, 0x88, 0x1, 0x8a, 0xcc, 0x2, 0x90,
    0x3, 0x8, 0x5, 0x22, 0x1, 0xf7, 0x80, 0x12,
    0x40, 0x1a, 0x1, 0x12, 0x0, 0x7e, 0x3d, 0xfb,
    0x70, 0x2, 0x80, 0x4a, 0x1, 0xfe, 0x20, 0xe,
    0x10, 0xb, 0x40, 0x3f, 0xf8, 0x62, 0x1, 0x84,
    0x3, 0xff, 0xb0, 0x20, 0x18, 0x40, 0x3f, 0xf8,
    0x82, 0x1, 0x68, 0x7, 0xff, 0x11, 0x40, 0x25,
    0x0, 0xff, 0x29, 0x0, 0x6d, 0x0, 0x89, 0x0,
    0x3f, 0x1d, 0x6f, 0x50, 0x83, 0x8, 0x5, 0x22,
    0x1, 0xf7, 0x80, 0x5, 0x4, 0x1, 0x0, 0x11,
    0x62, 0x0, 0x62, 0xb3, 0x0, 0xa4, 0x2, 0x64,
    0x0, 0x8a, 0xf6, 0xeb, 0x35, 0x0, 0x23, 0x70,
    0xd, 0x68, 0x1, 0x89, 0x14, 0xc0, 0x31, 0xe8,
    0x7, 0xae, 0x0, 0x3f, 0xcd, 0x82, 0x1, 0xf3,
    0xf4, 0xa0, 0x80, 0x5, 0x23, 0xa4, 0x3, 0x0,

    /* U+010A "Ċ" */
    0x0, 0xff, 0x93, 0x7e, 0x84, 0x3, 0xff, 0x90,
    0x36, 0x40, 0xb4, 0x1, 0xff, 0xc8, 0x40, 0xc,
    0x80, 0x1f, 0xfc, 0x87, 0x0, 0xc6, 0x1, 0xff,
    0xc8, 0x2a, 0x10, 0x3e, 0x0, 0xff, 0xe4, 0xaf,
    0x7e, 0x10, 0x7, 0xff, 0xfc, 0x3, 0xff, 0x92,
    0x4f, 0x7d, 0xff, 0x6d, 0x28, 0x7, 0xff, 0x8,
    0xef, 0x61, 0x4, 0x2, 0x25, 0xaf, 0x81, 0x0,
    0xff, 0x46, 0x20, 0x7, 0xfc, 0xfe, 0x80, 0x1f,
    0xa9, 0xc0, 0x3f, 0xf8, 0x43, 0x6a, 0x1, 0xe9,
    0x50, 0xc, 0x2f, 0x7d, 0xcd, 0xb6, 0x0, 0xea,
    0x30, 0xc, 0xac, 0x1, 0x9f, 0xa1, 0x4, 0x44,
    0x93, 0xc8, 0x1, 0xb8, 0x3, 0x58, 0x6, 0x98,
    0x0, 0xfc, 0x36, 0xa0, 0x11, 0x30, 0x1, 0x84,
    0x2, 0x76, 0x0, 0xff, 0xa8, 0x40, 0x2a, 0x0,
    0x58, 0x4, 0x30, 0x1, 0xff, 0xc1, 0x90, 0x8,
    0xc4, 0x88, 0x1, 0x48, 0x7, 0xff, 0x9, 0x5d,
    0xf1, 0xa0, 0x6, 0x50, 0xf, 0xfe, 0x11, 0x44,
    0x62, 0xf0, 0x8, 0x48, 0x3, 0xff, 0x90, 0x40,
    0x11, 0x0, 0x7f, 0xf2, 0x5c, 0x2, 0x60, 0xf,
    0xff, 0xeb, 0x80, 0x42, 0x1, 0xff, 0xc9, 0x20,
    0x9, 0x40, 0x3f, 0xf9, 0x3e, 0x1, 0x9, 0x0,
    0x7f, 0xf2, 0x10, 0x3, 0x28, 0x7, 0xff, 0x8,
    0xa6, 0x71, 0x14, 0x1, 0x48, 0x7, 0xff, 0xa,
    0x99, 0xb1, 0x85, 0x0, 0x43, 0x0, 0x1f, 0xfc,
    0x16, 0x0, 0x8c, 0x41, 0xc4, 0x2, 0x75, 0x0,
    0xff, 0xa8, 0x40, 0x29, 0x0, 0xac, 0x3, 0x54,
    0x0, 0x7e, 0x1b, 0x50, 0x8, 0xd4, 0x2, 0x56,
    0x0, 0xcf, 0xd0, 0x62, 0x22, 0x49, 0xe4, 0x0,
    0x87, 0x80, 0x3a, 0x54, 0x3, 0xb, 0xe7, 0x73,
    0x6d, 0x80, 0x3b, 0x48, 0x3, 0xd4, 0xe0, 0x1f,
    0xfc, 0x22, 0xc3, 0x0, 0xfd, 0x18, 0x80, 0x1f,
    0xf4, 0x69, 0x80, 0x7f, 0x8e, 0xf6, 0x10, 0x40,
    0x22, 0x5a, 0xf7, 0x0, 0xf0,

    /* U+010B "ċ" */
    0x0, 0xfe, 0x7e, 0xe4, 0x0, 0x7f, 0xf1, 0x16,
    0x4, 0x4e, 0xe0, 0xf, 0xfe, 0x1e, 0x0, 0x6c,
    0x0, 0xff, 0xe1, 0xf8, 0x6, 0x30, 0xf, 0xfe,
    0x1b, 0x38, 0x1, 0x60, 0x3, 0xff, 0x89, 0x1f,
    0xea, 0x0, 0xff, 0xff, 0x80, 0x5, 0xaf, 0xbf,
    0xdd, 0x6e, 0x20, 0x1f, 0xe7, 0xe9, 0x41, 0x0,
    0xa, 0x47, 0x40, 0x7, 0xeb, 0x80, 0xf, 0xf3,
    0xe0, 0x80, 0x75, 0xa0, 0x6, 0x24, 0x53, 0x0,
    0xc7, 0xa0, 0x19, 0x90, 0x2, 0x2b, 0xdb, 0xac,
    0xd4, 0x0, 0x8d, 0xc0, 0x28, 0x0, 0x8b, 0x10,
    0x3, 0x15, 0x98, 0x5, 0x20, 0x6, 0x10, 0xa,
    0x44, 0x3, 0xef, 0x0, 0x24, 0x80, 0x34, 0x2,
    0x24, 0x0, 0xfc, 0x7b, 0xf6, 0xe0, 0x5, 0x0,
    0x94, 0x3, 0xfc, 0x40, 0x1c, 0x20, 0x16, 0x80,
    0x7f, 0xf0, 0xc4, 0x3, 0x8, 0x7, 0xff, 0x60,
    0x40, 0x30, 0x80, 0x7f, 0xf1, 0x4, 0x2, 0xd0,
    0xf, 0xfe, 0x22, 0x80, 0x4a, 0x1, 0xfe, 0x52,
    0x0, 0xda, 0x1, 0x12, 0x0, 0x7e, 0x3a, 0xde,
    0xa1, 0x6, 0x10, 0xa, 0x44, 0x3, 0xef, 0x0,
    0xa, 0x8, 0x2, 0x0, 0x22, 0xc4, 0x0, 0xc5,
    0x66, 0x1, 0x48, 0x4, 0xc8, 0x1, 0x15, 0xed,
    0xd6, 0x6a, 0x0, 0x46, 0xe0, 0x1a, 0xd0, 0x3,
    0x12, 0x29, 0x80, 0x63, 0xd0, 0xf, 0x5c, 0x0,
    0x7f, 0x9b, 0x4, 0x3, 0xe7, 0xe9, 0x41, 0x0,
    0xa, 0x47, 0x48, 0x6,

    /* U+010C "Č" */
    0x0, 0xf1, 0x77, 0xfb, 0x44, 0x2, 0x5f, 0xfb,
    0x0, 0x3f, 0xf8, 0x5, 0xa0, 0x2, 0xa0, 0x1,
    0xd0, 0x0, 0xb4, 0x3, 0xff, 0x82, 0x76, 0x0,
    0x49, 0x1d, 0x0, 0x16, 0x8, 0x7, 0xff, 0x9,
    0x28, 0x0, 0xde, 0x20, 0x3e, 0x20, 0x1f, 0xfc,
    0x45, 0x80, 0x0, 0x80, 0xe1, 0x0, 0x7f, 0xf1,
    0x9e, 0x5d, 0xed, 0x20, 0xf, 0xfe, 0x43, 0x44,
    0x46, 0x1, 0xff, 0xfa, 0x27, 0xbe, 0xff, 0xb6,
    0x94, 0x3, 0xff, 0x84, 0x77, 0xb0, 0x82, 0x1,
    0x12, 0xd7, 0xc0, 0x80, 0x7f, 0xa3, 0x10, 0x3,
    0xfe, 0x7f, 0x40, 0xf, 0xd4, 0xe0, 0x1f, 0xfc,
    0x21, 0xb5, 0x0, 0xf4, 0xa8, 0x6, 0x17, 0xbe,
    0xe6, 0xdb, 0x0, 0x75, 0x18, 0x6, 0x56, 0x0,
    0xcf, 0xd0, 0x82, 0x22, 0x49, 0xe4, 0x0, 0xdc,
    0x1, 0xac, 0x3, 0x4c, 0x0, 0x7e, 0x1b, 0x50,
    0x8, 0x98, 0x0, 0xc2, 0x1, 0x3b, 0x0, 0x7f,
    0xd4, 0x20, 0x15, 0x0, 0x2c, 0x2, 0x18, 0x0,
    0xff, 0xe0, 0xc8, 0x4, 0x62, 0x44, 0x0, 0xa4,
    0x3, 0xff, 0x84, 0xae, 0xf8, 0xd0, 0x3, 0x28,
    0x7, 0xff, 0x8, 0xa2, 0x31, 0x78, 0x4, 0x24,
    0x1, 0xff, 0xc8, 0x20, 0x8, 0x80, 0x3f, 0xf9,
    0x2e, 0x1, 0x30, 0x7, 0xff, 0xf5, 0xc0, 0x21,
    0x0, 0xff, 0xe4, 0x90, 0x4, 0xa0, 0x1f, 0xfc,
    0x9f, 0x0, 0x84, 0x80, 0x3f, 0xf9, 0x8, 0x1,
    0x94, 0x3, 0xff, 0x84, 0x53, 0x38, 0x8a, 0x0,
    0xa4, 0x3, 0xff, 0x85, 0x4c, 0xd8, 0xc2, 0x80,
    0x21, 0x80, 0xf, 0xfe, 0xb, 0x0, 0x46, 0x20,
    0xe2, 0x1, 0x3a, 0x80, 0x7f, 0xd4, 0x20, 0x14,
    0x80, 0x56, 0x1, 0xaa, 0x0, 0x3f, 0xd, 0xa8,
    0x4, 0x6a, 0x1, 0x2b, 0x0, 0x67, 0xe8, 0x31,
    0x11, 0x24, 0xf2, 0x0, 0x43, 0xc0, 0x1d, 0x2a,
    0x1, 0x85, 0xf3, 0xb9, 0xb6, 0xc0, 0x1d, 0xa4,
    0x1, 0xea, 0x70, 0xf, 0xfe, 0x11, 0x61, 0x80,
    0x7e, 0x8c, 0x40, 0xf, 0xfa, 0x34, 0xc0, 0x3f,
    0xc7, 0x7b, 0x8, 0x20, 0x11, 0x2d, 0x7b, 0x80,
    0x78,

    /* U+010D "č" */
    0x0, 0xcb, 0xff, 0x50, 0x6, 0x9f, 0xfa, 0x0,
    0x3e, 0x59, 0x0, 0x2c, 0x0, 0x19, 0x80, 0x5,
    0x80, 0xf, 0xcc, 0xe0, 0x7, 0x53, 0x90, 0x2,
    0x50, 0x7, 0xfa, 0x18, 0x1, 0x5a, 0x0, 0x4b,
    0x0, 0xff, 0xe0, 0x4a, 0x80, 0x4, 0xe, 0xc0,
    0x3f, 0xf8, 0x55, 0xe, 0xe8, 0xd0, 0xf, 0xfe,
    0x23, 0xc4, 0x1c, 0x40, 0x3f, 0xfd, 0x62, 0xd7,
    0xdf, 0xee, 0xb7, 0x10, 0xf, 0xf3, 0xf4, 0xa0,
    0x80, 0x5, 0x23, 0xa0, 0x3, 0xf5, 0xc0, 0x7,
    0xf9, 0xf0, 0x40, 0x3a, 0xd0, 0x3, 0x12, 0x29,
    0x80, 0x63, 0xd0, 0xc, 0xc8, 0x1, 0x15, 0xed,
    0xd6, 0x6a, 0x0, 0x46, 0xe0, 0x14, 0x0, 0x45,
    0x88, 0x1, 0x8a, 0xcc, 0x2, 0x90, 0x3, 0x8,
    0x5, 0x22, 0x1, 0xf7, 0x80, 0x12, 0x40, 0x1a,
    0x1, 0x12, 0x0, 0x7e, 0x3d, 0xfb, 0x70, 0x2,
    0x80, 0x4a, 0x1, 0xfe, 0x20, 0xe, 0x10, 0xb,
    0x40, 0x3f, 0xf8, 0x62, 0x1, 0x84, 0x3, 0xff,
    0xb0, 0x20, 0x18, 0x40, 0x3f, 0xf8, 0x82, 0x1,
    0x68, 0x7, 0xff, 0x11, 0x40, 0x25, 0x0, 0xff,
    0x29, 0x0, 0x6d, 0x0, 0x89, 0x0, 0x3f, 0x1d,
    0x6f, 0x50, 0x83, 0x8, 0x5, 0x22, 0x1, 0xf7,
    0x80, 0x5, 0x4, 0x1, 0x0, 0x11, 0x62, 0x0,
    0x62, 0xb3, 0x0, 0xa4, 0x2, 0x64, 0x0, 0x8a,
    0xf6, 0xeb, 0x35, 0x0, 0x23, 0x70, 0xd, 0x68,
    0x1, 0x89, 0x14, 0xc0, 0x31, 0xe8, 0x7, 0xae,
    0x0, 0x3f, 0xcd, 0x82, 0x1, 0xf3, 0xf4, 0xa0,
    0x80, 0x5, 0x23, 0xa4, 0x3, 0x0,

    /* U+010E "Ď" */
    0x0, 0x24, 0x44, 0x60, 0x18, 0xe2, 0x25, 0x0,
    0xff, 0x2a, 0x9d, 0xda, 0x20, 0x2, 0xd7, 0x73,
    0x38, 0x7, 0xf8, 0x7c, 0x40, 0x70, 0x1, 0xe2,
    0x3, 0x84, 0x1, 0xff, 0x16, 0x0, 0xa, 0xec,
    0x40, 0xd, 0x20, 0xf, 0xfe, 0x9, 0x58, 0x1,
    0x10, 0x0, 0xb3, 0x0, 0xff, 0xe1, 0xa5, 0x0,
    0x6a, 0x40, 0xf, 0xfe, 0x2a, 0xff, 0xe5, 0x0,
    0xff, 0xf8, 0x67, 0xff, 0xfb, 0xb2, 0x98, 0x40,
    0x3f, 0xf8, 0xe2, 0x6b, 0x3d, 0x44, 0x1, 0xff,
    0xca, 0x5d, 0x70, 0xf, 0xf0, 0x8f, 0x0, 0x7e,
    0x8a, 0x0, 0xfc, 0xbd, 0xdd, 0xfe, 0xc8, 0x20,
    0xc, 0xb2, 0x1, 0xff, 0xc3, 0x37, 0xd8, 0x0,
    0xcc, 0xa0, 0x1f, 0xfc, 0x57, 0xb0, 0xd, 0x60,
    0x1f, 0xfc, 0x64, 0x70, 0x8, 0x58, 0x3, 0xff,
    0x8d, 0x2, 0x1, 0x50, 0x7, 0xff, 0x1e, 0x40,
    0x23, 0x10, 0xf, 0xfe, 0x32, 0x80, 0x65, 0x0,
    0xff, 0xe3, 0x10, 0x6, 0x30, 0xf, 0xfe, 0x39,
    0x80, 0x5c, 0x1, 0xff, 0xcb, 0x30, 0xf, 0xfe,
    0x3b, 0x80, 0x7f, 0xf2, 0xdc, 0x3, 0xff, 0x96,
    0x20, 0x11, 0x80, 0x7f, 0xf1, 0xc8, 0x2, 0xe0,
    0xf, 0xfe, 0x31, 0x80, 0x63, 0x0, 0xff, 0xe3,
    0x58, 0x6, 0x40, 0xf, 0xfe, 0x33, 0x0, 0x46,
    0x1, 0xff, 0xc6, 0x81, 0x0, 0xa4, 0x3, 0xff,
    0x8a, 0xae, 0x1, 0x12, 0x80, 0x7f, 0xf1, 0x22,
    0x80, 0x34, 0x80, 0x7f, 0xf0, 0x92, 0x39, 0xc0,
    0x33, 0xa0, 0x7, 0x97, 0xbb, 0xbf, 0xd6, 0xe2,
    0x1, 0x9a, 0x0, 0x3f, 0x8, 0xf0, 0x7, 0xe9,
    0x90, 0x7, 0xff, 0x21, 0xb9, 0x80, 0x3f, 0xf8,
    0x82, 0x6d, 0x5f, 0x22, 0x1, 0xe0,

    /* U+010F "ď" */
    0x0, 0xff, 0xe5, 0xcf, 0xfc, 0x60, 0x1f, 0xfc,
    0xf2, 0x0, 0xff, 0xe2, 0x3f, 0xfd, 0xa0, 0x1c,
    0x22, 0x0, 0xff, 0xe7, 0x10, 0x7, 0xff, 0x3d,
    0x80, 0x3f, 0xf9, 0xe4, 0x1, 0xff, 0xcf, 0xd0,
    0xf, 0xfe, 0x65, 0x4c, 0x90, 0x3, 0xff, 0x98,
    0x6c, 0xc1, 0x0, 0xf9, 0x2b, 0x7f, 0xdb, 0x26,
    0x1, 0xff, 0xc6, 0x2c, 0xb5, 0x20, 0x1, 0x36,
    0x38, 0x7, 0xff, 0x10, 0xf0, 0xc0, 0x3f, 0x43,
    0x0, 0x7f, 0xf0, 0x87, 0x44, 0x3, 0x12, 0x20,
    0x80, 0x13, 0xa0, 0x1f, 0xfc, 0x1b, 0x10, 0x8,
    0xb3, 0x6e, 0xdb, 0x84, 0xa, 0x1, 0xff, 0xc0,
    0x15, 0x0, 0x8b, 0xc, 0x3, 0x1e, 0x8, 0x7,
    0xff, 0x5, 0x80, 0x34, 0x88, 0x7, 0x86, 0xc0,
    0x3f, 0xf8, 0x36, 0x1, 0x12, 0x0, 0x7e, 0x51,
    0x0, 0xff, 0xe0, 0x10, 0x4, 0xa0, 0x1f, 0xe4,
    0x0, 0xff, 0xe0, 0x8, 0x5, 0xc0, 0x1f, 0xed,
    0x0, 0xff, 0x84, 0x3, 0x10, 0x7, 0xf8, 0x40,
    0x3f, 0xfb, 0x62, 0x1, 0x88, 0x3, 0xfc, 0x20,
    0x1f, 0xfc, 0x1, 0x0, 0xbc, 0x3, 0xfd, 0xa0,
    0x1f, 0xfc, 0x5, 0x0, 0x90, 0x3, 0xfc, 0x80,
    0x1f, 0xfc, 0xc, 0x0, 0x89, 0x40, 0x3f, 0x28,
    0x80, 0x7f, 0xf0, 0x18, 0x3, 0x58, 0x80, 0x78,
    0x6c, 0x3, 0xff, 0x82, 0x2c, 0x1, 0xe, 0x20,
    0x6, 0x3c, 0x10, 0xf, 0xfe, 0x14, 0x8, 0x4,
    0x57, 0xb7, 0x5b, 0x84, 0xe, 0x1, 0xff, 0xc1,
    0x1d, 0x10, 0xc, 0x48, 0xa4, 0x0, 0x9d, 0x0,
    0xff, 0xe1, 0x1e, 0x18, 0x7, 0xe8, 0x60, 0xf,
    0xfe, 0x21, 0x65, 0xa9, 0x0, 0x9, 0xb5, 0xc0,
    0x3f, 0xf8, 0x20,

    /* U+0110 "Đ" */
    0x0, 0xdd, 0xff, 0xfe, 0xec, 0x95, 0x10, 0xf,
    0xfe, 0x58, 0x9b, 0x57, 0x48, 0x80, 0x7f, 0xf3,
    0x9b, 0x98, 0x3, 0xff, 0x84, 0x23, 0xc0, 0x1f,
    0xa6, 0x0, 0x3f, 0xf8, 0xf, 0xdd, 0xdf, 0xec,
    0x71, 0x0, 0xce, 0xe0, 0xf, 0xfe, 0x39, 0xc7,
    0x38, 0x6, 0x83, 0x0, 0xff, 0xe4, 0xc4, 0x80,
    0x6f, 0x0, 0xff, 0xe5, 0x32, 0x80, 0x46, 0x60,
    0xf, 0xfe, 0x55, 0x80, 0x69, 0x0, 0xff, 0xe5,
    0xb, 0x0, 0x48, 0x1, 0xff, 0xcb, 0xc0, 0x8,
    0x48, 0x3, 0xff, 0x94, 0x80, 0x19, 0xc0, 0x3f,
    0xf9, 0x42, 0x1, 0x8a, 0x7f, 0xe1, 0x0, 0x9f,
    0xff, 0xd8, 0x1, 0xf0, 0x80, 0x7f, 0xf3, 0xcc,
    0x2, 0xf0, 0xf, 0xfe, 0x59, 0x80, 0x5f, 0x77,
    0x80, 0x31, 0x5d, 0xfb, 0xc0, 0x3e, 0x10, 0xc,
    0x48, 0x90, 0x80, 0x4a, 0x89, 0xe3, 0x0, 0xf0,
    0x80, 0x63, 0x0, 0xff, 0xe5, 0x20, 0x6, 0x60,
    0xf, 0xfe, 0x57, 0x80, 0x42, 0x40, 0x1f, 0xfc,
    0x91, 0x50, 0x9, 0xc0, 0x3f, 0xf9, 0x54, 0x1,
    0xa8, 0x3, 0xff, 0x92, 0xe8, 0x1, 0x21, 0x80,
    0x7f, 0xf1, 0xc6, 0x60, 0x3, 0x48, 0x7, 0xff,
    0x14, 0x52, 0x39, 0x80, 0x34, 0x90, 0x7, 0xf9,
    0xfb, 0xbb, 0xfa, 0xdc, 0x3, 0xa1, 0x80, 0x3f,
    0xf8, 0x2, 0x3c, 0x1, 0xf0, 0xdb, 0x80, 0x7f,
    0xf3, 0x1f, 0xd0, 0x3, 0xff, 0x90, 0x26, 0xd7,
    0xf0, 0x20, 0x1e,

    /* U+0111 "đ" */
    0x0, 0xff, 0xe2, 0x3f, 0xfd, 0xa0, 0x1f, 0xfd,
    0x98, 0xff, 0xe8, 0x0, 0x8b, 0xfd, 0x20, 0x1f,
    0xfd, 0x6f, 0x0, 0xff, 0xe5, 0xbf, 0xff, 0x40,
    0x4, 0x5f, 0xe9, 0x0, 0xff, 0xe9, 0x25, 0x6f,
    0xfb, 0x64, 0xc0, 0x3f, 0xf8, 0x45, 0x96, 0xa4,
    0x0, 0x26, 0xc7, 0x0, 0xff, 0xe0, 0x1e, 0x18,
    0x7, 0xe8, 0x60, 0xf, 0xf0, 0xe8, 0x80, 0x62,
    0x44, 0x10, 0x2, 0x74, 0x3, 0xfa, 0xc4, 0x2,
    0x2c, 0xdb, 0xb6, 0xe1, 0x2, 0x80, 0x7e, 0x15,
    0x0, 0x8b, 0xc, 0x3, 0x1e, 0x8, 0x7, 0xf3,
    0x0, 0x69, 0x10, 0xf, 0xd, 0x80, 0x7f, 0x58,
    0x4, 0x48, 0x1, 0xf9, 0x44, 0x3, 0xf1, 0x0,
    0x4a, 0x1, 0xfe, 0x40, 0xf, 0xc2, 0x1, 0x70,
    0x7, 0xfb, 0x40, 0x3e, 0x10, 0xc, 0x40, 0x1f,
    0xe1, 0x0, 0xff, 0xe9, 0x88, 0x6, 0x20, 0xf,
    0xf0, 0x80, 0x7e, 0x10, 0xb, 0xc0, 0x3f, 0xda,
    0x1, 0xf9, 0x40, 0x24, 0x0, 0xff, 0x20, 0x7,
    0xec, 0x0, 0x89, 0x40, 0x3f, 0x28, 0x80, 0x7e,
    0x60, 0xd, 0x62, 0x1, 0xe1, 0xb0, 0xf, 0xe1,
    0x60, 0x8, 0x71, 0x0, 0x31, 0xe0, 0x80, 0x7f,
    0xa0, 0x40, 0x22, 0xbd, 0xba, 0xdc, 0x20, 0x70,
    0xf, 0xe1, 0xd1, 0x0, 0xc4, 0x8a, 0x40, 0x9,
    0xd0, 0xf, 0xf1, 0xe1, 0x80, 0x7e, 0x86, 0x0,
    0xff, 0xe0, 0x16, 0x5a, 0x90, 0x0, 0x9b, 0x5c,
    0x3, 0xf8,

    /* U+0112 "Ē" */
    0x0, 0xc2, 0x3f, 0xf0, 0x7, 0xee, 0xef, 0xf8,
    0x3, 0xff, 0xc5, 0xff, 0xff, 0x0, 0x7f, 0xfc,
    0x73, 0xff, 0xff, 0x8b, 0x0, 0x1f, 0xfd, 0xe1,
    0x33, 0xff, 0xe0, 0xf0, 0x6, 0x4c, 0xcf, 0xfe,
    0xb, 0x0, 0x7f, 0xff, 0xc0, 0x3f, 0xfe, 0x49,
    0x99, 0xff, 0xc0, 0x70, 0xe, 0x13, 0x3f, 0xfe,
    0x7, 0x0, 0x7f, 0xf7, 0xd7, 0xff, 0xff, 0x81,
    0x20, 0x1f, 0xff, 0xf0, 0xf, 0xff, 0xf8, 0x7,
    0xcb, 0xbb, 0xff, 0xc1, 0x80, 0xe, 0x22, 0xff,
    0xe1, 0x0, 0x7f, 0xf6, 0x80,

    /* U+0113 "ē" */
    0x0, 0xea, 0xff, 0xff, 0x28, 0x7, 0xff, 0x9e,
    0xbb, 0xbf, 0xca, 0x1, 0xfe, 0x11, 0xff, 0x0,
    0x7f, 0xfa, 0x45, 0xef, 0xbf, 0xdd, 0x4c, 0x1,
    0xff, 0x3f, 0x42, 0x8, 0x0, 0x56, 0x7d, 0xc0,
    0x3f, 0x5c, 0x0, 0x7f, 0xa2, 0x80, 0x3d, 0x68,
    0x1, 0x91, 0x98, 0x80, 0x19, 0x64, 0x3, 0x32,
    0x0, 0x4d, 0xf7, 0x32, 0xbe, 0x40, 0x9, 0x90,
    0x2, 0x80, 0x9, 0xe4, 0x3, 0x86, 0xcc, 0x2,
    0x80, 0x3, 0x8, 0x0, 0xa0, 0x3, 0xf7, 0x80,
    0x46, 0x41, 0x80, 0x15, 0x0, 0x7f, 0x19, 0x0,
    0x48, 0x8, 0x1, 0x9, 0x9f, 0xf9, 0x80, 0x2e,
    0x1, 0x0, 0xa7, 0x33, 0xfc, 0x80, 0x11, 0x8,
    0x7, 0xff, 0x70, 0x44, 0x1, 0xb3, 0xff, 0xff,
    0x85, 0x60, 0x20, 0x13, 0x0, 0x7f, 0xf1, 0x14,
    0x2, 0xf0, 0xf, 0xfe, 0x26, 0x80, 0x4a, 0x20,
    0x1f, 0xce, 0xa2, 0x1, 0x38, 0x6, 0xa0, 0xf,
    0xcb, 0x15, 0xda, 0x40, 0x30, 0x1, 0x26, 0x10,
    0x7, 0x35, 0x0, 0x62, 0x0, 0x3a, 0x0, 0x47,
    0xb9, 0x32, 0xae, 0x90, 0xd, 0xc0, 0x1a, 0xcc,
    0x3, 0x1b, 0x31, 0x44, 0x3, 0x51, 0x80, 0x76,
    0x40, 0x7, 0xf8, 0xf1, 0x40, 0x3e, 0x7e, 0x94,
    0x20, 0x0, 0x9b, 0x5e, 0x18, 0x4,

    /* U+0114 "Ĕ" */
    0x0, 0x92, 0x20, 0x40, 0x1c, 0x71, 0x3, 0x0,
    0xf1, 0x3b, 0xa8, 0x3, 0xa9, 0xdc, 0xc0, 0x1e,
    0x40, 0x3, 0xa8, 0x4, 0xcc, 0x0, 0x20, 0x7,
    0x89, 0x80, 0x15, 0xd9, 0xd2, 0x0, 0x81, 0x0,
    0xfa, 0x54, 0x0, 0x26, 0x20, 0x6, 0x70, 0xf,
    0xea, 0xb5, 0x10, 0x15, 0xc9, 0x0, 0xff, 0x92,
    0xbb, 0xfa, 0x8c, 0x3, 0xff, 0xc1, 0x9f, 0xff,
    0xfc, 0x58, 0x0, 0xff, 0xef, 0x9, 0x9f, 0xff,
    0x7, 0x80, 0x32, 0x66, 0x7f, 0xf0, 0x58, 0x3,
    0xff, 0xfe, 0x1, 0xff, 0xf2, 0x4c, 0xcf, 0xfe,
    0x3, 0x80, 0x70, 0x99, 0xff, 0xf0, 0x38, 0x3,
    0xff, 0xbe, 0xbf, 0xff, 0xfc, 0x9, 0x0, 0xff,
    0xff, 0x80, 0x7f, 0xff, 0xc0, 0x3e, 0x5d, 0xdf,
    0xfe, 0xc, 0x0, 0x71, 0x17, 0xff, 0x8, 0x3,
    0xff, 0xb4,

    /* U+0115 "ĕ" */
    0x0, 0xc3, 0xfe, 0xc0, 0xe, 0x1f, 0xf6, 0x0,
    0x7e, 0x10, 0x1, 0x88, 0x6, 0x40, 0x3, 0x0,
    0x7f, 0x30, 0x2, 0x84, 0x0, 0x76, 0x0, 0xe0,
    0xf, 0xe8, 0x10, 0x4e, 0xcd, 0xc1, 0x4, 0x40,
    0x7, 0xf0, 0xe8, 0x80, 0xc, 0x80, 0x9, 0x40,
    0x1f, 0xf1, 0xfb, 0x90, 0x9, 0xd5, 0x88, 0x7,
    0xff, 0x0, 0x63, 0x7f, 0xb1, 0x40, 0x3f, 0xfd,
    0x62, 0xf7, 0xdf, 0xee, 0xa6, 0x0, 0xff, 0x9f,
    0xa1, 0x4, 0x0, 0x2b, 0x3e, 0xe0, 0x1f, 0xae,
    0x0, 0x3f, 0xd1, 0x40, 0x1e, 0xb4, 0x0, 0xc8,
    0xcc, 0x40, 0xc, 0xb2, 0x1, 0x99, 0x0, 0x26,
    0xfb, 0x99, 0x5f, 0x20, 0x4, 0xc8, 0x1, 0x40,
    0x4, 0xf2, 0x1, 0xc3, 0x66, 0x1, 0x40, 0x1,
    0x84, 0x0, 0x50, 0x1, 0xfb, 0xc0, 0x23, 0x20,
    0xc0, 0xa, 0x80, 0x3f, 0x8c, 0x80, 0x24, 0x4,
    0x0, 0x84, 0xcf, 0xfc, 0xc0, 0x17, 0x0, 0x80,
    0x53, 0x99, 0xfe, 0x40, 0x8, 0x84, 0x3, 0xff,
    0xb8, 0x22, 0x0, 0xd9, 0xff, 0xff, 0xc2, 0xb0,
    0x10, 0x9, 0x80, 0x3f, 0xf8, 0x8a, 0x1, 0x78,
    0x7, 0xff, 0x13, 0x40, 0x25, 0x10, 0xf, 0xe7,
    0x51, 0x0, 0x9c, 0x3, 0x50, 0x7, 0xe5, 0x8a,
    0xed, 0x20, 0x18, 0x0, 0x93, 0x8, 0x3, 0x9a,
    0x80, 0x31, 0x0, 0x1d, 0x0, 0x23, 0xdc, 0x99,
    0x57, 0x48, 0x6, 0xe0, 0xd, 0x66, 0x1, 0x8d,
    0x98, 0xa2, 0x1, 0xa8, 0xc0, 0x3b, 0x20, 0x3,
    0xfc, 0x78, 0xa0, 0x1f, 0x3f, 0x4a, 0x10, 0x0,
    0x4d, 0xaf, 0xc, 0x2,

    /* U+0116 "Ė" */
    0x0, 0xff, 0xe7, 0x26, 0xfe, 0x98, 0x7, 0xff,
    0xa, 0x88, 0xb, 0x40, 0x3f, 0xf8, 0x24, 0x20,
    0x10, 0x88, 0x3, 0xff, 0x80, 0x42, 0x1, 0x10,
    0x80, 0x7f, 0xf0, 0x74, 0xc0, 0xfc, 0x3, 0xff,
    0x84, 0x79, 0xf8, 0x40, 0x1f, 0xfe, 0x1c, 0xff,
    0xff, 0xe2, 0xc0, 0x7, 0xff, 0x78, 0x4c, 0xff,
    0xf8, 0x3c, 0x1, 0x93, 0x33, 0xff, 0x82, 0xc0,
    0x1f, 0xff, 0xf0, 0xf, 0xff, 0x92, 0x66, 0x7f,
    0xf0, 0x1c, 0x3, 0x84, 0xcf, 0xff, 0x81, 0xc0,
    0x1f, 0xfd, 0xf5, 0xff, 0xff, 0xe0, 0x48, 0x7,
    0xff, 0xfc, 0x3, 0xff, 0xfe, 0x1, 0xf2, 0xee,
    0xff, 0xf0, 0x60, 0x3, 0x88, 0xbf, 0xf8, 0x40,
    0x1f, 0xfd, 0xa0,

    /* U+0117 "ė" */
    0x0, 0xfe, 0x9e, 0xe3, 0x0, 0x7f, 0xf1, 0x21,
    0x84, 0x52, 0x80, 0x1f, 0xfc, 0x34, 0x0, 0xd8,
    0x1, 0xff, 0xc3, 0x50, 0xd, 0xa0, 0x1f, 0xfc,
    0x39, 0x50, 0x4, 0x28, 0x7, 0xff, 0x12, 0xbf,
    0xce, 0x1, 0xff, 0xff, 0x0, 0xb, 0xdf, 0x7f,
    0xba, 0x98, 0x3, 0xfe, 0x7e, 0x84, 0x10, 0x0,
    0xac, 0xfb, 0x80, 0x7e, 0xb8, 0x0, 0xff, 0x45,
    0x0, 0x7a, 0xd0, 0x3, 0x23, 0x31, 0x0, 0x32,
    0xc8, 0x6, 0x64, 0x0, 0x9b, 0xee, 0x65, 0x7c,
    0x80, 0x13, 0x20, 0x5, 0x0, 0x13, 0xc8, 0x7,
    0xd, 0x98, 0x5, 0x0, 0x6, 0x10, 0x1, 0x40,
    0x7, 0xef, 0x0, 0x8c, 0x83, 0x0, 0x2a, 0x0,
    0xfe, 0x32, 0x0, 0x90, 0x10, 0x2, 0x13, 0x3f,
    0xf3, 0x0, 0x5c, 0x2, 0x1, 0x4e, 0x67, 0xf9,
    0x0, 0x22, 0x10, 0xf, 0xfe, 0xe0, 0x88, 0x3,
    0x67, 0xff, 0xff, 0xa, 0xc0, 0x40, 0x26, 0x0,
    0xff, 0xe2, 0x28, 0x5, 0xe0, 0x1f, 0xfc, 0x4d,
    0x0, 0x94, 0x40, 0x3f, 0x9d, 0x44, 0x2, 0x70,
    0xd, 0x40, 0x1f, 0x96, 0x2b, 0xb4, 0x80, 0x60,
    0x2, 0x4c, 0x20, 0xe, 0x6a, 0x0, 0xc4, 0x0,
    0x74, 0x0, 0x8f, 0x72, 0x65, 0x5d, 0x20, 0x1b,
    0x80, 0x35, 0x98, 0x6, 0x36, 0x62, 0x88, 0x6,
    0xa3, 0x0, 0xec, 0x80, 0xf, 0xf1, 0xe2, 0x80,
    0x7c, 0xfd, 0x28, 0x40, 0x1, 0x36, 0xbc, 0x30,
    0x8,

    /* U+0118 "Ę" */
    0xcf, 0xff, 0xfe, 0x2c, 0x0, 0x7f, 0xf8, 0x44,
    0xcf, 0xff, 0x83, 0xc0, 0x1c, 0x99, 0x9f, 0xfc,
    0x16, 0x0, 0xff, 0xff, 0x80, 0x7f, 0xfe, 0x97,
    0xff, 0xff, 0x81, 0x20, 0x1f, 0xfe, 0x21, 0x33,
    0xff, 0xe0, 0x70, 0x7, 0x93, 0x33, 0xff, 0x80,
    0xe0, 0x1f, 0xff, 0xf0, 0xf, 0xff, 0xf8, 0x7,
    0xff, 0x11, 0x77, 0x7f, 0xf8, 0x30, 0x1, 0xe2,
    0x2f, 0xfe, 0x10, 0x7, 0xff, 0x77, 0x3f, 0xff,
    0xf8, 0xe, 0x1, 0x24, 0x0, 0x7f, 0xf0, 0x61,
    0xc0, 0xf, 0x64, 0x1, 0xff, 0xc0, 0x27, 0x0,
    0x24, 0x0, 0x7f, 0xf0, 0xa8, 0x2, 0xc0, 0xf,
    0xfe, 0x18, 0x80, 0x56, 0x66, 0x60, 0xf, 0xfe,
    0x7, 0x80, 0x47, 0x98, 0x93, 0x0, 0xff, 0x98,
    0xc0, 0x3d, 0x20, 0x1f, 0xfc, 0xc, 0x93, 0x10,
    0x26, 0x90,

    /* U+0119 "ę" */
    0x0, 0xf0, 0xbd, 0xf7, 0xfb, 0xa9, 0x80, 0x3f,
    0xe7, 0xe8, 0x41, 0x0, 0xa, 0xcf, 0xb8, 0x7,
    0xeb, 0x80, 0xf, 0xf4, 0x50, 0x7, 0xad, 0x0,
    0x32, 0x33, 0x10, 0x3, 0x2c, 0x80, 0x66, 0x40,
    0x9, 0xbe, 0xe6, 0x57, 0xc8, 0x1, 0x32, 0x0,
    0x50, 0x1, 0x3c, 0x80, 0x70, 0xd9, 0x80, 0x50,
    0x0, 0x61, 0x0, 0x14, 0x0, 0x7e, 0xf0, 0x8,
    0xc8, 0x30, 0x2, 0xa0, 0xf, 0xe3, 0x20, 0x9,
    0x1, 0x0, 0x21, 0x33, 0xff, 0x30, 0x5, 0xc0,
    0x20, 0x14, 0xe6, 0x7f, 0x90, 0x2, 0x21, 0x0,
    0xff, 0xee, 0x8, 0x80, 0x36, 0x7f, 0xff, 0xf0,
    0xac, 0x4, 0x2, 0x60, 0xf, 0xfe, 0x22, 0x80,
    0x5e, 0x1, 0xff, 0xc4, 0xd0, 0x9, 0x44, 0x3,
    0xf9, 0xd4, 0x40, 0x27, 0x0, 0xd4, 0x1, 0xf9,
    0x62, 0xbb, 0xcc, 0x6, 0x0, 0x24, 0xc2, 0x0,
    0xe6, 0xa0, 0xc, 0x60, 0x7, 0x40, 0x8, 0xf7,
    0x26, 0x55, 0xd2, 0x1, 0x90, 0x3, 0x59, 0x80,
    0x63, 0x66, 0x28, 0x80, 0x75, 0x80, 0x76, 0x40,
    0x7, 0xff, 0x2, 0xc0, 0x3e, 0x7e, 0x94, 0x20,
    0x0, 0x80, 0x65, 0x40, 0xf, 0xc2, 0xd7, 0xbf,
    0xee, 0x10, 0x0, 0xd8, 0x7, 0xff, 0xe, 0x4,
    0x1, 0x2, 0x1, 0xff, 0xc3, 0x70, 0x0, 0xb0,
    0x7, 0xff, 0xc, 0xc0, 0x22, 0x0, 0xff, 0xe2,
    0x38, 0x4, 0x6a, 0x6c, 0x20, 0x1f, 0xfc, 0x5,
    0x0, 0xd5, 0x93, 0x20, 0xf, 0xfe, 0x0, 0xc8,
    0x7, 0x98, 0x3, 0xff, 0x82, 0xd6, 0x82, 0x2,
    0x96, 0x0,

    /* U+011A "Ě" */
    0x0, 0xb, 0xc4, 0x18, 0x3, 0x9e, 0x20, 0xe2,
    0x1, 0x84, 0x1d, 0xd2, 0xe0, 0x14, 0xc3, 0xb8,
    0x4, 0x3, 0x9d, 0xc0, 0x8, 0x50, 0x66, 0x0,
    0x19, 0xc0, 0x3e, 0x85, 0x0, 0x53, 0xc8, 0x1,
    0x64, 0x3, 0xfa, 0x90, 0x1, 0x0, 0x4, 0xa0,
    0xf, 0xfa, 0xcc, 0x2, 0x4b, 0x0, 0xff, 0xe0,
    0xe7, 0xfd, 0x60, 0x1f, 0xfe, 0x1c, 0xff, 0xff,
    0xe2, 0xc0, 0x7, 0xff, 0x78, 0x4c, 0xff, 0xf8,
    0x3c, 0x1, 0x93, 0x33, 0xff, 0x82, 0xc0, 0x1f,
    0xff, 0xf0, 0xf, 0xff, 0x92, 0x66, 0x7f, 0xf0,
    0x1c, 0x3, 0x84, 0xcf, 0xff, 0x81, 0xc0, 0x1f,
    0xfd, 0xf5, 0xff, 0xff, 0xe0, 0x48, 0x7, 0xff,
    0xfc, 0x3, 0xff, 0xfe, 0x1, 0xf2, 0xee, 0xff,
    0xf0, 0x60, 0x3, 0x88, 0xbf, 0xf8, 0x40, 0x1f,
    0xfd, 0xa0,

    /* U+011B "ě" */
    0x0, 0xd1, 0xff, 0x38, 0x6, 0xcf, 0xf9, 0x40,
    0x3e, 0x85, 0x0, 0x42, 0x0, 0x28, 0xc0, 0x12,
    0xa0, 0x1f, 0xa9, 0x0, 0x16, 0x4e, 0xa0, 0x8,
    0x60, 0xf, 0xf5, 0x98, 0x3, 0x20, 0x0, 0xee,
    0x0, 0xff, 0xe0, 0x69, 0x0, 0x80, 0x1a, 0x0,
    0x3f, 0xf8, 0x23, 0xee, 0xf4, 0x48, 0x7, 0xff,
    0xc, 0xa2, 0x27, 0x0, 0xff, 0xf6, 0xb, 0xdf,
    0x7f, 0xba, 0x98, 0x3, 0xfe, 0x7e, 0x84, 0x10,
    0x0, 0xac, 0xfb, 0x80, 0x7e, 0xb8, 0x0, 0xff,
    0x45, 0x0, 0x7a, 0xd0, 0x3, 0x23, 0x31, 0x0,
    0x32, 0xc8, 0x6, 0x64, 0x0, 0x9b, 0xee, 0x65,
    0x7c, 0x80, 0x13, 0x20, 0x5, 0x0, 0x13, 0xc8,
    0x7, 0xd, 0x98, 0x5, 0x0, 0x6, 0x10, 0x1,
    0x40, 0x7, 0xef, 0x0, 0x8c, 0x83, 0x0, 0x2a,
    0x0, 0xfe, 0x32, 0x0, 0x90, 0x10, 0x2, 0x13,
    0x3f, 0xf3, 0x0, 0x5c, 0x2, 0x1, 0x4e, 0x67,
    0xf9, 0x0, 0x22, 0x10, 0xf, 0xfe, 0xe0, 0x88,
    0x3, 0x67, 0xff, 0xff, 0xa, 0xc0, 0x40, 0x26,
    0x0, 0xff, 0xe2, 0x28, 0x5, 0xe0, 0x1f, 0xfc,
    0x4d, 0x0, 0x94, 0x40, 0x3f, 0x9d, 0x44, 0x2,
    0x70, 0xd, 0x40, 0x1f, 0x96, 0x2b, 0xb4, 0x80,
    0x60, 0x2, 0x4c, 0x20, 0xe, 0x6a, 0x0, 0xc4,
    0x0, 0x74, 0x0, 0x8f, 0x72, 0x65, 0x5d, 0x20,
    0x1b, 0x80, 0x35, 0x98, 0x6, 0x36, 0x62, 0x88,
    0x6, 0xa3, 0x0, 0xec, 0x80, 0xf, 0xf1, 0xe2,
    0x80, 0x7c, 0xfd, 0x28, 0x40, 0x1, 0x36, 0xbc,
    0x30, 0x8,

    /* U+011C "Ĝ" */
    0x0, 0xff, 0x17, 0x7f, 0xd0, 0x1, 0xff, 0xc7,
    0x2c, 0x10, 0x9, 0xd8, 0x3, 0xff, 0x8a, 0x3e,
    0x20, 0x4e, 0x0, 0x95, 0x0, 0xff, 0xe1, 0x8e,
    0x10, 0xf, 0xc2, 0x80, 0x29, 0x0, 0x3f, 0xf8,
    0x5a, 0x40, 0xa, 0x20, 0xa3, 0x0, 0x59, 0x0,
    0x7f, 0xf0, 0xd, 0x1d, 0xd6, 0x80, 0x16, 0xbb,
    0xc8, 0x1, 0xff, 0xc0, 0x38, 0x89, 0x0, 0x30,
    0xc4, 0x4c, 0x1, 0xff, 0xf6, 0x27, 0xbe, 0xff,
    0x76, 0xd2, 0x80, 0x7f, 0xf0, 0x8e, 0xf6, 0x10,
    0x40, 0x2, 0x4b, 0x5e, 0xe0, 0x1f, 0xf4, 0x62,
    0x0, 0x7f, 0xd1, 0xa6, 0x1, 0xfa, 0x9c, 0x3,
    0xff, 0x84, 0x58, 0x80, 0x1e, 0x95, 0x0, 0xc2,
    0xf9, 0xdc, 0xdb, 0x50, 0xe, 0xb3, 0x0, 0xca,
    0xc0, 0x19, 0xfa, 0xc, 0x44, 0x49, 0x5a, 0x60,
    0x1b, 0x80, 0x35, 0x80, 0x6a, 0x80, 0xf, 0xc5,
    0x86, 0x1, 0x13, 0x80, 0x18, 0x40, 0x27, 0x50,
    0xf, 0xfb, 0x40, 0x35, 0x0, 0x2c, 0x2, 0x18,
    0x0, 0xff, 0xe0, 0xb, 0x80, 0x44, 0x58, 0x2,
    0x90, 0xf, 0xfe, 0x14, 0xdd, 0xe3, 0x40, 0xc,
    0xa0, 0x1f, 0xfc, 0x21, 0x44, 0xc3, 0xe0, 0x10,
    0x90, 0x7, 0xff, 0x20, 0x80, 0x25, 0x0, 0xff,
    0xe4, 0xb8, 0x4, 0x20, 0x1f, 0xfd, 0x7e, 0xff,
    0xff, 0x48, 0x7, 0xff, 0x39, 0xc0, 0x21, 0x0,
    0xff, 0xe4, 0x90, 0x4, 0xa0, 0x1f, 0xce, 0xab,
    0xe1, 0x0, 0xde, 0x1, 0x9, 0x0, 0x7e, 0x9a,
    0xaf, 0x18, 0x4, 0x28, 0x1, 0x94, 0x3, 0xff,
    0x86, 0x40, 0x17, 0x11, 0x0, 0x29, 0x0, 0xff,
    0xe1, 0x20, 0x6, 0x50, 0xa0, 0x8, 0x60, 0x3,
    0xff, 0x83, 0x0, 0x10, 0x98, 0x38, 0x80, 0x4e,
    0xc0, 0x1f, 0xf4, 0x18, 0x4, 0xc0, 0x14, 0x0,
    0x69, 0x80, 0xf, 0xe9, 0x70, 0x8, 0x64, 0x2,
    0x65, 0x0, 0xcf, 0xd0, 0x82, 0x32, 0x47, 0x30,
    0x6, 0xb1, 0x0, 0xd4, 0x80, 0x18, 0x5e, 0xfb,
    0xab, 0x71, 0x0, 0xd0, 0xa0, 0x1e, 0xb7, 0x0,
    0xff, 0xe1, 0xd3, 0x80, 0x7e, 0x8c, 0x40, 0xf,
    0xf9, 0x79, 0x40, 0x3f, 0xc7, 0x7b, 0x8, 0x40,
    0x11, 0x2c, 0xf5, 0x8, 0x7, 0x0,

    /* U+011D "ĝ" */
    0x0, 0xfc, 0xdf, 0xf9, 0x0, 0x3f, 0xf8, 0x4b,
    0x20, 0x1a, 0xcc, 0x3, 0xff, 0x80, 0x94, 0x0,
    0x54, 0x0, 0x69, 0x0, 0x7f, 0x8e, 0xc0, 0x7,
    0x56, 0x40, 0x38, 0x20, 0x1f, 0x8b, 0x40, 0x3,
    0xa0, 0xf, 0x10, 0x1c, 0x10, 0xf, 0x91, 0x9d,
    0xd8, 0x20, 0x2, 0xd7, 0x72, 0xa8, 0x3, 0xe6,
    0x88, 0x88, 0x3, 0x1c, 0x44, 0x80, 0x1f, 0xfe,
    0x74, 0x9d, 0xff, 0x6c, 0x98, 0x1, 0x3f, 0xee,
    0x0, 0xc3, 0x76, 0x62, 0x0, 0x13, 0x64, 0x0,
    0x7f, 0x17, 0xa0, 0x7, 0xe7, 0x70, 0x7, 0xef,
    0x10, 0xc, 0x48, 0x82, 0x0, 0x46, 0x0, 0x7a,
    0x8, 0x2, 0x2b, 0xdb, 0xb6, 0xe1, 0x3, 0x80,
    0x70, 0xb8, 0x4, 0x38, 0x80, 0x18, 0xf0, 0x40,
    0x3c, 0xe0, 0x1a, 0xc4, 0x3, 0xc3, 0x60, 0x1e,
    0xd0, 0x8, 0x94, 0x3, 0xf2, 0x88, 0x7, 0x28,
    0x4, 0x80, 0x1f, 0xe4, 0x0, 0xe1, 0x0, 0xbc,
    0x3, 0xfd, 0xa0, 0x18, 0x40, 0x31, 0x80, 0x7f,
    0x84, 0x3, 0xf8, 0x40, 0x3f, 0xf9, 0x2, 0x1,
    0xfe, 0x10, 0xc, 0x20, 0x1b, 0x40, 0x3f, 0xdc,
    0x1, 0xc6, 0x1, 0x20, 0x7, 0xf9, 0x0, 0x39,
    0x0, 0x23, 0x20, 0xf, 0xc6, 0x40, 0x1d, 0x60,
    0x1b, 0x80, 0x3f, 0x78, 0x7, 0x8d, 0x0, 0x23,
    0xb1, 0x0, 0xc5, 0x86, 0x1, 0xf4, 0x80, 0x64,
    0xec, 0x99, 0x66, 0x98, 0x28, 0x7, 0x8a, 0xc0,
    0x38, 0xd9, 0x86, 0x0, 0x8c, 0x0, 0xf9, 0x30,
    0x80, 0x3f, 0x3b, 0x80, 0x3f, 0x8f, 0x69, 0x44,
    0x0, 0x4b, 0x90, 0x1, 0xff, 0xc0, 0x5a, 0xef,
    0xf6, 0xd1, 0x80, 0x78, 0xc0, 0x3f, 0xf8, 0x9e,
    0x1, 0x30, 0x4, 0x53, 0x40, 0x1f, 0xc2, 0xe0,
    0x11, 0x80, 0xe6, 0xb2, 0xd9, 0x0, 0x78, 0xf0,
    0x40, 0x2a, 0x1, 0x50, 0x9, 0x37, 0x21, 0xdd,
    0x19, 0x82, 0x0, 0xa0, 0x80, 0x12, 0xa0, 0x18,
    0xde, 0x20, 0xe6, 0x1, 0x9d, 0xc0, 0x1a, 0xa4,
    0x40, 0x3f, 0xc5, 0x50, 0x1, 0xe6, 0xea, 0x53,
    0x10, 0x0, 0x9b, 0xde, 0xa8, 0x4,

    /* U+011E "Ğ" */
    0x0, 0xfb, 0x3f, 0xc2, 0x1, 0xd7, 0xfe, 0x20,
    0xf, 0xfe, 0xa, 0x80, 0x18, 0x3, 0x12, 0x0,
    0x8, 0x3, 0xff, 0x83, 0x40, 0x8, 0x71, 0x4,
    0xf0, 0x3, 0x0, 0x7f, 0xf0, 0x8d, 0xc0, 0x11,
    0xdf, 0x64, 0x5, 0x0, 0x1f, 0xfc, 0x38, 0x80,
    0x7, 0x8f, 0x4, 0x3, 0xff, 0x88, 0xfd, 0xa,
    0xa7, 0xbc, 0x10, 0xf, 0xfe, 0x30, 0xbd, 0x52,
    0x10, 0x3, 0xff, 0xf4, 0x4f, 0x7d, 0xfe, 0xed,
    0xa5, 0x0, 0xff, 0xe1, 0x1d, 0xec, 0x20, 0x80,
    0x4, 0x96, 0xbd, 0xc0, 0x3f, 0xe8, 0xc4, 0x0,
    0xff, 0xa3, 0x4c, 0x3, 0xf5, 0x38, 0x7, 0xff,
    0x8, 0xb1, 0x0, 0x3d, 0x2a, 0x1, 0x85, 0xf3,
    0xb9, 0xb6, 0xa0, 0x1d, 0x66, 0x1, 0x95, 0x80,
    0x33, 0xf4, 0x18, 0x88, 0x92, 0xb4, 0xc0, 0x37,
    0x0, 0x6b, 0x0, 0xd5, 0x0, 0x1f, 0x8b, 0xc,
    0x2, 0x27, 0x0, 0x30, 0x80, 0x4e, 0xa0, 0x1f,
    0xf6, 0x80, 0x6a, 0x0, 0x58, 0x4, 0x30, 0x1,
    0xff, 0xc0, 0x17, 0x0, 0x88, 0xb0, 0x5, 0x20,
    0x1f, 0xfc, 0x29, 0xbb, 0xc6, 0x80, 0x19, 0x40,
    0x3f, 0xf8, 0x42, 0x89, 0x87, 0xc0, 0x21, 0x20,
    0xf, 0xfe, 0x41, 0x0, 0x4a, 0x1, 0xff, 0xc9,
    0x70, 0x8, 0x40, 0x3f, 0xfa, 0xfd, 0xff, 0xfe,
    0x90, 0xf, 0xfe, 0x73, 0x80, 0x42, 0x1, 0xff,
    0xc9, 0x20, 0x9, 0x40, 0x3f, 0x9d, 0x57, 0xc2,
    0x1, 0xbc, 0x2, 0x12, 0x0, 0xfd, 0x35, 0x5e,
    0x30, 0x8, 0x50, 0x3, 0x28, 0x7, 0xff, 0xc,
    0x80, 0x2e, 0x22, 0x0, 0x52, 0x1, 0xff, 0xc2,
    0x40, 0xc, 0xa1, 0x40, 0x10, 0xc0, 0x7, 0xff,
    0x6, 0x0, 0x21, 0x30, 0x71, 0x0, 0x9d, 0x80,
    0x3f, 0xe8, 0x30, 0x9, 0x80, 0x28, 0x0, 0xd3,
    0x0, 0x1f, 0xd2, 0xe0, 0x10, 0xc8, 0x4, 0xca,
    0x1, 0x9f, 0xa1, 0x4, 0x64, 0x8e, 0x60, 0xd,
    0x62, 0x1, 0xa9, 0x0, 0x30, 0xbd, 0xf7, 0x56,
    0xe2, 0x1, 0xa1, 0x40, 0x3d, 0x6e, 0x1, 0xff,
    0xc3, 0xa7, 0x0, 0xfd, 0x18, 0x80, 0x1f, 0xf2,
    0xf2, 0x80, 0x7f, 0x8e, 0xf6, 0x10, 0x80, 0x22,
    0x59, 0xea, 0x10, 0xe,

    /* U+011F "ğ" */
    0x0, 0xef, 0xf7, 0x0, 0x7b, 0xfe, 0x0, 0xfe,
    0x20, 0x13, 0x0, 0xc8, 0x0, 0x30, 0xf, 0xeb,
    0x0, 0x6a, 0x88, 0x9a, 0x80, 0x14, 0x1, 0xfc,
    0xc6, 0x3, 0x5d, 0xc9, 0x10, 0x46, 0x0, 0xff,
    0x62, 0x80, 0x79, 0x6c, 0x3, 0xff, 0x81, 0x58,
    0xea, 0xa7, 0xda, 0x0, 0xff, 0xe1, 0x1c, 0x55,
    0x20, 0x80, 0x3f, 0xfd, 0x69, 0x3b, 0xfe, 0xd9,
    0x30, 0x2, 0x7f, 0xdc, 0x1, 0x86, 0xec, 0xc4,
    0x0, 0x26, 0xc8, 0x0, 0xfe, 0x2f, 0x40, 0xf,
    0xce, 0xe0, 0xf, 0xde, 0x20, 0x18, 0x91, 0x4,
    0x0, 0x8c, 0x0, 0xf4, 0x10, 0x4, 0x57, 0xb7,
    0x6d, 0xc2, 0x7, 0x0, 0xe1, 0x70, 0x8, 0x71,
    0x0, 0x31, 0xe0, 0x80, 0x79, 0xc0, 0x35, 0x88,
    0x7, 0x86, 0xc0, 0x3d, 0xa0, 0x11, 0x28, 0x7,
    0xe5, 0x10, 0xe, 0x50, 0x9, 0x0, 0x3f, 0xc8,
    0x1, 0xc2, 0x1, 0x78, 0x7, 0xfb, 0x40, 0x30,
    0x80, 0x63, 0x0, 0xff, 0x8, 0x7, 0xf0, 0x80,
    0x7f, 0xf2, 0x4, 0x3, 0xfc, 0x20, 0x18, 0x40,
    0x36, 0x80, 0x7f, 0xb8, 0x3, 0x8c, 0x2, 0x40,
    0xf, 0xf2, 0x0, 0x72, 0x0, 0x46, 0x40, 0x1f,
    0x8c, 0x80, 0x3a, 0xc0, 0x37, 0x0, 0x7e, 0xf0,
    0xf, 0x1a, 0x0, 0x47, 0x62, 0x1, 0x8b, 0xc,
    0x3, 0xe9, 0x0, 0xc9, 0xd9, 0x32, 0xcd, 0x30,
    0x50, 0xf, 0x15, 0x80, 0x71, 0xb3, 0xc, 0x1,
    0x18, 0x1, 0xf2, 0x61, 0x0, 0x7e, 0x77, 0x0,
    0x7f, 0x1e, 0xd2, 0x88, 0x0, 0x97, 0x20, 0x3,
    0xff, 0x80, 0xb5, 0xdf, 0xed, 0xa3, 0x0, 0xf1,
    0x80, 0x7f, 0xf1, 0x3c, 0x2, 0x60, 0x8, 0xa6,
    0x80, 0x3f, 0x85, 0xc0, 0x23, 0x1, 0xcd, 0x65,
    0xb2, 0x0, 0xf1, 0xe0, 0x80, 0x54, 0x2, 0xa0,
    0x12, 0x6e, 0x43, 0xba, 0x33, 0x4, 0x1, 0x41,
    0x0, 0x25, 0x40, 0x31, 0xbc, 0x41, 0xcc, 0x3,
    0x3b, 0x80, 0x35, 0x48, 0x80, 0x7f, 0x8a, 0xa0,
    0x3, 0xcd, 0xd4, 0xa6, 0x20, 0x1, 0x37, 0xbd,
    0x50, 0x8,

    /* U+0120 "Ġ" */
    0x0, 0xff, 0x97, 0x7e, 0x80, 0x3f, 0xf9, 0x27,
    0x44, 0xb, 0x40, 0x1f, 0xfc, 0x85, 0x0, 0xc8,
    0x1, 0xff, 0xc8, 0x50, 0xc, 0x80, 0x1f, 0xfc,
    0x83, 0x90, 0x2, 0x58, 0x7, 0xff, 0x25, 0xbf,
    0xd6, 0x20, 0x1f, 0xff, 0xf0, 0xf, 0xfe, 0x49,
    0x3d, 0xf7, 0xfb, 0xb6, 0x94, 0x3, 0xff, 0x84,
    0x77, 0xb0, 0x82, 0x0, 0x12, 0x5a, 0xf7, 0x0,
    0xff, 0xa3, 0x10, 0x3, 0xfe, 0x8d, 0x30, 0xf,
    0xd4, 0xe0, 0x1f, 0xfc, 0x22, 0xc4, 0x0, 0xf4,
    0xa8, 0x6, 0x17, 0xce, 0xe6, 0xda, 0x80, 0x75,
    0x98, 0x6, 0x56, 0x0, 0xcf, 0xd0, 0x62, 0x22,
    0x4a, 0xd3, 0x0, 0xdc, 0x1, 0xac, 0x3, 0x54,
    0x0, 0x7e, 0x2c, 0x30, 0x8, 0x9c, 0x0, 0xc2,
    0x1, 0x3a, 0x80, 0x7f, 0xda, 0x1, 0xa8, 0x1,
    0x60, 0x10, 0xc0, 0x7, 0xff, 0x0, 0x5c, 0x2,
    0x22, 0xc0, 0x14, 0x80, 0x7f, 0xf0, 0xa6, 0xef,
    0x1a, 0x0, 0x65, 0x0, 0xff, 0xe1, 0xa, 0x26,
    0x1f, 0x0, 0x84, 0x80, 0x3f, 0xf9, 0x4, 0x1,
    0x28, 0x7, 0xff, 0x25, 0xc0, 0x21, 0x0, 0xff,
    0xeb, 0xf7, 0xff, 0xfa, 0x40, 0x3f, 0xf9, 0xce,
    0x1, 0x8, 0x7, 0xff, 0x24, 0x80, 0x25, 0x0,
    0xfe, 0x75, 0x5f, 0x8, 0x6, 0xf0, 0x8, 0x48,
    0x3, 0xf4, 0xd5, 0x78, 0xc0, 0x21, 0x40, 0xc,
    0xa0, 0x1f, 0xfc, 0x32, 0x0, 0xb8, 0x88, 0x1,
    0x48, 0x7, 0xff, 0x9, 0x0, 0x32, 0x85, 0x0,
    0x43, 0x0, 0x1f, 0xfc, 0x18, 0x0, 0x84, 0xc1,
    0xc4, 0x2, 0x76, 0x0, 0xff, 0xa0, 0xc0, 0x26,
    0x0, 0xa0, 0x3, 0x4c, 0x0, 0x7f, 0x4b, 0x80,
    0x43, 0x20, 0x13, 0x28, 0x6, 0x7e, 0x84, 0x11,
    0x92, 0x39, 0x80, 0x35, 0x88, 0x6, 0xa4, 0x0,
    0xc2, 0xf7, 0xdd, 0x5b, 0x88, 0x6, 0x85, 0x0,
    0xf5, 0xb8, 0x7, 0xff, 0xe, 0x9c, 0x3, 0xf4,
    0x62, 0x0, 0x7f, 0xcb, 0xca, 0x1, 0xfe, 0x3b,
    0xd8, 0x42, 0x0, 0x89, 0x67, 0xa8, 0x40, 0x38,

    /* U+0121 "ġ" */
    0x0, 0xfe, 0x8e, 0xe4, 0x0, 0x7f, 0xf1, 0x19,
    0xc4, 0x4e, 0xc0, 0x1f, 0xfc, 0x3c, 0x0, 0xd8,
    0x1, 0xff, 0xc3, 0xd0, 0xd, 0xa0, 0x1f, 0xfc,
    0x37, 0x60, 0x3, 0x38, 0x7, 0xff, 0x12, 0x7f,
    0xd2, 0x1, 0xff, 0xff, 0x0, 0x24, 0xef, 0xfb,
    0x64, 0xc0, 0x9, 0xff, 0x70, 0x6, 0x1b, 0xb3,
    0x10, 0x0, 0x9b, 0x20, 0x3, 0xf8, 0xbd, 0x0,
    0x3f, 0x3b, 0x80, 0x3f, 0x78, 0x80, 0x62, 0x44,
    0x10, 0x2, 0x30, 0x3, 0xd0, 0x40, 0x11, 0x5e,
    0xdd, 0xb7, 0x8, 0x1c, 0x3, 0x85, 0xc0, 0x21,
    0xc4, 0x0, 0xc7, 0x82, 0x1, 0xe7, 0x0, 0xd6,
    0x20, 0x1e, 0x1b, 0x0, 0xf6, 0x80, 0x44, 0xa0,
    0x1f, 0x94, 0x40, 0x39, 0x40, 0x24, 0x0, 0xff,
    0x20, 0x7, 0x8, 0x5, 0xe0, 0x1f, 0xed, 0x0,
    0xc2, 0x1, 0x8c, 0x3, 0xfc, 0x20, 0x1f, 0xc2,
    0x1, 0xff, 0xc8, 0x10, 0xf, 0xf0, 0x80, 0x61,
    0x0, 0xda, 0x1, 0xfe, 0xe0, 0xe, 0x30, 0x9,
    0x0, 0x3f, 0xc8, 0x1, 0xc8, 0x1, 0x19, 0x0,
    0x7e, 0x32, 0x0, 0xeb, 0x0, 0xdc, 0x1, 0xfb,
    0xc0, 0x3c, 0x68, 0x1, 0x1d, 0x88, 0x6, 0x2c,
    0x30, 0xf, 0xa4, 0x3, 0x27, 0x64, 0xcb, 0x34,
    0xc1, 0x40, 0x3c, 0x56, 0x1, 0xc6, 0xcc, 0x30,
    0x4, 0x60, 0x7, 0xc9, 0x84, 0x1, 0xf9, 0xdc,
    0x1, 0xfc, 0x7b, 0x4a, 0x20, 0x2, 0x5c, 0x80,
    0xf, 0xfe, 0x2, 0xd7, 0x7f, 0xb6, 0x8c, 0x3,
    0xc6, 0x1, 0xff, 0xc4, 0xf0, 0x9, 0x80, 0x22,
    0x9a, 0x0, 0xfe, 0x17, 0x0, 0x8c, 0x7, 0x35,
    0x96, 0xc8, 0x3, 0xc7, 0x82, 0x1, 0x50, 0xa,
    0x80, 0x49, 0xb9, 0xe, 0xe8, 0xcc, 0x10, 0x5,
    0x4, 0x0, 0x95, 0x0, 0xc6, 0xf1, 0x7, 0x30,
    0xc, 0xee, 0x0, 0xd5, 0x22, 0x1, 0xfe, 0x2a,
    0x80, 0xf, 0x37, 0x52, 0x98, 0x80, 0x4, 0xde,
    0xf5, 0x40, 0x20,

    /* U+0122 "Ģ" */
    0x0, 0xfc, 0x4f, 0x7d, 0xfe, 0xed, 0xa5, 0x0,
    0xff, 0xe1, 0x1d, 0xec, 0x20, 0x80, 0x4, 0x96,
    0xbd, 0xc0, 0x3f, 0xe8, 0xc4, 0x0, 0xff, 0xa3,
    0x4c, 0x3, 0xf5, 0x38, 0x7, 0xff, 0x8, 0xb1,
    0x0, 0x3d, 0x2a, 0x1, 0x85, 0xf3, 0xb9, 0xb6,
    0xa0, 0x1d, 0x66, 0x1, 0x95, 0x80, 0x33, 0xf4,
    0x18, 0x88, 0x92, 0xb4, 0xc0, 0x37, 0x0, 0x6b,
    0x0, 0xd5, 0x0, 0x1f, 0x8b, 0xc, 0x2, 0x27,
    0x0, 0x30, 0x80, 0x4e, 0xa0, 0x1f, 0xf6, 0x80,
    0x6a, 0x0, 0x58, 0x4, 0x30, 0x1, 0xff, 0xc0,
    0x17, 0x0, 0x88, 0xb0, 0x5, 0x20, 0x1f, 0xfc,
    0x29, 0xbb, 0xc6, 0x80, 0x19, 0x40, 0x3f, 0xf8,
    0x42, 0x89, 0x87, 0xc0, 0x21, 0x20, 0xf, 0xfe,
    0x41, 0x0, 0x4a, 0x1, 0xff, 0xc9, 0x70, 0x8,
    0x40, 0x3f, 0xfa, 0xfd, 0xff, 0xfe, 0x90, 0xf,
    0xfe, 0x73, 0x80, 0x42, 0x1, 0xff, 0xc9, 0x20,
    0x9, 0x40, 0x3f, 0x9d, 0x57, 0xc2, 0x1, 0xbc,
    0x2, 0x12, 0x0, 0xfd, 0x35, 0x5e, 0x30, 0x8,
    0x50, 0x3, 0x28, 0x7, 0xff, 0xc, 0x80, 0x2e,
    0x22, 0x0, 0x52, 0x1, 0xff, 0xc2, 0x40, 0xc,
    0xa1, 0x40, 0x10, 0xc0, 0x7, 0xff, 0x6, 0x0,
    0x21, 0x30, 0x71, 0x0, 0x9d, 0x80, 0x3f, 0xe8,
    0x30, 0x9, 0x80, 0x28, 0x0, 0xd3, 0x0, 0x1f,
    0xd2, 0xe0, 0x10, 0xc8, 0x4, 0xca, 0x1, 0x9f,
    0xa1, 0x4, 0x64, 0x8e, 0x60, 0xd, 0x62, 0x1,
    0xa9, 0x0, 0x30, 0xbd, 0xf7, 0x56, 0xe2, 0x1,
    0xa1, 0x40, 0x3d, 0x6e, 0x1, 0xff, 0xc3, 0xa7,
    0x0, 0xfd, 0x18, 0x80, 0x1f, 0xf2, 0xf2, 0x80,
    0x7f, 0x8e, 0xf6, 0x10, 0x80, 0x22, 0x59, 0xea,
    0x10, 0xf, 0xfe, 0x9, 0x3d, 0xef, 0xfd, 0xb4,
    0xc2, 0x1, 0xff, 0xdf, 0x1f, 0xfc, 0x20, 0x1f,
    0xfc, 0x84, 0x0, 0x94, 0x40, 0x3f, 0xf9, 0x1a,
    0x1, 0x70, 0x7, 0xff, 0x25, 0x0, 0x2, 0x80,
    0x1f, 0xfc, 0x93, 0x0, 0x30, 0x7, 0xff, 0x24,
    0xc0, 0x2a, 0x0, 0xff, 0xe4, 0xa0, 0x0, 0xc8,
    0x3, 0xff, 0x92, 0xd9, 0x8d, 0x0, 0xff, 0xe0,
    0x80,

    /* U+0123 "ģ" */
    0x0, 0xff, 0x9e, 0x44, 0x3, 0xff, 0x8a, 0x90,
    0xdc, 0x20, 0x1f, 0xfc, 0x4a, 0x0, 0x20, 0x80,
    0x7f, 0xf0, 0xd4, 0x40, 0x10, 0x1, 0xff, 0xc4,
    0xc0, 0x0, 0x98, 0x7, 0xff, 0x10, 0x80, 0xa,
    0x1, 0xff, 0xc5, 0x70, 0x0, 0x80, 0x7f, 0xf6,
    0xa9, 0xdd, 0xe0, 0x1f, 0xfc, 0x56, 0x88, 0x28,
    0x7, 0xff, 0x5d, 0x27, 0x7f, 0xdb, 0x26, 0x0,
    0x4f, 0xfb, 0x80, 0x30, 0xdd, 0x98, 0x80, 0x4,
    0xd9, 0x0, 0x1f, 0xc5, 0xe8, 0x1, 0xf9, 0xdc,
    0x1, 0xfb, 0xc4, 0x3, 0x12, 0x20, 0x80, 0x11,
    0x80, 0x1e, 0x82, 0x0, 0x8a, 0xf6, 0xed, 0xb8,
    0x40, 0xe0, 0x1c, 0x2e, 0x1, 0xe, 0x20, 0x6,
    0x3c, 0x10, 0xf, 0x38, 0x6, 0xb1, 0x0, 0xf0,
    0xd8, 0x7, 0xb4, 0x2, 0x25, 0x0, 0xfc, 0xa2,
    0x1, 0xca, 0x1, 0x20, 0x7, 0xf9, 0x0, 0x38,
    0x40, 0x2f, 0x0, 0xff, 0x68, 0x6, 0x10, 0xc,
    0x60, 0x1f, 0xe1, 0x0, 0xfe, 0x10, 0xf, 0xfe,
    0x40, 0x80, 0x7f, 0x84, 0x3, 0x8, 0x6, 0xd0,
    0xf, 0xf7, 0x0, 0x71, 0x80, 0x48, 0x1, 0xfe,
    0x40, 0xe, 0x40, 0x8, 0xc8, 0x3, 0xf1, 0x90,
    0x7, 0x58, 0x6, 0xe0, 0xf, 0xde, 0x1, 0xe3,
    0x40, 0x8, 0xec, 0x40, 0x31, 0x61, 0x80, 0x7d,
    0x20, 0x19, 0x3b, 0x26, 0x59, 0xa6, 0xa, 0x1,
    0xe2, 0xb0, 0xe, 0x36, 0x61, 0x80, 0x23, 0x0,
    0x3e, 0x4c, 0x20, 0xf, 0xce, 0xe0, 0xf, 0xe3,
    0xda, 0x51, 0x0, 0x12, 0xe4, 0x0, 0x7f, 0xf0,
    0x16, 0xbb, 0xfd, 0xb4, 0x60, 0x1e, 0x30, 0xf,
    0xfe, 0x27, 0x80, 0x4c, 0x1, 0x14, 0xd0, 0x7,
    0xf0, 0xb8, 0x4, 0x60, 0x39, 0xac, 0xb6, 0x40,
    0x1e, 0x3c, 0x10, 0xa, 0x80, 0x54, 0x2, 0x4d,
    0xc8, 0x77, 0x46, 0x60, 0x80, 0x28, 0x20, 0x4,
    0xa8, 0x6, 0x37, 0x88, 0x39, 0x80, 0x67, 0x70,
    0x6, 0xa9, 0x10, 0xf, 0xf1, 0x54, 0x0, 0x79,
    0xba, 0x94, 0xc4, 0x0, 0x26, 0xf7, 0xaa, 0x1,
    0x0,

    /* U+0124 "Ĥ" */
    0x0, 0xfe, 0x18, 0x89, 0xc0, 0x3f, 0xf8, 0xc3,
    0x8e, 0xf4, 0x48, 0x7, 0xff, 0x17, 0x48, 0x4,
    0x0, 0xd0, 0x1, 0xff, 0xc3, 0xc3, 0x0, 0x64,
    0x80, 0x1d, 0x80, 0x3f, 0xf8, 0x36, 0x60, 0xb,
    0x26, 0x60, 0x2, 0x54, 0x3, 0xfe, 0xa4, 0x0,
    0x42, 0x0, 0x24, 0xc0, 0x14, 0x80, 0x1f, 0xea,
    0xff, 0x9c, 0x3, 0x67, 0xfc, 0x80, 0x1f, 0xfe,
    0x9c, 0xff, 0xa8, 0x3, 0xff, 0x85, 0xdf, 0xf4,
    0x80, 0x7f, 0xff, 0xc0, 0x3f, 0xff, 0xe0, 0x1f,
    0xff, 0xf0, 0xf, 0xfe, 0xfa, 0xee, 0xff, 0xf0,
    0x84, 0x3, 0xf8, 0x8b, 0xff, 0x84, 0x1, 0xff,
    0xed, 0x5f, 0xff, 0xfe, 0x10, 0x80, 0x7f, 0xff,
    0xc0, 0x3f, 0xff, 0xe0, 0x1f, 0xff, 0xf0, 0xf,
    0xff, 0xb8,

    /* U+0125 "ĥ" */
    0x0, 0xe7, 0x88, 0x38, 0x7, 0xff, 0x1f, 0x21,
    0xdd, 0x16, 0x1, 0xff, 0xc5, 0xb3, 0x0, 0xc9,
    0x40, 0x1f, 0xfc, 0x3a, 0x40, 0x5, 0xd8, 0x0,
    0xb0, 0x1, 0xff, 0xc1, 0x95, 0x0, 0x42, 0x22,
    0x0, 0xe, 0xe0, 0xf, 0xf9, 0xd8, 0x0, 0xce,
    0x0, 0x75, 0x0, 0x42, 0x80, 0x7f, 0x9f, 0xfe,
    0x90, 0xd, 0x5f, 0xf2, 0x80, 0x7f, 0xfc, 0x87,
    0xff, 0x10, 0x7, 0xff, 0xfc, 0x3, 0xff, 0xfe,
    0x1, 0xff, 0xc8, 0x4a, 0xef, 0xec, 0x81, 0x0,
    0xff, 0xe1, 0xdd, 0x94, 0x40, 0x4d, 0xf9, 0x80,
    0x3f, 0xf8, 0x38, 0x80, 0x1f, 0xa5, 0xc0, 0x3f,
    0xeb, 0x30, 0x1, 0x98, 0x40, 0x3a, 0x8, 0x3,
    0xfc, 0xc1, 0x1f, 0x98, 0xec, 0x20, 0xd, 0x60,
    0x1f, 0xf5, 0x38, 0x6, 0x3c, 0x10, 0x9, 0x0,
    0x3f, 0xc8, 0xa0, 0x1e, 0x16, 0x0, 0x88, 0x3,
    0xfd, 0xa0, 0x1f, 0xac, 0x3, 0x10, 0x7, 0xf2,
    0x80, 0x7e, 0x10, 0xf, 0xfe, 0x80, 0x80, 0x7f,
    0xff, 0xc0, 0x3f, 0xff, 0xe0, 0x1f, 0xff, 0xf0,
    0xf, 0xff, 0x98,

    /* U+0126 "Ħ" */
    0x0, 0xbb, 0xfe, 0x90, 0xf, 0xfe, 0x17, 0xfe,
    0x70, 0xf, 0xff, 0xf8, 0x7, 0xff, 0x80, 0x44,
    0x1, 0x8c, 0x47, 0xff, 0x84, 0x1, 0xbc, 0x44,
    0x7d, 0xc1, 0x0, 0x97, 0xbb, 0xff, 0x84, 0x1,
    0x9f, 0xa8, 0x3, 0xff, 0xdc, 0x7f, 0xe1, 0x0,
    0x9b, 0xff, 0xff, 0x84, 0x1, 0xa3, 0xec, 0x3,
    0xff, 0xea, 0xfb, 0xbf, 0xfc, 0x20, 0xf, 0xfe,
    0x10, 0x91, 0x7f, 0xf0, 0x80, 0x3f, 0xff, 0x8d,
    0xff, 0xff, 0xc2, 0x0, 0xff, 0xff, 0x80, 0x7f,
    0xff, 0xc0, 0x3f, 0xff, 0xe0, 0x1f, 0xff, 0xf0,
    0xf, 0xff, 0x58,

    /* U+0127 "ħ" */
    0x0, 0xf, 0xfe, 0x20, 0xf, 0xfe, 0xc7, 0x7f,
    0x0, 0x6d, 0xff, 0xe2, 0x0, 0xfc, 0x20, 0x1f,
    0xfd, 0xff, 0xf7, 0x0, 0x6d, 0xff, 0xe2, 0x0,
    0xff, 0xee, 0x25, 0x77, 0xf6, 0x40, 0x80, 0x7f,
    0xf0, 0x6e, 0xca, 0x20, 0x26, 0xfc, 0xc0, 0x1f,
    0xf6, 0x20, 0x7, 0xe9, 0x70, 0xf, 0xeb, 0x30,
    0x1, 0x98, 0x40, 0x3a, 0x8, 0x3, 0xf3, 0x4,
    0x7e, 0x63, 0xb0, 0x80, 0x35, 0x80, 0x7f, 0x53,
    0x80, 0x63, 0xc1, 0x0, 0x90, 0x3, 0xf2, 0x28,
    0x7, 0x85, 0x80, 0x22, 0x0, 0xfd, 0xa0, 0x1f,
    0xac, 0x3, 0x10, 0x7, 0xca, 0x1, 0xf8, 0x40,
    0x3f, 0xf9, 0xc2, 0x1, 0xff, 0xff, 0x0, 0xff,
    0xff, 0x80, 0x7f, 0xff, 0xc0, 0x3f, 0xfb, 0x60,

    /* U+0128 "Ĩ" */
    0x1, 0xaf, 0xe9, 0x10, 0x1, 0xff, 0x98, 0x29,
    0x40, 0x5b, 0xd8, 0x28, 0x0, 0x46, 0x80, 0x2,
    0x1, 0x9f, 0x60, 0x14, 0x40, 0x2, 0x76, 0xc8,
    0x3, 0x48, 0xa, 0x24, 0x9, 0xb2, 0xaa, 0xa7,
    0x6, 0xbb, 0x10, 0x4, 0xd5, 0x45, 0x0, 0xff,
    0xea, 0x67, 0xfd, 0x40, 0x1f, 0xff, 0xf0, 0xf,
    0xff, 0xf8, 0x7, 0xff, 0xfc, 0x3, 0xff, 0xfe,
    0x1, 0xff, 0xf8,

    /* U+0129 "ĩ" */
    0x0, 0x3e, 0xff, 0x5b, 0x10, 0xef, 0xf8, 0x0,
    0xb0, 0x40, 0x29, 0x3b, 0xc4, 0x6, 0x0, 0x90,
    0x1, 0x8, 0x7, 0xbc, 0x0, 0xc8, 0xdb, 0xdb,
    0x2c, 0xad, 0xa6, 0x0, 0xab, 0x90, 0x1, 0x34,
    0xd4, 0x90, 0x7, 0xff, 0x58, 0x7f, 0xf1, 0x80,
    0x7f, 0xff, 0xc0, 0x3f, 0xff, 0xe0, 0x1f, 0xff,
    0xf0, 0xf, 0xff, 0xe8,

    /* U+012A "Ī" */
    0x1, 0x1f, 0xf8, 0x3b, 0xbf, 0xe0, 0xf, 0xfe,
    0x6f, 0xff, 0xfc, 0x1, 0xff, 0xdc, 0xcf, 0xfa,
    0x80, 0x3f, 0xff, 0xe0, 0x1f, 0xff, 0xf0, 0xf,
    0xff, 0xf8, 0x7, 0xff, 0xfc, 0x3, 0xff, 0xb6,

    /* U+012B "ī" */
    0x7f, 0xff, 0xf4, 0x0, 0x7f, 0xf3, 0x1f, 0xbb,
    0xfd, 0x0, 0x23, 0xfe, 0x0, 0xff, 0xe8, 0xf,
    0xfe, 0x30, 0xf, 0xff, 0xf8, 0x7, 0xff, 0xfc,
    0x3, 0xff, 0xfe, 0x1, 0xff, 0xd2,

    /* U+012C "Ĭ" */
    0x48, 0x81, 0x0, 0x71, 0xc4, 0xc, 0x9d, 0xd4,
    0x1, 0xd2, 0xee, 0x64, 0x0, 0x3a, 0x80, 0x4c,
    0xa0, 0x4, 0x26, 0x0, 0x56, 0xe7, 0x48, 0x2,
    0x4, 0x25, 0x40, 0x4, 0x62, 0x0, 0x67, 0x0,
    0xaa, 0xd0, 0x40, 0x57, 0x24, 0x3, 0x92, 0xfb,
    0xfa, 0x8c, 0x3, 0xff, 0xab, 0x9f, 0xf5, 0x0,
    0x7f, 0xff, 0xc0, 0x3f, 0xff, 0xe0, 0x1f, 0xff,
    0xf0, 0xf, 0xff, 0xf8, 0x7, 0xff, 0xe0,

    /* U+012D "ĭ" */
    0x78, 0x70, 0xf, 0x34, 0x40, 0x29, 0xe0, 0x40,
    0x30, 0xcb, 0xb8, 0x14, 0x1, 0xa2, 0x0, 0x1a,
    0x0, 0x28, 0x48, 0x81, 0xf6, 0xe7, 0x20, 0xc,
    0x0, 0xe8, 0x80, 0x8, 0xc0, 0x3, 0xa4, 0x0,
    0x3e, 0x83, 0x0, 0x14, 0x79, 0x80, 0x73, 0xe7,
    0xfb, 0x5c, 0x40, 0x3f, 0xfa, 0x83, 0xff, 0x8c,
    0x3, 0xff, 0xfe, 0x1, 0xff, 0xff, 0x0, 0xff,
    0xff, 0x80, 0x7f, 0xfa, 0x0,

    /* U+012E "Į" */
    0x0, 0xb3, 0xfe, 0xa0, 0xf, 0xff, 0xf8, 0x7,
    0xff, 0xfc, 0x3, 0xff, 0xfe, 0x1, 0xff, 0xca,
    0x30, 0x8, 0x40, 0x28, 0x0, 0x92, 0x40, 0x10,
    0xe0, 0x7, 0xb2, 0x2, 0x70, 0x2, 0x40, 0x4,
    0xa0, 0x16, 0x0, 0x6e, 0x0, 0xa8, 0xcc, 0xc1,
    0xe0, 0x11, 0x66, 0x24, 0xd8, 0xc0, 0x3d, 0x21,
    0x92, 0x62, 0x4, 0xd2,

    /* U+012F "į" */
    0x0, 0xcf, 0xdc, 0x80, 0xe, 0x58, 0x11, 0x3b,
    0x80, 0x36, 0x0, 0x6c, 0x0, 0xde, 0x1, 0x8c,
    0x3, 0x33, 0x80, 0x16, 0x0, 0x3a, 0x3f, 0xd4,
    0x1, 0xff, 0xd7, 0x1f, 0xfc, 0x60, 0x1f, 0xff,
    0xf0, 0xf, 0xff, 0xf8, 0x7, 0xff, 0xa8, 0xc0,
    0x3f, 0x17, 0x80, 0x52, 0x60, 0x1, 0xc2, 0x2,
    0xd6, 0x0, 0xac, 0x40, 0x1c, 0x40, 0x19, 0x40,
    0x23, 0x0, 0xc2, 0x1, 0x9c, 0x94, 0xc0, 0x44,
    0x1, 0x46, 0xd4, 0x0, 0x2c, 0x3, 0xc8, 0x40,
    0xba, 0xc4, 0x0, 0x39, 0x20,

    /* U+0130 "İ" */
    0x0, 0xfc, 0x7b, 0xfa, 0x60, 0xd, 0x20, 0x2d,
    0x2, 0x10, 0x8, 0x48, 0x82, 0x1, 0x9, 0x6,
    0x98, 0x1e, 0x0, 0xf, 0x3f, 0x8, 0x3, 0xff,
    0x89, 0x9f, 0xf5, 0x0, 0x7f, 0xff, 0xc0, 0x3f,
    0xff, 0xe0, 0x1f, 0xfe, 0x30,

    /* U+0131 "ı" */
    0x1f, 0xfc, 0x60, 0x1f, 0xff, 0xf0, 0xf, 0xff,
    0x38,

    /* U+0132 "Ĳ" */
    0xcf, 0xfa, 0x80, 0x3f, 0xf8, 0xd9, 0xff, 0x58,
    0x7, 0xff, 0xfc, 0x3, 0xff, 0xfe, 0x1, 0xff,
    0xff, 0x0, 0xff, 0xff, 0x80, 0x7f, 0xff, 0xc0,
    0x3f, 0xff, 0xe0, 0x1f, 0xfd, 0x71, 0x55, 0xc0,
    0x1f, 0xfc, 0xb4, 0xaa, 0xc2, 0x1, 0xff, 0xcf,
    0x30, 0xf, 0xfe, 0x0, 0x80, 0x7f, 0x8, 0x6,
    0x10, 0xf, 0xc2, 0x1, 0x18, 0x7, 0xf3, 0x0,
    0x64, 0x0, 0xf8, 0x48, 0x2, 0xe0, 0xf, 0xe2,
    0x20, 0x5, 0x22, 0x1, 0xeb, 0x0, 0xc8, 0x1,
    0xfe, 0xa0, 0x8, 0x70, 0xc0, 0x21, 0x95, 0x0,
    0x8c, 0xc0, 0x1f, 0xe7, 0x10, 0x8, 0xb3, 0xb3,
    0x79, 0x80, 0x34, 0x0, 0x7f, 0xf0, 0x30, 0x40,
    0x30, 0x99, 0x0, 0x74, 0xa0, 0x7, 0xff, 0x0,
    0xbd, 0x0, 0x3f, 0x86, 0xd8, 0x3, 0xff, 0x84,
    0x37, 0x8c, 0x62, 0x0, 0x25, 0xae, 0x40, 0x8,

    /* U+0133 "ĳ" */
    0x0, 0xff, 0xe2, 0xc7, 0xfa, 0x80, 0x3d, 0x1f,
    0xea, 0x6, 0x70, 0x2, 0xc0, 0x6, 0x57, 0x0,
    0x2c, 0xf8, 0x6, 0x30, 0xd, 0xa0, 0x19, 0x70,
    0x3, 0x60, 0x6, 0xc0, 0xc, 0x8b, 0x2, 0x27,
    0x70, 0x6, 0x49, 0x11, 0x34, 0x3, 0xf7, 0x20,
    0x3, 0xcd, 0xdc, 0x90, 0xf, 0xfe, 0xa8, 0xff,
    0xe3, 0x0, 0xef, 0xfc, 0x80, 0x1f, 0xff, 0xf0,
    0xf, 0xff, 0xf8, 0x7, 0xff, 0xfc, 0x3, 0xff,
    0xfe, 0x1, 0xff, 0xd8, 0x1f, 0xfc, 0x60, 0x1f,
    0xfc, 0x81, 0x0, 0xce, 0x1, 0xfe, 0x20, 0xc,
    0x20, 0x1f, 0xef, 0x0, 0xc4, 0x1, 0xf3, 0x5f,
    0x18, 0x4, 0xa0, 0x1f, 0xbd, 0x4, 0x3, 0x40,
    0x7, 0xff, 0x4, 0x6c, 0x80, 0x3f, 0xc2, 0x71,
    0xe8, 0x0,

    /* U+0134 "Ĵ" */
    0x0, 0xff, 0xe1, 0x5f, 0xfd, 0x80, 0x1f, 0xfc,
    0x6b, 0x40, 0x8, 0xec, 0x3, 0xff, 0x89, 0x28,
    0x0, 0x80, 0x2, 0x50, 0x7, 0xff, 0xa, 0x18,
    0x1, 0x2f, 0x40, 0x5, 0x90, 0xf, 0xfe, 0x3,
    0xb8, 0x0, 0xcc, 0x5, 0x80, 0x3, 0x38, 0x7,
    0xf8, 0x41, 0xdd, 0x12, 0x1, 0x3c, 0xbb, 0x80,
    0x40, 0x3f, 0x85, 0xe2, 0xe, 0x1, 0xcd, 0x10,
    0x71, 0x0, 0xff, 0xf9, 0x57, 0xfd, 0x80, 0x1f,
    0xff, 0xf0, 0xf, 0xff, 0xf8, 0x7, 0xff, 0xfc,
    0x3, 0xff, 0xfe, 0x1, 0xff, 0xff, 0x0, 0xff,
    0xed, 0xa, 0xae, 0x10, 0xf, 0xfe, 0x32, 0xd5,
    0x62, 0x0, 0xff, 0xe3, 0x38, 0x7, 0xff, 0x2c,
    0x40, 0x33, 0x0, 0x7e, 0x60, 0x9, 0x80, 0x38,
    0x80, 0x36, 0x0, 0x7e, 0x30, 0x8, 0x80, 0x3c,
    0x60, 0x13, 0x10, 0x7, 0xa0, 0x3, 0x60, 0x7,
    0xa8, 0x3, 0x62, 0x0, 0x68, 0x70, 0x8, 0x50,
    0x3, 0xcc, 0x60, 0x10, 0xdf, 0x66, 0x3d, 0xc0,
    0x35, 0x80, 0x7e, 0xd1, 0x0, 0xc2, 0x66, 0x0,
    0xe7, 0x50, 0xf, 0xc3, 0xea, 0x1, 0xfc, 0x35,
    0x0, 0x1f, 0xe1, 0xad, 0x73, 0x10, 0x1, 0x2c,
    0xf2, 0x80, 0x7e,

    /* U+0135 "ĵ" */
    0x0, 0xe7, 0x88, 0x38, 0x80, 0x7e, 0xb8, 0x77,
    0x46, 0x80, 0x7d, 0x48, 0x0, 0x10, 0x3a, 0x0,
    0xe9, 0x50, 0x5, 0x50, 0x0, 0xb2, 0x1, 0x43,
    0x0, 0x21, 0x52, 0x40, 0xd, 0x0, 0xee, 0x0,
    0x2b, 0x80, 0x19, 0x80, 0x7, 0x67, 0xff, 0xa8,
    0x3, 0x4f, 0xfc, 0xc0, 0x1f, 0xfd, 0x42, 0xff,
    0xc6, 0x1, 0xff, 0xff, 0x0, 0xff, 0xff, 0x80,
    0x7f, 0xff, 0xc0, 0x3f, 0xff, 0xe0, 0x1f, 0xfc,
    0x91, 0x0, 0xfc, 0xe0, 0x18, 0xc0, 0x3e, 0x19,
    0x0, 0x84, 0x40, 0x1c, 0xf7, 0xc6, 0x1, 0x38,
    0x7, 0xb5, 0x0, 0x30, 0xc0, 0x7, 0xfc, 0x3a,
    0x20, 0x1f, 0x85, 0x27, 0x8c, 0x3, 0xc0,

    /* U+0136 "Ķ" */
    0xcf, 0xfa, 0x80, 0x3f, 0xf8, 0x19, 0xff, 0xb0,
    0x3, 0xff, 0x8b, 0x66, 0x1, 0x16, 0x80, 0x7f,
    0xf1, 0x25, 0x0, 0x21, 0xf1, 0x0, 0xff, 0xe1,
    0xc3, 0x0, 0x43, 0x84, 0x1, 0xff, 0xc3, 0x67,
    0x0, 0xda, 0x40, 0x1f, 0xfc, 0x35, 0x90, 0xd,
    0x66, 0x1, 0xff, 0xc3, 0x4a, 0x0, 0xd2, 0x80,
    0x1f, 0xfc, 0x33, 0xb0, 0xd, 0xc, 0x1, 0xff,
    0xc3, 0x2d, 0x0, 0xce, 0xe0, 0xf, 0xfe, 0x18,
    0xf8, 0x80, 0x4b, 0x0, 0x1f, 0xfc, 0x4d, 0x20,
    0x9, 0x28, 0x3, 0xff, 0x89, 0x46, 0x1, 0x1d,
    0x80, 0x7f, 0xf1, 0x1d, 0x40, 0x36, 0x80, 0x7f,
    0xf1, 0xe, 0x0, 0x3a, 0x40, 0x3f, 0xf8, 0x63,
    0xa0, 0x1e, 0x73, 0x0, 0xff, 0xe1, 0x20, 0x80,
    0x8, 0x3, 0x68, 0x7, 0xff, 0x14, 0xf5, 0xc0,
    0x21, 0xa0, 0xf, 0xfe, 0x19, 0x68, 0x41, 0x0,
    0x4a, 0xa0, 0xf, 0xfe, 0x9, 0x60, 0x80, 0x38,
    0x3, 0x58, 0x80, 0x7f, 0xc3, 0xe2, 0x1, 0x1c,
    0x0, 0x43, 0x40, 0x1f, 0xf2, 0x10, 0x7, 0x39,
    0x80, 0x48, 0xe0, 0x1f, 0xfc, 0x6e, 0x0, 0xd0,
    0x40, 0x1f, 0xfc, 0x52, 0x90, 0xd, 0xe0, 0x1f,
    0xfc, 0x66, 0x50, 0x8, 0xa0, 0x3, 0xff, 0x8d,
    0x62, 0x1, 0x3a, 0x0, 0x7f, 0xf1, 0x46, 0x80,
    0x35, 0x8, 0x7, 0xff, 0x15, 0x18, 0x2, 0x1b,
    0x0, 0xff, 0xe3, 0x49, 0x0, 0x4a, 0xa0, 0xf,
    0xfe, 0x37, 0x0, 0x6a, 0x2c, 0xff, 0xa8, 0x3,
    0xff, 0x80, 0x7f, 0xfc, 0x40, 0x1f, 0xfd, 0x45,
    0xff, 0xb0, 0x3, 0xff, 0x8f, 0xa0, 0x15, 0x80,
    0x7f, 0xf1, 0xd0, 0x2, 0x60, 0xf, 0xfe, 0x39,
    0x80, 0x10, 0x40, 0x3f, 0xf8, 0xc6, 0x1, 0x70,
    0x7, 0xff, 0x1d, 0x0, 0x2, 0xa0, 0x1f, 0xfc,
    0x7c, 0x0, 0x38, 0x7, 0xff, 0x22, 0x73, 0x10,
    0x1, 0xff, 0xc1,

    /* U+0137 "ķ" */
    0x1f, 0xfc, 0x60, 0x1f, 0xff, 0xf0, 0xf, 0xff,
    0xe2, 0x7f, 0xed, 0x10, 0xf, 0xfe, 0x1, 0xd8,
    0x4, 0x58, 0x20, 0x1f, 0xf1, 0xe0, 0x4, 0x3e,
    0x20, 0x1f, 0xf1, 0x68, 0x4, 0x38, 0x40, 0x1f,
    0xf0, 0xe0, 0x80, 0x5a, 0x40, 0x1f, 0xf0, 0xe0,
    0x80, 0x56, 0x60, 0x1f, 0xfc, 0xd, 0x20, 0xa,
    0x90, 0x3, 0xff, 0x81, 0x66, 0x1, 0x4a, 0x80,
    0x7f, 0xf0, 0x29, 0x0, 0x28, 0x60, 0xf, 0xfe,
    0x7, 0x28, 0x4, 0x6e, 0x1, 0xff, 0xc1, 0x20,
    0xc, 0x6a, 0x1, 0xff, 0xc7, 0xa2, 0x0, 0xff,
    0xe0, 0x93, 0x80, 0x6e, 0x0, 0xff, 0xe0, 0x16,
    0x42, 0x0, 0x47, 0x20, 0x1f, 0xf7, 0x8, 0x50,
    0x80, 0x4c, 0xa0, 0x1f, 0xfc, 0x11, 0xd0, 0xd,
    0x44, 0x1, 0xff, 0xc1, 0x38, 0x0, 0xdc, 0x1,
    0xff, 0xc2, 0x74, 0x0, 0x8e, 0x40, 0x3f, 0xf8,
    0x54, 0x20, 0x13, 0x28, 0x7, 0xff, 0x4, 0x74,
    0x3, 0x51, 0x0, 0x7f, 0xf0, 0x4e, 0x0, 0x37,
    0x0, 0x7f, 0xf0, 0x9d, 0x0, 0x23, 0x91, 0xff,
    0xc6, 0x1, 0xfa, 0xff, 0xf4, 0x80, 0x7f, 0xf3,
    0xef, 0xfe, 0x60, 0xf, 0xfe, 0x1a, 0x0, 0x4e,
    0x1, 0xff, 0xc2, 0x30, 0x9, 0x44, 0x3, 0xff,
    0x84, 0xa0, 0x17, 0x0, 0x7f, 0xf0, 0xf0, 0x0,
    0x28, 0x1, 0xff, 0xc3, 0x70, 0x3, 0x0, 0x7f,
    0xf0, 0xc4, 0x80, 0x14, 0x1, 0xff, 0xc3, 0x1c,
    0xc6, 0x90, 0x7, 0xf8,

    /* U+0138 "ĸ" */
    0x1f, 0xfc, 0x60, 0x1f, 0x1f, 0xfe, 0xe1, 0x0,
    0xff, 0xe0, 0xf0, 0x6, 0xa1, 0x0, 0xff, 0xe0,
    0x49, 0x0, 0x50, 0x80, 0x1f, 0xfc, 0x5, 0x60,
    0x9, 0x5c, 0x3, 0xff, 0x80, 0x54, 0x1, 0x15,
    0x0, 0x7f, 0xf0, 0x78, 0x3, 0x78, 0x7, 0xff,
    0x6, 0xc, 0x2, 0xa2, 0x0, 0xff, 0xe0, 0x23,
    0x80, 0x4e, 0xa0, 0x1f, 0xfc, 0x1, 0xa0, 0x8,
    0xe0, 0x3, 0xff, 0x83, 0x62, 0x0, 0x1d, 0x0,
    0xff, 0xe0, 0x67, 0xa8, 0x5, 0xa2, 0x1, 0xff,
    0xc5, 0x53, 0x0, 0xff, 0xe3, 0x2a, 0x0, 0x7f,
    0xf0, 0x73, 0xcc, 0x2, 0xb2, 0x0, 0xff, 0xe1,
    0x68, 0x80, 0x5e, 0x20, 0x1f, 0xfc, 0x11, 0xd0,
    0x8, 0xb4, 0x3, 0xff, 0x84, 0x72, 0x1, 0x1d,
    0x0, 0x7f, 0xf0, 0x99, 0x80, 0x12, 0xb8, 0x7,
    0xff, 0xa, 0x4c, 0x2, 0x85, 0x0, 0xff, 0xe1,
    0x68, 0x80, 0x54, 0x60, 0x1f, 0xfc, 0x11, 0xd0,
    0xd, 0xa2, 0x1, 0xff, 0xc1, 0x39, 0x0, 0x87,
    0x40,

    /* U+0139 "Ĺ" */
    0x0, 0xab, 0x76, 0x70, 0xf, 0xfe, 0x1, 0xa9,
    0x10, 0xd8, 0x3, 0xff, 0x81, 0x20, 0x15, 0x8,
    0x7, 0xfc, 0x4a, 0x0, 0x54, 0x0, 0xff, 0xe0,
    0x58, 0x0, 0x6c, 0x3, 0xff, 0x80, 0x2c, 0x0,
    0xa1, 0x0, 0xff, 0xe0, 0xf, 0xfc, 0x80, 0x1f,
    0xfe, 0x5c, 0xff, 0xa8, 0x3, 0xff, 0xfe, 0x1,
    0xff, 0xff, 0x0, 0xff, 0xff, 0x80, 0x7f, 0xff,
    0xc0, 0x3f, 0xff, 0xe0, 0x1f, 0xff, 0xe5, 0xdd,
    0xff, 0xe0, 0x58, 0x7, 0x11, 0x7f, 0xf0, 0x18,
    0x3, 0xff, 0xb0,

    /* U+013A "ĺ" */
    0x0, 0x8b, 0x37, 0x58, 0x40, 0x15, 0x99, 0x11,
    0x48, 0x0, 0x2c, 0x0, 0x29, 0x0, 0xa4, 0x2,
    0x90, 0xc, 0xe0, 0x6, 0x40, 0x9, 0xc0, 0x5,
    0x20, 0x19, 0xff, 0xda, 0x1, 0xff, 0xca, 0x1f,
    0xfc, 0x60, 0x1f, 0xff, 0xf0, 0xf, 0xff, 0xf8,
    0x7, 0xff, 0xfc, 0x3, 0xff, 0xa4,

    /* U+013B "Ļ" */
    0xcf, 0xfa, 0x80, 0x3f, 0xff, 0xe0, 0x1f, 0xff,
    0xf0, 0xf, 0xff, 0xf8, 0x7, 0xff, 0xfc, 0x3,
    0xff, 0xfe, 0x1, 0xff, 0xfe, 0x5d, 0xdf, 0xfe,
    0x5, 0x80, 0x71, 0x17, 0xff, 0x1, 0x80, 0x3f,
    0xfb, 0x19, 0xff, 0xff, 0xc4, 0xd0, 0xf, 0xfe,
    0x61, 0xff, 0xdc, 0x1, 0xff, 0xc1, 0x40, 0x9,
    0x80, 0x3f, 0xf8, 0x3a, 0x1, 0x50, 0x7, 0xff,
    0x5, 0x0, 0x6, 0x40, 0x1f, 0xfc, 0x2, 0x10,
    0x5, 0x0, 0x7f, 0xf0, 0x5c, 0x2, 0x70, 0xf,
    0xfe, 0xe, 0x0, 0x14, 0x40, 0x3f, 0xf8, 0x37,
    0x98, 0xb0, 0xf, 0xe0,

    /* U+013C "ļ" */
    0x1, 0xff, 0xc6, 0x1, 0xff, 0xff, 0x0, 0xff,
    0xff, 0x80, 0x7f, 0xf8, 0xc7, 0xff, 0x18, 0x7,
    0xe3, 0xff, 0xb8, 0x0, 0x80, 0x13, 0x0, 0x34,
    0x2, 0xa0, 0x2, 0x0, 0xc, 0x80, 0x84, 0x1,
    0x40, 0x7, 0x0, 0x9c, 0x1, 0x80, 0x4, 0x10,
    0x5, 0xe6, 0x28, 0x2,

    /* U+013D "Ľ" */
    0x0, 0xfe, 0x36, 0x68, 0x40, 0x3f, 0xf8, 0x35,
    0x33, 0x18, 0x6, 0xcf, 0xfa, 0x80, 0x3f, 0x10,
    0x7, 0xff, 0x10, 0x40, 0x3f, 0xf8, 0xaa, 0x1,
    0xff, 0xc5, 0x20, 0xf, 0xfe, 0x2f, 0x0, 0x7f,
    0xf1, 0x48, 0x3, 0xff, 0x85, 0x3f, 0xe5, 0x0,
    0xff, 0xff, 0x80, 0x7f, 0xff, 0xc0, 0x3f, 0xff,
    0xe0, 0x1f, 0xff, 0xf0, 0xf, 0xfe, 0xaa, 0xee,
    0xff, 0xf0, 0x2c, 0x3, 0x88, 0xbf, 0xf8, 0xc,
    0x1, 0xff, 0xd8,

    /* U+013E "ľ" */
    0x0, 0xfc, 0xcd, 0x20, 0x7, 0xc3, 0x33, 0x68,
    0xff, 0xe3, 0x0, 0xee, 0x0, 0xff, 0x88, 0x3,
    0xfe, 0x60, 0xf, 0xf8, 0xc0, 0x3f, 0xc2, 0x1,
    0xff, 0x10, 0x7, 0xe1, 0xff, 0x60, 0x7, 0xff,
    0xfc, 0x3, 0xff, 0xfe, 0x1, 0xff, 0xff, 0x0,
    0xff, 0xee, 0x0,

    /* U+013F "Ŀ" */
    0xcf, 0xfa, 0xc0, 0x3f, 0xff, 0xe0, 0x1f, 0xff,
    0xf0, 0xf, 0xfe, 0xb3, 0xff, 0xa8, 0x3, 0xff,
    0x82, 0xb0, 0x0, 0x59, 0x0, 0xff, 0xe0, 0x68,
    0x6, 0x50, 0xf, 0xfe, 0x6, 0x0, 0x64, 0x0,
    0xff, 0xe0, 0x24, 0x88, 0x9a, 0x0, 0x3f, 0xf8,
    0x2d, 0xdc, 0x90, 0xf, 0xff, 0xf8, 0x7, 0xff,
    0xfc, 0x3, 0xff, 0x92, 0x9b, 0xbf, 0xfc, 0xb,
    0x0, 0xe2, 0x2f, 0xfe, 0x2, 0x80, 0x7f, 0xf6,
    0x0,

    /* U+0140 "ŀ" */
    0x1f, 0xfc, 0x60, 0x1f, 0xff, 0xf0, 0xf, 0xff,
    0xf8, 0x7, 0xff, 0x20, 0xaf, 0xf0, 0xc0, 0x3f,
    0xbd, 0x0, 0xf0, 0x40, 0x3e, 0x32, 0x0, 0xce,
    0x1, 0xff, 0xc1, 0x30, 0xf, 0x8d, 0x0, 0x22,
    0x50, 0xf, 0xd7, 0x8, 0xf8, 0x1, 0xfe, 0x7b,
    0x81, 0x0, 0xff, 0xff, 0x80, 0x7f, 0xfd, 0x80,

    /* U+0141 "Ł" */
    0x0, 0xcf, 0xff, 0x80, 0x3f, 0xff, 0xe0, 0x1f,
    0xff, 0xf0, 0xf, 0xfe, 0x23, 0x70, 0x7, 0xff,
    0x1c, 0xf2, 0x44, 0x3, 0xff, 0x8a, 0x35, 0x86,
    0x1, 0xff, 0xc6, 0x8e, 0x50, 0xf, 0xfe, 0x43,
    0x80, 0x63, 0xc0, 0xf, 0xfe, 0x38, 0xd6, 0x18,
    0x7, 0xf8, 0x60, 0x3, 0xcf, 0xca, 0x1, 0xff,
    0x3f, 0x0, 0x72, 0xf4, 0x0, 0x7f, 0xc3, 0xb0,
    0x1, 0xea, 0x10, 0xf, 0xfe, 0x1, 0x10, 0x3,
    0xff, 0xc4, 0xbb, 0x0, 0x1f, 0xfc, 0x62, 0xba,
    0x20, 0xf, 0xfe, 0x38, 0xa0, 0x7, 0xff, 0xfc,
    0x3, 0xff, 0xc7, 0xbb, 0xff, 0xc1, 0x20, 0xf,
    0xe2, 0x2f, 0xfe, 0x8, 0x7, 0xff, 0x8c,

    /* U+0142 "ł" */
    0x0, 0x87, 0xff, 0x18, 0x7, 0xff, 0xfc, 0x3,
    0xfc, 0xe8, 0x1, 0xfa, 0xf6, 0x4, 0x3, 0xf3,
    0x90, 0x7, 0xff, 0x5, 0x80, 0x29, 0x0, 0xe4,
    0xd3, 0x4, 0xd7, 0x0, 0xd1, 0x64, 0x9, 0x64,
    0x1, 0xc8, 0x1, 0xff, 0xc5, 0x4b, 0x0, 0xfc,
    0xf7, 0x65, 0x0, 0xfc, 0x68, 0x1, 0xff, 0xff,
    0x0, 0xff, 0xfb, 0x80,

    /* U+0143 "Ń" */
    0x0, 0xff, 0xe0, 0xe6, 0xec, 0x60, 0x1f, 0xfc,
    0x77, 0x32, 0x23, 0x98, 0x7, 0xff, 0x1e, 0x40,
    0x3, 0x60, 0x1f, 0xfc, 0x76, 0x10, 0x5, 0x88,
    0x7, 0xff, 0x1e, 0xc0, 0xa, 0xa0, 0xf, 0xfe,
    0x3a, 0x90, 0xd, 0x80, 0x7f, 0xf2, 0x17, 0xfd,
    0xc2, 0x1, 0xff, 0xf0, 0xcf, 0xfd, 0x40, 0x1f,
    0xfc, 0x17, 0xff, 0xc0, 0x1e, 0x54, 0x0, 0xff,
    0xe6, 0x50, 0x7, 0xff, 0x30, 0x64, 0x3, 0xff,
    0x98, 0xc6, 0x1, 0xff, 0xc8, 0x10, 0xb, 0x80,
    0x3f, 0xf9, 0xc, 0x20, 0x2, 0x70, 0xf, 0xfe,
    0x44, 0x80, 0x50, 0x40, 0x1f, 0xfc, 0x77, 0x20,
    0xa, 0x40, 0x3f, 0xf8, 0xc2, 0x10, 0x1, 0x23,
    0x0, 0x7f, 0xf1, 0x4c, 0x14, 0xc0, 0x28, 0x10,
    0xf, 0xfe, 0x3f, 0x80, 0x43, 0x60, 0x1f, 0xfc,
    0x41, 0x0, 0x1b, 0x0, 0x4a, 0x80, 0x1f, 0xfc,
    0x78, 0x10, 0xa, 0x80, 0x3f, 0xf8, 0xe3, 0x60,
    0x10, 0xc0, 0x7, 0xff, 0x1d, 0x50, 0x2, 0x73,
    0x0, 0xff, 0xe3, 0xc8, 0x6, 0xf0, 0xf, 0xfe,
    0x39, 0x40, 0x4, 0x6e, 0x1, 0xff, 0xc7, 0x73,
    0x0, 0xa0, 0x40, 0x3f, 0xf8, 0xfe, 0x1, 0xac,
    0x4, 0x3, 0xff, 0x8a, 0x6e, 0x1, 0x29, 0x80,
    0x7f, 0xf1, 0xe0, 0x80, 0x28, 0x30, 0xf, 0xfe,
    0x3c, 0x80, 0x48, 0x40, 0x1f, 0xfc, 0x74, 0x50,
    0xa, 0x40, 0x3f, 0xf9, 0x16, 0x20, 0x1, 0x0,
    0xff, 0xe4, 0xd, 0x80, 0x7f, 0xf3, 0x15, 0x0,
    0x3f, 0xf9, 0x92, 0x1, 0xff, 0xcc, 0x28, 0x0,
    0xf0,

    /* U+0144 "ń" */
    0x0, 0xff, 0x1f, 0xfe, 0x20, 0xf, 0xfe, 0x14,
    0x0, 0x52, 0x40, 0x1f, 0xfc, 0x12, 0x40, 0x1,
    0xb0, 0x7, 0xff, 0xa, 0x0, 0x2e, 0x0, 0xff,
    0xe1, 0xa, 0x80, 0x24, 0x80, 0x3f, 0xf8, 0x4e,
    0x44, 0x56, 0x0, 0xff, 0xe1, 0xb6, 0xea, 0x80,
    0x3f, 0xfa, 0x3, 0xff, 0x80, 0x24, 0xae, 0xfe,
    0xc8, 0x10, 0xf, 0xf0, 0xdd, 0x94, 0x40, 0x4d,
    0xf9, 0x80, 0x3f, 0xb5, 0x0, 0x3f, 0x4b, 0x0,
    0x7c, 0xe6, 0x0, 0x33, 0x8, 0x7, 0x49, 0x0,
    0x7a, 0x2, 0x3f, 0x31, 0xd8, 0x40, 0x1a, 0xc0,
    0x3e, 0xa7, 0x0, 0xc7, 0x82, 0x1, 0x20, 0x7,
    0x91, 0x40, 0x3c, 0x2c, 0x1, 0x10, 0x7, 0xb4,
    0x3, 0xf5, 0x80, 0x61, 0x0, 0xe5, 0x0, 0xfc,
    0x20, 0x18, 0xc0, 0x3f, 0xff, 0xe0, 0x1f, 0xff,
    0xf0, 0xf, 0xff, 0xf8, 0x7, 0xff, 0x5c,

    /* U+0145 "Ņ" */
    0xcf, 0xfd, 0x40, 0x1f, 0xfc, 0x17, 0xff, 0xc0,
    0x1e, 0x54, 0x0, 0xff, 0xe6, 0x50, 0x7, 0xff,
    0x30, 0x64, 0x3, 0xff, 0x98, 0xc6, 0x1, 0xff,
    0xc8, 0x10, 0xb, 0x80, 0x3f, 0xf9, 0xc, 0x20,
    0x2, 0x70, 0xf, 0xfe, 0x44, 0x80, 0x50, 0x40,
    0x1f, 0xfc, 0x77, 0x20, 0xa, 0x40, 0x3f, 0xf8,
    0xc2, 0x10, 0x1, 0x23, 0x0, 0x7f, 0xf1, 0x4c,
    0x14, 0xc0, 0x28, 0x10, 0xf, 0xfe, 0x3f, 0x80,
    0x43, 0x60, 0x1f, 0xfc, 0x41, 0x0, 0x1b, 0x0,
    0x4a, 0x80, 0x1f, 0xfc, 0x78, 0x10, 0xa, 0x80,
    0x3f, 0xf8, 0xe3, 0x60, 0x10, 0xc0, 0x7, 0xff,
    0x1d, 0x50, 0x2, 0x73, 0x0, 0xff, 0xe3, 0xc8,
    0x6, 0xf0, 0xf, 0xfe, 0x39, 0x40, 0x4, 0x6e,
    0x1, 0xff, 0xc7, 0x73, 0x0, 0xa0, 0x40, 0x3f,
    0xf8, 0xfe, 0x1, 0xac, 0x4, 0x3, 0xff, 0x8a,
    0x6e, 0x1, 0x29, 0x80, 0x7f, 0xf1, 0xe0, 0x80,
    0x28, 0x30, 0xf, 0xfe, 0x3c, 0x80, 0x48, 0x40,
    0x1f, 0xfc, 0x74, 0x50, 0xa, 0x40, 0x3f, 0xf9,
    0x16, 0x20, 0x1, 0x0, 0xff, 0xe4, 0xd, 0x80,
    0x7f, 0xf3, 0x15, 0x0, 0x3f, 0xf9, 0x92, 0x1,
    0xff, 0xcc, 0x28, 0x0, 0xf6, 0x7f, 0xd6, 0x1,
    0xff, 0xc1, 0x7f, 0xfe, 0x0, 0xff, 0xeb, 0x8f,
    0xfe, 0x10, 0xf, 0xfe, 0x3a, 0x0, 0x4a, 0x20,
    0x1f, 0xfc, 0x7d, 0x0, 0xb8, 0x3, 0xff, 0x90,
    0x80, 0x1, 0x40, 0xf, 0xfe, 0x41, 0x80, 0x18,
    0x3, 0xff, 0x90, 0x60, 0x15, 0x0, 0x7f, 0xf2,
    0x10, 0x0, 0x64, 0x1, 0xff, 0xc8, 0x6c, 0xc6,
    0x80, 0x7f, 0xf0, 0x40,

    /* U+0146 "ņ" */
    0x1f, 0xfc, 0x1, 0x25, 0x77, 0xf6, 0x40, 0x80,
    0x7f, 0x86, 0xec, 0xa2, 0x2, 0x6f, 0xcc, 0x1,
    0xfd, 0xa8, 0x1, 0xfa, 0x58, 0x3, 0xe7, 0x30,
    0x1, 0x98, 0x40, 0x3a, 0x48, 0x3, 0xd0, 0x11,
    0xf9, 0x8e, 0xc2, 0x0, 0xd6, 0x1, 0xf5, 0x38,
    0x6, 0x3c, 0x10, 0x9, 0x0, 0x3c, 0x8a, 0x1,
    0xe1, 0x60, 0x8, 0x80, 0x3d, 0xa0, 0x1f, 0xac,
    0x3, 0x8, 0x7, 0x28, 0x7, 0xe1, 0x0, 0xc6,
    0x1, 0xff, 0xff, 0x0, 0xff, 0xff, 0x80, 0x7f,
    0xff, 0xc0, 0x3f, 0xfa, 0xe3, 0xff, 0x8c, 0x3,
    0xf1, 0x7f, 0xe2, 0x0, 0xff, 0xe7, 0x9f, 0xfd,
    0xc0, 0x1f, 0xfc, 0x35, 0x0, 0x9c, 0x3, 0xff,
    0x87, 0x80, 0x15, 0x0, 0x7f, 0xf0, 0xd0, 0x0,
    0x46, 0x1, 0xff, 0xc2, 0x11, 0x0, 0x28, 0x3,
    0xff, 0x86, 0x80, 0x13, 0x0, 0x7f, 0xf0, 0xf0,
    0x0, 0x82, 0x1, 0xff, 0xc3, 0xbc, 0xc5, 0x0,
    0x7f, 0x80,

    /* U+0147 "Ň" */
    0x0, 0xe3, 0x88, 0x90, 0x3, 0x14, 0x44, 0xc0,
    0x1f, 0xf1, 0x99, 0xdd, 0x66, 0x0, 0x1f, 0x77,
    0x94, 0x3, 0xff, 0x81, 0x64, 0x0, 0xd1, 0xa,
    0x20, 0x5, 0x98, 0x7, 0xff, 0x7, 0x4, 0x7,
    0x65, 0x0, 0x14, 0x80, 0x1f, 0xfc, 0x21, 0xc1,
    0x3, 0x60, 0x4, 0xa8, 0x7, 0xff, 0x10, 0xb4,
    0x3, 0x43, 0x0, 0x7f, 0xf1, 0x8f, 0xff, 0x38,
    0x7, 0xff, 0xc3, 0x3f, 0xf5, 0x0, 0x7f, 0xf0,
    0x5f, 0xff, 0x0, 0x79, 0x50, 0x3, 0xff, 0x99,
    0x40, 0x1f, 0xfc, 0xc1, 0x90, 0xf, 0xfe, 0x63,
    0x18, 0x7, 0xff, 0x20, 0x40, 0x2e, 0x0, 0xff,
    0xe4, 0x30, 0x80, 0x9, 0xc0, 0x3f, 0xf9, 0x12,
    0x1, 0x41, 0x0, 0x7f, 0xf1, 0xdc, 0x80, 0x29,
    0x0, 0xff, 0xe3, 0x8, 0x40, 0x4, 0x8c, 0x1,
    0xff, 0xc5, 0x30, 0x53, 0x0, 0xa0, 0x40, 0x3f,
    0xf8, 0xfe, 0x1, 0xd, 0x80, 0x7f, 0xf1, 0x4,
    0x0, 0x6c, 0x1, 0x2a, 0x0, 0x7f, 0xf1, 0xe0,
    0x40, 0x2a, 0x0, 0xff, 0xe3, 0x8d, 0x80, 0x43,
    0x0, 0x1f, 0xfc, 0x75, 0x40, 0x9, 0xcc, 0x3,
    0xff, 0x8f, 0x20, 0x1b, 0xc0, 0x3f, 0xf8, 0xe5,
    0x0, 0x11, 0xb8, 0x7, 0xff, 0x1d, 0xcc, 0x2,
    0x81, 0x0, 0xff, 0xe3, 0xf8, 0x6, 0xb0, 0x10,
    0xf, 0xfe, 0x29, 0xb8, 0x4, 0xa6, 0x1, 0xff,
    0xc7, 0x82, 0x0, 0xa0, 0xc0, 0x3f, 0xf8, 0xf2,
    0x1, 0x21, 0x0, 0x7f, 0xf1, 0xd1, 0x40, 0x29,
    0x0, 0xff, 0xe4, 0x58, 0x80, 0x4, 0x3, 0xff,
    0x90, 0x36, 0x1, 0xff, 0xcc, 0x54, 0x0, 0xff,
    0xe6, 0x48, 0x7, 0xff, 0x30, 0xa0, 0x3, 0xc0,

    /* U+0148 "ň" */
    0x0, 0x92, 0x22, 0x30, 0xc, 0x71, 0x12, 0x80,
    0x79, 0x15, 0xdd, 0xa4, 0x0, 0x1d, 0x77, 0x33,
    0x80, 0x7d, 0x82, 0x3, 0xe0, 0xd, 0x10, 0x6,
    0x90, 0x7, 0xc3, 0x82, 0x5, 0x74, 0x60, 0xc,
    0x30, 0xf, 0xe2, 0xd0, 0x2, 0x28, 0x2, 0xcc,
    0x3, 0xfe, 0x3b, 0x0, 0xd4, 0x80, 0x1f, 0xfc,
    0x14, 0xff, 0xca, 0x1, 0xff, 0xe3, 0x1f, 0xfc,
    0x1, 0x25, 0x77, 0xf6, 0x40, 0x80, 0x7f, 0x86,
    0xec, 0xa2, 0x2, 0x6f, 0xcc, 0x1, 0xfd, 0xa8,
    0x1, 0xfa, 0x58, 0x3, 0xe7, 0x30, 0x1, 0x98,
    0x40, 0x3a, 0x48, 0x3, 0xd0, 0x11, 0xf9, 0x8e,
    0xc2, 0x0, 0xd6, 0x1, 0xf5, 0x38, 0x6, 0x3c,
    0x10, 0x9, 0x0, 0x3c, 0x8a, 0x1, 0xe1, 0x60,
    0x8, 0x80, 0x3d, 0xa0, 0x1f, 0xac, 0x3, 0x8,
    0x7, 0x28, 0x7, 0xe1, 0x0, 0xc6, 0x1, 0xff,
    0xff, 0x0, 0xff, 0xff, 0x80, 0x7f, 0xff, 0xc0,
    0x3f, 0xfa, 0xe0,

    /* U+014A "Ŋ" */
    0xcf, 0xfd, 0x40, 0x1f, 0xfc, 0x17, 0xff, 0xc0,
    0x1e, 0x54, 0x0, 0xff, 0xe6, 0x50, 0x7, 0xff,
    0x30, 0x64, 0x3, 0xff, 0x98, 0xc6, 0x1, 0xff,
    0xc8, 0x10, 0xb, 0x80, 0x3f, 0xf9, 0xc, 0x20,
    0x2, 0x70, 0xf, 0xfe, 0x44, 0x80, 0x50, 0x40,
    0x1f, 0xfc, 0x77, 0x20, 0xa, 0x40, 0x3f, 0xf8,
    0xc2, 0x10, 0x1, 0x23, 0x0, 0x7f, 0xf1, 0x4c,
    0x14, 0xc0, 0x28, 0x10, 0xf, 0xfe, 0x3f, 0x80,
    0x43, 0x60, 0x1f, 0xfc, 0x41, 0x0, 0x1b, 0x0,
    0x4a, 0x80, 0x1f, 0xfc, 0x78, 0x10, 0xa, 0x80,
    0x3f, 0xf8, 0xe3, 0x60, 0x10, 0xc0, 0x7, 0xff,
    0x1d, 0x50, 0x2, 0x73, 0x0, 0xff, 0xe3, 0xc8,
    0x6, 0xf0, 0xf, 0xfe, 0x39, 0x40, 0x4, 0x6e,
    0x1, 0xff, 0xc7, 0x73, 0x0, 0xa0, 0x40, 0x3f,
    0xf8, 0xfe, 0x1, 0xac, 0x4, 0x3, 0xff, 0x8a,
    0x6e, 0x1, 0x29, 0x80, 0x7f, 0xf1, 0xe0, 0x80,
    0x28, 0x30, 0xf, 0xfe, 0x3c, 0x80, 0x48, 0x40,
    0x1f, 0xfc, 0x74, 0x50, 0xa, 0x40, 0x3f, 0xf9,
    0x16, 0x20, 0x1, 0x0, 0xff, 0xe4, 0xd, 0x80,
    0x7f, 0xf3, 0x15, 0x0, 0x3c, 0x40, 0x1f, 0xfc,
    0x59, 0x0, 0xf0, 0x80, 0x7f, 0xf1, 0x4a, 0x0,
    0x3d, 0x9f, 0xf5, 0x80, 0x7f, 0xf0, 0x5e, 0xc0,
    0x3f, 0xff, 0xda, 0x1, 0x84, 0x3, 0xff, 0x86,
    0x77, 0x6d, 0x60, 0x8, 0x48, 0x3, 0xff, 0x86,
    0xc8, 0x82, 0x0, 0xcc, 0x1, 0xff, 0xcb, 0x48,
    0x0, 0xff, 0xe2, 0x30, 0x80, 0x5, 0x2a, 0xc0,
    0x0,

    /* U+014B "ŋ" */
    0x1f, 0xfc, 0x1, 0x25, 0x77, 0xfb, 0x60, 0x80,
    0x3f, 0xc3, 0x76, 0x51, 0x0, 0x13, 0xeb, 0x80,
    0x7f, 0x6a, 0x0, 0x7e, 0x87, 0x0, 0xf9, 0xcc,
    0x0, 0x66, 0x10, 0xe, 0x82, 0x0, 0xf4, 0x4,
    0x7e, 0x63, 0xb0, 0x80, 0x35, 0x80, 0x7d, 0x4e,
    0x1, 0x8f, 0x4, 0x2, 0x40, 0xf, 0x22, 0x80,
    0x78, 0x64, 0x2, 0x20, 0xf, 0x68, 0x7, 0xe4,
    0x0, 0xc4, 0x1, 0xca, 0x1, 0xf8, 0x40, 0x3f,
    0xff, 0xe0, 0x1f, 0xff, 0xf0, 0xf, 0xff, 0xf8,
    0x7, 0xff, 0x70, 0x7f, 0xf1, 0x80, 0x7f, 0xf0,
    0x44, 0x3, 0xff, 0xb6, 0x20, 0x1f, 0xfc, 0x25,
    0x0, 0xc6, 0x1, 0xfe, 0x4b, 0xb7, 0x40, 0x4,
    0x22, 0x0, 0xff, 0xa, 0x20, 0x40, 0x33, 0x0,
    0x7f, 0xf1, 0x92, 0x0, 0x3f, 0xe1, 0x10, 0x0,
    0x52, 0xac, 0x0,

    /* U+014C "Ō" */
    0x0, 0xf8, 0xbf, 0xff, 0xda, 0x1, 0xff, 0xf9,
    0x2e, 0xef, 0xf6, 0x0, 0x7f, 0xf1, 0x4, 0x7f,
    0xe0, 0xf, 0xff, 0xf8, 0x7, 0xff, 0x28, 0x9e,
    0xf7, 0xfd, 0xdb, 0x4a, 0x1, 0xff, 0xc3, 0x3b,
    0xd8, 0x42, 0x0, 0x9, 0x2d, 0x7c, 0x8, 0x7,
    0xfc, 0xf8, 0x80, 0x1f, 0xf3, 0xfa, 0x0, 0x7f,
    0x54, 0x0, 0x7f, 0xf0, 0x86, 0xd4, 0x3, 0xe9,
    0x50, 0xc, 0x2f, 0x7d, 0xcd, 0xa5, 0x0, 0xea,
    0x40, 0xe, 0x56, 0x0, 0xcf, 0xd0, 0x82, 0x22,
    0x5a, 0xd3, 0x0, 0xd4, 0x20, 0x1a, 0xc0, 0x35,
    0x40, 0x7, 0xe2, 0xc5, 0x0, 0x86, 0x0, 0x26,
    0x10, 0x9, 0xd4, 0x3, 0xfe, 0xa2, 0x0, 0x98,
    0x40, 0x16, 0x1, 0xc, 0x0, 0x7f, 0xf0, 0x64,
    0x3, 0x30, 0x11, 0x0, 0x29, 0x0, 0xff, 0xe1,
    0x21, 0x80, 0x56, 0x8, 0x1, 0x94, 0x3, 0xff,
    0x87, 0x60, 0x11, 0x87, 0x80, 0x42, 0x40, 0x1f,
    0xfc, 0x34, 0x0, 0xc6, 0x40, 0x11, 0x0, 0x7f,
    0xf1, 0x8, 0x3, 0x33, 0x80, 0x4c, 0x1, 0xff,
    0xc4, 0x10, 0xc, 0x60, 0x1f, 0xfc, 0xe1, 0x0,
    0xff, 0xe7, 0xb, 0x80, 0x42, 0x1, 0xff, 0xc4,
    0x10, 0xc, 0x64, 0x1, 0x28, 0x7, 0xff, 0x10,
    0x80, 0x33, 0x78, 0x4, 0x24, 0x1, 0xff, 0xc3,
    0x40, 0xc, 0x68, 0x1, 0x94, 0x3, 0xff, 0x87,
    0x60, 0x11, 0x81, 0x10, 0x2, 0x90, 0xf, 0xfe,
    0x12, 0x18, 0x4, 0x80, 0xa, 0x0, 0x86, 0x0,
    0x3f, 0xf8, 0x32, 0x1, 0xa4, 0x0, 0xe2, 0x1,
    0x3a, 0x80, 0x7f, 0xd4, 0x40, 0x13, 0x8, 0x5,
    0x60, 0x1a, 0xa0, 0x3, 0xf1, 0x5a, 0x80, 0x43,
    0x0, 0x19, 0x58, 0x3, 0x3f, 0x41, 0x88, 0x89,
    0x6b, 0x50, 0x3, 0x50, 0x80, 0x74, 0xa8, 0x6,
    0x17, 0xce, 0xe6, 0xd2, 0x80, 0x75, 0x20, 0x7,
    0xd4, 0xe0, 0x1f, 0xfc, 0x21, 0xb5, 0x0, 0xfe,
    0x8c, 0x40, 0xf, 0xf9, 0xfd, 0x0, 0x3f, 0xe3,
    0xbd, 0x84, 0x10, 0x0, 0x92, 0xcf, 0x40, 0x80,
    0x78,

    /* U+014D "ō" */
    0x0, 0xe6, 0xff, 0xff, 0x48, 0x7, 0xff, 0xa9,
    0xbb, 0xbf, 0xd2, 0x1, 0xff, 0x8, 0xff, 0x80,
    0x3f, 0xfd, 0x82, 0xd7, 0xdf, 0xee, 0xb7, 0x10,
    0xf, 0xf9, 0xfa, 0x50, 0x40, 0x2, 0x91, 0xd2,
    0x1, 0xfd, 0x70, 0x1, 0xfe, 0x6d, 0x10, 0xf,
    0x5a, 0x0, 0x62, 0x55, 0x18, 0x6, 0x2c, 0x0,
    0xe6, 0x40, 0x8, 0xb3, 0x6a, 0x99, 0xa6, 0x1,
    0x14, 0x80, 0x68, 0x0, 0x8b, 0xc, 0x3, 0x16,
    0x18, 0x4, 0xc4, 0x0, 0x61, 0x0, 0xa4, 0x40,
    0x3e, 0xe0, 0xd, 0x40, 0xd, 0x0, 0x89, 0x0,
    0x3f, 0x12, 0x80, 0x4a, 0x0, 0x50, 0x9, 0x40,
    0x3f, 0xd8, 0x1, 0x10, 0x0, 0x40, 0x2d, 0x0,
    0xff, 0x28, 0x6, 0x31, 0x0, 0xc2, 0x1, 0xfe,
    0x20, 0xc, 0xe0, 0x1f, 0xfc, 0xa1, 0x0, 0xc2,
    0x1, 0xfe, 0x30, 0xc, 0xe0, 0x20, 0x16, 0x80,
    0x7f, 0x90, 0x3, 0x18, 0x28, 0x4, 0xa0, 0x1f,
    0xec, 0x0, 0x88, 0x1, 0xa0, 0x11, 0x20, 0x7,
    0xe2, 0x50, 0x9, 0x40, 0xc, 0x20, 0x14, 0x88,
    0x7, 0xdc, 0x1, 0xa8, 0x2, 0x80, 0x8, 0xb1,
    0x0, 0x31, 0xe1, 0x80, 0x4c, 0x40, 0x13, 0x20,
    0x4, 0x57, 0xb7, 0x5b, 0x86, 0x1, 0x14, 0x80,
    0x75, 0xa0, 0x6, 0x24, 0x52, 0x0, 0xc5, 0x80,
    0x1f, 0x5c, 0x0, 0x7f, 0x9b, 0x44, 0x3, 0xf3,
    0xf4, 0xa0, 0x80, 0x5, 0x23, 0xa4, 0x3, 0x80,

    /* U+014E "Ŏ" */
    0x0, 0xfa, 0xbf, 0xc8, 0x1, 0xd3, 0xfe, 0x40,
    0xf, 0xfe, 0x16, 0x80, 0x34, 0x3, 0x9c, 0x0,
    0xc0, 0x1f, 0xfc, 0x26, 0x0, 0x34, 0x90, 0x1e,
    0x8, 0x21, 0x0, 0x7f, 0xf0, 0x86, 0x40, 0xd,
    0xbf, 0x86, 0x3, 0x20, 0x1f, 0xfc, 0x46, 0x90,
    0xf, 0x16, 0x10, 0x7, 0xff, 0x15, 0xba, 0x55,
    0x4d, 0x7a, 0x40, 0x1f, 0xfc, 0x71, 0x6a, 0xa4,
    0xa0, 0x7, 0xff, 0xf4, 0x9e, 0xf7, 0xfd, 0xdb,
    0x4a, 0x1, 0xff, 0xc3, 0x3b, 0xd8, 0x42, 0x0,
    0x9, 0x2d, 0x7c, 0x8, 0x7, 0xfc, 0xf8, 0x80,
    0x1f, 0xf3, 0xfa, 0x0, 0x7f, 0x54, 0x0, 0x7f,
    0xf0, 0x86, 0xd4, 0x3, 0xe9, 0x50, 0xc, 0x2f,
    0x7d, 0xcd, 0xa5, 0x0, 0xea, 0x40, 0xe, 0x56,
    0x0, 0xcf, 0xd0, 0x82, 0x22, 0x5a, 0xd3, 0x0,
    0xd4, 0x20, 0x1a, 0xc0, 0x35, 0x40, 0x7, 0xe2,
    0xc5, 0x0, 0x86, 0x0, 0x26, 0x10, 0x9, 0xd4,
    0x3, 0xfe, 0xa2, 0x0, 0x98, 0x40, 0x16, 0x1,
    0xc, 0x0, 0x7f, 0xf0, 0x64, 0x3, 0x30, 0x11,
    0x0, 0x29, 0x0, 0xff, 0xe1, 0x21, 0x80, 0x56,
    0x8, 0x1, 0x94, 0x3, 0xff, 0x87, 0x60, 0x11,
    0x87, 0x80, 0x42, 0x40, 0x1f, 0xfc, 0x34, 0x0,
    0xc6, 0x40, 0x11, 0x0, 0x7f, 0xf1, 0x8, 0x3,
    0x33, 0x80, 0x4c, 0x1, 0xff, 0xc4, 0x10, 0xc,
    0x60, 0x1f, 0xfc, 0xe1, 0x0, 0xff, 0xe7, 0xb,
    0x80, 0x42, 0x1, 0xff, 0xc4, 0x10, 0xc, 0x64,
    0x1, 0x28, 0x7, 0xff, 0x10, 0x80, 0x33, 0x78,
    0x4, 0x24, 0x1, 0xff, 0xc3, 0x40, 0xc, 0x68,
    0x1, 0x94, 0x3, 0xff, 0x87, 0x60, 0x11, 0x81,
    0x10, 0x2, 0x90, 0xf, 0xfe, 0x12, 0x18, 0x4,
    0x80, 0xa, 0x0, 0x86, 0x0, 0x3f, 0xf8, 0x32,
    0x1, 0xa4, 0x0, 0xe2, 0x1, 0x3a, 0x80, 0x7f,
    0xd4, 0x40, 0x13, 0x8, 0x5, 0x60, 0x1a, 0xa0,
    0x3, 0xf1, 0x5a, 0x80, 0x43, 0x0, 0x19, 0x58,
    0x3, 0x3f, 0x41, 0x88, 0x89, 0x6b, 0x50, 0x3,
    0x50, 0x80, 0x74, 0xa8, 0x6, 0x17, 0xce, 0xe6,
    0xd2, 0x80, 0x75, 0x20, 0x7, 0xd4, 0xe0, 0x1f,
    0xfc, 0x21, 0xb5, 0x0, 0xfe, 0x8c, 0x40, 0xf,
    0xf9, 0xfd, 0x0, 0x3f, 0xe3, 0xbd, 0x84, 0x10,
    0x0, 0x92, 0xcf, 0x40, 0x80, 0x78,

    /* U+014F "ŏ" */
    0x0, 0xee, 0xff, 0x0, 0x7b, 0x7f, 0xc0, 0x1f,
    0xe2, 0x0, 0x20, 0x6, 0x22, 0x0, 0x80, 0x7f,
    0xa8, 0x1, 0x24, 0x0, 0x2f, 0x0, 0x30, 0x7,
    0xf9, 0x8c, 0xb, 0x77, 0x10, 0x14, 0x80, 0x7f,
    0xda, 0x60, 0x2, 0x20, 0x0, 0xbc, 0x40, 0x3f,
    0xe1, 0xc9, 0x31, 0x3, 0x8d, 0x20, 0xf, 0xfe,
    0x13, 0x67, 0x7e, 0x38, 0x7, 0xff, 0xb8, 0x5a,
    0xfb, 0xfd, 0xd6, 0xe2, 0x1, 0xff, 0x3f, 0x4a,
    0x8, 0x0, 0x52, 0x3a, 0x40, 0x3f, 0xae, 0x0,
    0x3f, 0xcd, 0xa2, 0x1, 0xeb, 0x40, 0xc, 0x4a,
    0xa3, 0x0, 0xc5, 0x80, 0x1c, 0xc8, 0x1, 0x16,
    0x6d, 0x53, 0x34, 0xc0, 0x22, 0x90, 0xd, 0x0,
    0x11, 0x61, 0x80, 0x62, 0xc3, 0x0, 0x98, 0x80,
    0xc, 0x20, 0x14, 0x88, 0x7, 0xdc, 0x1, 0xa8,
    0x1, 0xa0, 0x11, 0x20, 0x7, 0xe2, 0x50, 0x9,
    0x40, 0xa, 0x1, 0x28, 0x7, 0xfb, 0x0, 0x22,
    0x0, 0x8, 0x5, 0xa0, 0x1f, 0xe5, 0x0, 0xc6,
    0x20, 0x18, 0x40, 0x3f, 0xc4, 0x1, 0x9c, 0x3,
    0xff, 0x94, 0x20, 0x18, 0x40, 0x3f, 0xc6, 0x1,
    0x9c, 0x4, 0x2, 0xd0, 0xf, 0xf2, 0x0, 0x63,
    0x5, 0x0, 0x94, 0x3, 0xfd, 0x80, 0x11, 0x0,
    0x34, 0x2, 0x24, 0x0, 0xfc, 0x4a, 0x1, 0x28,
    0x1, 0x84, 0x2, 0x91, 0x0, 0xfb, 0x80, 0x35,
    0x0, 0x50, 0x1, 0x16, 0x20, 0x6, 0x3c, 0x30,
    0x9, 0x88, 0x2, 0x64, 0x0, 0x8a, 0xf6, 0xeb,
    0x70, 0xc0, 0x22, 0x90, 0xe, 0xb4, 0x0, 0xc4,
    0x8a, 0x40, 0x18, 0xb0, 0x3, 0xeb, 0x80, 0xf,
    0xf3, 0x68, 0x80, 0x7e, 0x7e, 0x94, 0x10, 0x0,
    0xa4, 0x74, 0x80, 0x70,

    /* U+0150 "Ő" */
    0x0, 0xfc, 0x3f, 0xf8, 0x80, 0x13, 0xff, 0x60,
    0x7, 0xff, 0x9, 0x80, 0x26, 0x20, 0x26, 0x0,
    0xe, 0x80, 0x7f, 0xf0, 0xa8, 0x2, 0x80, 0x4,
    0x80, 0x54, 0x20, 0x1f, 0xfc, 0x13, 0x20, 0x4,
    0x8, 0x22, 0x0, 0x10, 0x80, 0x1f, 0xfc, 0x2a,
    0x0, 0xb, 0x80, 0x24, 0x0, 0x8e, 0x1, 0xff,
    0xc3, 0x52, 0x25, 0x80, 0x10, 0x8, 0xe8, 0x3,
    0xff, 0x89, 0x9b, 0xa5, 0x0, 0x26, 0xeb, 0x4,
    0x3, 0xff, 0xf6, 0x4f, 0x7b, 0xfe, 0xed, 0xa5,
    0x0, 0xff, 0xe1, 0x9d, 0xec, 0x21, 0x0, 0x4,
    0x96, 0xbe, 0x4, 0x3, 0xfe, 0x7c, 0x40, 0xf,
    0xf9, 0xfd, 0x0, 0x3f, 0xaa, 0x0, 0x3f, 0xf8,
    0x43, 0x6a, 0x1, 0xf4, 0xa8, 0x6, 0x17, 0xbe,
    0xe6, 0xd2, 0x80, 0x75, 0x20, 0x7, 0x2b, 0x0,
    0x67, 0xe8, 0x41, 0x11, 0x2d, 0x69, 0x80, 0x6a,
    0x10, 0xd, 0x60, 0x1a, 0xa0, 0x3, 0xf1, 0x62,
    0x80, 0x43, 0x0, 0x13, 0x8, 0x4, 0xea, 0x1,
    0xff, 0x51, 0x0, 0x4c, 0x20, 0xb, 0x0, 0x86,
    0x0, 0x3f, 0xf8, 0x32, 0x1, 0x98, 0x8, 0x80,
    0x14, 0x80, 0x7f, 0xf0, 0x90, 0xc0, 0x2b, 0x4,
    0x0, 0xca, 0x1, 0xff, 0xc3, 0xb0, 0x8, 0xc3,
    0xc0, 0x21, 0x20, 0xf, 0xfe, 0x1a, 0x0, 0x63,
    0x20, 0x8, 0x80, 0x3f, 0xf8, 0x84, 0x1, 0x99,
    0xc0, 0x26, 0x0, 0xff, 0xe2, 0x8, 0x6, 0x30,
    0xf, 0xfe, 0x70, 0x80, 0x7f, 0xf3, 0x85, 0xc0,
    0x21, 0x0, 0xff, 0xe2, 0x8, 0x6, 0x32, 0x0,
    0x94, 0x3, 0xff, 0x88, 0x40, 0x19, 0xbc, 0x2,
    0x12, 0x0, 0xff, 0xe1, 0xa0, 0x6, 0x34, 0x0,
    0xca, 0x1, 0xff, 0xc3, 0xb0, 0x8, 0xc0, 0x88,
    0x1, 0x48, 0x7, 0xff, 0x9, 0xc, 0x2, 0x40,
    0x5, 0x0, 0x43, 0x0, 0x1f, 0xfc, 0x19, 0x0,
    0xd2, 0x0, 0x71, 0x0, 0x9d, 0x40, 0x3f, 0xea,
    0x20, 0x9, 0x84, 0x2, 0xb0, 0xd, 0x50, 0x1,
    0xf8, 0xad, 0x40, 0x21, 0x80, 0xc, 0xac, 0x1,
    0x9f, 0xa0, 0xc4, 0x44, 0xb5, 0xa8, 0x1, 0xa8,
    0x40, 0x3a, 0x54, 0x3, 0xb, 0xe7, 0x73, 0x69,
    0x40, 0x3a, 0x90, 0x3, 0xea, 0x70, 0xf, 0xfe,
    0x10, 0xda, 0x80, 0x7f, 0x46, 0x20, 0x7, 0xfc,
    0xfe, 0x80, 0x1f, 0xf1, 0xde, 0xc2, 0x8, 0x0,
    0x49, 0x67, 0xa0, 0x40, 0x3c,

    /* U+0151 "ő" */
    0x0, 0xf2, 0x6e, 0xd6, 0x1, 0x56, 0xec, 0xe0,
    0x1f, 0xdc, 0x45, 0x68, 0x1, 0x54, 0x44, 0x7,
    0x0, 0xfc, 0x2a, 0x0, 0x26, 0x0, 0x40, 0x5,
    0xe0, 0x1f, 0xcc, 0x1, 0x48, 0x1, 0xc8, 0x1,
    0x44, 0x1, 0xfd, 0x40, 0x4, 0x40, 0xc, 0x0,
    0x19, 0x40, 0x3f, 0x8c, 0x80, 0x12, 0x0, 0x80,
    0x1, 0xc8, 0x7, 0xf8, 0xff, 0xe2, 0x0, 0x4f,
    0xfb, 0x0, 0x3f, 0xfd, 0xa2, 0xd7, 0xdf, 0xee,
    0xb7, 0x10, 0xf, 0xf9, 0xfa, 0x50, 0x40, 0x2,
    0x91, 0xd2, 0x1, 0xfd, 0x70, 0x1, 0xfe, 0x6d,
    0x10, 0xf, 0x5a, 0x0, 0x62, 0x55, 0x18, 0x6,
    0x2c, 0x0, 0xe6, 0x40, 0x8, 0xb3, 0x6a, 0x99,
    0xa6, 0x1, 0x14, 0x80, 0x68, 0x0, 0x8b, 0xc,
    0x3, 0x16, 0x18, 0x4, 0xc4, 0x0, 0x61, 0x0,
    0xa4, 0x40, 0x3e, 0xe0, 0xd, 0x40, 0xd, 0x0,
    0x89, 0x0, 0x3f, 0x12, 0x80, 0x4a, 0x0, 0x50,
    0x9, 0x40, 0x3f, 0xd8, 0x1, 0x10, 0x0, 0x40,
    0x2d, 0x0, 0xff, 0x28, 0x6, 0x31, 0x0, 0xc2,
    0x1, 0xfe, 0x20, 0xc, 0xe0, 0x1f, 0xfc, 0xa1,
    0x0, 0xc2, 0x1, 0xfe, 0x30, 0xc, 0xe0, 0x20,
    0x16, 0x80, 0x7f, 0x90, 0x3, 0x18, 0x28, 0x4,
    0xa0, 0x1f, 0xec, 0x0, 0x88, 0x1, 0xa0, 0x11,
    0x20, 0x7, 0xe2, 0x50, 0x9, 0x40, 0xc, 0x20,
    0x14, 0x88, 0x7, 0xdc, 0x1, 0xa8, 0x2, 0x80,
    0x8, 0xb1, 0x0, 0x31, 0xe1, 0x80, 0x4c, 0x40,
    0x13, 0x20, 0x4, 0x57, 0xb7, 0x5b, 0x86, 0x1,
    0x14, 0x80, 0x75, 0xa0, 0x6, 0x24, 0x52, 0x0,
    0xc5, 0x80, 0x1f, 0x5c, 0x0, 0x7f, 0x9b, 0x44,
    0x3, 0xf3, 0xf4, 0xa0, 0x80, 0x5, 0x23, 0xa4,
    0x3, 0x80,

    /* U+0152 "Œ" */
    0x0, 0xfc, 0x2f, 0x5b, 0xdf, 0xff, 0xfc, 0xac,
    0x0, 0xf1, 0x57, 0x42, 0x90, 0x80, 0x7f, 0xf4,
    0x1f, 0x54, 0x3, 0xff, 0xa9, 0x30, 0x1, 0xe1,
    0x23, 0x38, 0x40, 0x31, 0x9f, 0xff, 0x5, 0x40,
    0x28, 0x60, 0xc, 0x75, 0xfd, 0xb9, 0x93, 0x0,
    0x43, 0x99, 0xff, 0xc1, 0x90, 0x2, 0x38, 0x6,
    0xac, 0x50, 0xf, 0xfe, 0x7c, 0x80, 0x6c, 0x50,
    0xf, 0xfe, 0x83, 0x10, 0x5, 0x26, 0x1, 0xff,
    0xd1, 0xb0, 0x8, 0x98, 0x3, 0xff, 0xa2, 0x44,
    0x0, 0xac, 0x3, 0xff, 0xa4, 0x80, 0x19, 0xc0,
    0x3f, 0xfa, 0x5c, 0x1, 0x10, 0x80, 0x7f, 0xf4,
    0x8c, 0x2, 0x60, 0xf, 0xfe, 0x20, 0xe6, 0x7f,
    0xf0, 0x24, 0x1c, 0x2, 0x10, 0xf, 0xfe, 0x29,
    0x9f, 0xff, 0x1, 0x40, 0x38, 0xc0, 0x3f, 0xfe,
    0xee, 0x1, 0x10, 0x7, 0xff, 0x10, 0x7f, 0xff,
    0xf8, 0x18, 0x6, 0x1, 0x30, 0x7, 0xff, 0x4f,
    0x80, 0x22, 0x10, 0xf, 0xfe, 0x92, 0x0, 0x67,
    0x0, 0xff, 0xe9, 0x11, 0x0, 0x2b, 0x0, 0xff,
    0xe9, 0xd8, 0x4, 0x4c, 0x1, 0xff, 0xd2, 0x62,
    0x0, 0xa4, 0xc0, 0x3f, 0xfa, 0x52, 0x1, 0xb1,
    0x40, 0x3f, 0xfa, 0x28, 0xe0, 0x1a, 0xad, 0x40,
    0x3f, 0xfa, 0x10, 0xc0, 0x19, 0x2b, 0xfb, 0x77,
    0x30, 0x4, 0x3b, 0xbf, 0xfc, 0x1b, 0x0, 0xd3,
    0x0, 0x1e, 0x12, 0x2c, 0x20, 0x18, 0x8b, 0xff,
    0x82, 0xa0, 0x1c, 0xfa, 0xa0, 0x1f, 0xfd, 0x62,
    0xae, 0x85, 0x20, 0xf, 0xfe, 0x60,

    /* U+0153 "œ" */
    0x0, 0xf0, 0xb5, 0xf7, 0xfb, 0xad, 0xc4, 0x3,
    0xe5, 0xad, 0xff, 0x76, 0x41, 0x0, 0x7f, 0xcf,
    0xd2, 0x82, 0x0, 0x14, 0x8e, 0x90, 0xc, 0x9b,
    0x4a, 0x40, 0x1, 0x37, 0xda, 0x10, 0xf, 0xd7,
    0x0, 0x1f, 0xe6, 0xd1, 0x7, 0xb2, 0x0, 0xfe,
    0x5f, 0x20, 0xf, 0x5a, 0x0, 0x62, 0x55, 0x18,
    0x6, 0x2c, 0x78, 0x0, 0xc4, 0xaa, 0x40, 0xc,
    0x38, 0x20, 0x19, 0x90, 0x2, 0x2c, 0xda, 0xa6,
    0x69, 0x80, 0x45, 0x0, 0x11, 0x66, 0xd5, 0x2f,
    0xdc, 0x2, 0x18, 0x0, 0xd0, 0x1, 0x16, 0x18,
    0x6, 0x2c, 0x30, 0xf, 0x16, 0x18, 0x7, 0x43,
    0x80, 0x4c, 0x40, 0x6, 0x10, 0xa, 0x44, 0x3,
    0xee, 0x0, 0xf7, 0x8, 0x7, 0xd0, 0x40, 0x12,
    0x80, 0x34, 0x2, 0x24, 0x0, 0xfc, 0x4a, 0x1,
    0x88, 0xc0, 0x3f, 0x94, 0x2, 0xc0, 0x2, 0x80,
    0x4a, 0x1, 0xfe, 0xc0, 0xc, 0xc6, 0x7f, 0xef,
    0x0, 0x94, 0x0, 0x20, 0x16, 0x80, 0x7f, 0x94,
    0x3, 0x26, 0x67, 0xfa, 0x0, 0x21, 0x1, 0x0,
    0xc2, 0x1, 0xfe, 0x20, 0xf, 0xff, 0x78, 0x80,
    0x61, 0x0, 0xff, 0x18, 0x6, 0x3f, 0xff, 0xfe,
    0x18, 0x0, 0x40, 0x2d, 0x0, 0xff, 0x20, 0x7,
    0xff, 0x29, 0x40, 0x25, 0x0, 0xff, 0x60, 0x6,
    0x30, 0xf, 0xfe, 0x2e, 0x80, 0x44, 0x80, 0x1f,
    0x89, 0x40, 0x39, 0x80, 0x3f, 0x91, 0x88, 0x3,
    0x30, 0x80, 0x52, 0x20, 0x1f, 0x70, 0x7, 0xa4,
    0x80, 0x3e, 0x1a, 0x9d, 0xe6, 0x0, 0xa0, 0x2,
    0x2c, 0x40, 0xc, 0x78, 0x60, 0x1f, 0x6b, 0x0,
    0x72, 0x78, 0x80, 0x5, 0x40, 0x26, 0x40, 0x8,
    0xaf, 0x6e, 0xb7, 0xc, 0x2, 0x28, 0x0, 0xd3,
    0xf7, 0x57, 0xd6, 0x20, 0x13, 0x98, 0x6, 0xb4,
    0x0, 0xc4, 0x8a, 0x40, 0x18, 0xb1, 0xe0, 0x3,
    0x91, 0x50, 0x40, 0x32, 0xc0, 0x7, 0xae, 0x0,
    0x3f, 0xcd, 0xa2, 0xf, 0x64, 0x1, 0xfc, 0x33,
    0x40, 0x1f, 0x9f, 0xa5, 0x4, 0x0, 0x29, 0x1d,
    0x20, 0x19, 0x36, 0xd8, 0x80, 0x22, 0x59, 0xe6,
    0x0, 0xc0,

    /* U+0154 "Ŕ" */
    0x0, 0xff, 0x2e, 0xed, 0x60, 0x1f, 0xfc, 0x58,
    0x22, 0xb8, 0x3, 0xff, 0x88, 0x84, 0x0, 0x55,
    0x0, 0x7f, 0xf1, 0x20, 0x0, 0x36, 0x1, 0xff,
    0xc4, 0x33, 0x0, 0x2c, 0x40, 0x3f, 0xf8, 0x90,
    0x0, 0x55, 0x0, 0x7f, 0xf1, 0x6f, 0xfd, 0x40,
    0x1f, 0xfe, 0xac, 0xff, 0xff, 0xba, 0xdc, 0x80,
    0x3f, 0xf8, 0xc2, 0x91, 0xb4, 0x20, 0x1f, 0xfc,
    0x85, 0xf3, 0x0, 0xf8, 0x4c, 0xfc, 0x40, 0x1c,
    0x3a, 0x20, 0x1e, 0x4c, 0xcf, 0x6f, 0xc8, 0x80,
    0x43, 0x60, 0x1f, 0xfc, 0x36, 0xf1, 0x0, 0x94,
    0x40, 0x3f, 0xf8, 0x63, 0x60, 0x19, 0xc0, 0x3f,
    0xf8, 0x8a, 0x1, 0xbc, 0x3, 0xff, 0x8a, 0x40,
    0x11, 0x0, 0x7f, 0xf6, 0xc8, 0x2, 0x10, 0xf,
    0xfe, 0x22, 0x0, 0x6d, 0x0, 0xff, 0xe1, 0x8c,
    0x80, 0x65, 0x0, 0xff, 0xe1, 0x2e, 0x10, 0x4,
    0x84, 0x1, 0xc9, 0x99, 0xdb, 0xdf, 0x44, 0x1,
    0xa4, 0x3, 0xc2, 0x67, 0xc4, 0x20, 0x1e, 0xb2,
    0x0, 0xff, 0xe3, 0x26, 0xa0, 0x7, 0xff, 0x19,
    0x6c, 0x80, 0x3f, 0x2f, 0xff, 0x88, 0x2, 0x52,
    0x0, 0xff, 0xe2, 0x40, 0x6, 0x80, 0xf, 0xfe,
    0x22, 0x98, 0x4, 0xa6, 0x1, 0xff, 0xc4, 0x80,
    0xd, 0x0, 0x1f, 0xfc, 0x44, 0x40, 0x4, 0x88,
    0x0, 0xff, 0xe2, 0x40, 0x6, 0x90, 0xf, 0xfe,
    0x21, 0xa8, 0x4, 0x4c, 0x1, 0xff, 0xc4, 0x80,
    0xd, 0x0, 0x1f, 0xfc, 0x42, 0x60, 0x8, 0x5c,
    0x3, 0xff, 0x89, 0x0, 0x1a, 0x44, 0x3, 0xff,
    0x86, 0x2e, 0x1, 0xc, 0x80,

    /* U+0155 "ŕ" */
    0x0, 0xfa, 0xff, 0xea, 0x0, 0xf8, 0x90, 0x0,
    0x36, 0x1, 0xf4, 0x0, 0x54, 0x20, 0x1e, 0x25,
    0x0, 0x32, 0x0, 0x7d, 0x60, 0x1, 0x80, 0xf,
    0xca, 0x44, 0xa1, 0x0, 0xfd, 0x9b, 0xa4, 0x0,
    0xff, 0xe2, 0x8f, 0xfe, 0x0, 0xc, 0x6f, 0xfa,
    0x40, 0x3c, 0x7e, 0xe4, 0x0, 0x30, 0xe, 0x2c,
    0x10, 0xf, 0xf4, 0x0, 0x7f, 0xf0, 0x14, 0x12,
    0xff, 0xeb, 0x0, 0xf3, 0xda, 0x0, 0x42, 0x1,
    0xc7, 0x0, 0x1f, 0xf4, 0x80, 0x7f, 0xf0, 0x18,
    0x3, 0xff, 0xfe, 0x1, 0xff, 0xff, 0x0, 0xff,
    0xe7, 0x0,

    /* U+0156 "Ŗ" */
    0xcf, 0xff, 0xfb, 0xad, 0xc8, 0x3, 0xff, 0x8c,
    0x29, 0x1b, 0x42, 0x1, 0xff, 0xc8, 0x5f, 0x30,
    0xf, 0x84, 0xcf, 0xc4, 0x1, 0xc3, 0xa2, 0x1,
    0xe4, 0xcc, 0xf6, 0xfc, 0x88, 0x4, 0x36, 0x1,
    0xff, 0xc3, 0x6f, 0x10, 0x9, 0x44, 0x3, 0xff,
    0x86, 0x36, 0x1, 0x9c, 0x3, 0xff, 0x88, 0xa0,
    0x1b, 0xc0, 0x3f, 0xf8, 0xa4, 0x1, 0x10, 0x7,
    0xff, 0x6c, 0x80, 0x21, 0x0, 0xff, 0xe2, 0x20,
    0x6, 0xd0, 0xf, 0xfe, 0x18, 0xc8, 0x6, 0x50,
    0xf, 0xfe, 0x12, 0xe1, 0x0, 0x48, 0x40, 0x1c,
    0x99, 0x9d, 0xbd, 0xf4, 0x40, 0x1a, 0x40, 0x3c,
    0x26, 0x7c, 0x42, 0x1, 0xeb, 0x20, 0xf, 0xfe,
    0x32, 0x6a, 0x0, 0x7f, 0xf1, 0x96, 0xc8, 0x3,
    0xf2, 0xff, 0xf8, 0x80, 0x25, 0x20, 0xf, 0xfe,
    0x24, 0x0, 0x68, 0x0, 0xff, 0xe2, 0x29, 0x80,
    0x4a, 0x60, 0x1f, 0xfc, 0x48, 0x0, 0xd0, 0x1,
    0xff, 0xc4, 0x44, 0x0, 0x48, 0x80, 0xf, 0xfe,
    0x24, 0x0, 0x69, 0x0, 0xff, 0xe2, 0x1a, 0x80,
    0x44, 0xc0, 0x1f, 0xfc, 0x48, 0x0, 0xd0, 0x1,
    0xff, 0xc4, 0x26, 0x0, 0x85, 0xc0, 0x3f, 0xf8,
    0x90, 0x1, 0xa4, 0x40, 0x3f, 0xf8, 0x62, 0xe0,
    0x10, 0xce, 0x7f, 0xd4, 0x1, 0xff, 0x47, 0xfe,
    0x80, 0xf, 0xfe, 0x97, 0x7f, 0xc6, 0x1, 0xff,
    0xc4, 0x21, 0x0, 0x11, 0x80, 0x7f, 0xf1, 0x10,
    0x2, 0xa0, 0xf, 0xfe, 0x2f, 0x80, 0x4c, 0x1,
    0xff, 0xc5, 0x40, 0x2, 0x8, 0x7, 0xff, 0x10,
    0x48, 0x1, 0xc0, 0x1f, 0xfc, 0x55, 0x0, 0x94,
    0x3, 0xff, 0x8a, 0xb9, 0x8d, 0x0, 0xff, 0xe0,
    0x0,

    /* U+0157 "ŗ" */
    0x1, 0xff, 0xc0, 0x1, 0x8d, 0xff, 0x48, 0x7,
    0xc7, 0xee, 0x40, 0x3, 0x0, 0xf1, 0x60, 0x80,
    0x7f, 0xd0, 0x1, 0xff, 0xc1, 0x50, 0x4b, 0xff,
    0xac, 0x3, 0xe7, 0xb4, 0x0, 0x84, 0x3, 0xc7,
    0x0, 0x1f, 0xfc, 0x9, 0x0, 0xff, 0xe0, 0xb0,
    0x7, 0xff, 0xfc, 0x3, 0xff, 0xfe, 0x1, 0xff,
    0xdc, 0x1f, 0xfc, 0x60, 0x1f, 0xfc, 0xa3, 0xff,
    0xb8, 0x3, 0xf9, 0x40, 0x27, 0x0, 0xfe, 0xc0,
    0xa, 0x80, 0x3f, 0x90, 0x0, 0x46, 0x1, 0xf8,
    0x44, 0x0, 0xa0, 0xf, 0xe4, 0x0, 0x98, 0x3,
    0xfb, 0x40, 0x8, 0x20, 0x1f, 0xd5, 0x98, 0xa0,
    0xf, 0xf0,

    /* U+0158 "Ř" */
    0x0, 0x9a, 0x20, 0xe2, 0x1, 0x96, 0x22, 0x30,
    0xf, 0xc8, 0xee, 0x8d, 0x0, 0x92, 0x9d, 0xc8,
    0x60, 0x1f, 0x8a, 0xc0, 0x7, 0x40, 0x54, 0x0,
    0x2d, 0x0, 0xff, 0x25, 0x0, 0x16, 0x3c, 0x40,
    0xb0, 0x40, 0x3f, 0xe5, 0x90, 0x3, 0x90, 0xf,
    0x88, 0x7, 0xff, 0x5, 0x9c, 0x2, 0x1c, 0x20,
    0xf, 0xfe, 0x1c, 0x7f, 0xdc, 0x40, 0x1f, 0xfe,
    0x9c, 0xff, 0xff, 0xba, 0xdc, 0x80, 0x3f, 0xf8,
    0xc2, 0x91, 0xb4, 0x20, 0x1f, 0xfc, 0x85, 0xf3,
    0x0, 0xf8, 0x4c, 0xfc, 0x40, 0x1c, 0x3a, 0x20,
    0x1e, 0x4c, 0xcf, 0x6f, 0xc8, 0x80, 0x43, 0x60,
    0x1f, 0xfc, 0x36, 0xf1, 0x0, 0x94, 0x40, 0x3f,
    0xf8, 0x63, 0x60, 0x19, 0xc0, 0x3f, 0xf8, 0x8a,
    0x1, 0xbc, 0x3, 0xff, 0x8a, 0x40, 0x11, 0x0,
    0x7f, 0xf6, 0xc8, 0x2, 0x10, 0xf, 0xfe, 0x22,
    0x0, 0x6d, 0x0, 0xff, 0xe1, 0x8c, 0x80, 0x65,
    0x0, 0xff, 0xe1, 0x2e, 0x10, 0x4, 0x84, 0x1,
    0xc9, 0x99, 0xdb, 0xdf, 0x44, 0x1, 0xa4, 0x3,
    0xc2, 0x67, 0xc4, 0x20, 0x1e, 0xb2, 0x0, 0xff,
    0xe3, 0x26, 0xa0, 0x7, 0xff, 0x19, 0x6c, 0x80,
    0x3f, 0x2f, 0xff, 0x88, 0x2, 0x52, 0x0, 0xff,
    0xe2, 0x40, 0x6, 0x80, 0xf, 0xfe, 0x22, 0x98,
    0x4, 0xa6, 0x1, 0xff, 0xc4, 0x80, 0xd, 0x0,
    0x1f, 0xfc, 0x44, 0x40, 0x4, 0x88, 0x0, 0xff,
    0xe2, 0x40, 0x6, 0x90, 0xf, 0xfe, 0x21, 0xa8,
    0x4, 0x4c, 0x1, 0xff, 0xc4, 0x80, 0xd, 0x0,
    0x1f, 0xfc, 0x42, 0x60, 0x8, 0x5c, 0x3, 0xff,
    0x89, 0x0, 0x1a, 0x44, 0x3, 0xff, 0x86, 0x2e,
    0x1, 0xc, 0x80,

    /* U+0159 "ř" */
    0x7, 0x88, 0x38, 0x7, 0x3c, 0x44, 0x20, 0x2e,
    0xe8, 0x80, 0x5, 0x10, 0x77, 0x8, 0x81, 0xa0,
    0x0, 0xec, 0xa, 0xe0, 0x5, 0x90, 0x9, 0xd8,
    0x1, 0x2f, 0x40, 0x4, 0xa0, 0xe, 0x95, 0x0,
    0x40, 0x0, 0xec, 0x3, 0xea, 0x30, 0x8, 0xf0,
    0x3, 0xfb, 0x3f, 0xec, 0x0, 0xff, 0xec, 0xf,
    0xfe, 0x0, 0xc, 0x6f, 0xfa, 0x40, 0x3f, 0x1f,
    0xb9, 0x0, 0xc, 0x3, 0xe2, 0xc1, 0x0, 0xff,
    0xe0, 0x40, 0x7, 0xff, 0x9, 0x41, 0x2f, 0xfe,
    0xb0, 0xf, 0xcf, 0x68, 0x1, 0x8, 0x7, 0xc7,
    0x0, 0x1f, 0xfc, 0x19, 0x0, 0xff, 0xe1, 0x30,
    0x7, 0xff, 0xfc, 0x3, 0xff, 0xfe, 0x1, 0xff,
    0xe9,

    /* U+015A "Ś" */
    0x0, 0xff, 0x97, 0xfe, 0xe1, 0x0, 0xff, 0xe2,
    0x48, 0x5, 0x62, 0x1, 0xff, 0xc3, 0x43, 0x0,
    0x2a, 0x80, 0x3f, 0xf8, 0x9e, 0x0, 0x1b, 0x0,
    0xff, 0xe2, 0x1a, 0x0, 0x2c, 0x40, 0x3f, 0xf8,
    0x96, 0x44, 0x65, 0x0, 0xff, 0xe2, 0xc6, 0xea,
    0x40, 0x3f, 0xfd, 0xe7, 0x19, 0xdf, 0xee, 0xd9,
    0x50, 0xf, 0xf1, 0x5e, 0x39, 0x88, 0x0, 0x49,
    0xab, 0x94, 0x3, 0xe7, 0xd4, 0x0, 0xff, 0xd,
    0x58, 0x7, 0x34, 0x0, 0x78, 0x48, 0x3, 0xc9,
    0x40, 0x11, 0xc8, 0x6, 0x5c, 0xfe, 0xdf, 0xd7,
    0x0, 0xca, 0xc0, 0x9, 0x0, 0xd5, 0x43, 0x0,
    0xc5, 0x1a, 0x20, 0x14, 0x0, 0x14, 0x2, 0x55,
    0x0, 0x7e, 0x2b, 0x0, 0x84, 0xc4, 0x3, 0x60,
    0x7, 0xf9, 0x48, 0xb3, 0x80, 0x7f, 0xf1, 0x77,
    0x72, 0x8, 0x6, 0xa0, 0xf, 0xfe, 0x2a, 0x80,
    0x47, 0x40, 0x1f, 0xfc, 0x48, 0x0, 0xcb, 0xd0,
    0x40, 0x1f, 0xfc, 0x12, 0xa0, 0xc, 0x2f, 0xba,
    0x95, 0x10, 0xf, 0xf2, 0xd8, 0x80, 0x71, 0x35,
    0x76, 0x38, 0x80, 0x7e, 0x4e, 0x92, 0x0, 0xf8,
    0xe3, 0xa4, 0x40, 0x3f, 0x36, 0xea, 0xc, 0x3,
    0xe6, 0xf4, 0x0, 0xfe, 0x27, 0xcf, 0xb6, 0x10,
    0xc, 0x36, 0x80, 0x1f, 0xfc, 0x4, 0x9e, 0xb3,
    0x0, 0xd4, 0x1, 0xff, 0xc3, 0x4c, 0x80, 0x8,
    0x54, 0x3, 0xff, 0x88, 0xe4, 0x1, 0x7a, 0xae,
    0x30, 0xf, 0xfe, 0x3, 0x80, 0x43, 0x35, 0x54,
    0x0, 0x7f, 0xf0, 0x18, 0x3, 0x30, 0x4, 0x84,
    0x1, 0xfe, 0x23, 0x0, 0x8f, 0x80, 0x37, 0x88,
    0x7, 0xe2, 0xf0, 0xd, 0x88, 0x60, 0x11, 0x74,
    0x18, 0x6, 0x39, 0xd2, 0x0, 0x8d, 0x3, 0x80,
    0x39, 0xf3, 0xfb, 0x9f, 0x8c, 0x1, 0xdc, 0x0,
    0x2c, 0x10, 0xf, 0x8, 0x80, 0x3c, 0x38, 0x40,
    0x11, 0xfb, 0x0, 0x7f, 0xf0, 0x1b, 0xcc, 0x3,
    0x86, 0x7a, 0x54, 0x84, 0x0, 0x24, 0xb3, 0xd2,
    0x20, 0x10,

    /* U+015B "ś" */
    0x0, 0xff, 0x1e, 0xed, 0x82, 0x1, 0xff, 0xc1,
    0x92, 0x29, 0x4, 0x3, 0xff, 0x80, 0x4a, 0x0,
    0x28, 0x0, 0xff, 0xe0, 0xd8, 0x5, 0xc0, 0x1f,
    0xfc, 0x11, 0x60, 0x3, 0x98, 0x7, 0xff, 0x6,
    0x40, 0x5, 0x0, 0x1f, 0xfc, 0x28, 0xff, 0x68,
    0x7, 0xff, 0x98, 0x9e, 0xf7, 0xfd, 0xd6, 0xe2,
    0x1, 0xfa, 0x76, 0x10, 0x80, 0x2, 0x91, 0xce,
    0x1, 0xc3, 0x8c, 0x1, 0xfe, 0x89, 0x0, 0xd4,
    0x60, 0x10, 0xb4, 0x4b, 0x8, 0x4, 0xcc, 0x0,
    0x12, 0x0, 0x4b, 0xd2, 0xed, 0x3c, 0x80, 0x14,
    0x0, 0x10, 0x3, 0x50, 0x7, 0xac, 0x44, 0x8c,
    0x20, 0x1f, 0xfc, 0x2f, 0xeb, 0x81, 0x3, 0x0,
    0xcc, 0x1, 0xf0, 0x80, 0x72, 0x80, 0x69, 0xb5,
    0x10, 0xf, 0xfa, 0x40, 0x32, 0x57, 0x6c, 0xb1,
    0x0, 0x7c, 0xd2, 0x1, 0xe2, 0x69, 0xdd, 0x30,
    0x7, 0x9b, 0x9c, 0x40, 0x3e, 0x29, 0xc1, 0x0,
    0xe1, 0x8e, 0xd9, 0x62, 0x0, 0xe3, 0xc0, 0xf,
    0xc4, 0xd3, 0xbd, 0x22, 0x1, 0x13, 0x0, 0x7f,
    0xc2, 0xd8, 0x1, 0xb0, 0x0, 0x6d, 0x22, 0x1,
    0xf1, 0x18, 0x4, 0x21, 0xd9, 0x2d, 0x20, 0x1f,
    0x88, 0x2, 0x20, 0x40, 0x9, 0xd8, 0x3, 0x86,
    0x84, 0x2, 0xc0, 0x80, 0xd, 0x3b, 0x31, 0xa,
    0xe5, 0x0, 0x8d, 0x40, 0xa8, 0x3, 0x13, 0x3b,
    0x94, 0x3, 0x1e, 0x80, 0x4b, 0x84, 0x1, 0xfe,
    0x7c, 0x10, 0xc, 0x7b, 0x6c, 0x42, 0x2, 0x49,
    0x3d, 0x0, 0x10,

    /* U+015C "Ŝ" */
    0x0, 0xfc, 0xdf, 0xf8, 0xc0, 0x3f, 0xf8, 0x6b,
    0x20, 0x1b, 0x8, 0x3, 0xff, 0x82, 0x94, 0x0,
    0x63, 0x0, 0x60, 0x80, 0x7f, 0xc7, 0x60, 0x4,
    0x9d, 0x10, 0x1c, 0x10, 0xf, 0xe3, 0xc0, 0x1,
    0x50, 0xe, 0x0, 0xb, 0x40, 0x3f, 0x95, 0xde,
    0xf1, 0x0, 0x15, 0xbb, 0x91, 0x0, 0x1f, 0x9a,
    0x22, 0x20, 0xc, 0x91, 0x12, 0x0, 0x7f, 0xfa,
    0x8e, 0x33, 0xbf, 0xdd, 0xb2, 0xa0, 0x1f, 0xe2,
    0xbc, 0x73, 0x10, 0x0, 0x93, 0x57, 0x28, 0x7,
    0xcf, 0xa8, 0x1, 0xfe, 0x1a, 0xb0, 0xe, 0x68,
    0x0, 0xf0, 0x90, 0x7, 0x92, 0x80, 0x23, 0x90,
    0xc, 0xb9, 0xfd, 0xbf, 0xae, 0x1, 0x95, 0x80,
    0x12, 0x1, 0xaa, 0x86, 0x1, 0x8a, 0x34, 0x40,
    0x28, 0x0, 0x28, 0x4, 0xaa, 0x0, 0xfc, 0x56,
    0x1, 0x9, 0x88, 0x6, 0xc0, 0xf, 0xf2, 0x91,
    0x67, 0x0, 0xff, 0xe2, 0xee, 0xe4, 0x10, 0xd,
    0x40, 0x1f, 0xfc, 0x55, 0x0, 0x8e, 0x80, 0x3f,
    0xf8, 0x90, 0x1, 0x97, 0xa0, 0x80, 0x3f, 0xf8,
    0x25, 0x40, 0x18, 0x5f, 0x75, 0x2a, 0x20, 0x1f,
    0xe5, 0xb1, 0x0, 0xe2, 0x6a, 0xec, 0x71, 0x0,
    0xfc, 0x9d, 0x24, 0x1, 0xf1, 0xc7, 0x48, 0x80,
    0x7e, 0x6d, 0xd4, 0x18, 0x7, 0xcd, 0xe8, 0x1,
    0xfc, 0x4f, 0x9f, 0x6c, 0x20, 0x18, 0x6d, 0x0,
    0x3f, 0xf8, 0x9, 0x3d, 0x66, 0x1, 0xa8, 0x3,
    0xff, 0x86, 0x99, 0x0, 0x10, 0xa8, 0x7, 0xff,
    0x11, 0xc8, 0x2, 0xf5, 0x5c, 0x60, 0x1f, 0xfc,
    0x7, 0x0, 0x86, 0x6a, 0xa8, 0x0, 0xff, 0xe0,
    0x30, 0x6, 0x60, 0x9, 0x8, 0x3, 0xfc, 0x46,
    0x1, 0x1f, 0x0, 0x6f, 0x10, 0xf, 0xc5, 0xe0,
    0x1b, 0x10, 0xc0, 0x22, 0xe8, 0x30, 0xc, 0x73,
    0xa4, 0x1, 0x1a, 0x7, 0x0, 0x73, 0xe7, 0xf7,
    0x3f, 0x18, 0x3, 0xb8, 0x0, 0x58, 0x20, 0x1e,
    0x11, 0x0, 0x78, 0x70, 0x80, 0x23, 0xf6, 0x0,
    0xff, 0xe0, 0x37, 0x98, 0x7, 0xc, 0xf4, 0xa9,
    0x8, 0x0, 0x49, 0x67, 0xa4, 0x40, 0x20,

    /* U+015D "ŝ" */
    0x0, 0xf9, 0xbf, 0xf2, 0x0, 0x7f, 0xf0, 0x16,
    0x40, 0x35, 0x98, 0x7, 0xf9, 0x28, 0x0, 0xa8,
    0x0, 0xd2, 0x0, 0xfc, 0x76, 0x0, 0x3a, 0xa1,
    0x0, 0xf8, 0x80, 0x78, 0xb4, 0x0, 0x3a, 0x3,
    0xe0, 0x2, 0xc0, 0xf, 0x23, 0x3b, 0xb0, 0x40,
    0x5, 0x8e, 0xe5, 0x40, 0xe, 0x68, 0x88, 0x80,
    0x31, 0xc4, 0x48, 0x1, 0xff, 0xe1, 0x27, 0xbd,
    0xff, 0x75, 0xb8, 0x80, 0x7e, 0x9d, 0x84, 0x20,
    0x0, 0xa4, 0x73, 0x80, 0x70, 0xe3, 0x0, 0x7f,
    0xa2, 0x40, 0x35, 0x18, 0x4, 0x2d, 0x12, 0xc2,
    0x1, 0x33, 0x0, 0x4, 0x80, 0x12, 0xf4, 0xbb,
    0x4f, 0x20, 0x5, 0x0, 0x4, 0x0, 0xd4, 0x1,
    0xeb, 0x11, 0x23, 0x8, 0x7, 0xff, 0xb, 0xfa,
    0xe0, 0x40, 0xc0, 0x33, 0x0, 0x7c, 0x20, 0x1c,
    0xa0, 0x1a, 0x6d, 0x44, 0x3, 0xfe, 0x90, 0xc,
    0x95, 0xdb, 0x2c, 0x40, 0x1f, 0x34, 0x80, 0x78,
    0x9a, 0x77, 0x4c, 0x1, 0xe6, 0xe7, 0x10, 0xf,
    0x8a, 0x70, 0x40, 0x38, 0x63, 0xb6, 0x58, 0x80,
    0x38, 0xf0, 0x3, 0xf1, 0x34, 0xef, 0x48, 0x80,
    0x44, 0xc0, 0x1f, 0xf0, 0xb6, 0x0, 0x6c, 0x0,
    0x1b, 0x48, 0x80, 0x7c, 0x46, 0x1, 0x8, 0x76,
    0x4b, 0x48, 0x7, 0xe2, 0x0, 0x88, 0x10, 0x2,
    0x76, 0x0, 0xe1, 0xa1, 0x0, 0xb0, 0x20, 0x3,
    0x4e, 0xcc, 0x42, 0xb9, 0x40, 0x23, 0x50, 0x2a,
    0x0, 0xc4, 0xce, 0xe5, 0x0, 0xc7, 0xa0, 0x12,
    0xe1, 0x0, 0x7f, 0x9f, 0x4, 0x3, 0x1e, 0xdb,
    0x10, 0x80, 0x92, 0x4f, 0x40, 0x4,

    /* U+015E "Ş" */
    0x0, 0xf1, 0xc6, 0x77, 0xfb, 0xb6, 0x54, 0x3,
    0xfc, 0x57, 0x8e, 0x62, 0x0, 0x12, 0x6a, 0xe5,
    0x0, 0xf9, 0xf5, 0x0, 0x3f, 0xc3, 0x56, 0x1,
    0xcd, 0x0, 0x1e, 0x12, 0x0, 0xf2, 0x50, 0x4,
    0x72, 0x1, 0x97, 0x3f, 0xb7, 0xf5, 0xc0, 0x32,
    0xb0, 0x2, 0x40, 0x35, 0x50, 0xc0, 0x31, 0x46,
    0x88, 0x5, 0x0, 0x5, 0x0, 0x95, 0x40, 0x1f,
    0x8a, 0xc0, 0x21, 0x31, 0x0, 0xd8, 0x1, 0xfe,
    0x52, 0x2c, 0xe0, 0x1f, 0xfc, 0x5d, 0xdc, 0x82,
    0x1, 0xa8, 0x3, 0xff, 0x8a, 0xa0, 0x11, 0xd0,
    0x7, 0xff, 0x12, 0x0, 0x32, 0xf4, 0x10, 0x7,
    0xff, 0x4, 0xa8, 0x3, 0xb, 0xee, 0xa5, 0x44,
    0x3, 0xfc, 0xb6, 0x20, 0x1c, 0x4d, 0x5d, 0x8e,
    0x20, 0x1f, 0x93, 0xa4, 0x80, 0x3e, 0x38, 0xe9,
    0x10, 0xf, 0xcd, 0xba, 0x83, 0x0, 0xf9, 0xbd,
    0x0, 0x3f, 0x89, 0xf3, 0xed, 0x84, 0x3, 0xd,
    0xa0, 0x7, 0xff, 0x1, 0x27, 0xac, 0xc0, 0x35,
    0x0, 0x7f, 0xf0, 0xd3, 0x20, 0x2, 0x15, 0x0,
    0xff, 0xe2, 0x39, 0x0, 0x5e, 0xab, 0x8c, 0x3,
    0xff, 0x80, 0xe0, 0x10, 0xcd, 0x55, 0x0, 0x1f,
    0xfc, 0x6, 0x0, 0xcc, 0x1, 0x21, 0x0, 0x7f,
    0x88, 0xc0, 0x23, 0xe0, 0xd, 0xe2, 0x1, 0xf8,
    0xbc, 0x3, 0x62, 0x18, 0x4, 0x5d, 0x6, 0x1,
    0x8e, 0x74, 0x80, 0x23, 0x40, 0xe0, 0xe, 0x7c,
    0xfe, 0xe7, 0xe3, 0x0, 0x77, 0x0, 0xb, 0x4,
    0x3, 0xc2, 0x20, 0xf, 0xe, 0x10, 0x4, 0x7e,
    0xc0, 0x1f, 0xfc, 0x6, 0xf3, 0x0, 0xe1, 0x9e,
    0x95, 0x20, 0x8, 0x49, 0x67, 0xa4, 0x40, 0x3f,
    0xb, 0x56, 0xd8, 0x3, 0xb6, 0x98, 0x40, 0x3f,
    0xf8, 0x44, 0x0, 0xa7, 0x10, 0xf, 0xfe, 0x27,
    0x0, 0x16, 0x3c, 0x40, 0x3f, 0xf8, 0x75, 0x96,
    0xa0, 0x32, 0x1, 0xff, 0xc3, 0x23, 0x48, 0x0,
    0x10, 0x7, 0xff, 0xc, 0x8a, 0xb0, 0x1, 0x80,
    0x7f, 0xf0, 0x97, 0x76, 0x60, 0x5, 0x0, 0x7f,
    0xf1, 0x85, 0x30, 0xc0, 0x3c,

    /* U+015F "ş" */
    0x0, 0xe2, 0x7b, 0xdf, 0xf7, 0x5b, 0x88, 0x7,
    0xe9, 0xd8, 0x42, 0x0, 0xa, 0x47, 0x38, 0x7,
    0xe, 0x30, 0x7, 0xfa, 0x24, 0x3, 0x51, 0x80,
    0x42, 0xd1, 0x2c, 0x20, 0x13, 0x30, 0x0, 0x48,
    0x1, 0x2f, 0x4b, 0xb4, 0xf2, 0x0, 0x50, 0x0,
    0x40, 0xd, 0x40, 0x1e, 0xb1, 0x12, 0x30, 0x80,
    0x7f, 0xf0, 0xbf, 0xae, 0x4, 0xc, 0x3, 0x30,
    0x7, 0xc2, 0x1, 0xca, 0x1, 0xa6, 0xd4, 0x40,
    0x3f, 0xe9, 0x0, 0xc9, 0x5d, 0xb2, 0xc4, 0x1,
    0xf3, 0x48, 0x7, 0x89, 0xa7, 0x74, 0xc0, 0x1e,
    0x6e, 0x71, 0x0, 0xf8, 0xa7, 0x4, 0x3, 0x86,
    0x3b, 0x65, 0x88, 0x3, 0x8f, 0x0, 0x3f, 0x13,
    0x4e, 0xf4, 0x88, 0x4, 0x4c, 0x1, 0xff, 0xb,
    0x60, 0x6, 0xc0, 0x1, 0xb4, 0x88, 0x7, 0xc4,
    0x60, 0x10, 0x87, 0x64, 0xb4, 0x80, 0x7e, 0x20,
    0x8, 0x81, 0x0, 0x27, 0x60, 0xe, 0x1a, 0x10,
    0xb, 0x2, 0x0, 0x34, 0xec, 0xc4, 0x2b, 0x94,
    0x2, 0x35, 0x2, 0xa0, 0xc, 0x4c, 0xee, 0x50,
    0xc, 0x7a, 0x1, 0x2e, 0x10, 0x7, 0xf9, 0xf0,
    0x40, 0x31, 0xed, 0xb1, 0x0, 0x44, 0x93, 0xd0,
    0x1, 0xf9, 0x27, 0x6c, 0x1, 0xb6, 0xc2, 0x1,
    0xff, 0xc0, 0x20, 0x4, 0xb8, 0x80, 0x7f, 0xf0,
    0x78, 0x0, 0xd1, 0xe2, 0x1, 0xff, 0xc0, 0xac,
    0xb5, 0x1, 0x90, 0xf, 0xfe, 0x1, 0x1a, 0x40,
    0x0, 0x80, 0x3f, 0xf8, 0x4, 0x55, 0x80, 0xc,
    0x3, 0xfe, 0x5d, 0xd9, 0x80, 0x14, 0x1, 0xff,
    0xc3, 0x14, 0xc3, 0x0, 0xc0,

    /* U+0160 "Š" */
    0x0, 0xd1, 0xff, 0x38, 0x6, 0xbf, 0xf9, 0xc0,
    0x3f, 0x42, 0x80, 0x21, 0x0, 0xe, 0x80, 0x6,
    0x70, 0xf, 0xea, 0x20, 0x5, 0x9, 0xc0, 0x1,
    0x24, 0x3, 0xfe, 0xf1, 0x1, 0xdd, 0x0, 0xa,
    0x80, 0x3f, 0xf8, 0x5, 0x40, 0x3, 0x10, 0x1f,
    0x10, 0xf, 0xfe, 0xa, 0x48, 0x6, 0xa2, 0x0,
    0xff, 0xe1, 0xb7, 0xfe, 0x40, 0xf, 0xff, 0x71,
    0xc6, 0x77, 0xfb, 0xb2, 0x54, 0x3, 0xfc, 0x57,
    0x8e, 0x62, 0x0, 0x13, 0x6a, 0xe7, 0x0, 0xf9,
    0xf5, 0x0, 0x3f, 0xc3, 0x1a, 0x20, 0x19, 0xa0,
    0x3, 0xc2, 0x20, 0xf, 0x16, 0x8, 0x0, 0xe4,
    0x3, 0x2e, 0x7f, 0x73, 0xf6, 0x4, 0x2, 0x28,
    0x0, 0x48, 0x6, 0xaa, 0x18, 0x6, 0x27, 0xe3,
    0x0, 0x98, 0x41, 0x40, 0x25, 0x50, 0x7, 0xf7,
    0x0, 0x65, 0x10, 0xd, 0x80, 0x1f, 0xe2, 0xcb,
    0xb9, 0x40, 0x3f, 0xf8, 0xa6, 0x89, 0x8, 0x80,
    0x35, 0x0, 0x7f, 0xf1, 0x54, 0x2, 0x3a, 0x0,
    0xff, 0xe2, 0x40, 0x6, 0x5e, 0x82, 0x0, 0xff,
    0xe0, 0x95, 0x0, 0x61, 0x7d, 0xd4, 0xa8, 0x80,
    0x7f, 0x96, 0xc4, 0x3, 0x89, 0xab, 0xb1, 0xc4,
    0x3, 0xf2, 0x74, 0x90, 0x7, 0xc7, 0x1d, 0x22,
    0x1, 0xf9, 0xb7, 0x50, 0x60, 0x1f, 0x37, 0xa0,
    0x7, 0xf1, 0x3e, 0x7d, 0xb0, 0x80, 0x61, 0xb4,
    0x0, 0xff, 0xe0, 0x24, 0xf5, 0x98, 0x6, 0xa0,
    0xf, 0xfe, 0x1a, 0x64, 0x0, 0x42, 0xa0, 0x1f,
    0xfc, 0x47, 0x20, 0xb, 0xde, 0x22, 0x40, 0xf,
    0xfe, 0x3, 0x80, 0x43, 0x6e, 0xf7, 0x80, 0x7f,
    0xf0, 0x18, 0x3, 0x28, 0x4, 0x84, 0x1, 0xfe,
    0x23, 0x0, 0x8e, 0x80, 0x37, 0x90, 0x7, 0xe2,
    0xf0, 0xd, 0x86, 0x80, 0x11, 0x6c, 0x98, 0x6,
    0x39, 0xd2, 0x0, 0x8d, 0x2, 0x44, 0x3, 0x36,
    0x7f, 0x73, 0xf1, 0x80, 0x3b, 0x80, 0x5, 0x82,
    0x1, 0xe1, 0x10, 0x7, 0x87, 0x8, 0x2, 0x2e,
    0x70, 0xf, 0xfe, 0x3, 0x79, 0x80, 0x7a, 0x3e,
    0x58, 0x84, 0x0, 0x24, 0xb3, 0xd2, 0x20, 0x10,

    /* U+0161 "š" */
    0x0, 0x9b, 0xfe, 0x80, 0xd, 0x5f, 0xf3, 0x80,
    0x73, 0x38, 0x1, 0xd8, 0x1, 0xa, 0x0, 0x77,
    0x0, 0x7a, 0x18, 0x1, 0x28, 0xae, 0x0, 0x68,
    0x0, 0xfd, 0x28, 0x0, 0xaa, 0x0, 0x16, 0x40,
    0x3f, 0xd6, 0x60, 0x20, 0x4, 0xa0, 0xf, 0xfe,
    0x6, 0xc3, 0xba, 0x2c, 0x3, 0xff, 0x82, 0x2f,
    0x10, 0x70, 0xf, 0xff, 0x31, 0x3d, 0xef, 0xfb,
    0xad, 0xc4, 0x3, 0xf4, 0xec, 0x21, 0x0, 0x5,
    0x23, 0x9c, 0x3, 0x87, 0x18, 0x3, 0xfd, 0x12,
    0x1, 0xa8, 0xc0, 0x21, 0x68, 0x96, 0x10, 0x9,
    0x98, 0x0, 0x24, 0x0, 0x97, 0xa5, 0xda, 0x79,
    0x0, 0x28, 0x0, 0x20, 0x6, 0xa0, 0xf, 0x58,
    0x89, 0x18, 0x40, 0x3f, 0xf8, 0x5f, 0xd7, 0x2,
    0x6, 0x1, 0x98, 0x3, 0xe1, 0x0, 0xe5, 0x0,
    0xd3, 0x6a, 0x20, 0x1f, 0xf4, 0x80, 0x64, 0xae,
    0xd9, 0x62, 0x0, 0xf9, 0xa4, 0x3, 0xc4, 0xd3,
    0xba, 0x60, 0xf, 0x37, 0x38, 0x80, 0x7c, 0x53,
    0x82, 0x1, 0xc3, 0x1d, 0xb2, 0xc4, 0x1, 0xc7,
    0x80, 0x1f, 0x89, 0xa7, 0x7a, 0x44, 0x2, 0x26,
    0x0, 0xff, 0x85, 0xb0, 0x3, 0x60, 0x0, 0xda,
    0x44, 0x3, 0xe2, 0x30, 0x8, 0x43, 0xb2, 0x5a,
    0x40, 0x3f, 0x10, 0x4, 0x40, 0x80, 0x13, 0xb0,
    0x7, 0xd, 0x8, 0x5, 0x81, 0x0, 0x1a, 0x76,
    0x62, 0x15, 0xca, 0x1, 0x1a, 0x81, 0x50, 0x6,
    0x26, 0x77, 0x28, 0x6, 0x3d, 0x0, 0x97, 0x8,
    0x3, 0xfc, 0xf8, 0x20, 0x18, 0xf6, 0xd8, 0x84,
    0x4, 0x92, 0x7a, 0x0, 0x20,

    /* U+0162 "Ţ" */
    0x3f, 0xff, 0xfe, 0x52, 0x80, 0x7f, 0xf9, 0x4,
    0xcf, 0xf1, 0x0, 0x62, 0x33, 0xfc, 0x25, 0x99,
    0xfb, 0xc0, 0x34, 0x66, 0x7e, 0x40, 0xf, 0xff,
    0xf8, 0x7, 0xff, 0xfc, 0x3, 0xff, 0xfe, 0x1,
    0xff, 0xff, 0x0, 0xff, 0xff, 0x80, 0x7f, 0xff,
    0xc0, 0x3f, 0xff, 0xe0, 0x1f, 0xff, 0x2, 0xf0,
    0x6, 0xa8, 0x7, 0xff, 0x1c, 0xc0, 0xe, 0x40,
    0x1f, 0xfc, 0x76, 0x0, 0x56, 0xe0, 0x80, 0x7f,
    0xf1, 0x5e, 0x61, 0x0, 0xe0, 0x3, 0xff, 0x8a,
    0x4c, 0xf6, 0x0, 0x50, 0xf, 0xfe, 0x29, 0x14,
    0xc0, 0x1f, 0xfc, 0x72, 0xdd, 0xa4, 0x1, 0x40,
    0x1f, 0xfc, 0x81, 0x4a, 0x60, 0xf, 0x80,

    /* U+0163 "ţ" */
    0x0, 0x9b, 0xfe, 0xe0, 0xf, 0xff, 0x94, 0xff,
    0xa4, 0x2, 0x1f, 0xfc, 0x60, 0x1f, 0xfd, 0x1d,
    0x88, 0x20, 0x4, 0x31, 0x18, 0x81, 0x1d, 0xda,
    0x1, 0x9d, 0xf0, 0x80, 0x7f, 0xff, 0xc0, 0x3f,
    0xff, 0xe0, 0x1f, 0xfc, 0x1, 0x0, 0xfe, 0x20,
    0xc, 0xa0, 0x1f, 0x94, 0x3, 0x55, 0xd6, 0x10,
    0x6, 0x17, 0x0, 0xc8, 0xa6, 0x80, 0x1d, 0xa,
    0x1, 0xef, 0x0, 0xf5, 0x58, 0x6, 0x21, 0x0,
    0xf9, 0x1c, 0x17, 0xf6, 0x0, 0x3f, 0x10, 0x3b,
    0x8c, 0x3, 0xf9, 0xc0, 0xa3, 0x24, 0x3, 0xf4,
    0xdc, 0x90, 0x31, 0x80, 0x7c, 0x88, 0x6a, 0x0,
    0x30, 0x7, 0x84, 0x88, 0x76, 0x0, 0x10, 0xf,
    0x5e, 0xeb, 0xc, 0x9, 0x0, 0x3f, 0xc4, 0xd8,
    0x0,

    /* U+0164 "Ť" */
    0x0, 0xe4, 0x88, 0x8c, 0x3, 0x14, 0x44, 0xc0,
    0x1f, 0xe4, 0x43, 0xbb, 0x48, 0x0, 0x38, 0xee,
    0x64, 0x0, 0xff, 0xb4, 0x80, 0x7c, 0x43, 0x44,
    0x1, 0xa4, 0x1, 0xff, 0xf, 0x88, 0x16, 0xd1,
    0x80, 0x2c, 0xc0, 0x3f, 0xf8, 0x25, 0xa0, 0x3,
    0x50, 0x5, 0x20, 0x7, 0xff, 0xc, 0xec, 0x3,
    0x4a, 0x80, 0x7f, 0xf1, 0x53, 0xff, 0x30, 0x7,
    0xff, 0xb4, 0xff, 0xff, 0xf9, 0x4a, 0x1, 0xff,
    0xe4, 0x13, 0x3f, 0xc4, 0x1, 0x88, 0xcf, 0xf0,
    0x96, 0x67, 0xef, 0x0, 0xd1, 0x99, 0xf9, 0x0,
    0x3f, 0xff, 0xe0, 0x1f, 0xff, 0xf0, 0xf, 0xff,
    0xf8, 0x7, 0xff, 0xfc, 0x3, 0xff, 0xfe, 0x1,
    0xff, 0xff, 0x0, 0xff, 0xff, 0x80, 0x7f, 0xf9,
    0xc0,

    /* U+0165 "ť" */
    0x0, 0xff, 0x67, 0xfc, 0x1, 0xff, 0xc2, 0x20,
    0xf, 0xfe, 0x13, 0x0, 0x7f, 0xf0, 0x8c, 0x3,
    0x88, 0xa1, 0x0, 0xee, 0x0, 0xcd, 0xbb, 0x78,
    0x7, 0x10, 0x7, 0xff, 0x9, 0x80, 0x3f, 0xe8,
    0x99, 0x10, 0x7, 0xfc, 0x8c, 0xc0, 0xf, 0xfe,
    0x2c, 0xff, 0xa4, 0x2, 0x1f, 0xfc, 0x60, 0x1f,
    0xfd, 0x4d, 0x88, 0x20, 0x4, 0x31, 0x18, 0x80,
    0x8, 0xee, 0xd0, 0xc, 0xef, 0x84, 0x3, 0xff,
    0xfe, 0x1, 0xff, 0xff, 0x0, 0xff, 0xe6, 0x8,
    0x7, 0xf8, 0x80, 0x32, 0x80, 0x7f, 0x28, 0x6,
    0xab, 0xac, 0x20, 0xe, 0x17, 0x0, 0xc8, 0xa6,
    0x80, 0x1e, 0x85, 0x0, 0xf7, 0x80, 0x7d, 0x56,
    0xa2, 0x0, 0x21, 0x0, 0x0,

    /* U+0166 "Ŧ" */
    0x3f, 0xff, 0xfe, 0x52, 0x80, 0x7f, 0xf9, 0x4,
    0xcf, 0xf1, 0x0, 0x62, 0x33, 0xfc, 0x25, 0x99,
    0xfb, 0xc0, 0x34, 0x66, 0x7e, 0x40, 0xf, 0xff,
    0xf8, 0x7, 0xff, 0xfc, 0x3, 0xff, 0xc5, 0xff,
    0xda, 0x1, 0xab, 0xff, 0x8c, 0x3, 0xff, 0xd7,
    0x55, 0xd0, 0x1, 0x96, 0xab, 0x88, 0x3, 0xe5,
    0x5f, 0x0, 0x6f, 0x55, 0xe1, 0x0, 0xff, 0xff,
    0x80, 0x7f, 0xff, 0xc0, 0x3f, 0xff, 0xe0, 0x1f,
    0xfd, 0xe0,

    /* U+0167 "ŧ" */
    0x0, 0x9b, 0xfe, 0xe0, 0xf, 0xff, 0x6c, 0xff,
    0xa4, 0x2, 0x1f, 0xfc, 0x60, 0x1f, 0xfc, 0xed,
    0x88, 0x20, 0x4, 0x31, 0x18, 0x91, 0xdd, 0xa0,
    0x19, 0xdf, 0x8, 0x7, 0xff, 0x3a, 0x7f, 0xd2,
    0x1, 0xf, 0xfe, 0x30, 0xf, 0xfe, 0x75, 0xe6,
    0x1c, 0x2, 0x1c, 0xcc, 0x64, 0x66, 0xe0, 0xc,
    0x67, 0x80, 0x3f, 0xfe, 0x2, 0x1, 0xf8, 0x80,
    0x32, 0x80, 0x7c, 0x80, 0x1a, 0xb2, 0xb0, 0x80,
    0x33, 0x80, 0x63, 0x53, 0x40, 0xd, 0xa, 0x1,
    0xef, 0x0, 0xea, 0xb5, 0x10, 0x1, 0x8,

    /* U+0168 "Ũ" */
    0x0, 0xf9, 0x2a, 0xe0, 0x40, 0x2a, 0xc9, 0x0,
    0xff, 0xe0, 0x1d, 0xaa, 0x3f, 0xb0, 0xa, 0x99,
    0x80, 0x3f, 0xf8, 0x10, 0x1, 0x86, 0x77, 0xc0,
    0x1a, 0x1, 0xff, 0xc0, 0x40, 0x2e, 0xa2, 0x2,
    0x10, 0x17, 0x0, 0xff, 0x88, 0x0, 0x82, 0xbb,
    0x4, 0x7, 0xa0, 0x1f, 0xfc, 0x2, 0xff, 0x48,
    0x4, 0xfb, 0xf8, 0x60, 0x1f, 0xff, 0xf0, 0xd,
    0x9f, 0xf5, 0x0, 0x7f, 0xf0, 0x47, 0xff, 0x30,
    0x7, 0xff, 0xfc, 0x3, 0xff, 0xfe, 0x1, 0xff,
    0xff, 0x0, 0xff, 0xff, 0x80, 0x7f, 0xff, 0xc0,
    0x3f, 0xfb, 0x22, 0x1, 0xff, 0xc7, 0x70, 0x9,
    0xc0, 0x3f, 0xf8, 0x24, 0x1, 0x8c, 0x40, 0x23,
    0x0, 0xff, 0xe0, 0xa8, 0x6, 0x6c, 0x0, 0xcc,
    0x1, 0xff, 0xc0, 0xb0, 0xc, 0x6e, 0x1, 0xa0,
    0x80, 0x3f, 0xce, 0x40, 0x12, 0x0, 0xa8, 0x4,
    0x38, 0x60, 0x1f, 0x9e, 0x0, 0x34, 0x0, 0x2c,
    0x40, 0x21, 0xca, 0x52, 0x1, 0x37, 0xd8, 0x0,
    0xcc, 0x60, 0x1, 0xd0, 0xe, 0x5a, 0xdf, 0xec,
    0x82, 0x0, 0xc7, 0x20, 0x18, 0xf0, 0x40, 0x3f,
    0xf8, 0x4b, 0x80, 0x1e, 0x3f, 0x70, 0xf, 0xf8,
    0xaa, 0x80, 0x1f, 0x86, 0x3a, 0x54, 0x84, 0x0,
    0x26, 0xf7, 0xaa, 0x1, 0xc0,

    /* U+0169 "ũ" */
    0x0, 0xe7, 0xef, 0xdb, 0x62, 0x1d, 0xff, 0x0,
    0x7e, 0x58, 0x10, 0x24, 0x9d, 0xe2, 0x3, 0x0,
    0xfd, 0x20, 0x2, 0x10, 0xf, 0x78, 0x7, 0xe6,
    0x46, 0xde, 0xd9, 0x65, 0x6d, 0x30, 0xf, 0xd5,
    0x72, 0x0, 0x26, 0x9a, 0x92, 0x0, 0xff, 0xf0,
    0x8f, 0xfe, 0x30, 0xf, 0xc5, 0xff, 0x8c, 0x3,
    0xff, 0xfe, 0x1, 0xff, 0xff, 0x0, 0xff, 0xff,
    0x80, 0x7f, 0xf7, 0x1c, 0x3, 0xf3, 0x80, 0x70,
    0x80, 0x6d, 0x0, 0xfd, 0xe0, 0x1e, 0x30, 0x9,
    0x88, 0x3, 0xc8, 0xa0, 0x1e, 0x40, 0xd, 0x88,
    0x1, 0x9e, 0xc0, 0x3e, 0x90, 0xc, 0x37, 0xd7,
    0x9f, 0x0, 0xe0, 0x1e, 0x19, 0x0, 0xe1, 0x43,
    0x0, 0x14, 0x0, 0x7c, 0xd2, 0x1, 0xf8, 0xf0,
    0x4, 0x3, 0xe6, 0xe7, 0x31, 0x1, 0x4a, 0xc1,
    0x0, 0xf0,

    /* U+016A "Ū" */
    0x0, 0xf5, 0x7f, 0xff, 0x94, 0x3, 0xff, 0xe1,
    0x5d, 0xdf, 0xe5, 0x0, 0xff, 0xe0, 0x88, 0xff,
    0x80, 0x3f, 0xff, 0xe0, 0x1b, 0x3f, 0xea, 0x0,
    0xff, 0xe0, 0x8f, 0xfe, 0x60, 0xf, 0xff, 0xf8,
    0x7, 0xff, 0xfc, 0x3, 0xff, 0xfe, 0x1, 0xff,
    0xff, 0x0, 0xff, 0xff, 0x80, 0x7f, 0xf6, 0x44,
    0x3, 0xff, 0x8e, 0xe0, 0x13, 0x80, 0x7f, 0xf0,
    0x48, 0x3, 0x18, 0x80, 0x46, 0x1, 0xff, 0xc1,
    0x50, 0xc, 0xd8, 0x1, 0x98, 0x3, 0xff, 0x81,
    0x60, 0x18, 0xdc, 0x3, 0x41, 0x0, 0x7f, 0x9c,
    0x80, 0x24, 0x1, 0x50, 0x8, 0x70, 0xc0, 0x3f,
    0x3c, 0x0, 0x68, 0x0, 0x58, 0x80, 0x43, 0x94,
    0xa4, 0x2, 0x6f, 0xb0, 0x1, 0x98, 0xc0, 0x3,
    0xa0, 0x1c, 0xb5, 0xbf, 0xd9, 0x4, 0x1, 0x8e,
    0x40, 0x31, 0xe0, 0x80, 0x7f, 0xf0, 0x97, 0x0,
    0x3c, 0x7e, 0xe0, 0x1f, 0xf1, 0x55, 0x0, 0x3f,
    0xc, 0x74, 0xa9, 0x8, 0x0, 0x4d, 0xef, 0x54,
    0x3, 0x80,

    /* U+016B "ū" */
    0x0, 0xcf, 0xff, 0xfe, 0x80, 0xf, 0xff, 0x23,
    0xf7, 0x7f, 0xa0, 0x3, 0xf8, 0x47, 0xfc, 0x1,
    0xff, 0xe1, 0x1f, 0xfc, 0x60, 0x1f, 0x8b, 0xff,
    0x18, 0x7, 0xff, 0xfc, 0x3, 0xff, 0xfe, 0x1,
    0xff, 0xff, 0x0, 0xff, 0xee, 0x38, 0x7, 0xe7,
    0x0, 0xe1, 0x0, 0xda, 0x1, 0xfb, 0xc0, 0x3c,
    0x60, 0x13, 0x10, 0x7, 0x91, 0x40, 0x3c, 0x80,
    0x1b, 0x10, 0x3, 0x3d, 0x80, 0x7d, 0x20, 0x18,
    0x6f, 0xaf, 0x3e, 0x1, 0xc0, 0x3c, 0x32, 0x1,
    0xc2, 0x86, 0x0, 0x28, 0x0, 0xf9, 0xa4, 0x3,
    0xf1, 0xe0, 0x8, 0x7, 0xcd, 0xce, 0x62, 0x2,
    0x95, 0x82, 0x1, 0xe0,

    /* U+016C "Ŭ" */
    0x0, 0xe2, 0xff, 0x58, 0x7, 0x17, 0xfb, 0x0,
    0x3f, 0xe2, 0x0, 0x21, 0x0, 0x65, 0x0, 0x28,
    0x7, 0xff, 0x1, 0x80, 0x1e, 0x80, 0x2f, 0x0,
    0xa, 0x0, 0xff, 0xe0, 0x41, 0x1, 0x5f, 0xf4,
    0x0, 0x1c, 0xc0, 0x3f, 0xf8, 0x3, 0x86, 0x1,
    0xe8, 0x80, 0x7, 0xff, 0x8, 0x72, 0xdd, 0x55,
    0x1c, 0xe0, 0x1f, 0xfc, 0x54, 0x8a, 0xa3, 0x88,
    0x7, 0xff, 0xb7, 0x3f, 0xea, 0x0, 0xff, 0xe0,
    0x8f, 0xfe, 0x60, 0xf, 0xff, 0xf8, 0x7, 0xff,
    0xfc, 0x3, 0xff, 0xfe, 0x1, 0xff, 0xff, 0x0,
    0xff, 0xff, 0x80, 0x7f, 0xf6, 0x44, 0x3, 0xff,
    0x8e, 0xe0, 0x13, 0x80, 0x7f, 0xf0, 0x48, 0x3,
    0x18, 0x80, 0x46, 0x1, 0xff, 0xc1, 0x50, 0xc,
    0xd8, 0x1, 0x98, 0x3, 0xff, 0x81, 0x60, 0x18,
    0xdc, 0x3, 0x41, 0x0, 0x7f, 0x9c, 0x80, 0x24,
    0x1, 0x50, 0x8, 0x70, 0xc0, 0x3f, 0x3c, 0x0,
    0x68, 0x0, 0x58, 0x80, 0x43, 0x94, 0xa4, 0x2,
    0x6f, 0xb0, 0x1, 0x98, 0xc0, 0x3, 0xa0, 0x1c,
    0xb5, 0xbf, 0xd9, 0x4, 0x1, 0x8e, 0x40, 0x31,
    0xe0, 0x80, 0x7f, 0xf0, 0x97, 0x0, 0x3c, 0x7e,
    0xe0, 0x1f, 0xf1, 0x55, 0x0, 0x3f, 0xc, 0x74,
    0xa9, 0x8, 0x0, 0x4d, 0xef, 0x54, 0x3, 0x80,

    /* U+016D "ŭ" */
    0x0, 0xcf, 0xe, 0x1, 0xe6, 0x87, 0x0, 0xfd,
    0x4f, 0x2, 0x1, 0x86, 0x5e, 0x40, 0x3f, 0x28,
    0x3, 0x44, 0x0, 0x34, 0x0, 0x70, 0xf, 0xd2,
    0x20, 0x7d, 0xb9, 0xc8, 0x3, 0x60, 0x1f, 0x87,
    0x44, 0x0, 0x46, 0x0, 0x1d, 0x20, 0xf, 0xe3,
    0xe8, 0x30, 0x1, 0x47, 0x98, 0x7, 0xff, 0x1,
    0xf3, 0xfd, 0xae, 0x20, 0x1f, 0xfe, 0x21, 0xff,
    0xc6, 0x1, 0xf8, 0xbf, 0xf1, 0x80, 0x7f, 0xff,
    0xc0, 0x3f, 0xff, 0xe0, 0x1f, 0xff, 0xf0, 0xf,
    0xfe, 0xe3, 0x80, 0x7e, 0x70, 0xe, 0x10, 0xd,
    0xa0, 0x1f, 0xbc, 0x3, 0xc6, 0x1, 0x31, 0x0,
    0x79, 0x14, 0x3, 0xc8, 0x1, 0xb1, 0x0, 0x33,
    0xd8, 0x7, 0xd2, 0x1, 0x86, 0xfa, 0xf3, 0xe0,
    0x1c, 0x3, 0xc3, 0x20, 0x1c, 0x28, 0x60, 0x2,
    0x80, 0xf, 0x9a, 0x40, 0x3f, 0x1e, 0x0, 0x80,
    0x7c, 0xdc, 0xe6, 0x20, 0x29, 0x58, 0x20, 0x1e,

    /* U+016E "Ů" */
    0x0, 0xfe, 0x7d, 0xfe, 0xb4, 0x0, 0xff, 0xe2,
    0xe, 0xc1, 0x0, 0xa5, 0xc8, 0x7, 0xff, 0xf,
    0x48, 0x9, 0xd8, 0x0, 0xcc, 0x0, 0xff, 0xe0,
    0x99, 0x80, 0xb6, 0x27, 0x0, 0x16, 0x1, 0xff,
    0xc1, 0x60, 0x5, 0x0, 0x46, 0x40, 0x40, 0x1f,
    0xfc, 0x11, 0x0, 0x70, 0x6, 0x30, 0xf, 0xfe,
    0x1a, 0x8, 0x33, 0x0, 0xa8, 0x41, 0x40, 0x3f,
    0xf8, 0x50, 0x0, 0x9f, 0xd5, 0x1, 0xb0, 0xf,
    0xfe, 0x13, 0x50, 0x80, 0x63, 0xc1, 0x0, 0xff,
    0xe1, 0xaf, 0x5c, 0x4e, 0x60, 0x80, 0x3f, 0xf8,
    0xc8, 0xec, 0x60, 0x1f, 0xec, 0xff, 0xa8, 0x3,
    0xff, 0x82, 0x3f, 0xf9, 0x80, 0x3f, 0xff, 0xe0,
    0x1f, 0xff, 0xf0, 0xf, 0xff, 0xf8, 0x7, 0xff,
    0xfc, 0x3, 0xff, 0xfe, 0x1, 0xff, 0xd9, 0x10,
    0xf, 0xfe, 0x3b, 0x80, 0x4e, 0x1, 0xff, 0xc1,
    0x20, 0xc, 0x62, 0x1, 0x18, 0x7, 0xff, 0x5,
    0x40, 0x33, 0x60, 0x6, 0x60, 0xf, 0xfe, 0x5,
    0x80, 0x63, 0x70, 0xd, 0x4, 0x1, 0xfe, 0x72,
    0x0, 0x90, 0x5, 0x40, 0x21, 0xc3, 0x0, 0xfc,
    0xf0, 0x1, 0xa0, 0x1, 0x62, 0x1, 0xe, 0x52,
    0x90, 0x9, 0xbe, 0xc0, 0x6, 0x63, 0x0, 0xe,
    0x80, 0x72, 0xd6, 0xff, 0x64, 0x10, 0x6, 0x39,
    0x0, 0xc7, 0x82, 0x1, 0xff, 0xc2, 0x5c, 0x0,
    0xf1, 0xfb, 0x80, 0x7f, 0xc5, 0x54, 0x0, 0xfc,
    0x31, 0xd2, 0xa4, 0x20, 0x1, 0x37, 0xbd, 0x50,
    0xe,

    /* U+016F "ů" */
    0x0, 0xf9, 0x73, 0xbf, 0x18, 0x3, 0xff, 0x83,
    0x54, 0x31, 0x3, 0x9b, 0x0, 0xff, 0xa1, 0x40,
    0xa, 0xc2, 0x9, 0x20, 0x1f, 0xe7, 0x0, 0x6d,
    0x4f, 0x88, 0x30, 0x7, 0xf1, 0x0, 0x10, 0x80,
    0x2, 0xe0, 0x3, 0x0, 0xfc, 0x60, 0x7, 0x0,
    0xc4, 0x0, 0x10, 0xf, 0xc2, 0x60, 0x72, 0x22,
    0x84, 0x2, 0x20, 0x7, 0xf7, 0x80, 0x1b, 0xb8,
    0xe0, 0x9, 0x0, 0xff, 0x1d, 0x88, 0x6, 0x1b,
    0x40, 0xf, 0xf9, 0x3a, 0xe2, 0x17, 0xc8, 0x1,
    0xff, 0xc2, 0x47, 0x72, 0x0, 0x7e, 0x1f, 0xfc,
    0x60, 0x1f, 0x8b, 0xff, 0x18, 0x7, 0xff, 0xfc,
    0x3, 0xff, 0xfe, 0x1, 0xff, 0xff, 0x0, 0xff,
    0xee, 0x38, 0x7, 0xe7, 0x0, 0xe1, 0x0, 0xda,
    0x1, 0xfb, 0xc0, 0x3c, 0x60, 0x13, 0x10, 0x7,
    0x91, 0x40, 0x3c, 0x80, 0x1b, 0x10, 0x3, 0x3d,
    0x80, 0x7d, 0x20, 0x18, 0x6f, 0xaf, 0x3e, 0x1,
    0xc0, 0x3c, 0x32, 0x1, 0xc2, 0x86, 0x0, 0x28,
    0x0, 0xf9, 0xa4, 0x3, 0xf1, 0xe0, 0x8, 0x7,
    0xcd, 0xce, 0x62, 0x2, 0x95, 0x82, 0x1, 0xe0,

    /* U+0170 "Ű" */
    0x0, 0xfa, 0x7f, 0xea, 0x0, 0x17, 0xfe, 0x40,
    0xf, 0xf9, 0x80, 0x2b, 0x0, 0x40, 0x5, 0x8,
    0x1, 0xfe, 0x50, 0x9, 0xc4, 0x11, 0x40, 0x8,
    0xe0, 0x1f, 0xf4, 0x80, 0x6, 0x0, 0x12, 0x0,
    0x1a, 0x0, 0xff, 0x88, 0xc0, 0x10, 0x0, 0x62,
    0x0, 0x68, 0x80, 0x7f, 0xc8, 0x44, 0x46, 0x0,
    0x69, 0x12, 0x4c, 0x3, 0xff, 0x80, 0xdb, 0xab,
    0x0, 0xaf, 0x74, 0xc0, 0x1f, 0xfe, 0xcc, 0xff,
    0xa8, 0x3, 0xff, 0x82, 0x3f, 0xf9, 0x80, 0x3f,
    0xff, 0xe0, 0x1f, 0xff, 0xf0, 0xf, 0xff, 0xf8,
    0x7, 0xff, 0xfc, 0x3, 0xff, 0xfe, 0x1, 0xff,
    0xd9, 0x10, 0xf, 0xfe, 0x3b, 0x80, 0x4e, 0x1,
    0xff, 0xc1, 0x20, 0xc, 0x62, 0x1, 0x18, 0x7,
    0xff, 0x5, 0x40, 0x33, 0x60, 0x6, 0x60, 0xf,
    0xfe, 0x5, 0x80, 0x63, 0x70, 0xd, 0x4, 0x1,
    0xfe, 0x72, 0x0, 0x90, 0x5, 0x40, 0x21, 0xc3,
    0x0, 0xfc, 0xf0, 0x1, 0xa0, 0x1, 0x62, 0x1,
    0xe, 0x52, 0x90, 0x9, 0xbe, 0xc0, 0x6, 0x63,
    0x0, 0xe, 0x80, 0x72, 0xd6, 0xff, 0x64, 0x10,
    0x6, 0x39, 0x0, 0xc7, 0x82, 0x1, 0xff, 0xc2,
    0x5c, 0x0, 0xf1, 0xfb, 0x80, 0x7f, 0xc5, 0x54,
    0x0, 0xfc, 0x31, 0xd2, 0xa4, 0x20, 0x1, 0x37,
    0xbd, 0x50, 0xe,

    /* U+0171 "ű" */
    0x0, 0xe4, 0xdd, 0xac, 0x2, 0xbd, 0xd9, 0x80,
    0x3e, 0xf2, 0x2b, 0x40, 0xa, 0x84, 0x41, 0x60,
    0xf, 0xa, 0x0, 0xd, 0x80, 0x16, 0x1, 0x70,
    0x7, 0xcc, 0x1, 0x40, 0x2, 0x4, 0x1, 0x44,
    0x1, 0xf5, 0x0, 0x11, 0x0, 0x2e, 0x0, 0x75,
    0x0, 0xf8, 0xc8, 0x1, 0x20, 0xb, 0x0, 0x1c,
    0x0, 0x7e, 0x3f, 0xf8, 0x80, 0x15, 0xfe, 0xc0,
    0xf, 0xff, 0x10, 0xff, 0xe3, 0x0, 0xfc, 0x5f,
    0xf8, 0xc0, 0x3f, 0xff, 0xe0, 0x1f, 0xff, 0xf0,
    0xf, 0xff, 0xf8, 0x7, 0xff, 0x71, 0xc0, 0x3f,
    0x38, 0x7, 0x8, 0x6, 0xd0, 0xf, 0xde, 0x1,
    0xe3, 0x0, 0x98, 0x80, 0x3c, 0x8a, 0x1, 0xe4,
    0x0, 0xd8, 0x80, 0x19, 0xec, 0x3, 0xe9, 0x0,
    0xc3, 0x7d, 0x79, 0xf0, 0xe, 0x1, 0xe1, 0x90,
    0xe, 0x14, 0x30, 0x1, 0x40, 0x7, 0xcd, 0x20,
    0x1f, 0x8f, 0x0, 0x40, 0x3e, 0x6e, 0x73, 0x10,
    0x14, 0xac, 0x10, 0xf, 0x0,

    /* U+0172 "Ų" */
    0xcf, 0xfa, 0x80, 0x3f, 0xf8, 0x23, 0xff, 0x98,
    0x3, 0xff, 0xfe, 0x1, 0xff, 0xff, 0x0, 0xff,
    0xff, 0x80, 0x7f, 0xff, 0xc0, 0x3f, 0xff, 0xe0,
    0x1f, 0xfd, 0x91, 0x0, 0xff, 0xe3, 0xb, 0x80,
    0x4e, 0x1, 0xff, 0xc1, 0x20, 0xd, 0xa2, 0x1,
    0x18, 0x7, 0xff, 0x5, 0x40, 0x36, 0xe0, 0x6,
    0x60, 0xf, 0xfe, 0x5, 0x80, 0x66, 0x70, 0xd,
    0x4, 0x1, 0xfe, 0x72, 0x0, 0xc2, 0x25, 0x0,
    0x87, 0xc, 0x3, 0xf3, 0xc0, 0x6, 0x80, 0x5,
    0x88, 0x4, 0x39, 0x4a, 0x40, 0x26, 0xfb, 0x0,
    0x1c, 0xe0, 0x1, 0xd0, 0xe, 0x5a, 0xdf, 0xec,
    0x82, 0x0, 0xee, 0x0, 0xc7, 0x82, 0x1, 0xff,
    0xc3, 0xe1, 0x0, 0xe3, 0xf7, 0x0, 0xff, 0xe0,
    0x1f, 0x88, 0x7, 0xc3, 0x1d, 0x2a, 0x42, 0x1,
    0xc5, 0xd8, 0x1, 0xff, 0xb, 0x56, 0xc0, 0x4,
    0x9b, 0xa1, 0x0, 0xff, 0xe1, 0xcc, 0x80, 0x13,
    0x64, 0x1, 0xff, 0xc4, 0x46, 0x0, 0x33, 0x0,
    0x3f, 0xf8, 0xda, 0x1, 0x78, 0x7, 0xff, 0x1c,
    0xc0, 0x2a, 0x34, 0x60, 0xf, 0xfe, 0x26, 0x80,
    0x47, 0x97, 0x24, 0x1, 0xff, 0xc3, 0x73, 0x0,
    0xf5, 0x80, 0x7f, 0xf1, 0x32, 0x4c, 0x40, 0x9a,
    0xc0, 0x3e,

    /* U+0173 "ų" */
    0x1f, 0xfc, 0x60, 0x1f, 0x8b, 0xff, 0x18, 0x7,
    0xff, 0xfc, 0x3, 0xff, 0xfe, 0x1, 0xff, 0xff,
    0x0, 0xff, 0xf5, 0x38, 0x7, 0xe7, 0x0, 0xf0,
    0x80, 0x6d, 0x0, 0xfd, 0xe0, 0x1f, 0x18, 0x4,
    0xc4, 0x1, 0xe4, 0x50, 0xf, 0x90, 0x3, 0x62,
    0x0, 0x67, 0xb0, 0xf, 0xd2, 0x1, 0x86, 0xfa,
    0xf3, 0xe0, 0x1c, 0x3, 0xe1, 0x90, 0xe, 0x14,
    0x30, 0x1, 0x40, 0x7, 0xe6, 0x90, 0xf, 0xc7,
    0x80, 0x20, 0x1f, 0x9b, 0x9c, 0xc4, 0x5, 0x2b,
    0x4, 0x60, 0xf, 0xe1, 0x8c, 0xef, 0xeb, 0x50,
    0x2c, 0x0, 0xa4, 0xc0, 0x3f, 0xf8, 0x23, 0x84,
    0x3, 0xac, 0x1, 0xff, 0xc2, 0xb1, 0x0, 0x69,
    0x0, 0x7f, 0xf0, 0xd4, 0x2, 0x30, 0xf, 0xfe,
    0x18, 0x80, 0x67, 0x35, 0x30, 0xf, 0xfe, 0x0,
    0x88, 0x2, 0x8c, 0xa8, 0x0, 0xff, 0xe0, 0xd8,
    0x7, 0x90, 0x80, 0x3f, 0xf8, 0xb, 0xac, 0x40,
    0x3, 0x92,

    /* U+0174 "Ŵ" */
    0x0, 0xff, 0xe2, 0xbc, 0x41, 0xc4, 0x3, 0xff,
    0xab, 0x70, 0xee, 0x8d, 0x0, 0xff, 0xea, 0x52,
    0x0, 0x4, 0xe, 0xc0, 0x3f, 0xfa, 0x52, 0xa0,
    0xa, 0xa0, 0x1, 0x24, 0x3, 0xff, 0xa1, 0xc,
    0x0, 0x75, 0x49, 0x0, 0x34, 0x0, 0x7f, 0xf3,
    0x99, 0xc0, 0xb, 0x0, 0x6, 0x60, 0x1, 0xd8,
    0x3, 0xff, 0x9a, 0xdf, 0xf5, 0x0, 0x69, 0xff,
    0x98, 0x3, 0xff, 0xfe, 0x1, 0xff, 0xc4, 0xdf,
    0xfb, 0x0, 0x3f, 0xe8, 0xff, 0xd4, 0x1, 0xff,
    0x5f, 0xfe, 0x4, 0x0, 0x8c, 0x40, 0x3f, 0xc8,
    0x1, 0x90, 0x3, 0xfe, 0x40, 0x9, 0x3, 0x0,
    0x32, 0x0, 0x7f, 0x8c, 0x3, 0x9, 0x0, 0x7f,
    0x18, 0x6, 0xc0, 0x40, 0xd, 0x80, 0x1f, 0xc8,
    0x1, 0xe4, 0x0, 0xfe, 0x40, 0xc, 0xa0, 0x26,
    0x1, 0x20, 0x7, 0xf6, 0x0, 0x7b, 0x0, 0x3f,
    0xb0, 0x2, 0x12, 0x0, 0x20, 0x4, 0x42, 0x1,
    0xf9, 0x0, 0x21, 0x0, 0x20, 0x7, 0xf2, 0x0,
    0x4e, 0x1, 0x58, 0x6, 0x40, 0xf, 0x84, 0xc0,
    0x6, 0xa0, 0x1, 0x20, 0xf, 0x90, 0x3, 0x60,
    0x4, 0x60, 0x1b, 0x0, 0x3e, 0x40, 0x9, 0x4c,
    0x2, 0x40, 0xf, 0xb0, 0x3, 0x20, 0x6, 0x40,
    0x9, 0x0, 0x3e, 0xc0, 0xb, 0xf4, 0x2, 0xd0,
    0xf, 0x90, 0x2, 0x31, 0x0, 0xda, 0x1, 0x10,
    0x80, 0x79, 0x0, 0x25, 0x70, 0x9, 0x40, 0x3e,
    0x30, 0x9, 0x0, 0x39, 0x0, 0x32, 0x0, 0x70,
    0x90, 0x4, 0x64, 0x20, 0x1, 0x30, 0xe, 0x40,
    0xd, 0x80, 0x1c, 0x44, 0x0, 0xb0, 0x3, 0x90,
    0x2, 0x40, 0x2, 0x0, 0x48, 0x1, 0xd8, 0x1,
    0x90, 0x3, 0xc8, 0x1, 0x20, 0x7, 0x78, 0x5,
    0x80, 0xc, 0x0, 0xb0, 0x3, 0x90, 0x2, 0x40,
    0xf, 0xb0, 0x2, 0x21, 0x0, 0xc8, 0x1, 0x20,
    0x1, 0x0, 0x24, 0x0, 0xe3, 0x0, 0xb4, 0x3,
    0xe4, 0x0, 0xc8, 0x1, 0x10, 0x80, 0x4, 0xc0,
    0x4, 0x40, 0x8, 0xc0, 0x24, 0x0, 0xc8, 0x1,
    0xf0, 0x98, 0x5, 0x80, 0x12, 0x0, 0x48, 0x1,
    0x90, 0x2, 0x40, 0xb, 0x0, 0x21, 0x20, 0xf,
    0xc8, 0x1, 0x20, 0x5, 0x80, 0x16, 0x0, 0x6c,
    0x0, 0xb0, 0x2, 0x40, 0x9, 0xc0, 0x3f, 0xac,
    0x2, 0x21, 0x0, 0x20, 0x4, 0x80, 0x19, 0x40,
    0x24, 0x0, 0x8c, 0x2, 0xc0, 0xf, 0xe3, 0x0,
    0xca, 0x4, 0x20, 0x2, 0x20, 0x7, 0x18, 0x4,
    0x60, 0x60, 0x19, 0x0, 0x3f, 0xc8, 0x1, 0x60,
    0x38, 0x4, 0x80, 0x1e, 0x40, 0x9, 0x1, 0x0,
    0x23, 0x10, 0xf, 0xf6, 0x80, 0x46, 0x18, 0x1,
    0x60, 0x7, 0xac, 0x2, 0xd0, 0xd0, 0x9, 0x0,
    0x3f, 0xe4, 0x0, 0x94, 0x14, 0x2, 0x40, 0xf,
    0x18, 0x4, 0x80, 0xe0, 0x15, 0x80, 0x7f, 0xc4,
    0x20, 0x1, 0x23, 0x0, 0x18, 0x80, 0x7c, 0x80,
    0x1, 0x22, 0x0, 0x46, 0x1, 0xff, 0xc0, 0x70,
    0xa, 0x80, 0x24, 0x0, 0xfd, 0xa0, 0x15, 0x0,
    0x48, 0x1, 0xff, 0xc1, 0xc0, 0x9, 0x80, 0x2c,
    0x0, 0xfc, 0x80, 0x13, 0x0, 0x5a, 0x1, 0xff,
    0xc1, 0x40, 0x8, 0x40, 0x24, 0x0, 0xfc, 0x42,
    0x0, 0x10, 0x9, 0x0, 0x3f, 0xf8, 0x22, 0x60,
    0x1c, 0x80, 0x1f, 0xe7, 0x0, 0xe2, 0x20, 0x7,
    0xff, 0x9, 0x0, 0x3b, 0x0, 0x3f, 0xd8, 0x1,
    0xc8, 0x1, 0xff, 0xc3, 0xb0, 0xe, 0x50, 0xf,
    0xf2, 0x0, 0x76, 0x0, 0x7e,

    /* U+0175 "ŵ" */
    0x0, 0xff, 0xe0, 0xa4, 0x44, 0xa0, 0x1f, 0xfc,
    0xe4, 0xb7, 0x7a, 0x94, 0x3, 0xff, 0x98, 0x76,
    0x0, 0x10, 0x5, 0x20, 0x7, 0xff, 0x28, 0xb4,
    0x0, 0x7c, 0x80, 0xb, 0x20, 0xf, 0xfe, 0x41,
    0x60, 0x80, 0xe8, 0x59, 0x0, 0x30, 0x40, 0x3f,
    0xf8, 0xc3, 0xe2, 0x0, 0xd1, 0x0, 0x78, 0x80,
    0xe0, 0x80, 0x7f, 0xf1, 0x47, 0x7f, 0xe3, 0x0,
    0x8b, 0xbf, 0xda, 0x20, 0x1f, 0xff, 0xdb, 0xff,
    0xb0, 0x3, 0xf5, 0x7f, 0xdc, 0x1, 0xfa, 0xbf,
    0xee, 0xc, 0x0, 0x8c, 0x3, 0xf2, 0x0, 0x42,
    0x40, 0x1f, 0x20, 0x4, 0xe0, 0xa0, 0x19, 0x0,
    0x3c, 0x62, 0x1, 0x90, 0x3, 0xc4, 0x20, 0x16,
    0x81, 0x10, 0x2, 0xd0, 0xf, 0x20, 0x7, 0x60,
    0x7, 0x94, 0x3, 0x20, 0x1, 0x40, 0x24, 0x0,
    0xf6, 0x0, 0x72, 0x0, 0x7b, 0x0, 0x24, 0x0,
    0xb0, 0x2, 0x21, 0x0, 0xe4, 0x0, 0x20, 0x0,
    0x4c, 0x3, 0x90, 0x2, 0xd0, 0x9, 0x4, 0x2,
    0x40, 0xc, 0x80, 0x17, 0x80, 0x48, 0x1, 0x8c,
    0x3, 0x38, 0x6, 0x40, 0xb, 0x0, 0x36, 0x0,
    0x48, 0x40, 0xc, 0x0, 0xc8, 0x1, 0x18, 0x80,
    0x6f, 0x0, 0x9c, 0x3, 0x20, 0x1, 0x1, 0x0,
    0x8, 0x1, 0xac, 0x2, 0x40, 0xe, 0x40, 0x8,
    0x48, 0x0, 0x26, 0x0, 0xc0, 0xc0, 0x8, 0xc0,
    0x23, 0x0, 0xac, 0x3, 0x84, 0xc0, 0x24, 0x0,
    0x20, 0x4, 0x80, 0x80, 0x12, 0x0, 0x10, 0x2,
    0x13, 0x0, 0xf5, 0x80, 0x58, 0x0, 0xc0, 0x8,
    0xc0, 0x48, 0x1, 0x80, 0xc, 0x0, 0x9c, 0x3,
    0xe5, 0x0, 0x90, 0x0, 0x80, 0x4, 0x0, 0x94,
    0x0, 0x80, 0x4, 0x0, 0xb4, 0x3, 0xe2, 0x20,
    0x0, 0x48, 0x8, 0x1, 0xa0, 0x16, 0x0, 0x44,
    0x6, 0x1, 0x20, 0x7, 0xe4, 0x0, 0x9d, 0x0,
    0x24, 0x0, 0x90, 0x2, 0x43, 0x0, 0x90, 0x3,
    0xfb, 0x40, 0x2c, 0x30, 0x1, 0x10, 0x3, 0x20,
    0x3, 0x10, 0x2, 0xd0, 0xf, 0xe4, 0x0, 0x97,
    0x0, 0xa, 0x1, 0xda, 0x0, 0x7d, 0x0, 0x9c,
    0x3, 0xfc, 0xa0, 0x3, 0x50, 0x6, 0x0, 0x72,
    0x0, 0x9, 0x0, 0x4, 0x20, 0x1f, 0xec, 0x0,
    0x84, 0x0, 0x80, 0x1c, 0x44, 0x0, 0x8, 0x1,
    0x40, 0x3f, 0xe7, 0x0, 0xe4, 0x0, 0xf9, 0x40,
    0x3a, 0xc0, 0x3f, 0xe1, 0x30, 0xd, 0xa0, 0x1f,
    0x60, 0x6, 0x13, 0x0, 0xff, 0xe0, 0x58, 0x6,
    0x40, 0xf, 0x90, 0x3, 0x38, 0x7, 0xc0,

    /* U+0176 "Ŷ" */
    0x0, 0xff, 0x14, 0xce, 0x0, 0xff, 0xe4, 0xf,
    0xb3, 0x6b, 0x0, 0xff, 0xe3, 0xe, 0x10, 0x8,
    0x1, 0x28, 0x3, 0xff, 0x8b, 0xa4, 0x0, 0xcb,
    0x0, 0x2c, 0x80, 0x7f, 0xf0, 0xec, 0xc0, 0x16,
    0x49, 0x0, 0x6, 0x70, 0xf, 0xfe, 0xc, 0x28,
    0x8a, 0x10, 0x0, 0xec, 0x22, 0x94, 0x0, 0xff,
    0xe0, 0x47, 0x74, 0xe0, 0x1a, 0x7b, 0xa4, 0x0,
    0xff, 0xf7, 0x5f, 0xfe, 0x70, 0xf, 0xfe, 0x14,
    0xff, 0xe8, 0xa0, 0xd, 0x2, 0x1, 0xff, 0xc0,
    0x36, 0x0, 0x86, 0x6, 0x0, 0x35, 0x80, 0x7f,
    0xf0, 0x3c, 0x3, 0x58, 0x1, 0xc8, 0x2, 0x54,
    0x0, 0xff, 0x29, 0x80, 0x48, 0xa0, 0x17, 0x0,
    0x69, 0x0, 0xff, 0x58, 0x6, 0x90, 0xc, 0x6c,
    0x1, 0x13, 0x80, 0x7e, 0x81, 0x0, 0xa0, 0x80,
    0x3a, 0x4, 0x2, 0x81, 0x0, 0xf1, 0x38, 0x4,
    0x4e, 0x1, 0xe1, 0x80, 0xd, 0x0, 0x1e, 0x90,
    0xd, 0x20, 0x1f, 0x98, 0xc0, 0x26, 0x30, 0xc,
    0x88, 0x0, 0x95, 0x0, 0x3f, 0xb8, 0x3, 0x78,
    0x6, 0x90, 0xd, 0x60, 0x1f, 0xe2, 0x70, 0x8,
    0xd4, 0x0, 0xc4, 0x1, 0x48, 0x80, 0x7f, 0xd0,
    0x20, 0x15, 0x80, 0x20, 0x2, 0x36, 0x0, 0xff,
    0xe0, 0xd8, 0x4, 0x2c, 0xe2, 0x1, 0x78, 0x7,
    0xff, 0x9, 0x50, 0x2, 0xb9, 0x0, 0x98, 0xc0,
    0x3f, 0xf8, 0x72, 0x1, 0x10, 0x80, 0x6, 0x0,
    0x3f, 0xf8, 0x85, 0x0, 0x1e, 0xb1, 0x0, 0xff,
    0xe2, 0xb9, 0x0, 0x63, 0x50, 0xf, 0xfe, 0x3c,
    0x0, 0x6f, 0x0, 0xff, 0xe4, 0x8, 0x6, 0x10,
    0xf, 0xff, 0xf8, 0x7, 0xff, 0xfc, 0x3, 0xff,
    0xfe, 0x1, 0xff, 0xe1,

    /* U+0177 "ŷ" */
    0x0, 0xfe, 0x48, 0x89, 0x0, 0x3f, 0xf8, 0xa9,
    0x6e, 0xf5, 0xa0, 0x7, 0xff, 0xc, 0xec, 0x0,
    0x20, 0xb, 0x30, 0xf, 0xfe, 0x9, 0xe0, 0x0,
    0xf9, 0x0, 0x1a, 0x40, 0x1f, 0xf1, 0x68, 0x0,
    0x74, 0x28, 0x80, 0x70, 0x40, 0x3f, 0x87, 0x4,
    0x1, 0x82, 0x3, 0xe0, 0x1, 0xc1, 0x0, 0xfc,
    0x3d, 0xff, 0x10, 0x4, 0x5f, 0xf6, 0x88, 0x7,
    0xff, 0x9f, 0xbf, 0xeb, 0x0, 0xff, 0xab, 0xfe,
    0xe0, 0x3, 0x0, 0x48, 0x20, 0x1f, 0xc2, 0xa0,
    0x13, 0x0, 0x28, 0x3, 0x38, 0x7, 0xf3, 0x80,
    0x6a, 0x0, 0x11, 0x80, 0x54, 0x1, 0xfd, 0xa0,
    0x11, 0x90, 0x5, 0x40, 0x11, 0x88, 0x7, 0xc2,
    0x80, 0x15, 0x0, 0x66, 0x0, 0xcc, 0x1, 0xf3,
    0x0, 0x66, 0x0, 0xe6, 0x0, 0xa8, 0x3, 0xea,
    0x0, 0x98, 0x3, 0xd4, 0x1, 0x11, 0x0, 0x38,
    0x88, 0x1, 0x50, 0x7, 0x8c, 0x80, 0x2a, 0x0,
    0xea, 0x0, 0x88, 0xc0, 0x3e, 0xa0, 0x9, 0x40,
    0x39, 0x80, 0x2a, 0x0, 0xfc, 0xc0, 0x11, 0x18,
    0x4, 0x62, 0x1, 0x30, 0x7, 0xe1, 0x40, 0xa,
    0x80, 0x2a, 0x0, 0x90, 0x40, 0x3f, 0xb8, 0x2,
    0x70, 0x9, 0xc0, 0x2e, 0x0, 0xff, 0x28, 0x80,
    0x4, 0xc1, 0x4, 0x0, 0x2a, 0x1, 0xff, 0x38,
    0x5, 0x61, 0xa0, 0x13, 0x0, 0x7f, 0xf0, 0x28,
    0x2, 0x40, 0x70, 0xa, 0x80, 0x3f, 0xf8, 0x6,
    0x40, 0x3, 0x30, 0x80, 0xc, 0x80, 0x3f, 0xf8,
    0x34, 0x1, 0x78, 0x5, 0x40, 0x1f, 0xfc, 0x26,
    0x0, 0x8c, 0x2, 0x60, 0xf, 0xfe, 0x10, 0xa8,
    0x7, 0x28, 0x7, 0xff, 0x13, 0x80, 0x3a, 0x40,
    0x3f, 0xf8, 0x88, 0x20, 0x11, 0x18, 0x7, 0xff,
    0x14, 0x40, 0x2a, 0x0, 0xff, 0xe2, 0xa0, 0x6,
    0x60, 0xf, 0xfe, 0x2f, 0x80, 0x48, 0x20, 0x1f,
    0xfc, 0x45, 0x40, 0xb, 0xc0, 0x3f, 0xf8, 0x2f,
    0x95, 0xb4, 0x1, 0x1a, 0x0, 0x7f, 0xf0, 0x6c,
    0xd4, 0x80, 0x21, 0xe0, 0xf, 0xfe, 0x8, 0x98,
    0x7, 0xe, 0x90, 0x7, 0xff, 0x4, 0x8c, 0x40,
    0x7, 0x1c, 0x60, 0x1f, 0xfc, 0x0,

    /* U+0178 "Ÿ" */
    0x0, 0xfa, 0xbf, 0x50, 0x3, 0x2f, 0x72, 0x0,
    0x3f, 0xf8, 0x30, 0xa0, 0x56, 0x1, 0x15, 0x8,
    0x9d, 0x40, 0x3f, 0xf8, 0x6, 0x1, 0x8c, 0x0,
    0xe0, 0x1b, 0x0, 0x3f, 0xf8, 0x18, 0x1, 0x9,
    0x80, 0x1c, 0x3, 0x60, 0x7, 0xff, 0x1, 0xd8,
    0x4f, 0x40, 0x22, 0xa2, 0x18, 0x50, 0xf, 0xfe,
    0xc, 0xf6, 0x18, 0x6, 0x5d, 0xe7, 0x0, 0xff,
    0xf7, 0xdf, 0xfe, 0x70, 0xf, 0xfe, 0x14, 0xff,
    0xe8, 0xa0, 0xd, 0x2, 0x1, 0xff, 0xc0, 0x36,
    0x0, 0x86, 0x6, 0x0, 0x35, 0x80, 0x7f, 0xf0,
    0x3c, 0x3, 0x58, 0x1, 0xc8, 0x2, 0x54, 0x0,
    0xff, 0x29, 0x80, 0x48, 0xa0, 0x17, 0x0, 0x69,
    0x0, 0xff, 0x58, 0x6, 0x90, 0xc, 0x6c, 0x1,
    0x13, 0x80, 0x7e, 0x81, 0x0, 0xa0, 0x80, 0x3a,
    0x4, 0x2, 0x81, 0x0, 0xf1, 0x38, 0x4, 0x4e,
    0x1, 0xe1, 0x80, 0xd, 0x0, 0x1e, 0x90, 0xd,
    0x20, 0x1f, 0x98, 0xc0, 0x26, 0x30, 0xc, 0x88,
    0x0, 0x95, 0x0, 0x3f, 0xb8, 0x3, 0x78, 0x6,
    0x90, 0xd, 0x60, 0x1f, 0xe2, 0x70, 0x8, 0xd4,
    0x0, 0xc4, 0x1, 0x48, 0x80, 0x7f, 0xd0, 0x20,
    0x15, 0x80, 0x20, 0x2, 0x36, 0x0, 0xff, 0xe0,
    0xd8, 0x4, 0x2c, 0xe2, 0x1, 0x78, 0x7, 0xff,
    0x9, 0x50, 0x2, 0xb9, 0x0, 0x98, 0xc0, 0x3f,
    0xf8, 0x72, 0x1, 0x10, 0x80, 0x6, 0x0, 0x3f,
    0xf8, 0x85, 0x0, 0x1e, 0xb1, 0x0, 0xff, 0xe2,
    0xb9, 0x0, 0x63, 0x50, 0xf, 0xfe, 0x3c, 0x0,
    0x6f, 0x0, 0xff, 0xe4, 0x8, 0x6, 0x10, 0xf,
    0xff, 0xf8, 0x7, 0xff, 0xfc, 0x3, 0xff, 0xfe,
    0x1, 0xff, 0xe1,

    /* U+0179 "Ź" */
    0x0, 0xff, 0x93, 0x76, 0xc0, 0xf, 0xfe, 0x2c,
    0x11, 0x54, 0x1, 0xff, 0xc4, 0x43, 0x0, 0x23,
    0x0, 0x7f, 0xf1, 0x3c, 0x2, 0xa0, 0xf, 0xfe,
    0x21, 0xa0, 0x2, 0x44, 0x3, 0xff, 0x89, 0x20,
    0x4, 0x60, 0xf, 0xfe, 0x2d, 0x7f, 0xac, 0x3,
    0xff, 0xd3, 0x5f, 0xff, 0xfc, 0x83, 0x0, 0xff,
    0xef, 0x89, 0x19, 0xff, 0xf0, 0xc0, 0x31, 0x94,
    0x66, 0x7f, 0xf0, 0x90, 0x3, 0x70, 0x7, 0xff,
    0xd, 0x1c, 0x2, 0x82, 0x0, 0xff, 0xe1, 0xd,
    0x0, 0x48, 0xe0, 0x1f, 0xfc, 0x3d, 0x10, 0xa,
    0x80, 0x3f, 0xf8, 0x6e, 0x60, 0x14, 0x88, 0x7,
    0xff, 0x8, 0xe0, 0x2, 0x46, 0x0, 0xff, 0xe1,
    0xf0, 0x4, 0x34, 0x1, 0xff, 0xc3, 0x82, 0x0,
    0xac, 0x40, 0x3f, 0xf8, 0x46, 0xe0, 0x12, 0xa8,
    0x3, 0xff, 0x87, 0xc0, 0x10, 0xd0, 0x7, 0xff,
    0xe, 0x48, 0x2, 0xa0, 0xf, 0xfe, 0x1a, 0x30,
    0x4, 0xc8, 0x1, 0xff, 0xc2, 0x1a, 0x0, 0x8a,
    0x40, 0x3f, 0xf8, 0x76, 0x20, 0x17, 0x0, 0x7f,
    0xf0, 0xd5, 0x40, 0x13, 0x98, 0x7, 0xff, 0x8,
    0x6c, 0x2, 0x38, 0x0, 0xff, 0xe1, 0xd0, 0x80,
    0x5c, 0x1, 0xff, 0xc3, 0x64, 0x0, 0xa4, 0x80,
    0x3f, 0xf8, 0x45, 0x20, 0x12, 0x30, 0x7, 0xff,
    0xf, 0x80, 0x21, 0xa0, 0xf, 0xfe, 0x1b, 0x98,
    0x5, 0xa2, 0x1, 0xff, 0xc2, 0x38, 0x0, 0x87,
    0xf3, 0x3f, 0xf8, 0x47, 0x60, 0x18, 0x4c, 0xff,
    0xf8, 0x6e, 0x20, 0x1f, 0xfd, 0xf0,

    /* U+017A "ź" */
    0x0, 0xfe, 0x3f, 0xfc, 0x40, 0x1f, 0xfc, 0x8,
    0x0, 0xa0, 0x80, 0x3f, 0xe2, 0x40, 0x1, 0xb8,
    0x7, 0xff, 0x2, 0x0, 0x2e, 0x0, 0xff, 0xe0,
    0xa, 0x80, 0x20, 0x80, 0x3f, 0xf8, 0xe, 0x44,
    0x57, 0x0, 0xff, 0xe0, 0xb6, 0xea, 0x80, 0x3f,
    0xf9, 0xa7, 0xff, 0xff, 0xc4, 0x80, 0xf, 0xfe,
    0xc0, 0x91, 0x7f, 0xc0, 0x1d, 0x85, 0xbb, 0xfe,
    0x80, 0xc, 0xe8, 0x1, 0xfe, 0x2a, 0x0, 0x8e,
    0x0, 0x3f, 0xef, 0x0, 0x87, 0x40, 0x3f, 0xea,
    0x20, 0xa, 0x84, 0x3, 0xfc, 0xca, 0x1, 0x3a,
    0x0, 0x7f, 0x8e, 0x40, 0x23, 0x80, 0xf, 0xf0,
    0xe8, 0x4, 0x3a, 0x1, 0xff, 0x50, 0x80, 0x54,
    0x20, 0x1f, 0xe8, 0x40, 0x9, 0xd0, 0x3, 0xfc,
    0x8e, 0x1, 0x24, 0x0, 0x7f, 0x86, 0x80, 0x21,
    0xa0, 0xf, 0xfb, 0x44, 0x2, 0xa1, 0x0, 0xff,
    0x49, 0x80, 0x4e, 0x80, 0x1f, 0xe5, 0x60, 0x9,
    0x20, 0x3, 0xfc, 0x54, 0x1, 0x97, 0x77, 0xfd,
    0x96, 0x1, 0xc2, 0x45, 0xfe, 0x30, 0xf, 0xfe,
    0xc0,

    /* U+017B "Ż" */
    0x0, 0xff, 0xe9, 0xd, 0xff, 0x9c, 0x3, 0xff,
    0x8b, 0x8, 0x0, 0x84, 0x0, 0xff, 0xe2, 0x28,
    0x6, 0x30, 0xf, 0xfe, 0x22, 0x80, 0x63, 0x0,
    0xff, 0xe2, 0x4b, 0x0, 0xca, 0x0, 0x7f, 0xf1,
    0x67, 0xf9, 0x80, 0x3f, 0xfd, 0x35, 0xff, 0xff,
    0xc8, 0x30, 0xf, 0xfe, 0xf8, 0x91, 0x9f, 0xff,
    0xc, 0x3, 0x19, 0x46, 0x67, 0xff, 0x9, 0x0,
    0x37, 0x0, 0x7f, 0xf0, 0xd1, 0xc0, 0x28, 0x20,
    0xf, 0xfe, 0x10, 0xd0, 0x4, 0x8e, 0x1, 0xff,
    0xc3, 0xd1, 0x0, 0xa8, 0x3, 0xff, 0x86, 0xe6,
    0x1, 0x48, 0x80, 0x7f, 0xf0, 0x8e, 0x0, 0x24,
    0x60, 0xf, 0xfe, 0x1f, 0x0, 0x43, 0x40, 0x1f,
    0xfc, 0x38, 0x20, 0xa, 0xc4, 0x3, 0xff, 0x84,
    0x6e, 0x1, 0x2a, 0x80, 0x3f, 0xf8, 0x7c, 0x1,
    0xd, 0x0, 0x7f, 0xf0, 0xe4, 0x80, 0x2a, 0x0,
    0xff, 0xe1, 0xa3, 0x0, 0x4c, 0x80, 0x1f, 0xfc,
    0x21, 0xa0, 0x8, 0xa4, 0x3, 0xff, 0x87, 0x62,
    0x1, 0x70, 0x7, 0xff, 0xd, 0x54, 0x1, 0x39,
    0x80, 0x7f, 0xf0, 0x86, 0xc0, 0x23, 0x80, 0xf,
    0xfe, 0x1d, 0x8, 0x5, 0xc0, 0x1f, 0xfc, 0x36,
    0x40, 0xa, 0x48, 0x3, 0xff, 0x84, 0x52, 0x1,
    0x23, 0x0, 0x7f, 0xf0, 0xf8, 0x2, 0x1a, 0x0,
    0xff, 0xe1, 0xb9, 0x80, 0x5a, 0x20, 0x1f, 0xfc,
    0x23, 0x80, 0x8, 0x7f, 0x33, 0xff, 0x84, 0x76,
    0x1, 0x84, 0xcf, 0xff, 0x86, 0xe2, 0x1, 0xff,
    0xdf,

    /* U+017C "ż" */
    0x0, 0xff, 0xe6, 0xc7, 0xfa, 0x40, 0x3f, 0xf8,
    0x2c, 0xe0, 0x6, 0x70, 0xf, 0xfe, 0x7, 0x80,
    0x6c, 0x0, 0xff, 0xe0, 0x60, 0x6, 0xc0, 0xf,
    0xfe, 0x2, 0xc0, 0x89, 0xdc, 0x1, 0xff, 0xc1,
    0x7e, 0xe4, 0x0, 0x7f, 0xf7, 0xcf, 0xff, 0xff,
    0x89, 0x0, 0x1f, 0xfd, 0x81, 0x22, 0xff, 0x80,
    0x3b, 0xb, 0x77, 0xfd, 0x0, 0x19, 0xd0, 0x3,
    0xfc, 0x54, 0x1, 0x1c, 0x0, 0x7f, 0xde, 0x1,
    0xe, 0x80, 0x7f, 0xd4, 0x40, 0x15, 0x8, 0x7,
    0xf9, 0x94, 0x2, 0x74, 0x0, 0xff, 0x1c, 0x80,
    0x47, 0x0, 0x1f, 0xe1, 0xd0, 0x8, 0x74, 0x3,
    0xfe, 0xa1, 0x0, 0xa8, 0x40, 0x3f, 0xd0, 0x80,
    0x13, 0xa0, 0x7, 0xf9, 0x1c, 0x2, 0x48, 0x0,
    0xff, 0xd, 0x0, 0x43, 0x40, 0x1f, 0xf6, 0x88,
    0x5, 0x42, 0x1, 0xfe, 0x93, 0x0, 0x9d, 0x0,
    0x3f, 0xca, 0xc0, 0x12, 0x40, 0x7, 0xf8, 0xa8,
    0x3, 0x2e, 0xef, 0xfb, 0x2c, 0x3, 0x84, 0x8b,
    0xfc, 0x60, 0x1f, 0xfd, 0x80,

    /* U+017D "Ž" */
    0x0, 0xcd, 0x11, 0x8, 0x6, 0x48, 0x89, 0x0,
    0x3f, 0x23, 0x3b, 0xb4, 0x2, 0x3b, 0x77, 0x22,
    0x0, 0x3f, 0x16, 0x80, 0xe, 0xc0, 0xb4, 0x0,
    0x5a, 0x1, 0xfe, 0x3b, 0x0, 0x24, 0xf8, 0x80,
    0xe0, 0x80, 0x7f, 0xc9, 0x20, 0x6, 0x20, 0x1c,
    0x10, 0xf, 0xfe, 0xb, 0x40, 0x6, 0xd2, 0x0,
    0xff, 0xe1, 0xbf, 0xfe, 0x30, 0xf, 0xff, 0x45,
    0x7f, 0xff, 0xf2, 0xc, 0x3, 0xff, 0xbe, 0x24,
    0x67, 0xff, 0xc3, 0x0, 0xc6, 0x51, 0x99, 0xff,
    0xc2, 0x40, 0xd, 0xc0, 0x1f, 0xfc, 0x34, 0x70,
    0xa, 0x8, 0x3, 0xff, 0x84, 0x34, 0x1, 0x23,
    0x80, 0x7f, 0xf0, 0xf4, 0x40, 0x2a, 0x0, 0xff,
    0xe1, 0xb9, 0x80, 0x52, 0x20, 0x1f, 0xfc, 0x23,
    0x80, 0x9, 0x18, 0x3, 0xff, 0x87, 0xc0, 0x10,
    0xd0, 0x7, 0xff, 0xe, 0x8, 0x2, 0xb1, 0x0,
    0xff, 0xe1, 0x1b, 0x80, 0x4a, 0xa0, 0xf, 0xfe,
    0x1f, 0x0, 0x43, 0x40, 0x1f, 0xfc, 0x39, 0x20,
    0xa, 0x80, 0x3f, 0xf8, 0x68, 0xc0, 0x13, 0x20,
    0x7, 0xff, 0x8, 0x68, 0x2, 0x29, 0x0, 0xff,
    0xe1, 0xd8, 0x80, 0x5c, 0x1, 0xff, 0xc3, 0x55,
    0x0, 0x4e, 0x60, 0x1f, 0xfc, 0x21, 0xb0, 0x8,
    0xe0, 0x3, 0xff, 0x87, 0x42, 0x1, 0x70, 0x7,
    0xff, 0xd, 0x90, 0x2, 0x92, 0x0, 0xff, 0xe1,
    0x14, 0x80, 0x48, 0xc0, 0x1f, 0xfc, 0x3e, 0x0,
    0x86, 0x80, 0x3f, 0xf8, 0x6e, 0x60, 0x16, 0x88,
    0x7, 0xff, 0x8, 0xe0, 0x2, 0x1f, 0xcc, 0xff,
    0xe1, 0x1d, 0x80, 0x61, 0x33, 0xff, 0xe1, 0xb8,
    0x80, 0x7f, 0xf7, 0xc0,

    /* U+017E "ž" */
    0x0, 0x24, 0x44, 0x60, 0x18, 0xe2, 0x25, 0x0,
    0xca, 0xa7, 0x76, 0x90, 0x0, 0x75, 0xdc, 0xce,
    0x1, 0x87, 0x4, 0x7, 0xc0, 0x18, 0x20, 0x38,
    0x40, 0x1c, 0x38, 0x20, 0x57, 0x62, 0x0, 0x69,
    0x0, 0x7c, 0x5a, 0x0, 0x44, 0x0, 0x2c, 0xc0,
    0x3f, 0x8e, 0x80, 0x35, 0x20, 0x7, 0xfc, 0xbf,
    0xf9, 0x40, 0x3f, 0xfb, 0xc7, 0xff, 0xff, 0xc4,
    0x80, 0xf, 0xfe, 0xc0, 0x91, 0x7f, 0xc0, 0x1d,
    0x85, 0xbb, 0xfe, 0x80, 0xc, 0xe8, 0x1, 0xfe,
    0x2a, 0x0, 0x8e, 0x0, 0x3f, 0xef, 0x0, 0x87,
    0x40, 0x3f, 0xea, 0x20, 0xa, 0x84, 0x3, 0xfc,
    0xca, 0x1, 0x3a, 0x0, 0x7f, 0x8e, 0x40, 0x23,
    0x80, 0xf, 0xf0, 0xe8, 0x4, 0x3a, 0x1, 0xff,
    0x50, 0x80, 0x54, 0x20, 0x1f, 0xe8, 0x40, 0x9,
    0xd0, 0x3, 0xfc, 0x8e, 0x1, 0x24, 0x0, 0x7f,
    0x86, 0x80, 0x21, 0xa0, 0xf, 0xfb, 0x44, 0x2,
    0xa1, 0x0, 0xff, 0x49, 0x80, 0x4e, 0x80, 0x1f,
    0xe5, 0x60, 0x9, 0x20, 0x3, 0xfc, 0x54, 0x1,
    0x97, 0x77, 0xfd, 0x96, 0x1, 0xc2, 0x45, 0xfe,
    0x30, 0xf, 0xfe, 0xc0,

    /* U+017F "ſ" */
    0x0, 0xcd, 0x9d, 0xfe, 0xc8, 0x0, 0x1e, 0xc9,
    0x88, 0x0, 0xcc, 0x3, 0xa4, 0x1, 0xed, 0x8,
    0x10, 0xc, 0x66, 0x14, 0x7, 0x0, 0x8b, 0xb3,
    0x1c, 0x40, 0x20, 0x14, 0x8, 0x6, 0x10, 0xc,
    0xc0, 0x1f, 0xff, 0xf0, 0xf, 0xff, 0xf8, 0x7,
    0xff, 0xfc, 0x3, 0xff, 0xaa,

    /* U+2014 "—" */
    0xbb, 0xff, 0xee, 0x22, 0x7f, 0xf7, 0x0, 0x3f,
    0xff, 0xe0, 0x1c,

    /* U+2026 "…" */
    0x3, 0xaa, 0x20, 0x7, 0xe2, 0x9a, 0x60, 0xf,
    0xc3, 0x14, 0xe0, 0x4, 0xc5, 0x55, 0xa8, 0x7,
    0x8b, 0x59, 0x66, 0x0, 0x3c, 0x3e, 0xeb, 0x14,
    0x1e, 0x1, 0xa0, 0x3, 0xd6, 0x1, 0x9c, 0x3,
    0xce, 0x20, 0x12, 0x88, 0x7, 0x18, 0x7, 0xff,
    0x18, 0x40, 0x38, 0xf4, 0x3, 0x30, 0x7, 0xb4,
    0x3, 0x28, 0x7, 0x94, 0x3, 0x11, 0x1a, 0x4,
    0x4d, 0x0, 0x1e, 0x49, 0x20, 0x5b, 0x0, 0xf1,
    0x59, 0x2, 0x78, 0x0,

    /* U+F001 "" */
    0x0, 0xff, 0xff, 0x1b, 0xe7, 0xd8, 0x80, 0x7f,
    0xf4, 0xd2, 0x7b, 0x20, 0xc1, 0x34, 0x3, 0xff,
    0x9e, 0x4d, 0x7f, 0x6c, 0x20, 0x1c, 0x60, 0x1f,
    0xfc, 0xc4, 0x8d, 0xd4, 0xa0, 0x7, 0xff, 0x48,
    0x56, 0xbe, 0xdc, 0x80, 0x3f, 0xfa, 0x46, 0xf9,
    0xd4, 0xa0, 0x1f, 0xfd, 0x35, 0x9e, 0xc8, 0x30,
    0xf, 0xfe, 0x9b, 0x5f, 0xd3, 0x8, 0x7, 0xff,
    0x56, 0x64, 0x80, 0x1f, 0xfd, 0x96, 0x0, 0xff,
    0xff, 0x80, 0x7f, 0xf3, 0x45, 0xaf, 0xc0, 0x3f,
    0xfa, 0xa7, 0x1b, 0xd2, 0x80, 0x1f, 0xfd, 0x21,
    0x5a, 0xec, 0x72, 0x0, 0xff, 0xe9, 0x13, 0xe7,
    0x52, 0x88, 0x7, 0xff, 0x49, 0x27, 0xb6, 0xc,
    0x3, 0xff, 0xa6, 0xd7, 0xf6, 0xc2, 0x1, 0xff,
    0xd6, 0x94, 0x0, 0xff, 0xff, 0x80, 0x7f, 0xff,
    0xc0, 0x3f, 0xff, 0xe0, 0x1f, 0xff, 0xf0, 0xf,
    0xfe, 0x99, 0xce, 0x7f, 0xbb, 0x0, 0x3f, 0xfa,
    0x63, 0x78, 0xc6, 0x0, 0x13, 0x0, 0xff, 0xe9,
    0xf, 0xa0, 0x7, 0xff, 0x66, 0xc4, 0x3, 0xff,
    0xb4, 0x80, 0x1f, 0xfc, 0x53, 0x9c, 0xff, 0x76,
    0x0, 0x7f, 0xf4, 0x44, 0x6, 0xf1, 0x8c, 0x0,
    0x26, 0x1, 0xff, 0xc3, 0x40, 0xf, 0xfe, 0xa,
    0xf, 0xa0, 0x7, 0xff, 0x2a, 0xc4, 0x3, 0xfe,
    0x1b, 0xb0, 0x80, 0x7f, 0xf2, 0xc7, 0xd0, 0x3,
    0xf9, 0x3c, 0x50, 0x3, 0xff, 0x9a, 0x37, 0x8c,
    0x40, 0x11, 0x36, 0x58, 0x80, 0x7f, 0xf0, 0xc4,
    0x3, 0xff, 0x82, 0x73, 0xbf, 0xf6, 0xc9, 0x80,
    0x48, 0x1, 0xff, 0xc1, 0x40, 0xf, 0xfe, 0x6d,
    0x88, 0x7, 0xfc, 0x36, 0x1, 0xff, 0xcd, 0x1f,
    0x40, 0xf, 0xe4, 0xf1, 0x0, 0xff, 0xe7, 0xd,
    0xe3, 0x10, 0x4, 0x4d, 0x96, 0x20, 0x1f, 0xfc,
    0xe0,

    /* U+F008 "" */
    0x5e, 0x80, 0xd, 0x7f, 0xff, 0xfc, 0xc4, 0x0,
    0xd1, 0xcb, 0x62, 0x1, 0xff, 0xd2, 0x10, 0xe,
    0x1b, 0x10, 0x68, 0x8a, 0x50, 0x3, 0xff, 0x99,
    0x11, 0xcc, 0x2, 0x0, 0x17, 0x79, 0x80, 0x30,
    0x99, 0xff, 0xf1, 0x0, 0x31, 0x3b, 0xe1, 0x0,
    0xff, 0xe0, 0xfe, 0x67, 0xff, 0x11, 0xc0, 0x3f,
    0xf8, 0x2b, 0xff, 0x71, 0x0, 0x42, 0x1, 0xff,
    0xc4, 0xf0, 0x9, 0xff, 0xf2, 0x0, 0x62, 0x0,
    0x85, 0x80, 0x3f, 0xf9, 0x98, 0x1, 0x8c, 0x3,
    0xff, 0xfe, 0x1, 0xfc, 0x40, 0x10, 0xb0, 0x7,
    0xff, 0x33, 0x0, 0x31, 0x80, 0x65, 0xff, 0xb8,
    0x80, 0x3f, 0xf9, 0x8f, 0xff, 0x90, 0x3, 0xff,
    0xc0, 0x2e, 0xf3, 0x0, 0x62, 0x0, 0xff, 0xe2,
    0x70, 0x4, 0x4e, 0xf8, 0x40, 0x33, 0x44, 0x52,
    0x80, 0x16, 0xf7, 0x7f, 0xf1, 0x18, 0x2, 0x88,
    0xe6, 0x0, 0xff, 0xe1, 0x8, 0xff, 0xf1, 0x0,
    0x30, 0x80, 0x7f, 0xfb, 0xc4, 0x7f, 0xf8, 0x80,
    0x18, 0x40, 0x3f, 0x9a, 0x22, 0x94, 0x0, 0xb7,
    0xbb, 0xff, 0x88, 0xc0, 0x14, 0x47, 0x30, 0x6,
    0x17, 0x79, 0x80, 0x31, 0x0, 0x7f, 0xf1, 0x38,
    0x2, 0x27, 0x7c, 0x20, 0x1f, 0xfe, 0x5, 0xff,
    0xb8, 0x80, 0x3f, 0xf9, 0x8f, 0xff, 0x90, 0x3,
    0x10, 0x4, 0x2c, 0x1, 0xff, 0xcc, 0xc0, 0xc,
    0x60, 0x1f, 0xff, 0xf0, 0xf, 0xe2, 0x0, 0x85,
    0x80, 0x3f, 0xf9, 0x98, 0x1, 0x8c, 0x3, 0x2f,
    0xfd, 0xc4, 0x1, 0x8, 0x7, 0xff, 0x13, 0xc0,
    0x27, 0xff, 0xc8, 0x1, 0xff, 0xc1, 0xfc, 0xcf,
    0xfe, 0x23, 0x80, 0x7f, 0xf0, 0x45, 0xde, 0x60,
    0xc, 0x26, 0x7f, 0xfc, 0x40, 0xc, 0x4e, 0xf8,
    0x40, 0x2, 0xd, 0x11, 0x4a, 0x0, 0x7f, 0xf3,
    0x22, 0x39, 0x80, 0x6c, 0x40, 0x3f, 0xfa, 0x42,
    0x1, 0xc3, 0x60,

    /* U+F00B "" */
    0x3, 0x44, 0xfc, 0x20, 0x18, 0x91, 0x3f, 0xf9,
    0x46, 0x13, 0x97, 0x7f, 0xb9, 0x0, 0xf, 0xb7,
    0x7f, 0xfc, 0xac, 0x96, 0x0, 0xff, 0x68, 0x2,
    0x80, 0x3f, 0xf9, 0x8c, 0x1, 0xff, 0x18, 0x7,
    0xff, 0xfc, 0x3, 0xff, 0xfe, 0x1, 0xff, 0xff,
    0x0, 0x88, 0x3, 0xfd, 0xa0, 0x6, 0x0, 0xff,
    0xe6, 0x17, 0xaa, 0x27, 0xe7, 0x70, 0x2, 0x99,
    0x13, 0xff, 0x94, 0xbe, 0x55, 0x77, 0xfa, 0x0,
    0x21, 0x9b, 0xbf, 0xfe, 0x55, 0x10, 0x7, 0xff,
    0x71, 0x7b, 0xff, 0xf6, 0x8, 0x0, 0xfb, 0xff,
    0xff, 0x95, 0xcb, 0x62, 0x1, 0xf8, 0xe4, 0x1,
    0xe2, 0x1, 0xff, 0xca, 0x1b, 0x10, 0xf, 0xf1,
    0x0, 0x4, 0x3, 0xff, 0x98, 0x20, 0x1f, 0xff,
    0xf0, 0xf, 0xff, 0xf8, 0x7, 0xff, 0x98, 0x40,
    0x3f, 0xc4, 0x0, 0x10, 0xf, 0xfe, 0x60, 0xd8,
    0x80, 0x7e, 0x39, 0x0, 0x78, 0x80, 0x7f, 0xf2,
    0x86, 0xd7, 0xbf, 0xff, 0x60, 0x80, 0xf, 0xbf,
    0xff, 0xf9, 0x5c, 0xa0, 0x1f, 0xfd, 0xd3, 0x44,
    0xfc, 0x20, 0x18, 0x91, 0x3f, 0xf9, 0x46, 0x13,
    0x97, 0x7f, 0xb9, 0x0, 0xf, 0xb7, 0x7f, 0xfc,
    0xac, 0x96, 0x0, 0xff, 0x68, 0x2, 0x80, 0x3f,
    0xf9, 0x8c, 0x1, 0xff, 0x18, 0x7, 0xff, 0xfc,
    0x3, 0xff, 0xfe, 0x1, 0xff, 0xff, 0x0, 0x88,
    0x3, 0xfd, 0xa0, 0x6, 0x0, 0xff, 0xe6, 0x17,
    0xaa, 0x27, 0xe7, 0x70, 0x2, 0x99, 0x13, 0xff,
    0x94, 0xbe,

    /* U+F00C "" */
    0x0, 0xff, 0xea, 0x95, 0xea, 0x80, 0x7f, 0xf5,
    0xcb, 0x10, 0xa9, 0x80, 0x3f, 0xfa, 0xa5, 0x82,
    0x1, 0x4b, 0x0, 0x7f, 0xf4, 0xcb, 0x4, 0x3,
    0xa5, 0x80, 0x3f, 0xfa, 0x25, 0x82, 0x1, 0xf4,
    0x0, 0x7f, 0xf4, 0xb, 0x4, 0x3, 0xff, 0xb0,
    0x58, 0x20, 0x1f, 0xd4, 0x1, 0xff, 0xce, 0x2c,
    0x10, 0xf, 0xeb, 0x40, 0xf, 0xfe, 0x69, 0x60,
    0x80, 0x7f, 0x5a, 0x0, 0x7f, 0xf3, 0x4b, 0x4,
    0x3, 0xfa, 0xd0, 0x3, 0x97, 0x6c, 0x80, 0x3f,
    0xf8, 0x85, 0x82, 0x1, 0xfd, 0x68, 0x1, 0xcd,
    0x44, 0x98, 0x40, 0x1f, 0xfc, 0x22, 0xc1, 0x0,
    0xfe, 0xb4, 0x0, 0xe6, 0x90, 0x8, 0x70, 0x80,
    0x3f, 0xf8, 0x5, 0x82, 0x1, 0xfd, 0x68, 0x1,
    0xcd, 0x20, 0x1c, 0x38, 0x40, 0x1f, 0xe2, 0xc1,
    0x0, 0xfe, 0xb4, 0x0, 0xf4, 0x0, 0x7c, 0x38,
    0x40, 0x1f, 0x8b, 0x4, 0x3, 0xfa, 0xd0, 0x3,
    0xff, 0x88, 0x38, 0x40, 0x1e, 0x2c, 0x10, 0xf,
    0xeb, 0x40, 0xf, 0xd4, 0x1, 0xfc, 0x38, 0x40,
    0x18, 0xb0, 0x40, 0x3f, 0xad, 0x0, 0x3f, 0x92,
    0xc0, 0x3f, 0x87, 0x8, 0x0, 0x58, 0x20, 0x1f,
    0xd6, 0x80, 0x1f, 0xf2, 0x58, 0x7, 0xf0, 0xe1,
    0x13, 0x4, 0x3, 0xfa, 0xd0, 0x3, 0xff, 0x82,
    0x96, 0x1, 0xfc, 0x39, 0x81, 0x0, 0xfe, 0xb4,
    0x0, 0xff, 0xe1, 0xa5, 0x80, 0x7f, 0x8, 0x80,
    0x3f, 0xad, 0x0, 0x3f, 0xf8, 0xa9, 0x60, 0x1f,
    0xfc, 0x6b, 0x40, 0xf, 0xfe, 0x3a, 0x58, 0x7,
    0xff, 0x12, 0xd0, 0x3, 0xff, 0x92, 0x96, 0x1,
    0xff, 0xc2, 0xb4, 0x0, 0xff, 0xe5, 0xa5, 0x80,
    0x7f, 0xf0, 0x2d, 0x0, 0x3f, 0xf9, 0xa9, 0x60,
    0x1f, 0xeb, 0x40, 0xf, 0xfe, 0x7a, 0x58, 0x7,
    0xeb, 0x40, 0xf, 0xfe, 0x8a, 0x58, 0x7, 0xad,
    0x0, 0x3f, 0xfa, 0x69, 0x60, 0x1b, 0x10, 0x3,
    0xff, 0xaa, 0x98, 0x66, 0xc3, 0x0, 0xff, 0xe5,
    0x0,

    /* U+F00D "" */
    0x0, 0xb, 0xc9, 0x80, 0x7f, 0xf1, 0x1e, 0x50,
    0x3, 0x17, 0xc3, 0x63, 0x0, 0x7f, 0xf0, 0x47,
    0x21, 0xae, 0x0, 0x3, 0x82, 0x1, 0x4b, 0x0,
    0x7f, 0xc3, 0xa6, 0x1, 0x3c, 0x5, 0x8, 0x7,
    0x4b, 0x0, 0x7f, 0xe, 0x98, 0x7, 0x39, 0xa0,
    0x7, 0xd2, 0xc0, 0x1f, 0xe, 0x98, 0x7, 0xc8,
    0x60, 0x1f, 0xa5, 0x80, 0x38, 0x74, 0xc0, 0x3f,
    0x1f, 0x8, 0x7, 0xe9, 0x60, 0x8, 0x74, 0xc0,
    0x3f, 0x32, 0x16, 0x8, 0x7, 0xe9, 0x60, 0x1d,
    0x30, 0xf, 0xcd, 0x20, 0x2, 0xc1, 0x0, 0xfd,
    0x2d, 0xa6, 0x1, 0xf9, 0xa4, 0x3, 0x16, 0x8,
    0x7, 0xe9, 0x30, 0xf, 0xcd, 0x20, 0x1e, 0x2c,
    0x10, 0xf, 0xfe, 0x23, 0x48, 0x7, 0xe2, 0xc1,
    0x0, 0xff, 0xe1, 0x34, 0x80, 0x7f, 0x8b, 0x4,
    0x3, 0xff, 0x80, 0xd2, 0x1, 0xff, 0xc0, 0x2c,
    0x10, 0xf, 0xf3, 0x48, 0x7, 0xff, 0x8, 0xcc,
    0x1, 0xfe, 0xf0, 0xf, 0xfe, 0x10, 0xe9, 0x0,
    0x7f, 0xa5, 0x80, 0x3f, 0xf8, 0x3, 0xa6, 0x1,
    0xff, 0xc0, 0x96, 0x0, 0xff, 0xe, 0x98, 0x7,
    0xff, 0xa, 0x58, 0x3, 0xf0, 0xe9, 0x80, 0x7f,
    0xf1, 0x25, 0x80, 0x3c, 0x3a, 0x60, 0x1f, 0x94,
    0x40, 0x3f, 0x4b, 0x0, 0x61, 0xd3, 0x0, 0xfc,
    0xd5, 0x82, 0x1, 0xfa, 0x58, 0x0, 0x3a, 0x60,
    0x1f, 0x9a, 0x40, 0xb0, 0x40, 0x3f, 0x4b, 0x5,
    0x98, 0x7, 0xe6, 0x90, 0x8, 0xb0, 0x40, 0x3f,
    0x49, 0x28, 0x7, 0xe6, 0x90, 0xe, 0x2c, 0x10,
    0xf, 0xca, 0x60, 0x1f, 0x34, 0x80, 0x7c, 0x58,
    0x20, 0x1f, 0x1f, 0x80, 0x79, 0xa4, 0x3, 0xf8,
    0xb0, 0x40, 0x39, 0x10, 0x76, 0x1, 0x9a, 0x40,
    0x3f, 0xe2, 0xc1, 0x0, 0x92, 0xc0, 0x9, 0x88,
    0x71, 0x20, 0x1f, 0xfc, 0x12, 0xc5, 0x37, 0xb0,
    0x0,

    /* U+F011 "" */
    0x0, 0xff, 0xe2, 0xbf, 0xfe, 0x70, 0xf, 0xfe,
    0xb4, 0x0, 0x68, 0x0, 0xff, 0xea, 0x90, 0x7,
    0x88, 0x3, 0xff, 0xe9, 0x1f, 0xc6, 0x1, 0xff,
    0xc4, 0x3e, 0xf9, 0x0, 0xff, 0xe1, 0xdb, 0x80,
    0xf0, 0x7, 0xff, 0x13, 0x84, 0x1b, 0x4, 0x3,
    0xff, 0x81, 0x88, 0x1, 0x13, 0x0, 0x7f, 0xf0,
    0x98, 0x80, 0x23, 0xd1, 0x0, 0xff, 0x59, 0x80,
    0x75, 0x80, 0x7f, 0xf0, 0xac, 0x3, 0x8f, 0x40,
    0x3f, 0xa5, 0x0, 0x3c, 0x20, 0x1f, 0xfc, 0x21,
    0x0, 0xf1, 0xc0, 0x7, 0xc6, 0xc0, 0x1e, 0x1f,
    0x0, 0xff, 0xe1, 0x78, 0x80, 0x79, 0xd0, 0x3,
    0xdc, 0x1, 0xe2, 0xf3, 0x0, 0xff, 0xe1, 0x1f,
    0x90, 0x7, 0xa4, 0x3, 0x94, 0x80, 0x38, 0x70,
    0x40, 0x3f, 0xf8, 0x83, 0xe2, 0x1, 0xc4, 0xc0,
    0x1a, 0x40, 0x3d, 0xa2, 0x1, 0xff, 0xc6, 0x2a,
    0x0, 0xf5, 0x80, 0x46, 0x60, 0xe, 0x63, 0x0,
    0xff, 0xe4, 0x22, 0x80, 0x71, 0x18, 0x2, 0x80,
    0x3d, 0x0, 0x1f, 0xfc, 0xa8, 0x0, 0xf5, 0x80,
    0x10, 0x3, 0x94, 0x40, 0x3f, 0xf9, 0x44, 0x80,
    0x1c, 0xa0, 0x2, 0x0, 0xef, 0x0, 0xff, 0xe6,
    0x70, 0x7, 0x10, 0x18, 0x7, 0x9c, 0x3, 0xff,
    0x98, 0xe0, 0x1e, 0x37, 0x0, 0xf1, 0x0, 0x7f,
    0xf3, 0x8, 0x3, 0xce, 0x20, 0x1c, 0x20, 0x1f,
    0xfc, 0xe1, 0x0, 0xe1, 0x0, 0xff, 0xe2, 0x18,
    0x7, 0x8c, 0x3, 0xff, 0x88, 0x20, 0x1c, 0x20,
    0x1f, 0xc2, 0x40, 0x18, 0x84, 0x3, 0xf8, 0x40,
    0x38, 0x5c, 0x3, 0xc2, 0x1, 0xfd, 0x90, 0xee,
    0x8c, 0x0, 0xfe, 0x20, 0xf, 0x39, 0x80, 0x79,
    0xc0, 0x3f, 0x85, 0xe2, 0xe, 0x20, 0x1f, 0xc8,
    0x1, 0xe2, 0x2, 0x0, 0xec, 0x0, 0xff, 0xe6,
    0x68, 0x7, 0x10, 0x82, 0x0, 0x72, 0x88, 0x7,
    0xff, 0x28, 0x50, 0x3, 0x90, 0x1, 0x40, 0x1e,
    0xb0, 0xf, 0xfe, 0x55, 0x80, 0x7b, 0x40, 0x6,
    0x20, 0x1c, 0xa8, 0x1, 0xff, 0xc8, 0x45, 0x0,
    0xe1, 0x40, 0xa, 0x0, 0x3d, 0x44, 0x1, 0xff,
    0xc6, 0x2a, 0x0, 0xf4, 0x80, 0x66, 0x20, 0xe,
    0x1f, 0x20, 0xf, 0xfe, 0x21, 0x78, 0x80, 0x70,
    0xb8, 0x7, 0x48, 0x7, 0x8b, 0xc, 0x3, 0xff,
    0x84, 0x98, 0x40, 0x1e, 0xb0, 0xf, 0x23, 0x0,
    0x78, 0x72, 0x44, 0x3, 0xfc, 0x55, 0x62, 0x1,
    0xe6, 0x50, 0xf, 0xa4, 0xc0, 0x3e, 0x6e, 0xa5,
    0x10, 0xc, 0x2d, 0x5a, 0xa0, 0x1f, 0x1c, 0x80,
    0x7f, 0x69, 0x0, 0x7e, 0x5a, 0xef, 0xee, 0x7f,
    0x4a, 0x80, 0x7e, 0x2d, 0x0, 0xff, 0xe, 0x18,
    0x7, 0xfc, 0x22, 0x0, 0xff, 0x8f, 0x4, 0x3,
    0xfe, 0x1c, 0x60, 0xf, 0xfe, 0x53, 0x60, 0x80,
    0x7f, 0xf0, 0xa6, 0xc8, 0x3, 0xff, 0x8c, 0x35,
    0x20, 0x1f, 0xfc, 0x54, 0xd9, 0x20, 0xf, 0xfe,
    0x10, 0xc7, 0x28, 0x7, 0xff, 0x21, 0xb7, 0x18,
    0x80, 0x3f, 0xa, 0xdf, 0x38, 0x7, 0xff, 0x30,
    0xe7, 0x7f, 0x2e, 0xa9, 0x79, 0xdc, 0xa4, 0x0,
    0xff, 0xe0, 0x80,

    /* U+F013 "" */
    0x0, 0xff, 0xe2, 0x1a, 0x2a, 0x90, 0xc0, 0x3f,
    0xfa, 0x57, 0xf9, 0x75, 0x4b, 0xcf, 0xb0, 0xf,
    0xfe, 0x82, 0x0, 0x7e, 0x40, 0xf, 0xff, 0xf8,
    0x7, 0xff, 0xb9, 0x40, 0x3c, 0xfc, 0x1, 0xfe,
    0xe7, 0x0, 0xe1, 0x60, 0xf, 0xeb, 0xae, 0x60,
    0x2, 0x74, 0x8, 0x7, 0xf8, 0x63, 0x90, 0x0,
    0xfd, 0x36, 0x1, 0xf4, 0x20, 0xc, 0xed, 0x58,
    0x80, 0x7f, 0xf0, 0x86, 0xeb, 0x60, 0x0, 0x90,
    0x1, 0xc6, 0xe0, 0x18, 0x94, 0x3, 0xff, 0x8c,
    0xa4, 0x1, 0x9c, 0xc0, 0x37, 0x0, 0x7f, 0xf5,
    0x38, 0x2, 0x62, 0x0, 0xff, 0xea, 0x13, 0x0,
    0x2c, 0x3, 0xff, 0xad, 0x60, 0x64, 0x1, 0xff,
    0xc3, 0x13, 0x30, 0x80, 0x7f, 0xf0, 0xc8, 0xd0,
    0x3, 0xff, 0x84, 0x57, 0xd9, 0x8e, 0xb2, 0x0,
    0xff, 0xe1, 0x23, 0x28, 0x7, 0xff, 0x1, 0x75,
    0x0, 0x32, 0x6a, 0x0, 0x7f, 0xf0, 0x15, 0x86,
    0xb0, 0x80, 0x3f, 0x8a, 0x80, 0x3f, 0x59, 0x0,
    0x7f, 0x16, 0x50, 0x80, 0xf, 0x48, 0x3, 0xf4,
    0x80, 0x7f, 0xa4, 0x3, 0xf1, 0x69, 0x80, 0x78,
    0xc0, 0x3e, 0x14, 0x0, 0xff, 0x20, 0x80, 0x7f,
    0xf1, 0x4, 0x3, 0xe2, 0x0, 0xff, 0xe0, 0x10,
    0x7, 0xc4, 0x1, 0xff, 0xe2, 0x10, 0xf, 0x88,
    0x3, 0xff, 0x80, 0x40, 0x1f, 0x10, 0x7, 0xe3,
    0x0, 0xf8, 0x50, 0x3, 0xfc, 0x82, 0x1, 0xff,
    0xc2, 0x3d, 0x20, 0xf, 0xd0, 0x1, 0xfe, 0x90,
    0xf, 0xc5, 0xa6, 0x0, 0x1a, 0xc2, 0x0, 0xfe,
    0x3a, 0x0, 0xfd, 0x44, 0x1, 0xfc, 0x59, 0x42,
    0xca, 0x1, 0xff, 0xc0, 0x5c, 0x40, 0xc, 0x9a,
    0xa0, 0x1f, 0xfc, 0x5, 0x64, 0x0, 0xff, 0xe1,
    0x1d, 0xf6, 0x63, 0xac, 0x80, 0x3f, 0xf8, 0x48,
    0x64, 0x1, 0xff, 0xc3, 0x13, 0x30, 0x80, 0x7f,
    0xf0, 0xc8, 0xc2, 0xc0, 0x3f, 0xfa, 0xd6, 0x0,
    0x62, 0x0, 0xff, 0xea, 0x13, 0x0, 0x5c, 0x1,
    0xff, 0xd4, 0xe0, 0xc, 0x6e, 0x1, 0x89, 0x40,
    0x3f, 0xf8, 0xca, 0x40, 0x19, 0xcc, 0x3, 0xa1,
    0x0, 0x11, 0xb5, 0x62, 0x1, 0xff, 0xc2, 0x1b,
    0xad, 0x91, 0x4, 0x80, 0xf, 0xae, 0x79, 0xc0,
    0x9, 0xd0, 0x20, 0x1f, 0xe1, 0x8e, 0x40, 0x3,
    0x7c, 0xd8, 0x7, 0xf3, 0x8, 0x7, 0x3f, 0x0,
    0x7f, 0xb9, 0xc0, 0x38, 0x58, 0x3, 0xff, 0xfe,
    0x1, 0xff, 0xee, 0x40, 0xf, 0xc8, 0x1, 0xff,
    0xd0, 0xbf, 0xcb, 0xaa, 0x5e, 0x7d, 0x80, 0x7f,
    0xf0, 0x80,

    /* U+F015 "" */
    0x0, 0xff, 0xe4, 0x89, 0x88, 0x7, 0xe2, 0x44,
    0xc4, 0x1, 0xff, 0xce, 0x1a, 0xec, 0xe9, 0x0,
    0xf0, 0xed, 0xde, 0xd1, 0x0, 0xff, 0xe6, 0x16,
    0x28, 0x4, 0xda, 0x40, 0x18, 0xc0, 0x3c, 0x60,
    0x1f, 0xfc, 0xb4, 0xd2, 0x0, 0xe2, 0xc4, 0x0,
    0xff, 0xea, 0xbd, 0x80, 0x7e, 0x1b, 0x60, 0xf,
    0xfe, 0x9d, 0x40, 0x7, 0xfd, 0x32, 0x0, 0xff,
    0xe8, 0xe, 0x28, 0x7, 0x14, 0x10, 0x7, 0x35,
    0x88, 0x7, 0xff, 0x34, 0xfc, 0xc0, 0x39, 0x35,
    0xf5, 0x0, 0x39, 0x34, 0x3, 0xff, 0x98, 0xb8,
    0x20, 0x1c, 0xf6, 0x1, 0x5b, 0x80, 0x70, 0x80,
    0x7f, 0xf2, 0xe2, 0x80, 0x3d, 0x50, 0x0, 0x40,
    0x4, 0x50, 0x7, 0xff, 0x3e, 0xdc, 0x3, 0x87,
    0x14, 0xb, 0x6f, 0x48, 0x17, 0x4, 0x3, 0xff,
    0x96, 0x5a, 0x80, 0x1c, 0x7e, 0x60, 0x98, 0x40,
    0x58, 0x80, 0x7e, 0x60, 0x1f, 0xfc, 0x94, 0xc2,
    0x0, 0xe5, 0xc1, 0x6, 0xb1, 0x0, 0x86, 0xd8,
    0x7, 0x14, 0x3, 0xe6, 0x0, 0xff, 0x9a, 0xc4,
    0x3, 0xa2, 0x80, 0x13, 0x20, 0xf, 0xa6, 0x40,
    0xa, 0x80, 0xf, 0x5a, 0x80, 0x7f, 0x4c, 0x80,
    0x3d, 0x4e, 0x3, 0x8c, 0x1, 0xfc, 0xd8, 0x20,
    0xf4, 0x1, 0xea, 0x80, 0xf, 0xe, 0x30, 0x7,
    0xe, 0x28, 0x16, 0x18, 0x7, 0xfc, 0x78, 0x40,
    0xb8, 0x20, 0x1c, 0xf6, 0x20, 0x11, 0xf9, 0x80,
    0x71, 0xf9, 0x82, 0x69, 0x0, 0x7f, 0xf0, 0x4b,
    0x50, 0xf, 0xcc, 0x3, 0x93, 0x8, 0x17, 0x4,
    0x3, 0x9b, 0x4, 0x1e, 0xc0, 0x3f, 0xf8, 0xb6,
    0xe0, 0x38, 0xc0, 0x1c, 0x5a, 0xb6, 0x1, 0xe8,
    0x90, 0x5, 0x40, 0x7, 0xff, 0x1e, 0x28, 0x1,
    0x30, 0x1, 0xeb, 0x90, 0xe, 0xb7, 0x1, 0xc5,
    0x0, 0xff, 0xe4, 0xae, 0x8, 0x3d, 0x80, 0x74,
    0xba, 0x80, 0xb, 0x50, 0xf, 0xcc, 0x3, 0xff,
    0x96, 0x7e, 0x60, 0x9a, 0x40, 0x5, 0x70, 0xa3,
    0x4c, 0x20, 0x4c, 0x10, 0xf, 0xfe, 0x68, 0xe2,
    0x1, 0x62, 0x1d, 0x0, 0x59, 0x62, 0x0, 0xc0,
    0xf, 0xfe, 0x8e, 0x0, 0x6, 0xf0, 0x3, 0xff,
    0xfe, 0x1, 0xff, 0xd8, 0x24, 0x4e, 0x20, 0xf,
    0xfe, 0xc9, 0x6d, 0xdf, 0x68, 0x80, 0x7f, 0xf6,
    0x4, 0x3, 0xe2, 0x0, 0xff, 0xff, 0x80, 0x7f,
    0xff, 0xc0, 0x3f, 0xff, 0xe0, 0x1f, 0xff, 0xaf,
    0x0, 0xff, 0x38, 0x7, 0xce, 0x1, 0xfe, 0xf0,
    0xf, 0xfe, 0x13, 0x2a, 0x27, 0xf4, 0x0, 0x7d,
    0x8, 0x9f, 0xca, 0xc0, 0x1f, 0x0,

    /* U+F019 "" */
    0x0, 0xff, 0xe1, 0x9d, 0xe6, 0x7a, 0xcc, 0x3,
    0xff, 0xa5, 0xc8, 0x67, 0xe4, 0xe0, 0xf, 0xfe,
    0x91, 0x0, 0x7e, 0x20, 0xf, 0xff, 0xf8, 0x7,
    0xff, 0xfc, 0x3, 0xff, 0xfe, 0x1, 0xff, 0xff,
    0x0, 0xff, 0xff, 0x80, 0x7f, 0xff, 0xc0, 0x3f,
    0xfd, 0x13, 0x99, 0xf0, 0x7, 0xfb, 0x33, 0xe9,
    0x0, 0xff, 0xe0, 0xab, 0x19, 0xfc, 0x1, 0xfe,
    0x33, 0xf9, 0x94, 0x3, 0xff, 0x80, 0xc0, 0x1f,
    0xfc, 0xe6, 0x0, 0xff, 0xe0, 0x1d, 0x0, 0x7f,
    0xf3, 0x28, 0xc0, 0x3f, 0xf8, 0x2b, 0x40, 0x1f,
    0xfc, 0xaa, 0x50, 0xf, 0xfe, 0x1a, 0xd0, 0x7,
    0xff, 0x22, 0x94, 0x3, 0xff, 0x8a, 0xb4, 0x1,
    0xff, 0xc6, 0xa5, 0x0, 0xff, 0xe3, 0xad, 0x0,
    0x7f, 0xf1, 0x29, 0x40, 0x3f, 0xf9, 0x2b, 0x60,
    0x1f, 0xfc, 0x2b, 0x50, 0xf, 0xfe, 0x5a, 0x58,
    0x7, 0xff, 0x2, 0xd0, 0x3, 0xff, 0x9a, 0x96,
    0x1, 0xfe, 0xb4, 0x0, 0xff, 0xe7, 0xa5, 0x80,
    0x7e, 0xb4, 0x0, 0xff, 0xe1, 0x9a, 0x27, 0xfc,
    0x40, 0x96, 0x1, 0xeb, 0x40, 0x24, 0x4f, 0xf8,
    0xc2, 0x72, 0xef, 0xfe, 0xd3, 0x4, 0xb0, 0xd,
    0x68, 0x7, 0xb7, 0x7f, 0xf6, 0x4b, 0x0, 0x7f,
    0xf0, 0x71, 0x1, 0x2c, 0x1, 0x68, 0x9, 0x80,
    0x1f, 0xfc, 0x16, 0x0, 0xff, 0xe1, 0xda, 0x2,
    0x7f, 0x90, 0x12, 0xc0, 0x3f, 0xfa, 0x76, 0xc0,
    0x19, 0xac, 0x3, 0xff, 0xab, 0x39, 0x10, 0xc9,
    0x0, 0xff, 0xeb, 0x9b, 0xb8, 0xc0, 0x3f, 0xff,
    0xe0, 0x1f, 0xe6, 0xfd, 0x10, 0x6f, 0xd1, 0x0,
    0xff, 0xe9, 0xd0, 0x12, 0x85, 0x1, 0x28, 0x7,
    0xff, 0x4f, 0xd1, 0x90, 0x3d, 0x19, 0x0, 0x30,
    0x80, 0x7f, 0xf3, 0x8e, 0xe4, 0x0, 0x77, 0x20,
    0x18, 0x6c, 0x40, 0x3f, 0xfb, 0x3, 0x60,

    /* U+F01C "" */
    0x0, 0xfe, 0x19, 0xef, 0xff, 0xfe, 0x4f, 0x48,
    0x80, 0x7f, 0xf1, 0x47, 0x18, 0x40, 0x3f, 0xf9,
    0x22, 0xd8, 0x20, 0x1f, 0xfc, 0x4b, 0x20, 0xf,
    0xfe, 0x69, 0x58, 0x7, 0xff, 0xd, 0x54, 0x1,
    0xff, 0xcf, 0x55, 0x0, 0x7f, 0xf0, 0x46, 0xc0,
    0x3f, 0xfa, 0x36, 0x20, 0x1f, 0xfc, 0xb, 0x10,
    0xd, 0x5f, 0xff, 0xfc, 0x7a, 0x0, 0xc3, 0x60,
    0x1f, 0xf2, 0xa8, 0x3, 0x2a, 0x80, 0x3f, 0xf8,
    0xea, 0xa0, 0xc, 0xaa, 0x0, 0xfe, 0x1b, 0x0,
    0xc3, 0x60, 0x1f, 0xfc, 0x9b, 0x10, 0xd, 0x62,
    0x1, 0xfa, 0xc4, 0x3, 0x58, 0x80, 0x7f, 0xf2,
    0x46, 0xc0, 0x30, 0xd8, 0x7, 0xca, 0xa0, 0xc,
    0xaa, 0x0, 0xff, 0xe5, 0xaa, 0x80, 0x32, 0xa8,
    0x3, 0x86, 0xc0, 0x30, 0xd8, 0x7, 0xff, 0x36,
    0xc4, 0x3, 0x58, 0x80, 0x6b, 0x10, 0xd, 0x62,
    0x1, 0xff, 0xcd, 0x1b, 0x0, 0xc3, 0x60, 0x12,
    0xa8, 0x3, 0x2a, 0x80, 0x3f, 0xf9, 0xea, 0xa0,
    0xc, 0xaa, 0x1, 0xb0, 0xc, 0x36, 0x1, 0xff,
    0xd1, 0xb1, 0x0, 0xd6, 0x30, 0x20, 0x1a, 0xc4,
    0x3, 0xff, 0xa2, 0x36, 0x1, 0x86, 0x1c, 0x3,
    0xab, 0xff, 0xf6, 0x80, 0x7f, 0xf0, 0x77, 0xff,
    0xf5, 0x0, 0x73, 0x88, 0x7, 0xff, 0x8, 0x94,
    0x3, 0xfe, 0x62, 0x0, 0xff, 0xe1, 0x8, 0x7,
    0xff, 0x12, 0x0, 0x3f, 0xeb, 0x0, 0xff, 0xea,
    0x12, 0x80, 0x7f, 0x31, 0x0, 0x7f, 0xf5, 0x60,
    0x3, 0xfa, 0xc0, 0x3f, 0xfa, 0xc5, 0xff, 0xfc,
    0x40, 0x1f, 0xff, 0xf0, 0xf, 0xff, 0xf8, 0x7,
    0xff, 0xfc, 0x3, 0xff, 0xe4, 0x60, 0x1f, 0xfd,
    0xf3, 0xf0, 0xf, 0xfe, 0xff, 0x9e, 0x18, 0x7,
    0xff, 0x6c, 0xf0, 0xc0,

    /* U+F021 "" */
    0x0, 0xff, 0xeb, 0x91, 0x60, 0xf, 0xfe, 0x29,
    0x2b, 0x3b, 0x94, 0xc0, 0x3f, 0xe6, 0xdd, 0xdc,
    0x1, 0xff, 0xc1, 0x6b, 0xfd, 0xa9, 0x88, 0x56,
    0x7e, 0x38, 0x80, 0x7d, 0xc0, 0x18, 0x40, 0x3f,
    0xc3, 0x1f, 0x28, 0x1, 0xfc, 0x71, 0xd6, 0x80,
    0x1d, 0xe0, 0x1f, 0xfc, 0x26, 0xf7, 0x0, 0xff,
    0xe1, 0xa5, 0xd8, 0x80, 0x21, 0x0, 0xff, 0xe0,
    0xd4, 0x88, 0x7, 0xff, 0x19, 0x35, 0xc0, 0x6,
    0x1, 0xff, 0xe, 0xa8, 0x7, 0xff, 0x2a, 0x30,
    0x40, 0x3f, 0xe1, 0xc2, 0x0, 0xfc, 0xb3, 0x79,
    0xb7, 0x8, 0x1, 0xf8, 0xf0, 0x3, 0xfe, 0xc2,
    0x0, 0xf0, 0xcf, 0xd3, 0x21, 0x92, 0x3d, 0xf3,
    0x80, 0x7c, 0x54, 0x1, 0xfd, 0x24, 0x1, 0xe6,
    0xe6, 0x0, 0xfe, 0x18, 0xe6, 0x0, 0xff, 0xe1,
    0xab, 0x0, 0x7a, 0xe4, 0x3, 0xff, 0x82, 0x33,
    0x62, 0x1, 0xff, 0xc1, 0xb0, 0xe, 0x1c, 0x40,
    0xf, 0xfe, 0x22, 0x60, 0x80, 0x7f, 0xcc, 0x20,
    0x1d, 0x46, 0x1, 0xff, 0xc0, 0x22, 0x8, 0x4,
    0x5a, 0x1, 0xff, 0x40, 0x7, 0x42, 0x0, 0x7f,
    0xf0, 0x1b, 0x75, 0xdf, 0xf7, 0x70, 0x3, 0xfc,
    0x82, 0x1, 0x89, 0xc0, 0x3f, 0xf8, 0x3c, 0x1,
    0xe1, 0x20, 0xf, 0xf6, 0x80, 0x75, 0x80, 0x7f,
    0xf5, 0x50, 0x3, 0x98, 0x3, 0xff, 0xaa, 0x40,
    0x19, 0x40, 0x3f, 0xf8, 0x7e, 0x1, 0xff, 0xc6,
    0xca, 0xad, 0x60, 0x1f, 0xfc, 0x37, 0xaa, 0xff,
    0xe2, 0x60, 0x1a, 0xae, 0x10, 0xf, 0xfe, 0x22,
    0xaf, 0xff, 0x10, 0xc0, 0x3f, 0xff, 0xe0, 0x1f,
    0xfe, 0x14, 0x77, 0xff, 0xe1, 0xb0, 0x7, 0xff,
    0x10, 0x59, 0xde, 0x40, 0xb8, 0x8f, 0xfe, 0x1c,
    0xb8, 0x7, 0xff, 0xe, 0xa6, 0x22, 0xb0, 0xf,
    0xfe, 0x37, 0x80, 0x7f, 0xf0, 0x85, 0x0, 0x31,
    0x80, 0x7f, 0xf5, 0x58, 0x3, 0x90, 0x3, 0xff,
    0xab, 0x20, 0x1d, 0x60, 0x1f, 0xc2, 0x64, 0x41,
    0x0, 0xda, 0x1, 0xff, 0xc1, 0x91, 0x0, 0xc4,
    0x60, 0x1f, 0xc3, 0xfb, 0xae, 0xff, 0xb9, 0x40,
    0x3f, 0xf8, 0xa, 0xc0, 0x1d, 0x60, 0x1f, 0xf6,
    0x90, 0x7, 0x8, 0x7, 0xff, 0x1, 0x28, 0x3,
    0x85, 0x80, 0x3f, 0xe1, 0xc4, 0x0, 0xff, 0xe2,
    0x35, 0x80, 0x7a, 0xc0, 0x3f, 0xf8, 0x23, 0x72,
    0x20, 0x1f, 0xfc, 0x1, 0xa9, 0x0, 0xf2, 0xa8,
    0x3, 0xff, 0x86, 0xdd, 0x2, 0x1, 0xfc, 0xfe,
    0xa0, 0x1e, 0x3a, 0x0, 0xfe, 0x92, 0x0, 0xf9,
    0xfa, 0xdd, 0x8, 0x88, 0xd7, 0xf0, 0x20, 0x1e,
    0x2d, 0x0, 0xff, 0x1e, 0x18, 0x7, 0xe4, 0x8b,
    0xdd, 0x5c, 0xa0, 0x7, 0xe3, 0xc1, 0x0, 0xff,
    0x87, 0x1c, 0x3, 0xff, 0x94, 0xb8, 0x20, 0x1f,
    0xf1, 0x80, 0x23, 0x50, 0x3, 0xff, 0x8c, 0x35,
    0x40, 0xf, 0xfe, 0x8, 0x80, 0x45, 0x76, 0x40,
    0xf, 0xfe, 0x1b, 0xfa, 0x80, 0x7f, 0xf0, 0xbc,
    0x3, 0x92, 0xf6, 0xc, 0x3, 0xf9, 0x27, 0xe0,
    0x40, 0x3f, 0xc4, 0x1, 0xb8, 0x3, 0xe2, 0x7c,
    0xeb, 0x98, 0x84, 0xd6, 0xfd, 0xb0, 0x7, 0xff,
    0x7, 0x7b, 0xaf, 0x60, 0xf, 0xf0, 0xa3, 0x3b,
    0x99, 0x48, 0x3, 0xff, 0x88,

    /* U+F026 "" */
    0x0, 0xff, 0xec, 0xd, 0x59, 0x80, 0x7f, 0xf0,
    0xc7, 0x15, 0x34, 0x3, 0xff, 0x84, 0x38, 0x40,
    0x1, 0x0, 0xff, 0xe0, 0x8e, 0x10, 0x7, 0xff,
    0x10, 0x70, 0x80, 0x3f, 0xf8, 0x83, 0x84, 0x1,
    0xff, 0xc4, 0x1c, 0x20, 0xf, 0xc6, 0x89, 0xfb,
    0x8, 0x3, 0xf4, 0xe5, 0xdf, 0xe2, 0x0, 0xfe,
    0x60, 0xf, 0xff, 0xf8, 0x7, 0xff, 0xfc, 0x3,
    0xff, 0xfe, 0x1, 0xff, 0xc2, 0x20, 0xf, 0xfe,
    0x3f, 0xaa, 0x27, 0xe0, 0xf, 0xf1, 0x55, 0xdf,
    0xe9, 0x0, 0xff, 0xe3, 0xb4, 0x80, 0x7f, 0xf1,
    0xda, 0x40, 0x3f, 0xf8, 0xed, 0x20, 0x1f, 0xfc,
    0x76, 0x90, 0xf, 0xfe, 0x3b, 0x48, 0x7, 0xff,
    0x1d, 0xa4, 0x0, 0xe0, 0x1f, 0xfc, 0x46, 0xed,
    0x80,

    /* U+F027 "" */
    0x0, 0xff, 0xf1, 0xcc, 0x88, 0x3, 0xff, 0x9a,
    0x38, 0xcc, 0xf0, 0xf, 0xfe, 0x60, 0xe9, 0x80,
    0x8, 0x3, 0xff, 0x96, 0x3a, 0x60, 0x1f, 0xfc,
    0xe1, 0xd3, 0x0, 0xff, 0xe7, 0xe, 0x98, 0x7,
    0xff, 0x38, 0x74, 0xc0, 0x3f, 0xf8, 0xc4, 0x67,
    0xfb, 0x4c, 0x3, 0xff, 0x8d, 0x1b, 0x99, 0xf8,
    0xc0, 0x3f, 0xf8, 0x44, 0x1, 0x9c, 0x3, 0xff,
    0x97, 0x9b, 0xa2, 0x0, 0xff, 0xe6, 0xa1, 0x81,
    0x69, 0x0, 0x7f, 0xf3, 0x18, 0x3, 0x78, 0x7,
    0xff, 0x30, 0xac, 0x40, 0x4, 0xc0, 0x1f, 0xfc,
    0xc4, 0xd0, 0xa, 0x80, 0x3f, 0xf9, 0xa6, 0x40,
    0x2, 0x0, 0xff, 0xe7, 0x8, 0x0, 0x40, 0x3f,
    0xf9, 0xa4, 0x60, 0x3, 0x0, 0xff, 0xe6, 0x17,
    0x80, 0x56, 0x1, 0xff, 0xcb, 0x1d, 0x20, 0x0,
    0xb0, 0x7, 0xff, 0x2d, 0x0, 0x35, 0x8, 0x7,
    0xff, 0x2d, 0x4, 0x6, 0xd0, 0x8, 0x3, 0xff,
    0x94, 0x3f, 0x7e, 0x80, 0xe, 0x43, 0x3f, 0xc0,
    0x1f, 0xfc, 0x21, 0x41, 0x0, 0x8e, 0xf3, 0x3f,
    0x40, 0x7, 0xff, 0x45, 0xe0, 0x3, 0xff, 0xa2,
    0xf0, 0x1, 0xff, 0xd1, 0x78, 0x0, 0xff, 0xe8,
    0xbc, 0x0, 0x7f, 0xf4, 0x5e, 0x0, 0x3f, 0xfa,
    0x2f, 0x0, 0x6, 0x0, 0xff, 0xe7, 0x3e, 0xe4,
    0x80, 0x7f, 0x80,

    /* U+F028 "" */
    0x0, 0xff, 0xea, 0x15, 0x50, 0x80, 0x3f, 0xfb,
    0xbc, 0xaa, 0xd5, 0x0, 0xff, 0xee, 0x8, 0x5,
    0x50, 0x1, 0xff, 0xdb, 0x90, 0xc, 0xf2, 0x1,
    0xff, 0xca, 0x1a, 0xb3, 0x0, 0xff, 0xe0, 0x26,
    0x90, 0x4, 0xd0, 0x1, 0xff, 0xc8, 0x1c, 0x54,
    0xd0, 0xf, 0xfe, 0x9, 0x6a, 0x0, 0x4e, 0xa0,
    0x1f, 0xfc, 0x61, 0xc2, 0x0, 0x8, 0x7, 0xe1,
    0x64, 0x0, 0xd6, 0x80, 0x15, 0x8, 0x7, 0xff,
    0x10, 0x70, 0x80, 0x3f, 0xf8, 0x1b, 0x37, 0x61,
    0x0, 0xac, 0x80, 0x2a, 0x0, 0xff, 0xe1, 0x8e,
    0x10, 0x7, 0xff, 0x4, 0xc0, 0x9, 0x84, 0x1,
    0x78, 0x4, 0x88, 0x0, 0xff, 0xe0, 0x8e, 0x10,
    0x7, 0xff, 0x9, 0x40, 0x22, 0xc1, 0x0, 0x13,
    0x80, 0x50, 0x1, 0xff, 0xc0, 0x1c, 0x20, 0xf,
    0xfe, 0x1d, 0x38, 0x4, 0x3a, 0x1, 0x40, 0x80,
    0xd, 0x0, 0x6, 0x89, 0xfb, 0x8, 0x3, 0xff,
    0x8b, 0x14, 0x1, 0x1b, 0x0, 0x50, 0x1, 0x70,
    0x4e, 0x5d, 0xfe, 0x20, 0xf, 0xfe, 0x11, 0x80,
    0x65, 0x80, 0xa, 0x0, 0x26, 0x0, 0x94, 0x18,
    0x3, 0xff, 0x97, 0xb9, 0xc6, 0x1, 0x39, 0x80,
    0x5, 0x80, 0x25, 0x0, 0x90, 0x3, 0xff, 0x96,
    0xa4, 0x3, 0x86, 0x1, 0x40, 0x5, 0x40, 0x17,
    0x80, 0x58, 0x1, 0xff, 0xcb, 0x70, 0xd, 0xa0,
    0x12, 0x10, 0x0, 0xc4, 0x0, 0xe0, 0x11, 0x80,
    0x7f, 0xf2, 0xcb, 0x4, 0x0, 0x2e, 0x1, 0x20,
    0x4, 0xa0, 0x2, 0x10, 0x3, 0x0, 0x7f, 0xf3,
    0xf, 0x0, 0x2b, 0x0, 0xb0, 0x2, 0x20, 0x8,
    0xc0, 0x6, 0x1, 0xff, 0xcd, 0x22, 0x0, 0x8,
    0x2, 0x10, 0x8, 0x40, 0x21, 0x0, 0x8, 0x7,
    0xff, 0xe8, 0x88, 0x0, 0x20, 0x8, 0x40, 0x21,
    0x0, 0x84, 0x0, 0x20, 0x1f, 0xfc, 0xc3, 0xf0,
    0xa, 0xc0, 0x2c, 0x0, 0x88, 0x2, 0x20, 0x1,
    0x80, 0x7f, 0xf2, 0xcb, 0x8, 0x0, 0x2e, 0x1,
    0x20, 0x4, 0xa0, 0x1, 0x0, 0x98, 0x3, 0xff,
    0x96, 0xe0, 0x1b, 0x40, 0x24, 0x20, 0x1, 0x88,
    0x1, 0x0, 0x23, 0x0, 0xff, 0xe5, 0xa1, 0x0,
    0xe1, 0x80, 0x50, 0x1, 0x50, 0x5, 0xe0, 0x16,
    0x10, 0x7, 0xff, 0x28, 0x77, 0x38, 0xc0, 0x27,
    0x30, 0x0, 0xb0, 0x0, 0x54, 0x2, 0x4f, 0x54,
    0x4f, 0xc0, 0x1f, 0xfc, 0x33, 0x0, 0xcb, 0x0,
    0x14, 0x0, 0x4c, 0x1, 0x28, 0x15, 0x5d, 0xfe,
    0x90, 0xf, 0xfe, 0x34, 0x50, 0x4, 0x6c, 0x1,
    0x48, 0x5, 0xc0, 0x1f, 0xf3, 0x48, 0x7, 0xff,
    0x12, 0x9c, 0x2, 0x1d, 0x0, 0xa0, 0x40, 0x6,
    0x80, 0x1f, 0xfc, 0x6, 0x90, 0xf, 0xfe, 0x1a,
    0x80, 0x45, 0x82, 0x0, 0x27, 0x0, 0xa0, 0x3,
    0xff, 0x84, 0xd2, 0x1, 0xff, 0xc2, 0x30, 0x2,
    0x61, 0x0, 0x5e, 0x1, 0x22, 0x0, 0x3f, 0xf8,
    0x6d, 0x20, 0x1f, 0xfc, 0x1d, 0x8b, 0xb0, 0x80,
    0x58, 0x40, 0x15, 0x0, 0x7f, 0xf1, 0x5a, 0x40,
    0x3f, 0xf8, 0x2, 0xe8, 0x1, 0xac, 0xc0, 0x2a,
    0x10, 0xf, 0xfe, 0x33, 0x48, 0x1, 0xc0, 0x3f,
    0xf8, 0x25, 0xa8, 0x1, 0x3a, 0x80, 0x7f, 0xf2,
    0x1b, 0xb6, 0x0, 0x3f, 0xf8, 0x9, 0xa4, 0x1,
    0x34, 0x0, 0x7f, 0xf2, 0x84, 0x80, 0x3f, 0xf8,
    0x32, 0x1, 0x9e, 0x40, 0x3f, 0xfb, 0x42, 0x1,
    0x54, 0x0, 0x7f, 0xf6, 0xf9, 0x55, 0xaa, 0x1,
    0xf8,

    /* U+F03E "" */
    0x3, 0xcf, 0xff, 0xfe, 0xb6, 0x18, 0x1e, 0x18,
    0x7, 0xff, 0x58, 0xf0, 0xfc, 0x3, 0xff, 0xb5,
    0xe6, 0x1, 0xff, 0xda, 0x30, 0xf, 0x9a, 0x60,
    0xc0, 0x3f, 0xfa, 0xc7, 0xd2, 0xcf, 0x92, 0x1,
    0xff, 0xd5, 0xd1, 0x0, 0xcc, 0xe0, 0x1f, 0xfd,
    0x36, 0x10, 0xf, 0x48, 0x7, 0xff, 0x4f, 0xc0,
    0x3e, 0x11, 0x0, 0x7f, 0xf4, 0x84, 0x3, 0xf0,
    0x80, 0x7f, 0xf0, 0x13, 0x50, 0x3, 0xff, 0x87,
    0x60, 0x1f, 0x20, 0x7, 0xff, 0x1, 0x2c, 0xad,
    0x0, 0x3f, 0xf8, 0x46, 0xc0, 0x1e, 0x90, 0xf,
    0xf9, 0x2c, 0x2, 0xb4, 0x0, 0xff, 0xe1, 0x4c,
    0x8, 0x1, 0x34, 0x80, 0x3f, 0xc9, 0x60, 0x1d,
    0x68, 0x1, 0xff, 0xc2, 0x7e, 0xe7, 0xd9, 0x0,
    0x7f, 0x92, 0xc0, 0x3e, 0xb4, 0x0, 0xff, 0xe1,
    0x88, 0x7, 0xff, 0x1, 0x2c, 0x3, 0xfa, 0xd0,
    0x3, 0xff, 0x88, 0x90, 0x1, 0xf9, 0x2c, 0x3,
    0xfe, 0xb4, 0x0, 0xff, 0xe1, 0x25, 0xbd, 0x80,
    0x79, 0x2c, 0x3, 0xff, 0x83, 0x60, 0x1f, 0xfc,
    0x14, 0xb0, 0x2, 0x58, 0x6, 0x4b, 0x0, 0xff,
    0xe7, 0xa5, 0x80, 0x64, 0xb0, 0x2, 0x58, 0x7,
    0xff, 0x3d, 0x2c, 0x3, 0xc9, 0x69, 0x60, 0x1f,
    0xfc, 0xf4, 0xb0, 0xf, 0xc9, 0x60, 0x1f, 0xfd,
    0xb, 0x0, 0xff, 0xff, 0x80, 0x7f, 0xff, 0xc0,
    0x3f, 0xbf, 0xff, 0xfa, 0x40, 0x1f, 0xfe, 0x13,
    0x0, 0xff, 0xed, 0x1f, 0x80, 0x7f, 0xf6, 0xbc,
    0xf0, 0xc0, 0x3f, 0xfa, 0xc7, 0x86,

    /* U+F043 "" */
    0x0, 0xff, 0xe0, 0x57, 0xe9, 0x80, 0x7f, 0xf2,
    0xe1, 0x40, 0xbc, 0x3, 0xff, 0x96, 0xc0, 0x11,
    0x90, 0x7, 0xff, 0x25, 0x4, 0x3, 0x50, 0x7,
    0xff, 0x27, 0x40, 0x39, 0x80, 0x3f, 0xf9, 0x2c,
    0x1, 0xc2, 0x80, 0x1f, 0xfc, 0x77, 0x0, 0xfb,
    0xc0, 0x3f, 0xf8, 0xf2, 0x1, 0xf2, 0x18, 0x7,
    0xff, 0x15, 0xc4, 0x3, 0xf4, 0x0, 0x7f, 0xf1,
    0x64, 0x3, 0xf9, 0xc, 0x3, 0xff, 0x87, 0x2,
    0x1, 0xfe, 0xf0, 0xf, 0xfe, 0x11, 0x38, 0x7,
    0xfc, 0x6c, 0x1, 0xff, 0xc1, 0x90, 0xf, 0xfe,
    0xc, 0x8, 0x7, 0xfc, 0xc8, 0x1, 0xff, 0xc1,
    0x1b, 0x0, 0xff, 0x14, 0x80, 0x7f, 0xf0, 0xd5,
    0x80, 0x3f, 0xb8, 0x3, 0xff, 0x8b, 0x24, 0x1,
    0xf4, 0x18, 0x7, 0xff, 0x1b, 0xc0, 0x3c, 0x6e,
    0x1, 0xff, 0xc7, 0x28, 0x0, 0xef, 0x0, 0xff,
    0xe4, 0xb8, 0x80, 0x48, 0x60, 0x1f, 0xfc, 0xa8,
    0x0, 0xa0, 0x3, 0xff, 0x96, 0xc2, 0x4, 0x60,
    0x1f, 0xfc, 0xc6, 0x5, 0x0, 0xff, 0xe6, 0xd8,
    0x60, 0x7, 0xff, 0x34, 0xc1, 0x40, 0x3f, 0xf9,
    0xc4, 0x20, 0x1a, 0xf8, 0x40, 0x3f, 0xf8, 0xe2,
    0x1, 0xc8, 0x2a, 0x1, 0xff, 0xc8, 0x10, 0xc,
    0x20, 0x40, 0x1f, 0xfc, 0x71, 0x20, 0xc, 0xa1,
    0xa0, 0x1f, 0xfc, 0x73, 0x50, 0xd, 0xa0, 0x86,
    0x1, 0xff, 0xc5, 0x21, 0xd0, 0xc, 0xc4, 0x1a,
    0x20, 0x1f, 0xfc, 0x45, 0x4, 0x10, 0xd, 0x20,
    0x3e, 0x80, 0x1f, 0xfc, 0x3b, 0x0, 0x48, 0x6,
    0x49, 0x1, 0xbd, 0x97, 0x20, 0xf, 0xf2, 0x18,
    0x1, 0xc4, 0x3, 0x35, 0x88, 0x13, 0x44, 0x80,
    0x7f, 0xa0, 0x3, 0x68, 0x7, 0x27, 0x4a, 0x8,
    0x60, 0x7, 0xf4, 0x18, 0x6, 0x39, 0x0, 0xf3,
    0x5f, 0x7b, 0x80, 0x7e, 0x57, 0x0, 0xf3, 0x48,
    0x7, 0xff, 0x15, 0x68, 0x3, 0xf3, 0x58, 0x80,
    0x7f, 0xf0, 0xa2, 0x80, 0x3f, 0xc9, 0xee, 0x1,
    0xff, 0x2e, 0xb8, 0x7, 0xff, 0x0, 0x63, 0xe5,
    0x48, 0x2, 0x24, 0x8d, 0xa2, 0x0, 0xf8,

    /* U+F048 "" */
    0x24, 0x4c, 0x1, 0xff, 0xc4, 0x14, 0x10, 0xcb,
    0xbd, 0x0, 0x1f, 0xfc, 0x25, 0xeb, 0xe4, 0x10,
    0xc, 0x40, 0x1f, 0xfc, 0x16, 0xa0, 0xa, 0x40,
    0x3f, 0xf8, 0xcf, 0x20, 0x18, 0x80, 0x3f, 0xf8,
    0xb1, 0x0, 0xf, 0xfe, 0x55, 0x38, 0x7, 0xff,
    0x2a, 0xd4, 0x3, 0xff, 0x95, 0x88, 0x1, 0xff,
    0xc9, 0x1c, 0x30, 0xf, 0xfe, 0x49, 0x61, 0x80,
    0x7f, 0xf2, 0x4b, 0x8, 0x3, 0xff, 0x92, 0x78,
    0x20, 0x1f, 0xfc, 0x94, 0xc1, 0x0, 0xff, 0xe4,
    0xad, 0x80, 0x7f, 0xf2, 0x9a, 0x80, 0x3f, 0xf9,
    0x49, 0x20, 0x1f, 0xfc, 0xb1, 0x0, 0xff, 0xff,
    0x80, 0x7f, 0xf9, 0x50, 0x80, 0x3f, 0xf9, 0x63,
    0x86, 0x1, 0xff, 0xcb, 0x1c, 0x40, 0xf, 0xfe,
    0x65, 0xa8, 0x7, 0xff, 0x32, 0x98, 0x3, 0xff,
    0x99, 0x2e, 0x1, 0xff, 0xcc, 0x89, 0x0, 0xff,
    0xe6, 0x35, 0x0, 0x7f, 0xf3, 0x16, 0xc0, 0x3f,
    0xf9, 0x89, 0x82, 0x1, 0xff, 0xcb, 0x3c, 0x10,
    0xf, 0xfe, 0x59, 0x79, 0x0, 0x7f, 0xf2, 0xc7,
    0xc, 0x3, 0xfc, 0x60, 0x1f, 0xfc, 0x1, 0xc4,
    0x0, 0x99, 0xd1, 0x36, 0x80, 0x7f, 0xf0, 0xad,
    0xd2, 0x26, 0x2e, 0xf2, 0x0, 0x7f, 0xf0, 0xe2,
    0xdc, 0x0,

    /* U+F04B "" */
    0x0, 0xff, 0xec, 0x26, 0x7f, 0x40, 0x7, 0xff,
    0x45, 0x2c, 0xc0, 0x5f, 0x94, 0x3, 0xff, 0x9f,
    0x0, 0x1c, 0x35, 0x84, 0x1, 0xff, 0xcd, 0x30,
    0xf, 0x8f, 0x64, 0x40, 0x3f, 0xfa, 0xad, 0xec,
    0x1, 0xff, 0xd5, 0x19, 0xc3, 0x0, 0xff, 0xea,
    0x9e, 0x48, 0x80, 0x7f, 0xf5, 0x5b, 0x98, 0x3,
    0xff, 0xad, 0x3a, 0x80, 0x1f, 0xfd, 0x52, 0xba,
    0x10, 0xf, 0xfe, 0xaa, 0xf3, 0x80, 0x7f, 0xf5,
    0xa3, 0x50, 0x3, 0xff, 0xaa, 0x57, 0x62, 0x0,
    0xff, 0xea, 0xa6, 0xc0, 0x7, 0xff, 0x59, 0xf9,
    0x40, 0x3f, 0xfa, 0xa3, 0x58, 0x40, 0x1f, 0xfd,
    0x53, 0xd9, 0x0, 0xff, 0xeb, 0x36, 0x88, 0x7,
    0xff, 0x54, 0xac, 0x3, 0xff, 0xac, 0xa0, 0x1f,
    0xff, 0x95, 0x0, 0xff, 0xea, 0x95, 0x80, 0x7f,
    0xf5, 0x1b, 0x44, 0x3, 0xff, 0xa4, 0x7b, 0x20,
    0x1f, 0xfd, 0x21, 0xac, 0x20, 0xf, 0xfe, 0x93,
    0xf2, 0x80, 0x7f, 0xf4, 0x93, 0x60, 0x3, 0xff,
    0xa4, 0x57, 0x62, 0x0, 0xff, 0xe9, 0x46, 0xa0,
    0x7, 0xff, 0x49, 0x79, 0xc0, 0x3f, 0xfa, 0x45,
    0x74, 0x20, 0x1f, 0xfd, 0x28, 0xd4, 0x0, 0xff,
    0xe9, 0x37, 0x38, 0x7, 0xff, 0x48, 0xf2, 0x44,
    0x3, 0xff, 0xa2, 0x33, 0x86, 0x1, 0xff, 0xd2,
    0x6f, 0x60, 0xf, 0xfe, 0x51, 0x80, 0x7c, 0x7b,
    0x22, 0x1, 0xff, 0xcb, 0x80, 0xe, 0x1a, 0xc2,
    0x0, 0xff, 0xe6, 0xa6, 0x20, 0xb, 0xf2, 0x80,
    0x7f, 0xf4, 0xe, 0xff, 0xa0, 0x3, 0xff, 0xa2,

    /* U+F04C "" */
    0x1, 0x9c, 0xcf, 0xe9, 0x10, 0xf, 0x86, 0x73,
    0x3f, 0xa4, 0x40, 0xbd, 0x8c, 0xff, 0x9b, 0xc8,
    0x3, 0x8b, 0xd8, 0xcf, 0xf9, 0xbc, 0xa4, 0x40,
    0x3f, 0xe1, 0x90, 0xe, 0x91, 0x0, 0xff, 0x86,
    0x50, 0x3, 0xff, 0x82, 0x80, 0x1c, 0x80, 0x1f,
    0xfc, 0x14, 0x0, 0xff, 0xff, 0x80, 0x7f, 0xff,
    0xc0, 0x3f, 0xff, 0xe0, 0x1f, 0xff, 0xf0, 0xf,
    0xff, 0xf8, 0x7, 0xff, 0xfc, 0x3, 0xff, 0xfe,
    0x1, 0xff, 0xff, 0x0, 0xff, 0xff, 0x80, 0x7f,
    0xff, 0xc0, 0x3f, 0xff, 0xe0, 0x1f, 0xff, 0xf0,
    0xf, 0xff, 0xf8, 0x7, 0x10, 0x7, 0xff, 0x4,
    0x80, 0x38, 0x80, 0x3f, 0xf8, 0x25, 0x0, 0x1f,
    0xfc, 0x18, 0x0, 0xe8, 0x0, 0xff, 0xe0, 0xc2,
    0xc8, 0x7, 0xfd, 0x2a, 0x1, 0xcb, 0x20, 0x1f,
    0xf4, 0xa8, 0x37, 0xee, 0x67, 0xdb, 0xec, 0x1,
    0xf3, 0x7e, 0xe6, 0x7d, 0xbe, 0xc0,

    /* U+F04D "" */
    0x0, 0xa, 0x27, 0xff, 0x44, 0x40, 0x28, 0xeb,
    0xbf, 0xfe, 0x8f, 0x40, 0x33, 0x80, 0x7f, 0xf4,
    0xdd, 0xac, 0x3, 0xff, 0xab, 0x64, 0x1, 0xff,
    0xd5, 0x20, 0xf, 0xff, 0xf8, 0x7, 0xff, 0xfc,
    0x3, 0xff, 0xfe, 0x1, 0xff, 0xff, 0x0, 0xff,
    0xff, 0x80, 0x7f, 0xff, 0xc0, 0x3f, 0xff, 0xe0,
    0x1f, 0xff, 0xf0, 0xf, 0xff, 0xf8, 0x7, 0xff,
    0xfc, 0x3, 0xff, 0xfe, 0x1, 0xff, 0xff, 0x0,
    0xff, 0xff, 0x80, 0x72, 0x80, 0x7f, 0xf5, 0x56,
    0xc4, 0x3, 0xff, 0xa6, 0x56, 0x3f, 0x8, 0x9f,
    0xfd, 0x18, 0xc1,

    /* U+F051 "" */
    0x1, 0x41, 0x0, 0xff, 0xe2, 0x22, 0x62, 0x4e,
    0xbe, 0x50, 0xf, 0xfe, 0x14, 0x5d, 0xec, 0xa0,
    0xa, 0x98, 0x3, 0xff, 0x82, 0x40, 0x18, 0x44,
    0x1, 0xa5, 0xc0, 0x3f, 0xf9, 0x91, 0x20, 0x1f,
    0xfc, 0xc6, 0xa0, 0xf, 0xfe, 0x62, 0xd8, 0x7,
    0xff, 0x31, 0x30, 0x40, 0x3f, 0xf9, 0x67, 0x82,
    0x1, 0xff, 0xcb, 0x2f, 0x20, 0xf, 0xfe, 0x58,
    0xe1, 0x80, 0x7f, 0xf2, 0xc7, 0x10, 0x3, 0xff,
    0x99, 0x6a, 0x1, 0xff, 0xcc, 0xa6, 0x0, 0xff,
    0xe6, 0x4b, 0x80, 0x7f, 0xf3, 0x21, 0x40, 0x3f,
    0xff, 0xe0, 0x1f, 0xff, 0xd3, 0x40, 0xf, 0xfe,
    0x52, 0x60, 0x80, 0x7f, 0xf2, 0x56, 0xc0, 0x3f,
    0xf9, 0x4d, 0x40, 0x1f, 0xfc, 0xa7, 0x90, 0xf,
    0xfe, 0x54, 0x40, 0x3, 0xff, 0x95, 0x2e, 0x1,
    0xff, 0xca, 0xa6, 0x0, 0xff, 0xe5, 0x5a, 0x80,
    0x7f, 0xf2, 0x47, 0x10, 0x3, 0xff, 0x92, 0x38,
    0x60, 0x1f, 0xfc, 0x92, 0xf2, 0x0, 0xff, 0xe4,
    0x9e, 0x8, 0x7, 0xff, 0x15, 0x40, 0x24, 0xc1,
    0x0, 0xff, 0xe0, 0x18, 0x7, 0x54, 0x23, 0xd8,
    0x7, 0xff, 0xb, 0x51, 0x33, 0x83, 0xdc, 0x0,
    0x7f, 0xf0, 0xd2, 0xef, 0x40,

    /* U+F052 "" */
    0x0, 0xff, 0xe2, 0xab, 0xa8, 0x7, 0xff, 0x50,
    0x76, 0xa2, 0xb4, 0x40, 0x3f, 0xfa, 0x23, 0x84,
    0x1, 0x16, 0x8, 0x7, 0xff, 0x43, 0x48, 0x3,
    0x8b, 0x40, 0x3f, 0xf9, 0xf6, 0x60, 0x1f, 0x1d,
    0x80, 0x7f, 0xf3, 0x69, 0x0, 0x3f, 0x92, 0x80,
    0x3f, 0xf9, 0x72, 0xa0, 0x1f, 0xf2, 0xc8, 0x7,
    0xff, 0x26, 0x18, 0x3, 0xff, 0x82, 0xd0, 0x1,
    0xff, 0xc7, 0x67, 0x0, 0xff, 0xe1, 0xbb, 0x0,
    0x7f, 0xf1, 0x56, 0x40, 0x3f, 0xf8, 0xb2, 0xa0,
    0x1f, 0xfc, 0x34, 0xa0, 0xf, 0xfe, 0x3d, 0x20,
    0x7, 0xff, 0x4, 0xec, 0x3, 0xff, 0x93, 0x66,
    0x1, 0xff, 0x16, 0x80, 0x7f, 0xf2, 0xf4, 0x80,
    0x3f, 0x87, 0x4, 0x3, 0xff, 0x96, 0x38, 0x20,
    0x1f, 0xe, 0x8, 0x7, 0xff, 0x34, 0x70, 0x40,
    0x3d, 0xa4, 0x1, 0xff, 0xcf, 0x2d, 0x0, 0xeb,
    0x30, 0xf, 0xfe, 0x89, 0xd8, 0x4, 0xe8, 0x1,
    0xff, 0xd3, 0x47, 0x0, 0x48, 0x7, 0xff, 0x56,
    0x40, 0x2, 0x1, 0xff, 0xd5, 0x10, 0x2, 0x0,
    0x7f, 0xf5, 0x50, 0x1, 0x0, 0x1f, 0xfd, 0x58,
    0x0, 0x1d, 0x98, 0x7, 0xff, 0x44, 0xec, 0xc0,
    0x24, 0xcf, 0xff, 0xfe, 0x8e, 0x20, 0x7, 0xff,
    0x74, 0x51, 0x3f, 0xfa, 0x62, 0x1, 0x27, 0x5d,
    0xff, 0xf4, 0xfd, 0x0, 0x12, 0x1, 0xff, 0xd4,
    0x19, 0x0, 0x10, 0x7, 0xff, 0x54, 0x80, 0x3f,
    0xff, 0xe0, 0x1f, 0xff, 0xf0, 0xf, 0xfe, 0xcb,
    0x0, 0x7f, 0xf5, 0x58, 0x1, 0x30, 0x89, 0xff,
    0xd3, 0x89, 0x0,

    /* U+F053 "" */
    0x0, 0xff, 0xec, 0x16, 0xfb, 0x80, 0x7f, 0xf1,
    0xb, 0x8, 0x22, 0x0, 0x1f, 0xfc, 0x22, 0xc1,
    0x0, 0x9d, 0x80, 0x3f, 0xf8, 0x5, 0x82, 0x1,
    0xd4, 0x1, 0xff, 0x16, 0x8, 0x7, 0x94, 0x3,
    0xfc, 0x58, 0x20, 0x1e, 0x49, 0x0, 0xfe, 0x2c,
    0x10, 0xf, 0x25, 0x80, 0x7f, 0x16, 0x8, 0x7,
    0x92, 0xc0, 0x3f, 0x8b, 0x4, 0x3, 0xc9, 0x60,
    0x1f, 0xc5, 0x82, 0x1, 0xe4, 0xb0, 0xf, 0xe2,
    0xc1, 0x0, 0xf2, 0x58, 0x7, 0xf1, 0x60, 0x80,
    0x79, 0x2c, 0x3, 0xf8, 0xb0, 0x40, 0x3c, 0x96,
    0x1, 0xfc, 0x58, 0x20, 0x1e, 0x4b, 0x0, 0xfe,
    0x2c, 0x10, 0xf, 0x25, 0x80, 0x7f, 0x16, 0x8,
    0x7, 0x92, 0xc0, 0x3f, 0xdc, 0x20, 0x1e, 0x4b,
    0x0, 0xff, 0xea, 0x70, 0x80, 0x79, 0x2c, 0x3,
    0xfe, 0x2c, 0x10, 0xf, 0x25, 0x80, 0x7f, 0xc5,
    0x82, 0x1, 0xe4, 0xb0, 0xf, 0xf8, 0xb0, 0x40,
    0x3c, 0x96, 0x1, 0xff, 0x16, 0x8, 0x7, 0x92,
    0xc0, 0x3f, 0xe2, 0xc1, 0x0, 0xf2, 0x58, 0x7,
    0xfc, 0x58, 0x20, 0x1e, 0x4b, 0x0, 0xff, 0x8b,
    0x4, 0x3, 0xc9, 0x60, 0x1f, 0xf1, 0x60, 0x80,
    0x79, 0x2c, 0x3, 0xfe, 0x2c, 0x10, 0xf, 0x25,
    0x80, 0x7f, 0xc5, 0x82, 0x1, 0xe4, 0xb0, 0xf,
    0xf8, 0xb0, 0x40, 0x3c, 0x92, 0x1, 0xff, 0x16,
    0x8, 0x7, 0x94, 0x3, 0xff, 0x80, 0x58, 0x20,
    0x1d, 0x40, 0x1f, 0xfc, 0x12, 0xc1, 0x0, 0x9d,
    0x80, 0x3f, 0xf8, 0x45, 0x84, 0x11, 0x0, 0xf,
    0xfe, 0x21, 0x6f, 0xb8, 0x0,

    /* U+F054 "" */
    0x0, 0xff, 0xe5, 0xbf, 0xe9, 0x0, 0x7f, 0xf1,
    0x22, 0x0, 0x58, 0x40, 0x1f, 0xfc, 0x26, 0x70,
    0x8, 0x70, 0x80, 0x3f, 0xf8, 0x34, 0x1, 0xc3,
    0x84, 0x1, 0xff, 0xc0, 0x50, 0xf, 0xe, 0x10,
    0x7, 0xfd, 0x28, 0x1, 0xe1, 0xc2, 0x0, 0xff,
    0xad, 0x0, 0x3c, 0x38, 0x40, 0x1f, 0xf5, 0xa0,
    0x7, 0x87, 0x8, 0x3, 0xfe, 0xb4, 0x0, 0xf0,
    0xe1, 0x0, 0x7f, 0xd6, 0x80, 0x1e, 0x1c, 0x20,
    0xf, 0xfa, 0xd0, 0x3, 0xc3, 0x84, 0x1, 0xff,
    0x5a, 0x0, 0x78, 0x70, 0x80, 0x3f, 0xeb, 0x40,
    0xf, 0xe, 0x10, 0x7, 0xfd, 0x68, 0x1, 0xe1,
    0xc2, 0x0, 0xff, 0xad, 0x0, 0x3c, 0x38, 0x40,
    0x1f, 0xf5, 0xa0, 0x7, 0x87, 0x8, 0x3, 0xfe,
    0xb4, 0x0, 0xf0, 0xf0, 0x7, 0xff, 0x52, 0xd0,
    0x3, 0xc3, 0xc0, 0x1f, 0xeb, 0x40, 0xf, 0xe,
    0x10, 0x7, 0xf5, 0xa0, 0x7, 0x87, 0x8, 0x3,
    0xfa, 0xd0, 0x3, 0xc3, 0x84, 0x1, 0xfd, 0x68,
    0x1, 0xe1, 0xc2, 0x0, 0xfe, 0xb4, 0x0, 0xf0,
    0xe1, 0x0, 0x7f, 0x5a, 0x0, 0x78, 0x70, 0x80,
    0x3f, 0xad, 0x0, 0x3c, 0x38, 0x40, 0x1f, 0xd6,
    0x80, 0x1e, 0x1c, 0x20, 0xf, 0xeb, 0x40, 0xf,
    0xe, 0x10, 0x7, 0xf5, 0xa0, 0x7, 0x87, 0x8,
    0x3, 0xfa, 0x50, 0x3, 0xc3, 0x84, 0x1, 0xfe,
    0x50, 0xf, 0xe, 0x10, 0x7, 0xfd, 0x40, 0x1c,
    0x38, 0x40, 0x1f, 0xfc, 0x6, 0x70, 0x8, 0x70,
    0x80, 0x3f, 0xf8, 0x51, 0x0, 0x2c, 0x20, 0xf,
    0xfe, 0x23, 0xfe, 0x90, 0x7, 0xff, 0xc,

    /* U+F067 "" */
    0x0, 0xff, 0xe1, 0x8a, 0x24, 0x20, 0x1f, 0xfd,
    0x17, 0xeb, 0xbb, 0x9c, 0x3, 0xff, 0x9e, 0x30,
    0x1, 0xd0, 0x20, 0x1f, 0xfc, 0xe2, 0x0, 0xf8,
    0x80, 0x3f, 0xf9, 0xce, 0x1, 0xf3, 0x80, 0x7f,
    0xff, 0xc0, 0x3f, 0xff, 0xe0, 0x1f, 0xff, 0xf0,
    0xf, 0xff, 0xf8, 0x7, 0xff, 0x45, 0x22, 0x3f,
    0xee, 0x0, 0xfb, 0xa2, 0x3f, 0xe4, 0x7, 0xb7,
    0x7f, 0xf9, 0x40, 0x3e, 0x57, 0x7f, 0xfa, 0xda,
    0x40, 0x3f, 0xfa, 0xb0, 0x20, 0x1f, 0xfd, 0x51,
    0x0, 0xff, 0xfd, 0x20, 0x7, 0xff, 0x55, 0x29,
    0x0, 0x3f, 0xfa, 0x69, 0x43, 0x7f, 0xff, 0xf5,
    0x80, 0x7d, 0x7f, 0xff, 0xf5, 0x88, 0x7, 0xff,
    0xfc, 0x3, 0xff, 0xfe, 0x1, 0xff, 0xff, 0x0,
    0xff, 0xff, 0x80, 0x7f, 0xfc, 0xdc, 0x3, 0xe7,
    0x0, 0xff, 0xe7, 0x19, 0x0, 0x71, 0x98, 0x3,
    0xff, 0x9f, 0x8e, 0x89, 0x3e, 0x80, 0x7f, 0xf0,
    0x80,

    /* U+F068 "" */
    0x4, 0x88, 0xff, 0xe9, 0xa0, 0x3d, 0xbb, 0xff,
    0xf4, 0xed, 0xe4, 0x3, 0xff, 0xab, 0x22, 0x1,
    0xff, 0xd5, 0x10, 0xf, 0xff, 0xd2, 0x0, 0x7f,
    0xf5, 0x52, 0x90, 0x40, 0x3f, 0xfa, 0x22, 0xb4,

    /* U+F06E "" */
    0x0, 0xff, 0xe2, 0x1b, 0x56, 0x6f, 0x7f, 0x6e,
    0x53, 0x18, 0x7, 0xff, 0x44, 0xe7, 0xf2, 0x54,
    0xc8, 0x40, 0x48, 0xd6, 0x73, 0xe4, 0xc0, 0x3f,
    0xf9, 0x8b, 0xb8, 0xc0, 0x1f, 0xfc, 0x36, 0xcd,
    0x50, 0xf, 0xfe, 0x41, 0xe5, 0x10, 0x7, 0xe2,
    0x32, 0x0, 0xfc, 0x55, 0x86, 0x1, 0xff, 0xc5,
    0x8c, 0x30, 0xf, 0xc, 0x6f, 0xee, 0x6f, 0xec,
    0x8, 0x7, 0x8f, 0x20, 0x3, 0xff, 0x84, 0x38,
    0xe0, 0x1f, 0x47, 0x39, 0x0, 0x71, 0x3f, 0x40,
    0x7, 0xcf, 0x82, 0x1, 0xff, 0x17, 0x98, 0x7,
    0x87, 0x1c, 0x3, 0xfe, 0x7b, 0x10, 0xf, 0x1f,
    0x90, 0x7, 0xf1, 0x60, 0x80, 0x7d, 0x86, 0x1,
    0xc4, 0x86, 0x1, 0xc9, 0xa0, 0x1f, 0xe, 0x10,
    0x7, 0xc5, 0x82, 0x1, 0xf5, 0x10, 0x7, 0x1e,
    0xde, 0x7d, 0x10, 0x4, 0x74, 0x1, 0xf0, 0xe1,
    0x0, 0x7b, 0xc4, 0x3, 0xe4, 0x50, 0xf, 0x19,
    0x0, 0x4b, 0xaa, 0x1, 0x2a, 0x0, 0x7c, 0x3e,
    0x1, 0xd4, 0x40, 0x1f, 0xa4, 0x3, 0xf0, 0x80,
    0x75, 0x20, 0x5, 0x20, 0x1f, 0x8a, 0x80, 0x25,
    0x50, 0x7, 0xe2, 0x20, 0x7, 0xe3, 0x0, 0xf5,
    0x8, 0x0, 0x88, 0x1, 0xf9, 0x54, 0x0, 0xb0,
    0xf, 0xe5, 0x0, 0xfd, 0x0, 0x1f, 0xb, 0x0,
    0x4a, 0x1, 0xfd, 0x61, 0x2, 0x1, 0xfd, 0xc0,
    0x13, 0x98, 0x15, 0x38, 0x7, 0xeb, 0x0, 0xb8,
    0x3, 0xf8, 0x61, 0x80, 0x3f, 0xc4, 0x1, 0x46,
    0x7e, 0xa8, 0x7, 0xf1, 0x0, 0x44, 0x1, 0xfe,
    0x60, 0xf, 0xfe, 0x88, 0x80, 0x7f, 0xf0, 0xdc,
    0x3, 0xfc, 0x40, 0x11, 0x0, 0x7f, 0xf0, 0x48,
    0x2, 0x20, 0xf, 0xf3, 0x40, 0x80, 0x7f, 0x70,
    0x4, 0x80, 0x1f, 0xfc, 0x14, 0x0, 0xb8, 0x3,
    0xf8, 0x60, 0x60, 0x3, 0xf9, 0x40, 0x2a, 0x0,
    0xff, 0xe0, 0xd0, 0x4, 0xa0, 0x1f, 0xd6, 0x0,
    0x65, 0x0, 0xfc, 0x44, 0x0, 0x1b, 0x0, 0x7f,
    0xcc, 0x60, 0x2, 0x20, 0x7, 0xe5, 0x50, 0x5,
    0x64, 0x1, 0xfa, 0x40, 0x29, 0x40, 0xf, 0xe4,
    0x90, 0xa, 0x40, 0x3f, 0x15, 0x0, 0x61, 0xf1,
    0x0, 0xf9, 0x14, 0x2, 0xb7, 0x0, 0xf9, 0xec,
    0x2, 0x54, 0x0, 0xf8, 0x7c, 0x3, 0xc5, 0xa2,
    0x1, 0xf5, 0x10, 0x5, 0x1d, 0x2c, 0x8b, 0x3d,
    0x0, 0x11, 0x50, 0x7, 0xc3, 0x84, 0x1, 0xf1,
    0xe8, 0x80, 0x7d, 0x86, 0x1, 0xb, 0x4d, 0xd3,
    0x8, 0x4, 0x78, 0x1, 0xf0, 0xe1, 0x0, 0x7f,
    0x1f, 0x98, 0x7, 0x87, 0x1c, 0x3, 0xfe, 0x7c,
    0x10, 0xf, 0x1f, 0x90, 0x7, 0xfc, 0x38, 0xe0,
    0x1f, 0x47, 0x39, 0x0, 0x71, 0x3f, 0x40, 0x7,
    0xcf, 0x82, 0x1, 0xff, 0xc2, 0x8c, 0x30, 0xf,
    0xc, 0x6f, 0x6e, 0x6f, 0x6c, 0x8, 0x7, 0x8f,
    0x20, 0x3, 0xff, 0x8a, 0x79, 0x46, 0x1, 0xf0,
    0x91, 0x90, 0x80, 0x7c, 0x55, 0x86, 0x1, 0xff,
    0xc8, 0x5c, 0xb6, 0x10, 0xf, 0xfe, 0x13, 0x66,
    0xa8, 0x7, 0xff, 0x31, 0x27, 0xb2, 0x14, 0xc4,
    0x0, 0x24, 0x6b, 0x19, 0xf2, 0x60, 0x1f, 0xfc,
    0x10,

    /* U+F070 "" */
    0x0, 0x37, 0x48, 0x7, 0xff, 0x8d, 0x24, 0x5b,
    0x8, 0x3, 0xff, 0xc3, 0x40, 0x11, 0xe2, 0x0,
    0x7f, 0xf7, 0xc8, 0x40, 0x30, 0xdc, 0x0, 0x7f,
    0xf7, 0x8a, 0x40, 0x3c, 0xf6, 0x20, 0x1f, 0xfd,
    0xd6, 0xc1, 0x0, 0xe4, 0xf3, 0x0, 0xfc, 0x91,
    0x5b, 0xdf, 0xee, 0xdb, 0x74, 0x10, 0xf, 0xfe,
    0x41, 0xfa, 0x0, 0x70, 0xe3, 0x0, 0x42, 0xf9,
    0xf6, 0xea, 0x42, 0x0, 0x12, 0x48, 0xbe, 0xb5,
    0x0, 0xff, 0xe3, 0x8d, 0xb8, 0x7, 0xa6, 0x8e,
    0xba, 0xc, 0x3, 0xff, 0x84, 0x95, 0xce, 0x1,
    0xff, 0xc7, 0x8b, 0x10, 0xe, 0x5c, 0x50, 0xf,
    0xc2, 0x64, 0x20, 0x1f, 0xc, 0x73, 0x0, 0x7f,
    0xf1, 0x93, 0xcc, 0x3, 0xff, 0x80, 0x95, 0xdc,
    0xcd, 0xee, 0x49, 0x80, 0x78, 0x66, 0xc4, 0x3,
    0xff, 0x8a, 0x38, 0xc0, 0x1f, 0xc7, 0xb6, 0xa2,
    0x1, 0x85, 0xb2, 0x84, 0x3, 0xc9, 0xe8, 0x1,
    0xff, 0xc6, 0x9a, 0x0, 0xf8, 0x74, 0x80, 0x3f,
    0xcb, 0xe6, 0x1, 0xe1, 0xb5, 0x0, 0xff, 0xe3,
    0x2e, 0x90, 0x7, 0xf, 0xa0, 0x4, 0xae, 0xe4,
    0x0, 0xc3, 0x84, 0x1, 0xf5, 0x30, 0x7, 0xff,
    0x18, 0xb5, 0x40, 0x38, 0x6d, 0xc0, 0x11, 0x15,
    0xfc, 0x0, 0x6c, 0x10, 0xf, 0xa5, 0x40, 0x3f,
    0xf8, 0x6, 0x1, 0xea, 0x80, 0xf, 0x45, 0x2,
    0x80, 0x67, 0xc1, 0x0, 0xc, 0x0, 0x7e, 0xa2,
    0x0, 0xff, 0x26, 0x48, 0x7, 0x9f, 0x4, 0x3,
    0x97, 0x4c, 0x3, 0x8e, 0x80, 0x26, 0x20, 0xf,
    0xde, 0x20, 0x1f, 0x86, 0x81, 0xb4, 0x80, 0x38,
    0xfc, 0xc0, 0x38, 0x90, 0x3, 0xc8, 0xc0, 0x12,
    0x80, 0x7e, 0x2b, 0x0, 0xfd, 0x62, 0x0, 0x2d,
    0x50, 0xe, 0x1c, 0x70, 0xf, 0xfe, 0xd, 0x80,
    0x58, 0x1, 0xfc, 0xa6, 0x1, 0xe4, 0x50, 0xe,
    0xa8, 0x0, 0xf4, 0x50, 0x7, 0xff, 0x0, 0x88,
    0x0, 0x50, 0xf, 0xf7, 0x0, 0x7b, 0x40, 0x3e,
    0x7c, 0x10, 0xe, 0x5d, 0x20, 0xf, 0xf8, 0x40,
    0x2, 0x1, 0xfe, 0x22, 0x0, 0x7f, 0xf0, 0x8f,
    0xcc, 0x3, 0x8b, 0x54, 0x3, 0xff, 0xa7, 0xa0,
    0x1f, 0xc3, 0x0, 0x1f, 0x54, 0x80, 0x7f, 0x10,
    0x0, 0x40, 0x3f, 0xc4, 0x40, 0xe, 0x45, 0x0,
    0xfe, 0x60, 0xf, 0xcd, 0x82, 0x1, 0xf1, 0x0,
    0x14, 0x3, 0xfd, 0xc0, 0x1f, 0x58, 0x7, 0xf1,
    0x10, 0x3, 0xf1, 0xfa, 0x0, 0x7b, 0x18, 0x34,
    0x3, 0xf9, 0x8c, 0x3, 0xe1, 0x90, 0xf, 0xea,
    0x0, 0xfe, 0x1b, 0x70, 0xf, 0x4d, 0x30, 0x7,
    0xe3, 0x90, 0xf, 0xe6, 0x60, 0x7, 0xe6, 0x10,
    0xf, 0xf4, 0x58, 0x80, 0x72, 0x80, 0x7e, 0x1e,
    0x0, 0xff, 0xa4, 0xc0, 0x3e, 0x1b, 0x0, 0xff,
    0x93, 0xcc, 0x3, 0xff, 0x83, 0xa4, 0x1, 0xff,
    0xc0, 0xc3, 0x0, 0xf9, 0x5c, 0x3, 0xfe, 0x1c,
    0x60, 0xf, 0xfa, 0x8c, 0x3, 0xff, 0x85, 0x88,
    0x1, 0xf4, 0x38, 0x7, 0xff, 0x2, 0x68, 0x3,
    0xfa, 0x94, 0x3, 0xff, 0x89, 0x6c, 0x1, 0xf4,
    0x58, 0x80, 0x7f, 0xcb, 0xa4, 0x1, 0xe1, 0x60,
    0xf, 0xfe, 0x34, 0xd0, 0x80, 0x79, 0x3a, 0x4c,
    0x3, 0xfc, 0x5a, 0xa0, 0x1c, 0x38, 0xc0, 0x1f,
    0xfc, 0x65, 0xf5, 0x0, 0xf9, 0xb3, 0xf7, 0x37,
    0x9c, 0x3, 0xd5, 0x0, 0x1e, 0x9a, 0x0, 0xff,
    0xe3, 0xd, 0x62, 0x0, 0x7e, 0x23, 0x21, 0x8a,
    0x0, 0xf3, 0xe0, 0x80, 0x72, 0xe9, 0x0, 0x7f,
    0xf1, 0x8e, 0xf5, 0xc4, 0x3, 0xfc, 0xba, 0x40,
    0x1c, 0x7e, 0x60, 0x1c, 0x5a, 0xa0, 0x1f, 0xfc,
    0x72, 0x8e, 0xd9, 0x63, 0x21, 0x0, 0x9, 0x2d,
    0x8, 0x7, 0x87, 0x1c, 0x3, 0xd5, 0x20, 0x1f,
    0xfc, 0x92, 0x69, 0xcd, 0xef, 0xf7, 0x6d, 0x39,
    0x80, 0x7e, 0x8a, 0x0, 0xf3, 0x60, 0x80, 0x7f,
    0xf7, 0x57, 0x48, 0x3, 0x8e, 0x80, 0x3f, 0xfb,
    0xc5, 0xaa, 0x1, 0xc6, 0x1, 0xff, 0xe0, 0xa9,
    0x0, 0x8e, 0x0, 0x3f, 0xfc, 0x2d, 0x84, 0x4d,
    0x0,

    /* U+F071 "" */
    0x0, 0xff, 0xe4, 0xb6, 0xfe, 0xb0, 0x7, 0xff,
    0x75, 0xe4, 0x80, 0xa5, 0xc0, 0x3f, 0xfb, 0x65,
    0x0, 0x1d, 0x4, 0x1, 0xff, 0xda, 0x90, 0xf,
    0xa4, 0x3, 0xff, 0xb2, 0x88, 0x0, 0xf9, 0x10,
    0x1, 0xff, 0xd8, 0x90, 0xf, 0xe9, 0x0, 0xff,
    0xeb, 0xb9, 0x0, 0x7f, 0x13, 0x80, 0x7f, 0xf5,
    0x46, 0x0, 0x3f, 0xe8, 0x10, 0xf, 0xfe, 0xa4,
    0x0, 0x7f, 0xf0, 0x60, 0x3, 0xff, 0xa6, 0x6c,
    0x1, 0xff, 0xc1, 0x63, 0x0, 0xff, 0xe9, 0x78,
    0x7, 0xff, 0xf, 0xc0, 0x3f, 0xfa, 0x2a, 0x60,
    0x1f, 0xfc, 0x33, 0x50, 0xf, 0xfe, 0x85, 0x80,
    0x7f, 0xf1, 0x6c, 0x3, 0xff, 0x9e, 0xe2, 0x1,
    0xc2, 0x67, 0xc2, 0x1, 0xc2, 0xe0, 0x1f, 0xfc,
    0xd1, 0x80, 0xf, 0x66, 0x7c, 0x1, 0xe8, 0x10,
    0xf, 0xfe, 0x65, 0x80, 0x7c, 0x60, 0x1c, 0x60,
    0x1f, 0x58, 0x7, 0xff, 0x2c, 0xd4, 0x3, 0xe3,
    0x0, 0xe3, 0x0, 0xf9, 0x4c, 0x3, 0xff, 0x95,
    0xe0, 0x1f, 0x84, 0x3, 0x84, 0x3, 0xf7, 0x80,
    0x7f, 0xf2, 0x58, 0xc0, 0x3f, 0x38, 0x7, 0x38,
    0x7, 0xe3, 0x50, 0xf, 0xfe, 0x44, 0x0, 0x7f,
    0x8, 0x7, 0x8, 0x7, 0xf5, 0x80, 0x7f, 0xf1,
    0xe0, 0x40, 0x3f, 0x8c, 0x3, 0x8c, 0x3, 0xf8,
    0x60, 0x3, 0xff, 0x8a, 0x4e, 0x1, 0xfe, 0x10,
    0xe, 0x10, 0xf, 0xf3, 0x90, 0x7, 0xff, 0x12,
    0x0, 0x3f, 0xef, 0x0, 0xef, 0x0, 0xff, 0xa0,
    0x3, 0xff, 0x86, 0x8a, 0x1, 0xff, 0x8, 0x7,
    0x8, 0x7, 0xfc, 0xa8, 0x1, 0xff, 0xc2, 0x90,
    0xf, 0xfe, 0x1, 0x80, 0x71, 0x80, 0x7f, 0xf0,
    0x24, 0x3, 0xff, 0x82, 0xc4, 0x1, 0xff, 0xc0,
    0x60, 0xe, 0x60, 0xf, 0xfe, 0x1, 0x30, 0x7,
    0xfc, 0x30, 0x1, 0xff, 0xc1, 0x3f, 0xfe, 0x30,
    0xf, 0xfe, 0xc, 0x8, 0x7, 0xfa, 0x4, 0x3,
    0xff, 0x86, 0xd0, 0xc0, 0x1f, 0xfc, 0x31, 0x80,
    0xf, 0xe2, 0x60, 0xf, 0xfe, 0x10, 0xec, 0xbc,
    0xe8, 0x80, 0x7f, 0xf0, 0x98, 0x80, 0x3f, 0x48,
    0x7, 0xff, 0xe, 0x88, 0x2, 0x2a, 0x0, 0xff,
    0xe1, 0xc8, 0x7, 0xc8, 0x80, 0xf, 0xfe, 0x1a,
    0x0, 0x72, 0x0, 0x7f, 0xf0, 0xd1, 0x0, 0x1e,
    0x90, 0xf, 0xfe, 0xdc, 0x80, 0x73, 0x90, 0x7,
    0xff, 0x10, 0x80, 0x38, 0x80, 0x3f, 0xf8, 0x84,
    0xe0, 0x10, 0xc0, 0x7, 0xff, 0x16, 0x40, 0x3a,
    0x40, 0x3f, 0xf8, 0xb0, 0x20, 0x8, 0x0, 0xff,
    0xe3, 0x26, 0x29, 0x2e, 0x20, 0x7, 0xff, 0x1a,
    0x0, 0xe, 0x1, 0xff, 0xc7, 0x3a, 0xda, 0x30,
    0xf, 0xfe, 0x3b, 0x80, 0x4, 0x3, 0xff, 0xbe,
    0x20, 0x3, 0x0, 0xff, 0xef, 0xa0, 0x3, 0xc0,
    0x3f, 0xfb, 0xf0, 0x0, 0x3b, 0x30, 0xf, 0xfe,
    0xd9, 0xd9, 0x80,

    /* U+F074 "" */
    0x0, 0xff, 0xe9, 0x99, 0x0, 0x7f, 0xf6, 0x67,
    0x35, 0xc0, 0x3f, 0xfb, 0xc, 0x0, 0x87, 0x0,
    0xff, 0xed, 0xc3, 0x80, 0x7f, 0xf6, 0xe1, 0xc0,
    0x22, 0x44, 0xfe, 0x0, 0xff, 0xe1, 0xa2, 0x70,
    0x7, 0xa1, 0xc0, 0x19, 0x77, 0xfe, 0x0, 0xff,
    0xe0, 0xdd, 0xf8, 0x3, 0xe8, 0x70, 0x10, 0xf,
    0xe4, 0xa0, 0xf, 0xfa, 0xd0, 0x3, 0xff, 0x83,
    0xc, 0x1, 0xff, 0x2c, 0x80, 0x7f, 0x52, 0x0,
    0x7f, 0xf0, 0xe0, 0x3, 0xff, 0x80, 0xd2, 0x1,
    0xf5, 0x28, 0x7, 0xff, 0x10, 0xc0, 0x3f, 0xf8,
    0x2c, 0xe0, 0x1d, 0x2a, 0x1, 0xff, 0xc4, 0x1f,
    0x40, 0xf, 0xfe, 0xc, 0x30, 0x5, 0xc, 0x1,
    0xff, 0xc4, 0x1c, 0x2b, 0xff, 0xf7, 0x10, 0x7,
    0x94, 0x0, 0xee, 0x0, 0xf1, 0x77, 0xf8, 0x3,
    0xc3, 0x84, 0x1, 0xf8, 0x7c, 0x40, 0x35, 0x98,
    0x3c, 0x0, 0x78, 0x7c, 0x40, 0x3e, 0x1c, 0x20,
    0xf, 0xf1, 0x60, 0x80, 0x29, 0x1, 0xa0, 0x3,
    0xc3, 0x84, 0x1, 0xf0, 0xe1, 0x0, 0x7f, 0xf0,
    0xb, 0x6, 0x94, 0x16, 0x40, 0x3c, 0x38, 0x40,
    0x18, 0x40, 0x3, 0x84, 0x1, 0xff, 0xc2, 0x2f,
    0x50, 0x5a, 0x0, 0xfb, 0x48, 0x3, 0xac, 0x89,
    0x84, 0x1, 0xff, 0xc4, 0x10, 0x4a, 0x0, 0xfb,
    0xc, 0x3, 0xcb, 0xba, 0x20, 0xf, 0xfe, 0x31,
    0xd8, 0x7, 0xd6, 0x60, 0x1f, 0xfd, 0x3, 0xc0,
    0xf, 0xa9, 0x0, 0x40, 0x3c, 0xbb, 0xa2, 0x0,
    0xff, 0xe2, 0x16, 0x80, 0x7d, 0x4a, 0xb, 0xe4,
    0x1, 0xd6, 0x44, 0xc2, 0x0, 0xff, 0xe1, 0x16,
    0x8, 0x7, 0xa5, 0x41, 0x68, 0x70, 0x80, 0x30,
    0x80, 0x7, 0x8, 0x3, 0xff, 0x80, 0x58, 0x20,
    0x1e, 0x86, 0x4, 0xa0, 0x0, 0xe1, 0x0, 0x7c,
    0x38, 0x40, 0x1f, 0xe1, 0xf1, 0x0, 0xf4, 0x38,
    0x1d, 0x80, 0x61, 0xf1, 0x0, 0xf8, 0x70, 0x80,
    0x17, 0xff, 0xee, 0x20, 0xf, 0x3b, 0x80, 0xa,
    0x1, 0xe2, 0xef, 0xf0, 0x7, 0x87, 0x8, 0x10,
    0x3, 0xff, 0x82, 0xd0, 0x1, 0x33, 0x80, 0x7f,
    0xf1, 0x7, 0x8, 0x3, 0xff, 0x82, 0xb2, 0x1,
    0xd0, 0xc0, 0x1f, 0xfc, 0x41, 0xf0, 0xf, 0xfe,
    0x2, 0xd0, 0x7, 0xd2, 0xa0, 0x1f, 0xfc, 0x43,
    0x0, 0xff, 0x92, 0x80, 0x3f, 0xa9, 0x40, 0x3f,
    0xf8, 0x70, 0x20, 0x1f, 0xc9, 0x60, 0x1f, 0xf5,
    0x20, 0x7, 0xff, 0x6, 0x1b, 0x2e, 0xff, 0xc0,
    0x1f, 0xfc, 0x1b, 0xbf, 0x0, 0x7d, 0xe, 0x4,
    0x89, 0xfc, 0x1, 0xff, 0xc3, 0x44, 0xe0, 0xf,
    0x43, 0x80, 0x7f, 0xf6, 0x61, 0xc0, 0x3f, 0xfb,
    0x30, 0xe0, 0x1f, 0xfd, 0x66, 0x0, 0x43, 0x80,
    0x7f, 0xf5, 0xe7, 0x35, 0xc0, 0x3c,

    /* U+F077 "" */
    0x0, 0xff, 0xe2, 0x12, 0x80, 0x7f, 0xf5, 0x17,
    0x6b, 0x4, 0x3, 0xff, 0xa2, 0xb4, 0x0, 0x3d,
    0x10, 0xf, 0xfe, 0x7a, 0xd0, 0x6, 0x3d, 0x10,
    0xf, 0xfe, 0x6a, 0xd0, 0x7, 0x8f, 0x44, 0x3,
    0xff, 0x96, 0xb4, 0x1, 0xf8, 0xf4, 0x40, 0x3f,
    0xf9, 0x2b, 0x40, 0x1f, 0xe3, 0xd1, 0x0, 0xff,
    0xe3, 0xad, 0x0, 0x7f, 0xf0, 0xf, 0x44, 0x3,
    0xff, 0x8a, 0xb4, 0x1, 0xf0, 0x80, 0x78, 0xf4,
    0x40, 0x3f, 0xf8, 0x6b, 0x40, 0x1f, 0x3f, 0x90,
    0x7, 0x8f, 0x44, 0x3, 0xff, 0x82, 0xb4, 0x1,
    0xf3, 0xc0, 0xe1, 0x0, 0x78, 0xf4, 0x40, 0x3f,
    0xe5, 0xa0, 0xf, 0x9e, 0x0, 0x3, 0x84, 0x1,
    0xe3, 0xd1, 0x0, 0xfe, 0x5a, 0x0, 0xf9, 0xe0,
    0x3, 0xe, 0x10, 0x7, 0x8f, 0x44, 0x3, 0xe5,
    0xa0, 0xf, 0x9e, 0x0, 0x3c, 0x38, 0x40, 0x1e,
    0x3d, 0x10, 0xe, 0x5a, 0x0, 0xf9, 0xe0, 0x3,
    0xf0, 0xe1, 0x0, 0x78, 0xf4, 0x40, 0x25, 0xa0,
    0xf, 0x9e, 0x0, 0x3f, 0xc3, 0x84, 0x1, 0xe3,
    0xd1, 0x4, 0xa0, 0xf, 0x9e, 0x0, 0x3f, 0xf8,
    0x3, 0x84, 0x1, 0xe3, 0xd0, 0xf0, 0xf, 0x9e,
    0x0, 0x3f, 0xf8, 0x43, 0x84, 0x1, 0xe3, 0x43,
    0x0, 0xf3, 0xc0, 0x7, 0xff, 0x10, 0x70, 0x80,
    0x3c, 0xb0, 0x80, 0x19, 0xe0, 0x3, 0xff, 0x8c,
    0x38, 0x40, 0x1a, 0x84, 0x2d, 0x0, 0xf, 0x0,
    0x1f, 0xfc, 0x81, 0xc2, 0x0, 0x52, 0x80, 0x57,
    0x6c, 0x80, 0xf, 0xfe, 0x50, 0xed, 0xea, 0x80,
    0x0,

    /* U+F078 "" */
    0x0, 0x90, 0xc0, 0x3f, 0xf9, 0xa8, 0x40, 0x1d,
    0x76, 0xc8, 0x0, 0xff, 0xe5, 0xe, 0xde, 0xa8,
    0x5, 0x68, 0x0, 0x78, 0x0, 0xff, 0xe4, 0xe,
    0x10, 0x2, 0x94, 0x21, 0x0, 0x33, 0xc0, 0x7,
    0xff, 0x18, 0x70, 0x80, 0x35, 0x9, 0x80, 0x79,
    0xe0, 0x3, 0xff, 0x88, 0x38, 0x40, 0x1e, 0x5f,
    0x0, 0xf9, 0xe0, 0x3, 0xff, 0x84, 0x38, 0x40,
    0x1e, 0x34, 0x45, 0x0, 0x7c, 0xf0, 0x1, 0xff,
    0xc0, 0x1c, 0x20, 0xf, 0x1e, 0x80, 0x16, 0x80,
    0x3e, 0x78, 0x0, 0xff, 0xe, 0x10, 0x7, 0x8f,
    0x44, 0x2, 0x5a, 0x0, 0xf9, 0xe0, 0x3, 0xf0,
    0xe1, 0x0, 0x78, 0xf4, 0x40, 0x39, 0x68, 0x3,
    0xe7, 0x80, 0xf, 0xe, 0x10, 0x7, 0x8f, 0x44,
    0x3, 0xe5, 0xa0, 0xf, 0x9e, 0x0, 0x30, 0xe1,
    0x0, 0x78, 0xf4, 0x40, 0x3f, 0x96, 0x80, 0x3e,
    0x78, 0x0, 0xe, 0x10, 0x7, 0x8f, 0x44, 0x3,
    0xfe, 0x5a, 0x0, 0xf9, 0xe0, 0x70, 0x80, 0x3c,
    0x7a, 0x20, 0x1f, 0xfc, 0x15, 0xa0, 0xf, 0x9f,
    0xc8, 0x3, 0xc7, 0xa2, 0x1, 0xff, 0xc3, 0x5a,
    0x0, 0xf8, 0x40, 0x3c, 0x7a, 0x20, 0x1f, 0xfc,
    0x55, 0xa0, 0xf, 0xfe, 0x1, 0xe8, 0x80, 0x7f,
    0xf1, 0xd6, 0x80, 0x3f, 0xc7, 0xa2, 0x1, 0xff,
    0xc9, 0x5a, 0x0, 0xfc, 0x7a, 0x20, 0x1f, 0xfc,
    0xb5, 0xa0, 0xf, 0x1e, 0x88, 0x7, 0xff, 0x35,
    0x68, 0x3, 0x1e, 0x88, 0x7, 0xff, 0x3d, 0x68,
    0x0, 0x7a, 0x20, 0x1f, 0xfd, 0x15, 0xda, 0xc1,
    0x0, 0xff, 0xe1, 0x80,

    /* U+F079 "" */
    0x0, 0xff, 0xf7, 0x3f, 0xe9, 0x0, 0x7f, 0xf8,
    0x62, 0x0, 0x58, 0x40, 0x1f, 0xfd, 0xf8, 0x70,
    0x8, 0x70, 0x80, 0x3c, 0x48, 0x9f, 0xfc, 0x73,
    0x0, 0xff, 0xe1, 0x43, 0x80, 0x70, 0xe1, 0x0,
    0x65, 0xdb, 0xbf, 0xfe, 0x3e, 0x50, 0x7, 0xff,
    0x2, 0x1c, 0x3, 0xe1, 0xc3, 0x0, 0xb8, 0x3,
    0xff, 0x92, 0xa0, 0x1f, 0xf4, 0x38, 0x7, 0xf0,
    0xe9, 0x80, 0x30, 0x3, 0xff, 0x94, 0x20, 0x1f,
    0xd2, 0xe0, 0x1f, 0xf0, 0xe9, 0x83, 0xb0, 0x7,
    0xff, 0x4a, 0x58, 0x3, 0xff, 0x82, 0x3a, 0x61,
    0x32, 0x44, 0xff, 0xe1, 0x80, 0x7f, 0xf0, 0x61,
    0x80, 0x38, 0x40, 0x30, 0x80, 0x61, 0xc2, 0x6,
    0xbb, 0xff, 0xe1, 0x88, 0x7, 0xff, 0x1, 0x80,
    0x3a, 0x94, 0x3, 0x59, 0x80, 0x72, 0x80, 0x7f,
    0xf4, 0x94, 0x3, 0x4a, 0x80, 0x70, 0xe1, 0x80,
    0x63, 0x0, 0xff, 0xe9, 0x51, 0x0, 0x21, 0x80,
    0x3f, 0x69, 0x0, 0x21, 0x0, 0x3f, 0xfa, 0x43,
    0xb5, 0x8e, 0x1, 0xfc, 0x3b, 0x58, 0xe0, 0x1f,
    0xfd, 0x55, 0x30, 0xf, 0xfe, 0x2, 0x98, 0x7,
    0xff, 0xfc, 0x3, 0xff, 0xfe, 0x1, 0xff, 0xff,
    0x0, 0xff, 0xed, 0x4f, 0x58, 0x80, 0x7f, 0xa7,
    0xa8, 0x40, 0x3f, 0xfa, 0x74, 0xc2, 0x9a, 0x1,
    0xfd, 0x4c, 0x2b, 0xa0, 0x1f, 0xfd, 0x22, 0x50,
    0x8, 0xec, 0x3, 0xe9, 0x50, 0x8, 0xd0, 0x3,
    0xff, 0xa2, 0x42, 0x1, 0x92, 0x80, 0x3a, 0x18,
    0x3, 0x98, 0x3, 0xff, 0x80, 0x68, 0x9f, 0xfc,
    0x22, 0x0, 0x50, 0x7, 0x28, 0x80, 0x66, 0x0,
    0xe9, 0x20, 0xf, 0xfe, 0x4, 0x5d, 0xff, 0xf0,
    0xb6, 0x1, 0x2c, 0x3, 0xff, 0x87, 0x2c, 0x1,
    0xff, 0xd1, 0x78, 0x4, 0xb0, 0xf, 0xfe, 0xc,
    0xb0, 0x7, 0xff, 0x4d, 0xc0, 0x9, 0x80, 0x1f,
    0xf5, 0x30, 0x7, 0xf8, 0xc0, 0x3f, 0xf9, 0x22,
    0x1, 0x1e, 0x0, 0x7f, 0x52, 0x80, 0x7f, 0xd0,
    0xe8, 0x9f, 0xfc, 0x75, 0xd0, 0xc, 0x78, 0x1,
    0xf5, 0x28, 0x7, 0xff, 0x6, 0x2e, 0xff, 0xf8,
    0xf4, 0x60, 0x1c, 0x78, 0x1, 0xd4, 0xa0, 0x1f,
    0xfd, 0xe3, 0xc0, 0xa, 0x94, 0x3, 0xff, 0xc0,
    0x7d, 0x3a, 0xa0, 0x1f, 0x80,

    /* U+F07B "" */
    0x3, 0xcf, 0xff, 0xfe, 0xd, 0x80, 0x7f, 0xf2,
    0xcf, 0xc, 0x3, 0xff, 0x82, 0x96, 0x1, 0xff,
    0xca, 0xf0, 0xf, 0xfe, 0x22, 0x58, 0x7, 0xff,
    0x24, 0xc0, 0x3f, 0xf8, 0xa9, 0x60, 0x1f, 0xfd,
    0xb4, 0xb0, 0xf, 0xfe, 0xda, 0x7f, 0xff, 0xf1,
    0x30, 0xc0, 0x3f, 0xfb, 0x47, 0x86, 0x1, 0xff,
    0xdb, 0xf0, 0xf, 0xfe, 0xd9, 0x80, 0x7f, 0xff,
    0xc0, 0x3f, 0xff, 0xe0, 0x1f, 0xff, 0xf0, 0xf,
    0xff, 0xf8, 0x7, 0xff, 0xfc, 0x3, 0xff, 0xfe,
    0x1, 0xff, 0xff, 0x0, 0xff, 0xff, 0x80, 0x7f,
    0xff, 0xc0, 0x3f, 0xfc, 0x26, 0x1, 0xff, 0xda,
    0x3f, 0x0, 0xff, 0xed, 0x79, 0xe1, 0x80, 0x7f,
    0xf5, 0x8f, 0xc,

    /* U+F093 "" */
    0x0, 0xff, 0xe3, 0xd, 0x50, 0x40, 0x3f, 0xfa,
    0xe3, 0x8a, 0xac, 0x10, 0xf, 0xfe, 0xa8, 0xe1,
    0x0, 0xb, 0x4, 0x3, 0xff, 0xa6, 0x38, 0x40,
    0x18, 0xb0, 0x40, 0x3f, 0xfa, 0x23, 0x84, 0x1,
    0xe2, 0xc1, 0x0, 0xff, 0xe7, 0x8e, 0x10, 0x7,
    0xe2, 0xc1, 0x0, 0xff, 0xe6, 0x8e, 0x10, 0x7,
    0xf8, 0xb0, 0x40, 0x3f, 0xf9, 0x63, 0x84, 0x1,
    0xff, 0xc0, 0x2c, 0x10, 0xf, 0xfe, 0x48, 0xe1,
    0x0, 0x7f, 0xf0, 0x8b, 0x4, 0x3, 0xff, 0x8e,
    0x38, 0x40, 0x1f, 0xfc, 0x42, 0xc1, 0x0, 0xff,
    0xe2, 0x8e, 0x10, 0x7, 0xff, 0x18, 0xb0, 0x40,
    0x3f, 0xf8, 0x63, 0x84, 0x1, 0xff, 0xc8, 0x2c,
    0x10, 0xf, 0xfe, 0x16, 0x10, 0x7, 0xff, 0x28,
    0xb0, 0x3, 0xff, 0x82, 0xc4, 0x1, 0xff, 0xcc,
    0x25, 0x0, 0xff, 0xe0, 0x20, 0x7, 0xff, 0x39,
    0xc0, 0x3f, 0xf8, 0x5, 0xf9, 0x9f, 0x0, 0x7f,
    0xb3, 0x3e, 0xf2, 0x0, 0xff, 0xe1, 0x19, 0xfc,
    0x1, 0xfe, 0x33, 0xf8, 0x3, 0xff, 0xfe, 0x1,
    0xff, 0xff, 0x0, 0xff, 0xff, 0x80, 0x7f, 0xff,
    0xc0, 0x3f, 0xff, 0xe0, 0x1f, 0xfd, 0x63, 0x44,
    0xff, 0x10, 0x7, 0xff, 0x8, 0x91, 0x3f, 0xc6,
    0x13, 0x97, 0x7f, 0xea, 0x0, 0xff, 0xe1, 0x55,
    0xdf, 0xfb, 0x25, 0x80, 0x3f, 0xe3, 0x0, 0x40,
    0x7, 0xe8, 0x0, 0x18, 0x7, 0xfc, 0xc0, 0x1f,
    0xfc, 0x4, 0x20, 0x7f, 0xee, 0xf7, 0xb8, 0x1a,
    0x0, 0x7f, 0xf3, 0x70, 0xc0, 0x2, 0x3e, 0x0,
    0x1e, 0x80, 0x7f, 0xf3, 0x87, 0x2e, 0x23, 0xf5,
    0xe0, 0x80, 0x7f, 0xf4, 0x11, 0xdf, 0xf2, 0x0,
    0x7f, 0xff, 0xc0, 0x3e, 0x6f, 0xd1, 0x6, 0xfd,
    0x10, 0xf, 0xfe, 0x9d, 0x1, 0x28, 0x50, 0x12,
    0x80, 0x7f, 0xf4, 0xfd, 0x19, 0x3, 0xd1, 0x90,
    0x3, 0x8, 0x7, 0xff, 0x38, 0xee, 0x40, 0x7,
    0x72, 0x1, 0x86, 0xc4, 0x3, 0xff, 0xb0, 0x36,

    /* U+F095 "" */
    0x0, 0xff, 0xfd, 0x27, 0x72, 0x98, 0xc0, 0x3f,
    0xfa, 0xf4, 0x22, 0x59, 0xcf, 0xb8, 0x40, 0xf,
    0xfe, 0x92, 0x88, 0x7, 0x91, 0xef, 0xdc, 0x3,
    0xff, 0xa1, 0x20, 0x1f, 0xf4, 0x0, 0x7f, 0xf3,
    0xc8, 0xc0, 0x3f, 0xfb, 0x76, 0x1, 0xff, 0xc0,
    0x10, 0xf, 0xfe, 0x70, 0xb0, 0x7, 0xff, 0x0,
    0xc0, 0x3f, 0xf9, 0xcc, 0x1, 0xff, 0xdc, 0x90,
    0xf, 0xfe, 0xb, 0x80, 0x7f, 0xf3, 0x54, 0x40,
    0x3f, 0xf8, 0x24, 0x1, 0xff, 0xcd, 0xc0, 0xf,
    0xfe, 0x17, 0x0, 0x7f, 0xf3, 0x70, 0x3, 0xff,
    0x84, 0xa0, 0x1f, 0xfc, 0xd5, 0x90, 0xf, 0xfe,
    0x9, 0x80, 0x7f, 0xf3, 0x9b, 0x4, 0x3, 0xfc,
    0x80, 0x1f, 0xfd, 0x3, 0xc2, 0x0, 0xfe, 0xc0,
    0xf, 0xfe, 0x89, 0x6a, 0x0, 0x7e, 0x60, 0xf,
    0xfe, 0x99, 0x80, 0x7c, 0x62, 0x1, 0xff, 0xd2,
    0x17, 0x0, 0xfa, 0x80, 0x3f, 0xfa, 0x70, 0x1,
    0xf0, 0xb0, 0x7, 0xff, 0x48, 0xd8, 0x3, 0xe9,
    0x0, 0xff, 0xe9, 0xf0, 0x7, 0xc2, 0xe0, 0x1f,
    0xfd, 0x2a, 0x20, 0xf, 0xa0, 0x3, 0xff, 0xa4,
    0xea, 0x1, 0xf1, 0xb0, 0x7, 0xff, 0x45, 0xa0,
    0x3, 0xf7, 0x80, 0x7f, 0xf0, 0xd2, 0x58, 0x3,
    0xfe, 0x69, 0x0, 0xfd, 0x6, 0x1, 0xff, 0xc1,
    0x6d, 0xb6, 0x97, 0x0, 0xfe, 0x79, 0x0, 0xfc,
    0x8e, 0x1, 0xff, 0x14, 0xfc, 0x90, 0x5, 0x8,
    0x1, 0xf5, 0x40, 0x7, 0xe1, 0xa0, 0xf, 0xf2,
    0x5e, 0xb0, 0x7, 0xd4, 0x40, 0x18, 0xf5, 0x40,
    0x3f, 0xe, 0x8, 0x7, 0xe4, 0xdb, 0x40, 0xf,
    0xe1, 0xf0, 0x0, 0xce, 0x10, 0x7, 0xf6, 0x90,
    0x7, 0xf5, 0x10, 0x7, 0xff, 0x0, 0xae, 0x39,
    0x80, 0x3f, 0xd6, 0x60, 0x1f, 0xfc, 0xd4, 0x70,
    0xf, 0xf0, 0xe2, 0x0, 0x7f, 0xc8, 0x1, 0xff,
    0xcd, 0x1c, 0x30, 0xf, 0xfe, 0x6, 0x0, 0x7f,
    0xf3, 0x13, 0xc8, 0x3, 0xff, 0x82, 0xa0, 0x1f,
    0xfc, 0xb8, 0xb1, 0x0, 0xff, 0xe1, 0x18, 0x7,
    0xff, 0x24, 0xf1, 0xc0, 0x3f, 0xf8, 0xa8, 0x1,
    0xff, 0xc6, 0x19, 0xc3, 0x0, 0xff, 0xe3, 0x18,
    0x7, 0xff, 0x10, 0x63, 0x98, 0x3, 0xff, 0x91,
    0x80, 0x1f, 0xfc, 0x23, 0x9e, 0x70, 0xf, 0xfe,
    0x52, 0x0, 0x7f, 0xc9, 0x1d, 0x8c, 0x1, 0xff,
    0xcd, 0x80, 0x0, 0x88, 0x91, 0xe7, 0x3e, 0xdc,
    0x40, 0x3f, 0xf9, 0x80,

    /* U+F0C4 "" */
    0x0, 0xf1, 0xa1, 0x80, 0x7f, 0xf4, 0x8a, 0xbf,
    0x2f, 0x3e, 0x88, 0x3, 0xff, 0x9c, 0xba, 0xa0,
    0x1c, 0xba, 0xa0, 0x1f, 0xfc, 0x27, 0xdf, 0xf6,
    0xc0, 0x80, 0x4b, 0x40, 0x1f, 0xd4, 0x80, 0x1f,
    0xf1, 0x6c, 0x10, 0x0, 0x9f, 0xd0, 0x6, 0xc0,
    0x3f, 0xea, 0x10, 0xf, 0xe3, 0xc2, 0x0, 0xf0,
    0xd8, 0x30, 0x80, 0x61, 0x31, 0x0, 0xc2, 0xc0,
    0x1f, 0x8f, 0x44, 0x3, 0xf4, 0x85, 0x80, 0x64,
    0xec, 0xf4, 0x0, 0xd6, 0x1, 0xf1, 0xe8, 0x80,
    0x7e, 0x86, 0x2, 0x0, 0xd2, 0x0, 0x19, 0x0,
    0xc4, 0x1, 0xe3, 0xd1, 0x0, 0xfd, 0xe, 0x0,
    0x10, 0xc, 0x40, 0x11, 0x80, 0x61, 0x0, 0xe3,
    0xc1, 0x0, 0xfd, 0xe, 0x1, 0x8, 0x6, 0x60,
    0x9, 0xc0, 0x31, 0x0, 0x63, 0xc0, 0xf, 0xe8,
    0x70, 0xc, 0x80, 0x1a, 0x61, 0x62, 0x40, 0x32,
    0x0, 0x47, 0x80, 0x1f, 0xd0, 0xe0, 0x1d, 0x20,
    0x1c, 0xf4, 0xe0, 0x1c, 0x82, 0x7, 0x80, 0x1f,
    0xd0, 0xe0, 0x1e, 0x35, 0x0, 0xff, 0xe0, 0x16,
    0x2e, 0x0, 0x7f, 0x43, 0x80, 0x7e, 0xa3, 0x0,
    0xff, 0xe0, 0x15, 0x0, 0x7f, 0x43, 0x80, 0x7f,
    0xb1, 0xc0, 0x3f, 0xf9, 0x30, 0xe0, 0x1f, 0xfc,
    0x8, 0xe9, 0x54, 0x30, 0xf, 0xfe, 0x1c, 0x38,
    0x7, 0xff, 0x8, 0x5a, 0xaf, 0x18, 0x3, 0xff,
    0x83, 0xe, 0x1, 0xff, 0xc8, 0x96, 0x0, 0xff,
    0xa1, 0xc0, 0x3f, 0xf9, 0x54, 0x1, 0xfe, 0x16,
    0x0, 0xff, 0xe5, 0x1e, 0x0, 0x7f, 0x87, 0x4,
    0x3, 0xff, 0x8c, 0x68, 0xb8, 0x1, 0xff, 0xc0,
    0x2c, 0x10, 0xf, 0xfe, 0x11, 0x57, 0xe5, 0xd0,
    0x7, 0xff, 0x8, 0xb0, 0x40, 0x3f, 0xf8, 0xb,
    0xaa, 0x1, 0xff, 0xc7, 0x2c, 0x10, 0xf, 0xf2,
    0xd0, 0x7, 0xff, 0x4, 0xc0, 0x3f, 0x16, 0x8,
    0x7, 0xe1, 0xb0, 0xf, 0xfe, 0xc, 0x63, 0x0,
    0x7e, 0x2c, 0x10, 0xf, 0x98, 0x40, 0x30, 0x98,
    0x80, 0x73, 0x38, 0x4b, 0x0, 0x7e, 0x2c, 0x10,
    0xf, 0x58, 0x6, 0x4e, 0xcf, 0x40, 0xc, 0xa0,
    0x14, 0xb0, 0x7, 0xe2, 0xc1, 0x0, 0xe2, 0x0,
    0xd2, 0x0, 0x19, 0x0, 0xc4, 0x1, 0xa5, 0x80,
    0x3f, 0x16, 0x8, 0x6, 0x10, 0xc, 0x40, 0x11,
    0x80, 0x61, 0x0, 0xe9, 0x60, 0xf, 0xc5, 0x82,
    0x1, 0x8, 0x6, 0x60, 0x9, 0xc0, 0x31, 0x0,
    0x7a, 0x58, 0x3, 0xf1, 0x60, 0x80, 0x10, 0x3,
    0x4c, 0x2c, 0x48, 0x6, 0x70, 0xf, 0xa5, 0x80,
    0x3f, 0x16, 0x8, 0x48, 0x7, 0x3d, 0x38, 0x7,
    0x48, 0x7, 0xe9, 0x70, 0xf, 0xc5, 0x80, 0x6a,
    0x1, 0xff, 0x29, 0x80, 0x7f, 0x43, 0x80, 0x7e,
    0x70, 0x5, 0x18, 0x7, 0xf1, 0xd0, 0x7, 0xfd,
    0x14, 0x20, 0x1d, 0x14, 0x1, 0x63, 0x80, 0x7c,
    0xf8, 0x1, 0xff, 0xc1, 0x5e, 0xb9, 0x95, 0xfb,
    0x80, 0x74, 0x74, 0xaa, 0x2c, 0xf4, 0x0, 0x7f,
    0xf1, 0x11, 0x98, 0x80, 0x18,

    /* U+F0C5 "" */
    0x0, 0xff, 0x2f, 0x7f, 0xff, 0xf0, 0x40, 0xf,
    0xc8, 0x1, 0xff, 0xc3, 0xb1, 0x0, 0xff, 0xe1,
    0xf8, 0xda, 0x0, 0x7f, 0xf0, 0x84, 0x3, 0xff,
    0x8f, 0x68, 0x1, 0xff, 0xd6, 0xb4, 0x0, 0xff,
    0xeb, 0x5a, 0x0, 0x7f, 0xf5, 0xad, 0x0, 0x3f,
    0xfa, 0xd4, 0xd, 0x11, 0xc8, 0x1, 0xff, 0xc7,
    0xc7, 0x7f, 0x4d, 0xcb, 0xbf, 0x60, 0x7, 0xff,
    0x14, 0x41, 0x22, 0x3c, 0xe8, 0x1, 0xff, 0xcc,
    0xb1, 0x0, 0xff, 0xea, 0xaf, 0x7f, 0xfe, 0x0,
    0xff, 0xff, 0x80, 0x7f, 0xff, 0xc0, 0x3f, 0xff,
    0xe0, 0x1f, 0xff, 0xf0, 0xf, 0xff, 0xf8, 0x7,
    0xff, 0xfc, 0x3, 0xff, 0xfe, 0x1, 0xff, 0xff,
    0x0, 0xff, 0xff, 0x80, 0x7f, 0xf5, 0x4, 0x0,
    0x80, 0x1f, 0xfc, 0xb4, 0x0, 0xf9, 0xc0, 0x17,
    0x2e, 0xff, 0xfc, 0x99, 0xb0, 0xf, 0x86, 0x40,
    0xd, 0x11, 0xff, 0xc9, 0x60, 0xf, 0xe6, 0xb3,
    0x0, 0xff, 0xea, 0xa6, 0x7f, 0xff, 0xf0, 0x80,
    0x3f, 0xff, 0xe0, 0x1c, 0x20, 0x1f, 0xfc, 0xb1,
    0x0, 0xff, 0x58, 0x80, 0x7f, 0xf2, 0x46, 0xc0,
    0x3f, 0xc0,

    /* U+F0C7 "" */
    0x0, 0xa, 0x27, 0xff, 0x28, 0x80, 0x3f, 0xd1,
    0xd7, 0x7f, 0xfc, 0xad, 0xc2, 0x0, 0xf9, 0x9c,
    0x3, 0xff, 0x98, 0x78, 0x40, 0x1e, 0xb0, 0xf,
    0xfe, 0x70, 0xe1, 0x0, 0x71, 0x0, 0x7f, 0xf3,
    0xc7, 0x8, 0x3, 0xf8, 0x91, 0x3f, 0xf8, 0xc0,
    0x1c, 0x38, 0x40, 0x1f, 0xb2, 0xef, 0xff, 0x8d,
    0x80, 0x1c, 0x38, 0x40, 0x1f, 0x8, 0x7, 0xff,
    0x18, 0xc0, 0x3c, 0x38, 0x40, 0x1f, 0xfd, 0x51,
    0xc1, 0x0, 0xff, 0xea, 0x8d, 0x80, 0x7f, 0xf5,
    0x94, 0x3, 0xff, 0xfe, 0x1, 0xff, 0xfa, 0x74,
    0x4f, 0xfe, 0x33, 0x80, 0x7f, 0xf0, 0xe2, 0xef,
    0xff, 0x8d, 0x0, 0x1f, 0xff, 0xf0, 0xf, 0xff,
    0x61, 0x21, 0x0, 0x7f, 0xf4, 0x93, 0x75, 0x7b,
    0xa4, 0x0, 0xff, 0xe7, 0xad, 0x90, 0x4, 0x56,
    0xa0, 0x1f, 0xfc, 0xeb, 0x0, 0xfa, 0xc0, 0x3f,
    0xf9, 0xaa, 0x20, 0x1f, 0xa, 0x80, 0x7f, 0xf3,
    0x8, 0x3, 0xf8, 0x80, 0x3f, 0xf9, 0x82, 0x1,
    0xfc, 0x20, 0x1f, 0xfc, 0xc4, 0x0, 0xfe, 0x40,
    0xf, 0xfe, 0x61, 0x28, 0x7, 0xca, 0x40, 0x1f,
    0xfc, 0xda, 0x40, 0xe, 0x4a, 0x0, 0xff, 0xe7,
    0xdd, 0x99, 0x1a, 0xec, 0x1, 0xff, 0xd1, 0x49,
    0xb9, 0x40, 0xf, 0xff, 0x32, 0x80, 0x7f, 0xf5,
    0x56, 0xc4, 0x3, 0xff, 0xa6, 0x56, 0x3f, 0x8,
    0x9f, 0xfd, 0x18, 0xc1,

    /* U+F0C9 "" */
    0x48, 0x8f, 0xfe, 0xa9, 0xdb, 0xbf, 0xff, 0x57,
    0x0, 0x3f, 0xff, 0xe0, 0x1f, 0xfd, 0x23, 0x0,
    0xff, 0xea, 0x9e, 0x77, 0x7f, 0xf5, 0x70, 0x4,
    0x7f, 0xfa, 0xa0, 0x1f, 0xff, 0xf0, 0xf, 0xff,
    0xf8, 0x7, 0xff, 0x39, 0x6a, 0xbf, 0xfa, 0xab,
    0x4a, 0xbf, 0xfd, 0x5a, 0x0, 0xff, 0xff, 0x80,
    0x7f, 0xf4, 0x94, 0x3, 0xff, 0xaa, 0xd5, 0xff,
    0xff, 0xd5, 0x90, 0xf, 0xff, 0xf8, 0x7, 0xff,
    0xfc, 0x3, 0xff, 0x9a, 0x91, 0x1f, 0xfd, 0x53,
    0xb7, 0x7f, 0xfe, 0xae, 0x0, 0x7f, 0xff, 0xc0,
    0x3f, 0xfa, 0x46, 0x1, 0xff, 0xd5, 0x3c, 0xee,
    0xff, 0xea, 0xe0,

    /* U+F0E0 "" */
    0x3, 0xcf, 0xff, 0xfe, 0xb6, 0x18, 0x1e, 0x18,
    0x7, 0xff, 0x58, 0xf0, 0xfc, 0x3, 0xff, 0xb5,
    0xe6, 0x1, 0xff, 0xda, 0x30, 0xf, 0xff, 0xf8,
    0x7, 0x40, 0x7, 0xff, 0x6a, 0x1e, 0x80, 0x3f,
    0xfb, 0x14, 0xe0, 0xba, 0x60, 0x1f, 0xfd, 0x42,
    0xd5, 0x1, 0x2, 0xc6, 0x0, 0xff, 0xe9, 0x36,
    0x90, 0xf, 0x40, 0x2, 0x68, 0x3, 0xff, 0xa1,
    0x52, 0x0, 0x8e, 0x7, 0xc1, 0x5, 0xd3, 0x0,
    0xff, 0xe6, 0x1e, 0xa8, 0xe, 0x38, 0x4, 0x7e,
    0xa0, 0x58, 0xe0, 0x1f, 0xfc, 0xa6, 0xc2, 0x4,
    0xf3, 0x0, 0xe1, 0xa9, 0x0, 0x45, 0x88, 0x7,
    0xff, 0x18, 0x6e, 0x40, 0x11, 0x62, 0x1, 0xf9,
    0xb4, 0x81, 0x3d, 0x0, 0x3f, 0xf8, 0x89, 0xe8,
    0x5, 0x8e, 0x1, 0xff, 0x16, 0xb0, 0xd, 0xc0,
    0x7, 0xff, 0xa, 0x2c, 0x41, 0x74, 0xc0, 0x3f,
    0xf8, 0x53, 0x40, 0x7, 0xc1, 0x0, 0xff, 0xe,
    0x38, 0x2, 0xa8, 0x1, 0xff, 0xc5, 0x5d, 0x30,
    0x3e, 0x50, 0xf, 0xcb, 0xc6, 0x7, 0xaa, 0x1,
    0xff, 0xc7, 0x2c, 0x70, 0x5, 0x48, 0x7, 0xa6,
    0x80, 0xf, 0x84, 0x1, 0xff, 0xca, 0x8a, 0x0,
    0x37, 0x30, 0x89, 0xb9, 0x80, 0x15, 0x0, 0x1f,
    0xfc, 0xd5, 0xd3, 0x1, 0x9e, 0xe4, 0x88, 0x1e,
    0xa8, 0x7, 0xff, 0x3c, 0xb2, 0x44, 0x3, 0xc,
    0xe1, 0x0, 0x7f, 0xf4, 0x9b, 0xae, 0x65, 0x7c,
    0xc0, 0x1f, 0xfd, 0x64, 0x66, 0x20, 0x7, 0xff,
    0xfc, 0x3, 0xff, 0xe6, 0x60, 0x1f, 0xfd, 0xa3,
    0xf0, 0xf, 0xfe, 0xd7, 0x9e, 0x18, 0x7, 0xff,
    0x58, 0xf0, 0xc0,

    /* U+F0E7 "" */
    0x0, 0xd7, 0xff, 0xff, 0xc0, 0xb0, 0xf, 0xfe,
    0x3, 0x20, 0x7, 0xff, 0x1, 0x18, 0x3, 0xfe,
    0xf0, 0xf, 0xfe, 0x11, 0x80, 0x7f, 0xca, 0x1,
    0xff, 0xc2, 0x40, 0xf, 0xf8, 0x80, 0x3f, 0xf8,
    0x28, 0x20, 0x1f, 0xf0, 0x80, 0x7f, 0xf0, 0x74,
    0x3, 0xfe, 0x20, 0xf, 0xfe, 0x13, 0x80, 0x7f,
    0xcc, 0x1, 0xff, 0xc1, 0x31, 0x0, 0xff, 0x88,
    0x3, 0xff, 0x83, 0x40, 0x1f, 0xfc, 0xe, 0x0,
    0xff, 0xe0, 0xb8, 0x7, 0xff, 0x0, 0x80, 0x3f,
    0xf8, 0x6, 0x20, 0x1f, 0xfc, 0x7, 0x0, 0xff,
    0xe0, 0x58, 0x7, 0xff, 0x4, 0x80, 0x3f, 0xf8,
    0x1d, 0x11, 0xf9, 0x80, 0x21, 0x0, 0xff, 0xe0,
    0xb3, 0xbf, 0xe9, 0xb0, 0x1, 0x0, 0x7f, 0xf2,
    0xd0, 0x0, 0xc0, 0x1f, 0xfc, 0xb5, 0x0, 0x10,
    0x7, 0xff, 0x2e, 0xc0, 0x1c, 0x1, 0xff, 0xca,
    0x81, 0x0, 0x28, 0x7, 0xff, 0x24, 0x5c, 0x2,
    0x20, 0xf, 0xfe, 0x4d, 0x80, 0x61, 0x0, 0xff,
    0xe4, 0x1a, 0x80, 0x64, 0x0, 0xff, 0xe4, 0x78,
    0x7, 0x5c, 0xbb, 0xff, 0x0, 0x7f, 0x31, 0x80,
    0x79, 0xa2, 0x3f, 0x48, 0x7, 0xf4, 0x0, 0x7f,
    0xf1, 0x14, 0x3, 0xf4, 0x8, 0x7, 0xff, 0x13,
    0x0, 0x3e, 0x27, 0x0, 0xff, 0xe2, 0xa0, 0x7,
    0xd2, 0x1, 0xff, 0xc6, 0x30, 0xf, 0x22, 0x0,
    0x3f, 0xf8, 0xa8, 0x1, 0xf4, 0x80, 0x7f, 0xf1,
    0x8c, 0x3, 0xce, 0x40, 0x1f, 0xfc, 0x6c, 0x0,
    0xe1, 0x80, 0xf, 0xfe, 0x3a, 0x0, 0x74, 0x0,
    0x7f, 0xf1, 0xcc, 0x3, 0x8d, 0x80, 0x3f, 0xf8,
    0xe8, 0x1, 0xde, 0x1, 0xff, 0xc8, 0xd0, 0xc,
    0xa6, 0x1, 0xff, 0xc8, 0x40, 0xd, 0x60, 0x1f,
    0xfc, 0x82, 0x10, 0xa, 0x4, 0x3, 0xff, 0x90,
    0xe0, 0x10, 0xb8, 0x7, 0xff, 0x24, 0xc0, 0x2b,
    0x0, 0xff, 0xe5, 0x32, 0x3, 0xa8, 0x7, 0xff,
    0x8,

    /* U+F0EA "" */
    0x0, 0xfe, 0x19, 0xef, 0xe9, 0x10, 0xf, 0xfe,
    0x79, 0x7b, 0x8, 0xb, 0x79, 0x0, 0x7f, 0xf1,
    0xda, 0x23, 0xdc, 0x20, 0x1c, 0x3d, 0x11, 0xe6,
    0x0, 0xff, 0xae, 0x5d, 0xfc, 0x60, 0x8, 0xd8,
    0x0, 0x1b, 0xbf, 0xa6, 0xc0, 0x3f, 0xc8, 0x1,
    0xfc, 0x8e, 0x4e, 0x80, 0x1f, 0xc8, 0x1, 0xff,
    0xeb, 0x47, 0x27, 0x40, 0xf, 0xfe, 0x9c, 0x6c,
    0x0, 0x7f, 0xff, 0xc0, 0x3f, 0xfa, 0x11, 0xdf,
    0xff, 0xf0, 0x7, 0xff, 0x27, 0x5c, 0x40, 0x3f,
    0xfa, 0x70, 0x40, 0x6f, 0x11, 0xfe, 0x0, 0x1b,
    0x0, 0x7f, 0xf1, 0x18, 0xf, 0x21, 0xdf, 0xfc,
    0x0, 0xb9, 0xb0, 0xf, 0xfe, 0x18, 0x82, 0x0,
    0x7f, 0xf1, 0x12, 0xc0, 0x3f, 0xf8, 0x9e, 0x1,
    0xff, 0xc5, 0x4b, 0x0, 0xff, 0xeb, 0x25, 0x80,
    0x7f, 0xf5, 0x92, 0xc0, 0x3f, 0xfa, 0xc9, 0x40,
    0x1f, 0xfd, 0x65, 0x0, 0xff, 0xe7, 0xc7, 0xff,
    0xc0, 0x1f, 0xfc, 0xd4, 0x0, 0xff, 0xeb, 0x5c,
    0xc4, 0x7e, 0x0, 0xff, 0xe7, 0x33, 0xbf, 0xe0,
    0xf, 0xff, 0xf8, 0x7, 0xff, 0xfc, 0x3, 0xff,
    0xfe, 0x1, 0xff, 0xc8, 0x40, 0xf, 0xfe, 0xb5,
    0xcb, 0xbf, 0xe0, 0xf, 0xfe, 0x73, 0x44, 0x7e,
    0x0, 0xff, 0xff, 0x80, 0x7f, 0xff, 0xc0, 0x3f,
    0xf9, 0xfc, 0x1, 0xff, 0xc9, 0x10, 0xf, 0xfe,
    0x3, 0x20, 0x7, 0xff, 0x1c, 0x6c,

    /* U+F0F3 "" */
    0x0, 0xff, 0xe1, 0x8d, 0xfd, 0x88, 0x7, 0xff,
    0x4a, 0x90, 0x12, 0x80, 0x3f, 0xfa, 0x48, 0x1,
    0x20, 0x7, 0xff, 0xc8, 0x5e, 0xc0, 0x3a, 0xdc,
    0x40, 0x3f, 0xf9, 0x43, 0x3d, 0x8, 0x1, 0xc9,
    0x1d, 0x42, 0x1, 0xff, 0xc7, 0x4f, 0x60, 0xf,
    0xf9, 0x7d, 0x0, 0x3f, 0xf8, 0xab, 0x62, 0x1,
    0xff, 0xc1, 0x1b, 0x50, 0xf, 0xfe, 0x1a, 0x50,
    0x7, 0xff, 0x16, 0x90, 0x3, 0xff, 0x82, 0x34,
    0x1, 0xff, 0xc7, 0xa0, 0xf, 0xfe, 0xc, 0x8,
    0x7, 0xff, 0x1c, 0x60, 0x3, 0xfe, 0x16, 0x0,
    0xff, 0xe4, 0xb8, 0x80, 0x7f, 0x9c, 0x3, 0xff,
    0x96, 0xe0, 0x1f, 0xec, 0x0, 0xff, 0xe5, 0xe0,
    0x7, 0xf9, 0xc0, 0x3f, 0xf9, 0x6e, 0x1, 0xfe,
    0x20, 0xf, 0xfe, 0x59, 0x0, 0x7f, 0xf8, 0x4,
    0x3, 0xff, 0x9a, 0x20, 0x1f, 0x8c, 0x3, 0xff,
    0x9a, 0x60, 0x1f, 0x84, 0x3, 0xff, 0x9a, 0x20,
    0x1f, 0x94, 0x3, 0xff, 0x9a, 0xa0, 0x1f, 0xbc,
    0x3, 0xff, 0x9b, 0xe0, 0x1f, 0x90, 0x3, 0xff,
    0x9a, 0x80, 0x1f, 0x11, 0x0, 0x3f, 0xf9, 0xa4,
    0x40, 0xf, 0x50, 0x7, 0xff, 0x3e, 0x80, 0x38,
    0x5c, 0x3, 0xff, 0x9e, 0xc2, 0x1, 0xa8, 0x3,
    0xff, 0xa0, 0x34, 0x1, 0x4a, 0x0, 0x7f, 0xf4,
    0x52, 0x41, 0x98, 0x1, 0xff, 0xd3, 0x66, 0x40,
    0x7, 0xff, 0x56, 0x0, 0x3f, 0xfa, 0xf2, 0x1,
    0xff, 0xd5, 0x97, 0xb8, 0x77, 0xff, 0xe8, 0xc5,
    0xb8, 0x23, 0xc4, 0x7f, 0xf4, 0x5d, 0x0, 0x3f,
    0xfc, 0x8f, 0xff, 0xfc, 0xe0, 0x1f, 0xfc, 0xc3,
    0x0, 0xfe, 0x30, 0xf, 0xfe, 0x62, 0x10, 0x7,
    0xc6, 0x80, 0x1f, 0xfc, 0xdf, 0x10, 0xe, 0x1e,
    0x0, 0xff, 0xe7, 0x17, 0xb0, 0x80, 0xb7, 0x90,
    0x7, 0xff, 0x4,

    /* U+F11C "" */
    0x3, 0xcf, 0xff, 0xfe, 0xde, 0x18, 0x1e, 0x18,
    0x7, 0xff, 0x6c, 0xf0, 0xfc, 0x3, 0xff, 0xbf,
    0xe6, 0x1, 0xff, 0xdf, 0x30, 0xf, 0xff, 0x36,
    0x7f, 0xd8, 0x0, 0x4f, 0xfc, 0x80, 0xc, 0xff,
    0xb0, 0x0, 0x9f, 0xf9, 0x0, 0x19, 0xff, 0x60,
    0x7, 0xf8, 0xc0, 0x23, 0x0, 0x18, 0x6, 0x30,
    0x1, 0x80, 0x46, 0x0, 0x30, 0xc, 0x60, 0x3,
    0x0, 0x8c, 0x3, 0xff, 0xfe, 0x1, 0xff, 0xcd,
    0x30, 0x8, 0xc0, 0x6, 0x1, 0x8c, 0x0, 0x60,
    0x11, 0x80, 0xc, 0x3, 0x18, 0x0, 0xc0, 0x23,
    0x0, 0xff, 0x67, 0xfd, 0x80, 0x4, 0xff, 0xc8,
    0x0, 0xcf, 0xfb, 0x0, 0x9, 0xff, 0x90, 0x1,
    0x9f, 0xf6, 0x0, 0x7f, 0xfb, 0xd9, 0xde, 0x40,
    0x1, 0x3b, 0xca, 0x0, 0x17, 0x7c, 0x80, 0x2,
    0x77, 0x98, 0x3, 0xff, 0x8a, 0x73, 0x11, 0x50,
    0x2, 0xa2, 0x2a, 0x0, 0x3c, 0x46, 0xa0, 0x5,
    0x44, 0x52, 0x60, 0x1f, 0xfc, 0xc1, 0x0, 0xc2,
    0x1, 0xfc, 0x20, 0x1f, 0xff, 0xe1, 0x0, 0xc2,
    0x1, 0xfc, 0x20, 0x1f, 0xfc, 0x93, 0x98, 0x8a,
    0x80, 0x15, 0x11, 0x50, 0x1, 0xe2, 0x35, 0x0,
    0x2a, 0x22, 0x93, 0x0, 0xff, 0xe2, 0xb3, 0xbc,
    0x80, 0x2, 0x77, 0x94, 0x0, 0x2e, 0xf9, 0x0,
    0x4, 0xef, 0x30, 0x7, 0xff, 0xbf, 0x3f, 0xec,
    0x0, 0x27, 0xff, 0xff, 0x1d, 0x0, 0x19, 0xff,
    0x60, 0x7, 0xf8, 0xc0, 0x23, 0x0, 0x18, 0x7,
    0xff, 0x1c, 0xc0, 0x6, 0x1, 0x18, 0x7, 0xff,
    0xfc, 0x3, 0xff, 0x9a, 0x60, 0x11, 0x80, 0xc,
    0x3, 0xff, 0x8e, 0x60, 0x3, 0x0, 0x8c, 0x3,
    0xfd, 0x9f, 0xf6, 0x0, 0x13, 0xff, 0xff, 0x8e,
    0x80, 0xc, 0xff, 0xb0, 0x3, 0xff, 0xcc, 0x60,
    0x1f, 0xfd, 0xf3, 0xf0, 0xf, 0xfe, 0xff, 0x9e,
    0x18, 0x7, 0xff, 0x6c, 0xf0, 0xc0,

    /* U+F124 "" */
    0x0, 0xff, 0xff, 0x80, 0xc7, 0x7d, 0x8, 0x7,
    0xff, 0x58, 0xeb, 0x9c, 0x41, 0x7c, 0x40, 0x3f,
    0xfa, 0x69, 0x78, 0xa0, 0x1c, 0x36, 0x1, 0xff,
    0xd1, 0x5c, 0xb4, 0x0, 0xfc, 0xa0, 0x1f, 0xfc,
    0xf6, 0xea, 0x30, 0xf, 0xf0, 0x80, 0x7f, 0xf3,
    0x6, 0x3a, 0x44, 0x3, 0xff, 0x80, 0xc0, 0x1f,
    0xfc, 0xa2, 0x9e, 0x71, 0x0, 0xff, 0xe1, 0x48,
    0x7, 0xff, 0x20, 0xeb, 0x58, 0x3, 0xff, 0x88,
    0xa2, 0x1, 0xff, 0xc6, 0x4c, 0xc2, 0x80, 0x7f,
    0xf1, 0xa4, 0x3, 0xff, 0x8a, 0xdb, 0x66, 0x1,
    0xff, 0xc7, 0x43, 0x0, 0xff, 0xe1, 0xbf, 0x49,
    0x0, 0x7f, 0xf2, 0x7c, 0x3, 0xff, 0x82, 0x31,
    0xf0, 0x20, 0x1f, 0xfc, 0xa3, 0x40, 0xf, 0xf8,
    0xab, 0x9c, 0x3, 0xff, 0x9b, 0x20, 0x1f, 0xe3,
    0xbd, 0x50, 0xf, 0xfe, 0x70, 0xa8, 0x7, 0xe5,
    0xcc, 0x20, 0x7, 0xff, 0x42, 0x0, 0x3e, 0x4d,
    0xa3, 0x0, 0xff, 0xe8, 0x8b, 0x0, 0x79, 0x2c,
    0x80, 0x3f, 0xfa, 0x6c, 0x1, 0xf4, 0x0, 0x7f,
    0xf5, 0x64, 0x3, 0xe3, 0x0, 0xff, 0xea, 0x30,
    0x80, 0x7c, 0x20, 0x1f, 0xfd, 0x4b, 0x0, 0xfc,
    0xe0, 0x1f, 0xfd, 0x35, 0x20, 0xf, 0xd2, 0x60,
    0x1f, 0xfd, 0x29, 0x0, 0xff, 0x65, 0xc3, 0xbf,
    0xff, 0x4, 0xc0, 0x3f, 0xf8, 0x26, 0x60, 0xf,
    0xf9, 0x1e, 0x23, 0xff, 0x82, 0x80, 0x1f, 0xfc,
    0x18, 0x0, 0xff, 0xee, 0x12, 0x0, 0x7f, 0xf7,
    0x2c, 0x3, 0xff, 0xb8, 0x2c, 0x1, 0xff, 0xdc,
    0x90, 0xf, 0xfe, 0xeb, 0x80, 0x7f, 0xf7, 0x1c,
    0x3, 0xff, 0xbb, 0x20, 0x1f, 0xfd, 0xc5, 0x10,
    0xf, 0xfe, 0xe4, 0x0, 0x7f, 0xf7, 0x10, 0x80,
    0x3f, 0xfb, 0x90, 0x1, 0xff, 0xdc, 0x33, 0x0,
    0x7f, 0xf5, 0x3c, 0x3, 0xe9, 0x0, 0xff, 0xea,
    0xa0, 0x7, 0x89, 0x40, 0x3f, 0xfa, 0xa6, 0xa0,
    0x1d, 0xc0, 0x1f, 0xfd, 0x7a, 0x71, 0x4, 0xc3,
    0x0, 0xff, 0xec, 0x47, 0x7d, 0x98, 0x7, 0xff,
    0x14,

    /* U+F15B "" */
    0x5e, 0xff, 0xff, 0xe1, 0xc0, 0x3, 0xe8, 0x3,
    0xf5, 0x88, 0x7, 0xff, 0x1d, 0x6c, 0x3, 0xe1,
    0x0, 0xff, 0xe4, 0xa5, 0x80, 0x7f, 0xf4, 0x52,
    0xc0, 0x3f, 0xfa, 0x29, 0x60, 0x1f, 0xfd, 0x14,
    0xb0, 0xf, 0xfe, 0x8a, 0x58, 0x7, 0xff, 0x45,
    0x2c, 0x3, 0xff, 0xa2, 0x94, 0x1, 0xff, 0xd1,
    0x50, 0xf, 0xfe, 0x47, 0xff, 0xf8, 0x3, 0xff,
    0x8a, 0x80, 0x1f, 0xfd, 0x13, 0xc8, 0x8f, 0xf8,
    0x3, 0xff, 0x8c, 0x6e, 0xff, 0xf0, 0x7, 0xff,
    0xfc, 0x3, 0xff, 0xfe, 0x1, 0xff, 0xff, 0x0,
    0xff, 0xff, 0x80, 0x7f, 0xff, 0xc0, 0x3f, 0xff,
    0xe0, 0x1f, 0xff, 0xf0, 0xf, 0xff, 0xf8, 0x7,
    0xff, 0xfc, 0x3, 0xff, 0xc2, 0x20, 0x1f, 0xfd,
    0x1, 0xb1, 0x0, 0xff, 0xe7, 0xd, 0x80,

    /* U+F1EB "" */
    0x0, 0xff, 0xfc, 0x8a, 0x2b, 0xc4, 0x67, 0x54,
    0x10, 0xf, 0xfe, 0xb2, 0x45, 0xff, 0x5d, 0x43,
    0xbe, 0x8a, 0xbe, 0xfb, 0x84, 0x0, 0xff, 0xe7,
    0xad, 0x7d, 0xba, 0x0, 0x7f, 0xf0, 0x91, 0xef,
    0xe9, 0x40, 0x3f, 0xf9, 0x23, 0x1d, 0x4a, 0x1,
    0xff, 0xca, 0x5a, 0xe8, 0x10, 0xf, 0xfe, 0x20,
    0xcf, 0x38, 0x80, 0x7f, 0xf3, 0x85, 0xfa, 0x44,
    0x3, 0xff, 0x82, 0xfc, 0xc0, 0x1f, 0xfd, 0x46,
    0xe7, 0x0, 0xff, 0x1e, 0xc0, 0x7, 0xff, 0xc,
    0x88, 0x66, 0x22, 0x0, 0x7f, 0xf0, 0xe3, 0x4c,
    0x3, 0xe7, 0xc2, 0x0, 0xff, 0xa, 0xc6, 0x77,
    0xee, 0xb3, 0x1b, 0xaf, 0xec, 0x85, 0x10, 0xf,
    0xf1, 0x63, 0x80, 0x75, 0xc0, 0x7, 0xf0, 0xb6,
    0x75, 0x39, 0x88, 0x7, 0xe1, 0x37, 0xae, 0xb6,
    0x10, 0xf, 0xe8, 0xb0, 0x0, 0xe2, 0x0, 0x7e,
    0x29, 0xe9, 0x30, 0xf, 0xfe, 0x32, 0x4f, 0x49,
    0x0, 0x7e, 0x4c, 0x1c, 0x30, 0xf, 0x86, 0x35,
    0x80, 0x3f, 0xf9, 0x8d, 0xb0, 0x20, 0x1f, 0x1e,
    0x0, 0x7e, 0x5f, 0x70, 0xf, 0xfe, 0x83, 0xfa,
    0x80, 0x7e, 0xf1, 0x0, 0xea, 0xa0, 0x80, 0x7f,
    0xf4, 0x86, 0xa8, 0x1, 0xc3, 0xe5, 0x82, 0x0,
    0x2d, 0x50, 0xf, 0xf1, 0x34, 0xde, 0xf7, 0xfb,
    0xb6, 0xe5, 0x88, 0x3, 0xfc, 0xba, 0x40, 0x1,
    0xc2, 0x2, 0xc2, 0x4c, 0x20, 0xf, 0xc2, 0xfb,
    0xa9, 0x64, 0x21, 0x0, 0x9, 0x23, 0x4e, 0xe9,
    0xc4, 0x3, 0xf1, 0x62, 0x16, 0x10, 0x4, 0x5b,
    0x62, 0x1, 0xf1, 0x57, 0x41, 0x0, 0x7f, 0xf0,
    0x8a, 0x3a, 0x88, 0x3, 0xe1, 0xbd, 0x20, 0xf,
    0xfe, 0x14, 0x6a, 0x80, 0x7f, 0xf2, 0x17, 0x60,
    0x3, 0xff, 0x94, 0x7a, 0xe0, 0x1f, 0xfc, 0xc7,
    0xd2, 0x0, 0xff, 0xe3, 0xae, 0x10, 0x7, 0xff,
    0x38, 0xb5, 0x40, 0x3f, 0xf8, 0xa5, 0x40, 0x1f,
    0xe3, 0x69, 0xab, 0xb5, 0x4b, 0x18, 0x7, 0xfa,
    0x88, 0x3, 0xff, 0x88, 0x60, 0x1f, 0x8a, 0x3b,
    0x25, 0x95, 0x10, 0xad, 0x39, 0xd0, 0x40, 0x1f,
    0x8c, 0x3, 0xff, 0x88, 0x38, 0x1, 0xc3, 0x3a,
    0xe2, 0x1, 0xfe, 0x17, 0xd9, 0x10, 0xe, 0xc1,
    0x0, 0xff, 0xe2, 0x9e, 0x0, 0x49, 0xec, 0x1,
    0xff, 0xc4, 0x6f, 0x40, 0xb, 0xc, 0x3, 0xff,
    0x8e, 0x78, 0x71, 0x62, 0x1, 0xff, 0xc6, 0x1b,
    0x83, 0xc3, 0x0, 0xff, 0xe4, 0x9e, 0x38, 0x7,
    0xff, 0x29, 0xf0, 0xc0, 0x3f, 0xfa, 0xc2, 0x66,
    0x10, 0xf, 0xff, 0xc, 0xf6, 0x63, 0xa4, 0x3,
    0xff, 0xbf, 0x8c, 0x1, 0x9b, 0x0, 0x3f, 0xfb,
    0xae, 0x60, 0x1e, 0x37, 0x0, 0xff, 0xee, 0x50,
    0x7, 0xea, 0x0, 0xff, 0xee, 0x10, 0x7, 0xe2,
    0x0, 0xff, 0xee, 0x8, 0x7, 0xe1, 0x0, 0xff,
    0xee, 0x20, 0x7, 0xe4, 0x0, 0xff, 0xee, 0x48,
    0x7, 0xe8, 0x0, 0xff, 0xee, 0x1d, 0x0, 0x7a,
    0xc8, 0x3, 0xff, 0xba, 0xbd, 0xa, 0xa8, 0xe4,
    0x0, 0xff, 0xe4, 0x80,

    /* U+F240 "" */
    0x0, 0xa, 0x27, 0xff, 0x74, 0x80, 0x3d, 0x1d,
    0x77, 0xff, 0xdd, 0xdd, 0x10, 0x4, 0xce, 0x1,
    0xff, 0xdf, 0x2c, 0x0, 0xac, 0x3, 0xff, 0xc2,
    0x2a, 0x0, 0x20, 0xf, 0xff, 0x11, 0x0, 0x7c,
    0x89, 0xff, 0xd9, 0x20, 0xd, 0xa6, 0x1, 0xeb,
    0xbf, 0xfe, 0xca, 0x80, 0x65, 0xc9, 0x0, 0xff,
    0xf2, 0xb0, 0x7, 0xd1, 0xff, 0xff, 0xd4, 0x0,
    0xff, 0xff, 0x80, 0x7f, 0xf3, 0xf5, 0x10, 0x1,
    0xff, 0xe3, 0x5b, 0xb0, 0x7, 0xff, 0xfc, 0x3,
    0xff, 0xfe, 0x1, 0xff, 0xe3, 0x24, 0x40, 0x7,
    0xff, 0x8e, 0xae, 0xc0, 0x1f, 0xff, 0x28, 0xff,
    0xff, 0xea, 0x0, 0x7f, 0xfb, 0xc8, 0x3, 0x91,
    0x3f, 0xfb, 0x24, 0x1, 0x89, 0x7c, 0x3, 0xae,
    0xff, 0xfb, 0x2a, 0x1, 0xaa, 0x84, 0x1, 0xff,
    0xe6, 0x50, 0xf, 0xff, 0x12, 0x80, 0x2c, 0x40,
    0x3f, 0xfc, 0x10, 0x40, 0x1, 0xf8, 0x44, 0xff,
    0xee, 0xad, 0xb8, 0x4,

    /* U+F241 "" */
    0x0, 0xa, 0x27, 0xff, 0x74, 0x80, 0x3d, 0x1d,
    0x77, 0xff, 0xdd, 0xdd, 0x10, 0x4, 0xce, 0x1,
    0xff, 0xdf, 0x2c, 0x0, 0xac, 0x3, 0xff, 0xc2,
    0x2a, 0x0, 0x20, 0xf, 0xff, 0x11, 0x0, 0x7c,
    0x89, 0xff, 0xd9, 0x20, 0xd, 0xa6, 0x1, 0xeb,
    0xbf, 0xfe, 0xca, 0x80, 0x65, 0xc9, 0x0, 0xff,
    0xf2, 0xb0, 0x7, 0xd7, 0xff, 0xff, 0xcc, 0x40,
    0xf, 0xff, 0xf8, 0x7, 0xff, 0x5b, 0x51, 0x0,
    0x1f, 0xfe, 0x35, 0xbb, 0x0, 0x7f, 0xff, 0xc0,
    0x3f, 0xff, 0xe0, 0x1f, 0xfe, 0x32, 0x44, 0x0,
    0x7f, 0xf8, 0xea, 0xec, 0x1, 0xff, 0xf2, 0xbf,
    0xff, 0xfe, 0x62, 0x0, 0x7f, 0xfd, 0x88, 0x3,
    0x91, 0x3f, 0xfb, 0x24, 0x1, 0x89, 0x7c, 0x3,
    0xae, 0xff, 0xfb, 0x2a, 0x1, 0xaa, 0x84, 0x1,
    0xff, 0xe6, 0x50, 0xf, 0xff, 0x12, 0x80, 0x2c,
    0x40, 0x3f, 0xfc, 0x10, 0x40, 0x1, 0xf8, 0x44,
    0xff, 0xee, 0xad, 0xb8, 0x4,

    /* U+F242 "" */
    0x0, 0xa, 0x27, 0xff, 0x74, 0x80, 0x3d, 0x1d,
    0x77, 0xff, 0xdd, 0xdd, 0x10, 0x4, 0xce, 0x1,
    0xff, 0xdf, 0x2c, 0x0, 0xac, 0x3, 0xff, 0xc2,
    0x2a, 0x0, 0x20, 0xf, 0xff, 0x11, 0x0, 0x7c,
    0x89, 0xff, 0xd9, 0x20, 0xd, 0xa6, 0x1, 0xeb,
    0xbf, 0xfe, 0xca, 0x80, 0x65, 0xc9, 0x0, 0xff,
    0xf2, 0xb0, 0x7, 0xd1, 0xff, 0xff, 0xc5, 0x0,
    0xff, 0xff, 0x80, 0x7f, 0xf7, 0xb5, 0x10, 0x1,
    0xff, 0xe3, 0x5b, 0xb0, 0x7, 0xff, 0xfc, 0x3,
    0xff, 0xfe, 0x1, 0xff, 0xe3, 0x24, 0x40, 0x7,
    0xff, 0x8e, 0xae, 0xc0, 0x1f, 0xff, 0x28, 0xff,
    0xff, 0xe2, 0x80, 0x7f, 0xff, 0x88, 0x3, 0x91,
    0x3f, 0xfb, 0x24, 0x1, 0x89, 0x7c, 0x3, 0xae,
    0xff, 0xfb, 0x2a, 0x1, 0xaa, 0x84, 0x1, 0xff,
    0xe6, 0x50, 0xf, 0xff, 0x12, 0x80, 0x2c, 0x40,
    0x3f, 0xfc, 0x10, 0x40, 0x1, 0xf8, 0x44, 0xff,
    0xee, 0xad, 0xb8, 0x4,

    /* U+F243 "" */
    0x0, 0xa, 0x27, 0xff, 0x74, 0x80, 0x3d, 0x1d,
    0x77, 0xff, 0xdd, 0xdd, 0x10, 0x4, 0xce, 0x1,
    0xff, 0xdf, 0x2c, 0x0, 0xac, 0x3, 0xff, 0xc2,
    0x2a, 0x0, 0x20, 0xf, 0xff, 0x11, 0x0, 0x7c,
    0x89, 0xff, 0xd9, 0x20, 0xd, 0xa6, 0x1, 0xeb,
    0xbf, 0xfe, 0xca, 0x80, 0x65, 0xc9, 0x0, 0xff,
    0xf2, 0xb0, 0x7, 0xd7, 0xff, 0xfc, 0x80, 0x1f,
    0xff, 0xf0, 0xf, 0xff, 0x2e, 0xa2, 0x0, 0x3f,
    0xfc, 0x6b, 0x76, 0x0, 0xff, 0xff, 0x80, 0x7f,
    0xff, 0xc0, 0x3f, 0xfc, 0x64, 0x88, 0x0, 0xff,
    0xf1, 0xd5, 0xd8, 0x3, 0xff, 0xe5, 0x7f, 0xff,
    0xc8, 0x1, 0xff, 0xff, 0x0, 0xf1, 0x0, 0x72,
    0x27, 0xff, 0x64, 0x80, 0x31, 0x2f, 0x80, 0x75,
    0xdf, 0xff, 0x65, 0x40, 0x35, 0x50, 0x80, 0x3f,
    0xfc, 0xca, 0x1, 0xff, 0xe2, 0x50, 0x5, 0x88,
    0x7, 0xff, 0x82, 0x8, 0x0, 0x3f, 0x8, 0x9f,
    0xfd, 0xd5, 0xb7, 0x0, 0x80,

    /* U+F244 "" */
    0x0, 0xa, 0x27, 0xff, 0x74, 0x80, 0x3d, 0x1d,
    0x77, 0xff, 0xdd, 0xdd, 0x10, 0x4, 0xce, 0x1,
    0xff, 0xdf, 0x2c, 0x0, 0xac, 0x3, 0xff, 0xc2,
    0x2a, 0x0, 0x20, 0xf, 0xff, 0x11, 0x0, 0x7c,
    0x89, 0xff, 0xd9, 0x20, 0xd, 0xa6, 0x1, 0xeb,
    0xbf, 0xfe, 0xca, 0x80, 0x65, 0xc9, 0x0, 0xff,
    0xf2, 0xb0, 0x7, 0xff, 0xfc, 0x3, 0xff, 0xef,
    0xa8, 0x80, 0xf, 0xff, 0x1a, 0xdd, 0x80, 0x3f,
    0xff, 0xe0, 0x1f, 0xff, 0xf0, 0xf, 0xff, 0x19,
    0x22, 0x0, 0x3f, 0xfc, 0x75, 0x76, 0x0, 0xff,
    0xff, 0x80, 0x7f, 0xff, 0xc0, 0x31, 0x0, 0x72,
    0x27, 0xff, 0x64, 0x80, 0x31, 0x2f, 0x80, 0x75,
    0xdf, 0xff, 0x65, 0x40, 0x35, 0x50, 0x80, 0x3f,
    0xfc, 0xca, 0x1, 0xff, 0xe2, 0x50, 0x5, 0x88,
    0x7, 0xff, 0x82, 0x8, 0x0, 0x3f, 0x8, 0x9f,
    0xfd, 0xd5, 0xb7, 0x0, 0x80,

    /* U+F287 "" */
    0x0, 0xff, 0xe8, 0x1a, 0x8, 0x7, 0xff, 0x88,
    0xf7, 0x2f, 0xa0, 0x3, 0xff, 0xc0, 0x58, 0x40,
    0x13, 0xc8, 0x7, 0xff, 0x6c, 0xde, 0x21, 0xc0,
    0x1e, 0x62, 0x0, 0xff, 0xec, 0xde, 0x43, 0xb8,
    0xc0, 0x3e, 0x40, 0xf, 0xfe, 0xc6, 0x20, 0x7,
    0xff, 0x0, 0xc0, 0x3f, 0xfa, 0xee, 0x60, 0x33,
    0x54, 0x50, 0xf, 0x90, 0x3, 0xff, 0xac, 0x32,
    0x0, 0xd6, 0x55, 0x59, 0x0, 0x74, 0x8, 0x7,
    0xff, 0x59, 0x84, 0x18, 0xc0, 0x21, 0xc6, 0x10,
    0x2a, 0x70, 0xf, 0xfe, 0xbc, 0x80, 0x20, 0x3,
    0x86, 0x7b, 0xf5, 0x40, 0x3f, 0xf9, 0x66, 0x86,
    0x1, 0xfc, 0xc2, 0xc, 0x20, 0x1f, 0xfd, 0x45,
    0xec, 0xbc, 0xe7, 0x0, 0xfa, 0xc0, 0x16, 0x1,
    0xff, 0xc9, 0x19, 0x20, 0xf, 0xcf, 0x42, 0x1,
    0xc, 0x50, 0x7, 0x29, 0x2, 0x10, 0x7, 0xff,
    0x25, 0x5b, 0x60, 0x3, 0xc9, 0x0, 0x1f, 0x2b,
    0x0, 0x43, 0x60, 0x8, 0x0, 0xff, 0xe6, 0xbe,
    0xa0, 0x6, 0xf0, 0xf, 0xeb, 0x22, 0x1e, 0x88,
    0x18, 0x19, 0xff, 0xf2, 0x88, 0x2, 0x2b, 0xb1,
    0x0, 0x14, 0x3, 0xf8, 0xb7, 0x58, 0x60, 0x3,
    0xcc, 0xff, 0xe5, 0xc8, 0x7, 0x26, 0xb8, 0x8,
    0x7, 0xff, 0x92, 0x44, 0x80, 0x3f, 0xca, 0xbf,
    0x88, 0x2, 0x45, 0x5f, 0xfe, 0x2a, 0x0, 0x79,
    0xbc, 0x68, 0x3, 0xf9, 0xaa, 0xbf, 0x6a, 0x80,
    0xa, 0xab, 0xff, 0x8b, 0xe0, 0x18, 0xf2, 0x44,
    0x1c, 0x80, 0x3e, 0x18, 0x0, 0xfe, 0xa1, 0x6,
    0x20, 0xf, 0xfe, 0x38, 0xce, 0x18, 0x6, 0xc3,
    0x0, 0xe2, 0xc1, 0x0, 0xff, 0x40, 0x2, 0xc0,
    0x3f, 0xf8, 0x8e, 0xd, 0xec, 0x1, 0xe1, 0xca,
    0x54, 0x59, 0xd2, 0x0, 0xff, 0x98, 0x41, 0x84,
    0x3, 0xff, 0x86, 0x7f, 0x22, 0x1, 0xfc, 0xb5,
    0x74, 0xc0, 0x1f, 0xfc, 0x26, 0x0, 0x48, 0x7,
    0xff, 0x8e, 0x40, 0xe, 0x20, 0x12, 0x7f, 0xfd,
    0xc0, 0x1f, 0xfd, 0x61, 0x60, 0x5, 0x80, 0x44,
    0x1, 0xf0, 0x80, 0x7f, 0xf5, 0xe0, 0x41, 0x69,
    0xf, 0x80, 0x3f, 0xfb, 0xe3, 0xa0, 0x5, 0xbc,
    0x70, 0xf, 0xff, 0x1, 0xd8, 0x80, 0x7f, 0xf9,
    0x53, 0xaa, 0x1d, 0x0, 0x3f, 0xfc, 0x6a, 0xf1,
    0xa0, 0x1f, 0xfe, 0x63, 0x0, 0xff, 0xf3, 0x2d,
    0xd5, 0x7b, 0x0, 0x3f, 0xf8, 0x0,

    /* U+F293 "" */
    0x0, 0xff, 0x13, 0x56, 0x77, 0xfb, 0xb6, 0xe1,
    0x0, 0x3f, 0xf8, 0xad, 0xba, 0x95, 0x31, 0x0,
    0x9, 0x23, 0xdf, 0x40, 0x7, 0xff, 0x4, 0xb2,
    0x48, 0x3, 0xff, 0x80, 0x2f, 0xc6, 0x1, 0xfe,
    0x4d, 0x30, 0xf, 0x1b, 0x0, 0x7e, 0x1c, 0x40,
    0xf, 0xc7, 0x60, 0x1f, 0xd2, 0xc0, 0x1f, 0xd6,
    0x60, 0x1e, 0x1d, 0x0, 0xff, 0xa5, 0x40, 0x3f,
    0xb8, 0x3, 0xd0, 0x20, 0x1f, 0xfc, 0xa, 0x40,
    0xf, 0xc4, 0xe0, 0x18, 0x58, 0x3, 0xff, 0x85,
    0x66, 0x1, 0xfa, 0x40, 0x34, 0x80, 0x7f, 0xf1,
    0x30, 0xc0, 0x3e, 0x15, 0x0, 0x94, 0x3, 0xff,
    0x8b, 0xa4, 0x1, 0xf7, 0x80, 0x8, 0x80, 0x1f,
    0xfc, 0x21, 0x60, 0x1c, 0x20, 0xf, 0x20, 0x1,
    0x0, 0x3d, 0x32, 0x0, 0xfd, 0x2c, 0x3, 0x82,
    0x1, 0xc2, 0x41, 0x80, 0x1d, 0x2c, 0xc9, 0x0,
    0xfd, 0x2c, 0x3, 0x82, 0x1, 0xce, 0xc, 0x1,
    0xf9, 0xa4, 0x3, 0xf4, 0x88, 0x14, 0x80, 0x71,
    0x1, 0x80, 0x74, 0xb0, 0x1, 0xa4, 0x3, 0xec,
    0x10, 0x48, 0x0, 0xee, 0x0, 0xfd, 0x2c, 0x0,
    0x69, 0x0, 0xec, 0x30, 0x3b, 0x0, 0xf1, 0x10,
    0x3, 0xf4, 0xb0, 0x1, 0xbc, 0x0, 0x38, 0x60,
    0x5a, 0x1, 0xf3, 0x88, 0x7, 0xf4, 0xb0, 0x0,
    0xc0, 0x23, 0x1, 0xf1, 0x0, 0xf8, 0x40, 0x3f,
    0xe9, 0x50, 0xf, 0xb4, 0x80, 0x3f, 0x1b, 0x80,
    0x7f, 0xd4, 0xa0, 0x1d, 0x66, 0x1, 0xff, 0xcb,
    0x80, 0xc, 0x48, 0x1, 0xff, 0xcb, 0x2c, 0x0,
    0xc5, 0x60, 0x1f, 0xf3, 0x80, 0x7f, 0x8b, 0x4,
    0x3, 0x92, 0x80, 0x3f, 0x8c, 0x40, 0x3f, 0x8b,
    0x4, 0x3, 0xe5, 0x90, 0xf, 0xe3, 0x0, 0xfc,
    0x58, 0x20, 0x8, 0x0, 0xa4, 0x0, 0xd0, 0x1,
    0xf0, 0x88, 0x3, 0xe2, 0xc1, 0x0, 0x62, 0x0,
    0x5, 0xa4, 0x0, 0xee, 0x0, 0xf3, 0x1, 0x0,
    0x71, 0x60, 0x80, 0x30, 0xc0, 0x39, 0xa0, 0x1,
    0xc, 0x1, 0xc6, 0xc, 0x1, 0xde, 0x20, 0x38,
    0x60, 0x20, 0x1c, 0xa0, 0x16, 0x80, 0x77, 0x1,
    0x80, 0x77, 0x8, 0xb4, 0xc0, 0x3e, 0x2c, 0x0,
    0x25, 0x80, 0x71, 0x86, 0x0, 0x71, 0xee, 0x8c,
    0x3, 0xe2, 0xc1, 0x4, 0xb0, 0xf, 0x20, 0x20,
    0x7, 0x8c, 0xc0, 0x1f, 0xe, 0x8, 0x2d, 0x80,
    0x78, 0xc0, 0x25, 0x0, 0xff, 0xe1, 0x88, 0x2d,
    0x0, 0x7d, 0x60, 0x14, 0x80, 0x7f, 0xc6, 0x1,
    0x96, 0x80, 0x3f, 0x30, 0x4, 0x66, 0x0, 0xff,
    0xe1, 0x2d, 0x0, 0x7e, 0x51, 0x0, 0xdc, 0x1,
    0xff, 0xc1, 0x5a, 0x0, 0xfe, 0x80, 0xe, 0x2a,
    0x0, 0xff, 0x96, 0x80, 0x3f, 0xa0, 0x80, 0x3c,
    0xb2, 0x1, 0xfc, 0xd4, 0x1, 0xfc, 0xae, 0x1,
    0xf9, 0xb0, 0x80, 0x3c, 0x32, 0x1, 0xfc, 0xd4,
    0x1, 0xfe, 0x3d, 0x81, 0x0, 0xff, 0xe0, 0xa6,
    0x48, 0x7, 0xff, 0x5, 0xfb, 0x21, 0x48, 0x40,
    0x21, 0x35, 0x9e, 0xb3, 0x0, 0xf0,

    /* U+F2ED "" */
    0x0, 0xff, 0x8a, 0xb3, 0x3f, 0xa8, 0x80, 0x3f,
    0xf9, 0x5c, 0xa6, 0x7f, 0xcb, 0xc0, 0x1f, 0xf0,
    0xa2, 0x7f, 0x31, 0x80, 0x7f, 0xc6, 0xc8, 0x9f,
    0xc3, 0x97, 0x7f, 0xd2, 0x1, 0xff, 0xc1, 0x9b,
    0xbf, 0xec, 0x20, 0xf, 0xfe, 0xa9, 0x0, 0x7f,
    0xfe, 0xa5, 0x13, 0xff, 0xab, 0x2d, 0x77, 0xff,
    0xd5, 0x60, 0xf, 0xfe, 0xcc, 0x7f, 0xff, 0xf4,
    0x60, 0x3, 0xff, 0xfe, 0x1, 0xff, 0xff, 0x1d,
    0xd0, 0x80, 0x66, 0xf6, 0x0, 0xc3, 0xba, 0x10,
    0xf, 0xfe, 0x21, 0x16, 0x0, 0xda, 0x1a, 0x1,
    0x88, 0xb0, 0x7, 0xff, 0xfc, 0x3, 0xff, 0xfe,
    0x1, 0xff, 0xff, 0x0, 0xff, 0xff, 0x80, 0x7f,
    0xff, 0xc0, 0x3f, 0xff, 0xe0, 0x1f, 0xff, 0xf0,
    0xf, 0xff, 0xf8, 0x7, 0xfc, 0x45, 0x80, 0x36,
    0x6, 0x80, 0x62, 0x2c, 0x1, 0xff, 0xc4, 0x1d,
    0xd0, 0x80, 0x67, 0xf6, 0x0, 0xc3, 0xba, 0x10,
    0xf, 0xf7, 0x80, 0x7f, 0xf4, 0x7c, 0x3, 0x18,
    0x7, 0xff, 0x44, 0xc0, 0x32, 0x20, 0x3, 0xff,
    0x9e, 0x88, 0x0, 0xeb, 0x71, 0x0, 0xff, 0xe5,
    0x8b, 0xd8, 0x4,

    /* U+F304 "" */
    0x0, 0xff, 0xe9, 0x2e, 0xfe, 0xb8, 0x7, 0xff,
    0x5d, 0xe8, 0x80, 0xa2, 0x40, 0x3f, 0xfa, 0xaf,
    0x0, 0x1c, 0xd2, 0x1, 0xff, 0xd3, 0x78, 0x0,
    0xf9, 0xa4, 0x3, 0xff, 0xa2, 0xf0, 0x1, 0xfc,
    0xd2, 0x1, 0xff, 0xcf, 0x48, 0x0, 0xff, 0x9a,
    0x40, 0x3f, 0xf9, 0xc8, 0xc0, 0x1f, 0xfc, 0x6,
    0x70, 0xf, 0xfe, 0x5b, 0x8, 0x4b, 0x0, 0x7f,
    0xf0, 0x28, 0x3, 0xff, 0x94, 0xf3, 0x82, 0x12,
    0xc0, 0x1f, 0xf1, 0x0, 0x7f, 0xf2, 0x5e, 0x0,
    0xb0, 0x42, 0x58, 0x3, 0xfc, 0x40, 0x1f, 0xfc,
    0x87, 0x80, 0x8, 0xb0, 0x42, 0x58, 0x3, 0xfa,
    0x0, 0x3f, 0xf8, 0xef, 0x0, 0x1c, 0x58, 0x21,
    0x2c, 0x1, 0xf4, 0x28, 0x7, 0xff, 0x19, 0xe0,
    0x3, 0xe2, 0xc1, 0x9, 0x60, 0xe, 0x87, 0x0,
    0xff, 0xe3, 0x3c, 0x0, 0x7f, 0x16, 0x8, 0x4b,
    0x0, 0x50, 0xe0, 0x1f, 0xfc, 0x67, 0x80, 0xf,
    0xf8, 0xb0, 0x42, 0x58, 0x21, 0xc0, 0x3f, 0xf8,
    0xcf, 0x0, 0x1f, 0xfc, 0x12, 0xc1, 0x9, 0xb7,
    0x0, 0xff, 0xe3, 0x3c, 0x0, 0x7f, 0xf0, 0xcb,
    0x4, 0x10, 0x3, 0xff, 0x8c, 0xf0, 0x1, 0xff,
    0xc5, 0x27, 0x0, 0xff, 0xe3, 0xbc, 0x0, 0x7f,
    0xf1, 0xa1, 0x80, 0x3f, 0xf8, 0xcf, 0x0, 0x1f,
    0xfc, 0x68, 0x70, 0xf, 0xfe, 0x33, 0xc0, 0x7,
    0xff, 0x1a, 0x1c, 0x3, 0xff, 0x8c, 0xf0, 0x1,
    0xff, 0xc6, 0x87, 0x0, 0xff, 0xe3, 0x3c, 0x0,
    0x7f, 0xf1, 0xa1, 0xc0, 0x3f, 0xf8, 0xcf, 0x0,
    0x1f, 0xfc, 0x68, 0x70, 0xf, 0xfe, 0x33, 0xc0,
    0x7, 0xff, 0x1a, 0x1c, 0x3, 0xff, 0x8c, 0xf0,
    0x1, 0xff, 0xc6, 0x87, 0x0, 0xff, 0xe3, 0x3c,
    0x0, 0x7f, 0xf1, 0xa1, 0xc0, 0x3f, 0xf8, 0xcf,
    0x0, 0x1f, 0xfc, 0x68, 0x70, 0xf, 0xfe, 0x33,
    0xc0, 0x7, 0xff, 0x1a, 0x1c, 0x3, 0xff, 0x8f,
    0x0, 0x1f, 0xfc, 0x68, 0x70, 0xf, 0xfe, 0x39,
    0x0, 0x7f, 0xf1, 0xa1, 0xc0, 0x3f, 0xf9, 0xc,
    0x1, 0xff, 0xc5, 0x87, 0x0, 0xff, 0xe4, 0x90,
    0x7, 0xff, 0x12, 0x1c, 0x3, 0xff, 0x95, 0xc0,
    0x1f, 0xfc, 0x38, 0x70, 0xf, 0xfe, 0x58, 0x80,
    0x7f, 0xf0, 0xa1, 0xc0, 0x3f, 0xf9, 0x84, 0x1,
    0xff, 0xc1, 0x87, 0x0, 0xff, 0xe6, 0xb0, 0x7,
    0xff, 0x2, 0x1c, 0x3, 0xff, 0x9c, 0x40, 0x1f,
    0xf4, 0x38, 0x7, 0xff, 0x3c, 0x40, 0x3f, 0xd0,
    0xe0, 0x1f, 0xfd, 0xb, 0x10, 0x24, 0x67, 0x9b,
    0xdf, 0x70, 0xf, 0xfe, 0x8a, 0xf7, 0xed, 0xcc,
    0x32, 0x10, 0x7, 0xff, 0x48,

    /* U+F55A "" */
    0x0, 0xff, 0xe0, 0xa5, 0xff, 0xff, 0xf4, 0xf1,
    0x40, 0x3f, 0xf8, 0x4f, 0x68, 0x1, 0xff, 0xd3,
    0x3a, 0x80, 0xf, 0xfe, 0x4, 0x40, 0x3, 0xff,
    0xae, 0xea, 0x1, 0xfe, 0x87, 0x0, 0xff, 0xec,
    0xc8, 0x7, 0xf4, 0x38, 0x7, 0xff, 0x68, 0xc0,
    0x3f, 0x43, 0x80, 0x7f, 0xf8, 0xe1, 0xc0, 0x3f,
    0xf8, 0x4f, 0x64, 0x1, 0xf8, 0xad, 0xc0, 0x3f,
    0xf8, 0xf0, 0xe0, 0x1f, 0xfc, 0x28, 0x82, 0x61,
    0x0, 0x78, 0xb1, 0x21, 0xc0, 0x3f, 0xf8, 0xb0,
    0xe0, 0x1f, 0xfc, 0x27, 0x70, 0x0, 0x70, 0x80,
    0x31, 0x60, 0x80, 0x21, 0xc0, 0x3f, 0xf8, 0x72,
    0xe0, 0x1f, 0xfc, 0x3c, 0x0, 0xc3, 0x84, 0x0,
    0x2c, 0x10, 0xd, 0x80, 0x1f, 0xfc, 0x29, 0x60,
    0xf, 0xfe, 0x24, 0x88, 0x6, 0x1c, 0x22, 0x60,
    0x80, 0x61, 0x90, 0xf, 0xfe, 0xc, 0xb0, 0x7,
    0xff, 0x14, 0xb0, 0x40, 0x30, 0xe6, 0x4, 0x3,
    0xe, 0x10, 0x7, 0xff, 0x2, 0x58, 0x3, 0xff,
    0x8e, 0x58, 0x20, 0x18, 0x44, 0x1, 0x87, 0x8,
    0x3, 0xff, 0x80, 0xec, 0x1, 0xff, 0xc9, 0x2c,
    0x10, 0xf, 0xc3, 0x84, 0x1, 0xff, 0xc1, 0x90,
    0xf, 0xfe, 0x59, 0x60, 0x80, 0x78, 0x70, 0x80,
    0x3f, 0xfe, 0x92, 0x1, 0xff, 0xcb, 0x2c, 0x10,
    0xf, 0xe, 0x10, 0x7, 0xff, 0x9, 0xd8, 0x3,
    0xff, 0x92, 0x58, 0x20, 0x1f, 0x87, 0x8, 0x3,
    0xff, 0x85, 0x2c, 0x1, 0xff, 0xc7, 0x2c, 0x10,
    0xc, 0x22, 0x0, 0xc3, 0x84, 0x1, 0xff, 0xc2,
    0x96, 0x0, 0xff, 0xe2, 0x96, 0x8, 0x6, 0x1c,
    0xc0, 0x80, 0x61, 0xc2, 0x0, 0xff, 0xe1, 0x4b,
    0x0, 0x7f, 0xf1, 0x24, 0x40, 0x30, 0xe1, 0x13,
    0x4, 0x3, 0xc, 0x80, 0x7f, 0xf0, 0xe5, 0xc0,
    0x3f, 0xf8, 0x78, 0x1, 0x87, 0x8, 0x0, 0x58,
    0x20, 0x1b, 0x0, 0x3f, 0xf8, 0x90, 0xe0, 0x1f,
    0xfc, 0x27, 0x80, 0x0, 0xe1, 0x0, 0x62, 0xc1,
    0x0, 0x3b, 0x80, 0x3f, 0xf8, 0xb0, 0xe0, 0x1f,
    0xfc, 0x27, 0x84, 0xc2, 0x0, 0xf1, 0x62, 0x44,
    0x0, 0x3f, 0xf8, 0xf0, 0xe0, 0x1f, 0xfc, 0x27,
    0xb2, 0x0, 0xfc, 0x56, 0xe0, 0x1f, 0xfc, 0x98,
    0x70, 0xf, 0xff, 0x2c, 0x38, 0x7, 0xff, 0x68,
    0xc0, 0x3f, 0xd0, 0xe0, 0x1f, 0xfd, 0x99, 0x0,
    0xff, 0xa2, 0x0, 0x1f, 0xfd, 0x77, 0x50, 0xf,
    0xfe, 0x3, 0xda, 0x0, 0x7f, 0xf4, 0xce, 0xa0,
    0x0,

    /* U+F7C2 "" */
    0x0, 0xfe, 0x7f, 0xff, 0xfe, 0x25, 0xa0, 0x7,
    0xf9, 0xe0, 0x3, 0xff, 0x88, 0x96, 0xe0, 0x1f,
    0x9e, 0x0, 0x3f, 0xf8, 0xf0, 0x80, 0x1e, 0x78,
    0x0, 0xff, 0xe4, 0xf8, 0x7, 0x3c, 0x0, 0x7f,
    0xf2, 0x90, 0x3, 0x3c, 0x0, 0xf, 0xfe, 0x70,
    0x7, 0xfd, 0xc0, 0x9, 0xff, 0x80, 0x3f, 0x3c,
    0x0, 0x7f, 0xf3, 0xde, 0x0, 0x3f, 0xf9, 0xef,
    0x0, 0x1f, 0xfc, 0xf7, 0x80, 0xf, 0xfe, 0x84,
    0x0, 0x7f, 0xfd, 0xca, 0x22, 0x40, 0x4, 0x45,
    0x20, 0xd, 0x88, 0x80, 0x3f, 0xf8, 0x22, 0xef,
    0x18, 0x1, 0xdf, 0x0, 0x11, 0xde, 0x0, 0xff,
    0xff, 0x80, 0x7f, 0xff, 0xc0, 0x3f, 0xff, 0xe0,
    0x1f, 0xff, 0xf0, 0xf, 0xff, 0xf8, 0x7, 0xff,
    0xfc, 0x3, 0xff, 0xfe, 0x1, 0xff, 0xff, 0x0,
    0xff, 0xfa, 0x98, 0x7, 0xff, 0x41, 0x20, 0x3,
    0xff, 0xa1, 0xe9, 0x0, 0x1f, 0xfc, 0xe8, 0x40,
    0x7b, 0x30, 0xf, 0xfe, 0x51, 0xdb, 0x80,

    /* U+F8A2 "" */
    0x0, 0xff, 0xed, 0x90, 0x7, 0xff, 0x68, 0x73,
    0x44, 0x3, 0xff, 0xb0, 0x3a, 0x60, 0x60, 0x1f,
    0xfd, 0x71, 0xd3, 0x0, 0xff, 0xec, 0x8e, 0x98,
    0x7, 0xff, 0x8, 0xc4, 0x3, 0xff, 0x95, 0xa6,
    0x1, 0xff, 0xc2, 0xbc, 0xe4, 0x0, 0xff, 0xe4,
    0x9, 0x80, 0x7f, 0xf0, 0x47, 0x10, 0x1, 0xc0,
    0x1f, 0xfd, 0x61, 0xc3, 0x0, 0xff, 0xec, 0x97,
    0x90, 0x7, 0xff, 0x64, 0xf0, 0x40, 0x3f, 0xfb,
    0x27, 0x82, 0x1, 0xff, 0xd9, 0x4c, 0x0, 0xfc,
    0xcd, 0xff, 0xca, 0x0, 0xfc, 0xb6, 0x1, 0xfc,
    0x73, 0x3f, 0xfc, 0x88, 0x0, 0xf9, 0x68, 0x3,
    0xff, 0xb7, 0x20, 0x1f, 0xfd, 0xc5, 0x0, 0xff,
    0xee, 0x49, 0x80, 0x7f, 0xf6, 0x88, 0x31, 0x0,
    0x3f, 0xc4, 0x5f, 0xfc, 0xd3, 0xa0, 0xa, 0xd4,
    0x3, 0xf2, 0xee, 0xff, 0xf3, 0x71, 0x40, 0x35,
    0x30, 0x7, 0xff, 0x72, 0x5c, 0x3, 0xff, 0xb9,
    0x10, 0x0, 0xff, 0xee, 0x3d, 0x0, 0x7f, 0xf7,
    0x16, 0xc0, 0x22, 0x0, 0xff, 0xec, 0x26, 0x2b,
    0xc0, 0x7, 0xff, 0x40
};


/*---------------------
 *  GLYPH DESCRIPTION
 *--------------------*/

static const lv_font_fmt_txt_glyph_dsc_t glyph_dsc[] = {
    {.bitmap_index = 0, .adv_w = 0, .box_w = 0, .box_h = 0, .ofs_x = 0, .ofs_y = 0} /* id = 0 reserved */,
    {.bitmap_index = 0, .adv_w = 171, .box_w = 0, .box_h = 0, .ofs_x = 0, .ofs_y = 0},
    {.bitmap_index = 0, .adv_w = 195, .box_w = 6, .box_h = 29, .ofs_x = 3, .ofs_y = 0},
    {.bitmap_index = 55, .adv_w = 317, .box_w = 12, .box_h = 12, .ofs_x = 4, .ofs_y = 17},
    {.bitmap_index = 109, .adv_w = 409, .box_w = 25, .box_h = 29, .ofs_x = 0, .ofs_y = 0},
    {.bitmap_index = 349, .adv_w = 413, .box_w = 22, .box_h = 38, .ofs_x = 2, .ofs_y = -4},
    {.bitmap_index = 592, .adv_w = 636, .box_w = 32, .box_h = 29, .ofs_x = 4, .ofs_y = 0},
    {.bitmap_index = 920, .adv_w = 418, .box_w = 25, .box_h = 29, .ofs_x = 1, .ofs_y = 0},
    {.bitmap_index = 1188, .adv_w = 200, .box_w = 5, .box_h = 12, .ofs_x = 4, .ofs_y = 17},
    {.bitmap_index = 1212, .adv_w = 236, .box_w = 11, .box_h = 37, .ofs_x = 3, .ofs_y = -5},
    {.bitmap_index = 1354, .adv_w = 236, .box_w = 10, .box_h = 37, .ofs_x = 1, .ofs_y = -5},
    {.bitmap_index = 1490, .adv_w = 333, .box_w = 17, .box_h = 17, .ofs_x = 2, .ofs_y = 12},
    {.bitmap_index = 1607, .adv_w = 427, .box_w = 20, .box_h = 20, .ofs_x = 3, .ofs_y = 2},
    {.bitmap_index = 1652, .adv_w = 194, .box_w = 7, .box_h = 12, .ofs_x = 2, .ofs_y = -7},
    {.bitmap_index = 1692, .adv_w = 296, .box_w = 14, .box_h = 4, .ofs_x = 2, .ofs_y = 10},
    {.bitmap_index = 1704, .adv_w = 194, .box_w = 6, .box_h = 6, .ofs_x = 3, .ofs_y = 0},
    {.bitmap_index = 1721, .adv_w = 237, .box_w = 14, .box_h = 35, .ofs_x = 0, .ofs_y = -4},
    {.bitmap_index = 1876, .adv_w = 413, .box_w = 22, .box_h = 29, .ofs_x = 2, .ofs_y = 0},
    {.bitmap_index = 2105, .adv_w = 266, .box_w = 13, .box_h = 29, .ofs_x = 1, .ofs_y = 0},
    {.bitmap_index = 2156, .adv_w = 394, .box_w = 21, .box_h = 29, .ofs_x = 2, .ofs_y = 0},
    {.bitmap_index = 2353, .adv_w = 401, .box_w = 21, .box_h = 29, .ofs_x = 2, .ofs_y = 0},
    {.bitmap_index = 2567, .adv_w = 420, .box_w = 23, .box_h = 29, .ofs_x = 2, .ofs_y = 0},
    {.bitmap_index = 2708, .adv_w = 386, .box_w = 20, .box_h = 29, .ofs_x = 2, .ofs_y = 0},
    {.bitmap_index = 2903, .adv_w = 403, .box_w = 22, .box_h = 29, .ofs_x = 2, .ofs_y = 0},
    {.bitmap_index = 3142, .adv_w = 366, .box_w = 21, .box_h = 29, .ofs_x = 1, .ofs_y = 0},
    {.bitmap_index = 3305, .adv_w = 403, .box_w = 21, .box_h = 29, .ofs_x = 2, .ofs_y = 0},
    {.bitmap_index = 3540, .adv_w = 403, .box_w = 22, .box_h = 29, .ofs_x = 2, .ofs_y = 0},
    {.bitmap_index = 3776, .adv_w = 194, .box_w = 6, .box_h = 21, .ofs_x = 3, .ofs_y = 0},
    {.bitmap_index = 3814, .adv_w = 202, .box_w = 8, .box_h = 28, .ofs_x = 2, .ofs_y = -7},
    {.bitmap_index = 3883, .adv_w = 427, .box_w = 20, .box_h = 23, .ofs_x = 3, .ofs_y = 0},
    {.bitmap_index = 4023, .adv_w = 427, .box_w = 19, .box_h = 13, .ofs_x = 4, .ofs_y = 5},
    {.bitmap_index = 4054, .adv_w = 427, .box_w = 20, .box_h = 23, .ofs_x = 4, .ofs_y = 0},
    {.bitmap_index = 4195, .adv_w = 338, .box_w = 19, .box_h = 29, .ofs_x = 1, .ofs_y = 0},
    {.bitmap_index = 4364, .adv_w = 629, .box_w = 36, .box_h = 36, .ofs_x = 2, .ofs_y = -8},
    {.bitmap_index = 4823, .adv_w = 454, .box_w = 27, .box_h = 29, .ofs_x = 1, .ofs_y = 0},
    {.bitmap_index = 5061, .adv_w = 420, .box_w = 22, .box_h = 29, .ofs_x = 3, .ofs_y = 0},
    {.bitmap_index = 5237, .adv_w = 469, .box_w = 26, .box_h = 29, .ofs_x = 2, .ofs_y = 0},
    {.bitmap_index = 5460, .adv_w = 462, .box_w = 24, .box_h = 29, .ofs_x = 3, .ofs_y = 0},
    {.bitmap_index = 5632, .adv_w = 386, .box_w = 19, .box_h = 29, .ofs_x = 3, .ofs_y = 0},
    {.bitmap_index = 5692, .adv_w = 377, .box_w = 19, .box_h = 29, .ofs_x = 3, .ofs_y = 0},
    {.bitmap_index = 5742, .adv_w = 478, .box_w = 26, .box_h = 29, .ofs_x = 2, .ofs_y = 0},
    {.bitmap_index = 5976, .adv_w = 477, .box_w = 24, .box_h = 29, .ofs_x = 3, .ofs_y = 0},
    {.bitmap_index = 6026, .adv_w = 174, .box_w = 5, .box_h = 29, .ofs_x = 3, .ofs_y = 0},
    {.bitmap_index = 6035, .adv_w = 368, .box_w = 19, .box_h = 29, .ofs_x = 1, .ofs_y = 0},
    {.bitmap_index = 6131, .adv_w = 440, .box_w = 24, .box_h = 29, .ofs_x = 3, .ofs_y = 0},
    {.bitmap_index = 6328, .adv_w = 362, .box_w = 18, .box_h = 29, .ofs_x = 3, .ofs_y = 0},
    {.bitmap_index = 6362, .adv_w = 584, .box_w = 31, .box_h = 29, .ofs_x = 3, .ofs_y = 0},
    {.bitmap_index = 6612, .adv_w = 484, .box_w = 25, .box_h = 29, .ofs_x = 3, .ofs_y = 0},
    {.bitmap_index = 6777, .adv_w = 491, .box_w = 27, .box_h = 29, .ofs_x = 2, .ofs_y = 0},
    {.bitmap_index = 7029, .adv_w = 411, .box_w = 21, .box_h = 29, .ofs_x = 3, .ofs_y = 0},
    {.bitmap_index = 7158, .adv_w = 492, .box_w = 27, .box_h = 31, .ofs_x = 2, .ofs_y = -2},
    {.bitmap_index = 7436, .adv_w = 415, .box_w = 22, .box_h = 29, .ofs_x = 3, .ofs_y = 0},
    {.bitmap_index = 7606, .adv_w = 413, .box_w = 22, .box_h = 29, .ofs_x = 2, .ofs_y = 0},
    {.bitmap_index = 7830, .adv_w = 418, .box_w = 24, .box_h = 29, .ofs_x = 1, .ofs_y = 0},
    {.bitmap_index = 7877, .adv_w = 474, .box_w = 24, .box_h = 29, .ofs_x = 3, .ofs_y = 0},
    {.bitmap_index = 7994, .adv_w = 454, .box_w = 27, .box_h = 29, .ofs_x = 1, .ofs_y = 0},
    {.bitmap_index = 8240, .adv_w = 642, .box_w = 39, .box_h = 29, .ofs_x = 1, .ofs_y = 0},
    {.bitmap_index = 8638, .adv_w = 448, .box_w = 26, .box_h = 29, .ofs_x = 1, .ofs_y = 0},
    {.bitmap_index = 8890, .adv_w = 446, .box_w = 26, .box_h = 29, .ofs_x = 1, .ofs_y = 0},
    {.bitmap_index = 9060, .adv_w = 410, .box_w = 22, .box_h = 29, .ofs_x = 2, .ofs_y = 0},
    {.bitmap_index = 9224, .adv_w = 236, .box_w = 9, .box_h = 36, .ofs_x = 4, .ofs_y = -5},
    {.bitmap_index = 9258, .adv_w = 237, .box_w = 14, .box_h = 35, .ofs_x = 0, .ofs_y = -4},
    {.bitmap_index = 9411, .adv_w = 236, .box_w = 9, .box_h = 36, .ofs_x = 2, .ofs_y = -5},
    {.bitmap_index = 9445, .adv_w = 305, .box_w = 17, .box_h = 13, .ofs_x = 1, .ofs_y = 16},
    {.bitmap_index = 9532, .adv_w = 296, .box_w = 19, .box_h = 4, .ofs_x = 0, .ofs_y = -4},
    {.bitmap_index = 9542, .adv_w = 216, .box_w = 8, .box_h = 6, .ofs_x = 3, .ofs_y = 25},
    {.bitmap_index = 9565, .adv_w = 363, .box_w = 19, .box_h = 22, .ofs_x = 1, .ofs_y = 0},
    {.bitmap_index = 9724, .adv_w = 396, .box_w = 21, .box_h = 29, .ofs_x = 2, .ofs_y = 0},
    {.bitmap_index = 9884, .adv_w = 369, .box_w = 21, .box_h = 22, .ofs_x = 1, .ofs_y = 0},
    {.bitmap_index = 10045, .adv_w = 396, .box_w = 21, .box_h = 29, .ofs_x = 1, .ofs_y = 0},
    {.bitmap_index = 10211, .adv_w = 376, .box_w = 21, .box_h = 22, .ofs_x = 1, .ofs_y = 0},
    {.bitmap_index = 10369, .adv_w = 243, .box_w = 15, .box_h = 30, .ofs_x = 0, .ofs_y = 0},
    {.bitmap_index = 10443, .adv_w = 397, .box_w = 21, .box_h = 30, .ofs_x = 1, .ofs_y = -8},
    {.bitmap_index = 10666, .adv_w = 385, .box_w = 20, .box_h = 29, .ofs_x = 2, .ofs_y = 0},
    {.bitmap_index = 10750, .adv_w = 161, .box_w = 6, .box_h = 31, .ofs_x = 2, .ofs_y = 0},
    {.bitmap_index = 10780, .adv_w = 161, .box_w = 9, .box_h = 39, .ofs_x = -1, .ofs_y = -8},
    {.bitmap_index = 10845, .adv_w = 358, .box_w = 20, .box_h = 29, .ofs_x = 2, .ofs_y = 0},
    {.bitmap_index = 10988, .adv_w = 161, .box_w = 6, .box_h = 29, .ofs_x = 2, .ofs_y = 0},
    {.bitmap_index = 11000, .adv_w = 568, .box_w = 31, .box_h = 22, .ofs_x = 2, .ofs_y = 0},
    {.bitmap_index = 11121, .adv_w = 385, .box_w = 20, .box_h = 22, .ofs_x = 2, .ofs_y = 0},
    {.bitmap_index = 11198, .adv_w = 387, .box_w = 22, .box_h = 22, .ofs_x = 1, .ofs_y = 0},
    {.bitmap_index = 11373, .adv_w = 396, .box_w = 21, .box_h = 30, .ofs_x = 2, .ofs_y = -8},
    {.bitmap_index = 11541, .adv_w = 396, .box_w = 21, .box_h = 30, .ofs_x = 1, .ofs_y = -8},
    {.bitmap_index = 11713, .adv_w = 248, .box_w = 13, .box_h = 22, .ofs_x = 2, .ofs_y = 0},
    {.bitmap_index = 11760, .adv_w = 345, .box_w = 19, .box_h = 22, .ofs_x = 1, .ofs_y = 0},
    {.bitmap_index = 11922, .adv_w = 218, .box_w = 13, .box_h = 27, .ofs_x = 0, .ofs_y = 0},
    {.bitmap_index = 11982, .adv_w = 385, .box_w = 20, .box_h = 22, .ofs_x = 2, .ofs_y = 0},
    {.bitmap_index = 12056, .adv_w = 368, .box_w = 23, .box_h = 22, .ofs_x = 0, .ofs_y = 0},
    {.bitmap_index = 12231, .adv_w = 531, .box_w = 32, .box_h = 22, .ofs_x = 1, .ofs_y = 0},
    {.bitmap_index = 12503, .adv_w = 357, .box_w = 21, .box_h = 22, .ofs_x = 1, .ofs_y = 0},
    {.bitmap_index = 12675, .adv_w = 368, .box_w = 23, .box_h = 30, .ofs_x = 0, .ofs_y = -8},
    {.bitmap_index = 12904, .adv_w = 358, .box_w = 18, .box_h = 22, .ofs_x = 2, .ofs_y = 0},
    {.bitmap_index = 13008, .adv_w = 282, .box_w = 14, .box_h = 36, .ofs_x = 2, .ofs_y = -5},
    {.bitmap_index = 13138, .adv_w = 221, .box_w = 5, .box_h = 48, .ofs_x = 4, .ofs_y = -9},
    {.bitmap_index = 13154, .adv_w = 282, .box_w = 13, .box_h = 36, .ofs_x = 2, .ofs_y = -5},
    {.bitmap_index = 13288, .adv_w = 427, .box_w = 21, .box_h = 8, .ofs_x = 3, .ofs_y = 8},
    {.bitmap_index = 13361, .adv_w = 171, .box_w = 0, .box_h = 0, .ofs_x = 0, .ofs_y = 0},
    {.bitmap_index = 13361, .adv_w = 195, .box_w = 6, .box_h = 29, .ofs_x = 3, .ofs_y = -7},
    {.bitmap_index = 13409, .adv_w = 369, .box_w = 21, .box_h = 29, .ofs_x = 1, .ofs_y = 0},
    {.bitmap_index = 13581, .adv_w = 397, .box_w = 21, .box_h = 29, .ofs_x = 2, .ofs_y = 0},
    {.bitmap_index = 13741, .adv_w = 472, .box_w = 26, .box_h = 25, .ofs_x = 2, .ofs_y = 0},
    {.bitmap_index = 13985, .adv_w = 356, .box_w = 22, .box_h = 29, .ofs_x = 0, .ofs_y = 0},
    {.bitmap_index = 14151, .adv_w = 188, .box_w = 5, .box_h = 35, .ofs_x = 3, .ofs_y = -6},
    {.bitmap_index = 14172, .adv_w = 364, .box_w = 19, .box_h = 35, .ofs_x = 2, .ofs_y = -6},
    {.bitmap_index = 14433, .adv_w = 385, .box_w = 14, .box_h = 5, .ofs_x = 5, .ofs_y = 25},
    {.bitmap_index = 14466, .adv_w = 585, .box_w = 31, .box_h = 30, .ofs_x = 3, .ofs_y = 0},
    {.bitmap_index = 14836, .adv_w = 293, .box_w = 16, .box_h = 17, .ofs_x = 1, .ofs_y = 13},
    {.bitmap_index = 14947, .adv_w = 389, .box_w = 22, .box_h = 19, .ofs_x = 1, .ofs_y = 3},
    {.bitmap_index = 15116, .adv_w = 427, .box_w = 18, .box_h = 9, .ofs_x = 4, .ofs_y = 6},
    {.bitmap_index = 15136, .adv_w = 425, .box_w = 24, .box_h = 23, .ofs_x = 1, .ofs_y = 7},
    {.bitmap_index = 15368, .adv_w = 298, .box_w = 12, .box_h = 4, .ofs_x = 3, .ofs_y = 26},
    {.bitmap_index = 15378, .adv_w = 293, .box_w = 14, .box_h = 14, .ofs_x = 2, .ofs_y = 16},
    {.bitmap_index = 15464, .adv_w = 427, .box_w = 20, .box_h = 21, .ofs_x = 3, .ofs_y = 1},
    {.bitmap_index = 15525, .adv_w = 287, .box_w = 14, .box_h = 16, .ofs_x = 2, .ofs_y = 18},
    {.bitmap_index = 15611, .adv_w = 291, .box_w = 16, .box_h = 16, .ofs_x = 1, .ofs_y = 18},
    {.bitmap_index = 15717, .adv_w = 216, .box_w = 8, .box_h = 6, .ofs_x = 3, .ofs_y = 25},
    {.bitmap_index = 15742, .adv_w = 384, .box_w = 22, .box_h = 30, .ofs_x = 2, .ofs_y = -8},
    {.bitmap_index = 15840, .adv_w = 385, .box_w = 20, .box_h = 29, .ofs_x = 1, .ofs_y = 0},
    {.bitmap_index = 15933, .adv_w = 194, .box_w = 6, .box_h = 6, .ofs_x = 3, .ofs_y = 11},
    {.bitmap_index = 15949, .adv_w = 192, .box_w = 8, .box_h = 9, .ofs_x = 3, .ofs_y = -8},
    {.bitmap_index = 15983, .adv_w = 201, .box_w = 9, .box_h = 16, .ofs_x = 2, .ofs_y = 18},
    {.bitmap_index = 16011, .adv_w = 310, .box_w = 17, .box_h = 17, .ofs_x = 1, .ofs_y = 13},
    {.bitmap_index = 16128, .adv_w = 389, .box_w = 22, .box_h = 19, .ofs_x = 1, .ofs_y = 3},
    {.bitmap_index = 16299, .adv_w = 523, .box_w = 31, .box_h = 30, .ofs_x = 1, .ofs_y = -1},
    {.bitmap_index = 16566, .adv_w = 549, .box_w = 32, .box_h = 29, .ofs_x = 1, .ofs_y = 0},
    {.bitmap_index = 16847, .adv_w = 573, .box_w = 34, .box_h = 30, .ofs_x = 1, .ofs_y = -1},
    {.bitmap_index = 17184, .adv_w = 338, .box_w = 19, .box_h = 30, .ofs_x = 1, .ofs_y = -8},
    {.bitmap_index = 17358, .adv_w = 454, .box_w = 27, .box_h = 38, .ofs_x = 1, .ofs_y = 0},
    {.bitmap_index = 17636, .adv_w = 454, .box_w = 27, .box_h = 38, .ofs_x = 1, .ofs_y = 0},
    {.bitmap_index = 17916, .adv_w = 454, .box_w = 27, .box_h = 38, .ofs_x = 1, .ofs_y = 0},
    {.bitmap_index = 18211, .adv_w = 454, .box_w = 27, .box_h = 37, .ofs_x = 1, .ofs_y = 0},
    {.bitmap_index = 18503, .adv_w = 454, .box_w = 27, .box_h = 37, .ofs_x = 1, .ofs_y = 0},
    {.bitmap_index = 18797, .adv_w = 454, .box_w = 27, .box_h = 40, .ofs_x = 1, .ofs_y = 0},
    {.bitmap_index = 19119, .adv_w = 642, .box_w = 37, .box_h = 29, .ofs_x = 1, .ofs_y = 0},
    {.bitmap_index = 19327, .adv_w = 469, .box_w = 26, .box_h = 37, .ofs_x = 2, .ofs_y = -8},
    {.bitmap_index = 19602, .adv_w = 386, .box_w = 19, .box_h = 38, .ofs_x = 3, .ofs_y = 0},
    {.bitmap_index = 19703, .adv_w = 386, .box_w = 19, .box_h = 38, .ofs_x = 3, .ofs_y = 0},
    {.bitmap_index = 19807, .adv_w = 386, .box_w = 19, .box_h = 38, .ofs_x = 3, .ofs_y = 0},
    {.bitmap_index = 19921, .adv_w = 386, .box_w = 19, .box_h = 37, .ofs_x = 3, .ofs_y = 0},
    {.bitmap_index = 20031, .adv_w = 174, .box_w = 8, .box_h = 38, .ofs_x = 0, .ofs_y = 0},
    {.bitmap_index = 20071, .adv_w = 174, .box_w = 8, .box_h = 38, .ofs_x = 3, .ofs_y = 0},
    {.bitmap_index = 20114, .adv_w = 174, .box_w = 15, .box_h = 38, .ofs_x = -2, .ofs_y = 0},
    {.bitmap_index = 20184, .adv_w = 174, .box_w = 15, .box_h = 37, .ofs_x = -2, .ofs_y = 0},
    {.bitmap_index = 20250, .adv_w = 476, .box_w = 28, .box_h = 29, .ofs_x = 0, .ofs_y = 0},
    {.bitmap_index = 20445, .adv_w = 484, .box_w = 25, .box_h = 37, .ofs_x = 3, .ofs_y = 0},
    {.bitmap_index = 20666, .adv_w = 491, .box_w = 27, .box_h = 38, .ofs_x = 2, .ofs_y = 0},
    {.bitmap_index = 20958, .adv_w = 491, .box_w = 27, .box_h = 38, .ofs_x = 2, .ofs_y = 0},
    {.bitmap_index = 21252, .adv_w = 491, .box_w = 27, .box_h = 38, .ofs_x = 2, .ofs_y = 0},
    {.bitmap_index = 21563, .adv_w = 491, .box_w = 27, .box_h = 38, .ofs_x = 2, .ofs_y = 0},
    {.bitmap_index = 21873, .adv_w = 491, .box_w = 27, .box_h = 38, .ofs_x = 2, .ofs_y = 0},
    {.bitmap_index = 22184, .adv_w = 427, .box_w = 20, .box_h = 20, .ofs_x = 3, .ofs_y = 1},
    {.bitmap_index = 22336, .adv_w = 491, .box_w = 27, .box_h = 31, .ofs_x = 2, .ofs_y = -1},
    {.bitmap_index = 22643, .adv_w = 474, .box_w = 24, .box_h = 38, .ofs_x = 3, .ofs_y = 0},
    {.bitmap_index = 22802, .adv_w = 474, .box_w = 24, .box_h = 38, .ofs_x = 3, .ofs_y = 0},
    {.bitmap_index = 22962, .adv_w = 474, .box_w = 24, .box_h = 38, .ofs_x = 3, .ofs_y = 0},
    {.bitmap_index = 23138, .adv_w = 474, .box_w = 24, .box_h = 38, .ofs_x = 3, .ofs_y = 0},
    {.bitmap_index = 23310, .adv_w = 446, .box_w = 26, .box_h = 38, .ofs_x = 1, .ofs_y = 0},
    {.bitmap_index = 23524, .adv_w = 414, .box_w = 20, .box_h = 29, .ofs_x = 3, .ofs_y = 0},
    {.bitmap_index = 23643, .adv_w = 403, .box_w = 21, .box_h = 29, .ofs_x = 3, .ofs_y = 0},
    {.bitmap_index = 23827, .adv_w = 363, .box_w = 19, .box_h = 31, .ofs_x = 1, .ofs_y = 0},
    {.bitmap_index = 24026, .adv_w = 363, .box_w = 19, .box_h = 31, .ofs_x = 1, .ofs_y = 0},
    {.bitmap_index = 24227, .adv_w = 363, .box_w = 19, .box_h = 31, .ofs_x = 1, .ofs_y = 0},
    {.bitmap_index = 24439, .adv_w = 363, .box_w = 19, .box_h = 29, .ofs_x = 1, .ofs_y = 0},
    {.bitmap_index = 24630, .adv_w = 363, .box_w = 19, .box_h = 31, .ofs_x = 1, .ofs_y = 0},
    {.bitmap_index = 24837, .adv_w = 363, .box_w = 19, .box_h = 34, .ofs_x = 1, .ofs_y = 0},
    {.bitmap_index = 25074, .adv_w = 586, .box_w = 34, .box_h = 22, .ofs_x = 1, .ofs_y = 0},
    {.bitmap_index = 25345, .adv_w = 369, .box_w = 21, .box_h = 30, .ofs_x = 1, .ofs_y = -8},
    {.bitmap_index = 25558, .adv_w = 376, .box_w = 21, .box_h = 31, .ofs_x = 1, .ofs_y = 0},
    {.bitmap_index = 25756, .adv_w = 376, .box_w = 21, .box_h = 31, .ofs_x = 1, .ofs_y = 0},
    {.bitmap_index = 25954, .adv_w = 376, .box_w = 21, .box_h = 31, .ofs_x = 1, .ofs_y = 0},
    {.bitmap_index = 26165, .adv_w = 376, .box_w = 21, .box_h = 31, .ofs_x = 1, .ofs_y = 0},
    {.bitmap_index = 26372, .adv_w = 161, .box_w = 9, .box_h = 30, .ofs_x = -1, .ofs_y = 0},
    {.bitmap_index = 26414, .adv_w = 161, .box_w = 9, .box_h = 30, .ofs_x = 2, .ofs_y = 0},
    {.bitmap_index = 26456, .adv_w = 161, .box_w = 14, .box_h = 31, .ofs_x = -2, .ofs_y = 0},
    {.bitmap_index = 26518, .adv_w = 161, .box_w = 14, .box_h = 30, .ofs_x = -2, .ofs_y = 0},
    {.bitmap_index = 26575, .adv_w = 376, .box_w = 21, .box_h = 32, .ofs_x = 1, .ofs_y = 0},
    {.bitmap_index = 26822, .adv_w = 385, .box_w = 20, .box_h = 29, .ofs_x = 2, .ofs_y = 0},
    {.bitmap_index = 26939, .adv_w = 387, .box_w = 22, .box_h = 31, .ofs_x = 1, .ofs_y = 0},
    {.bitmap_index = 27154, .adv_w = 387, .box_w = 22, .box_h = 31, .ofs_x = 1, .ofs_y = 0},
    {.bitmap_index = 27370, .adv_w = 387, .box_w = 22, .box_h = 31, .ofs_x = 1, .ofs_y = 0},
    {.bitmap_index = 27600, .adv_w = 387, .box_w = 22, .box_h = 29, .ofs_x = 1, .ofs_y = 0},
    {.bitmap_index = 27810, .adv_w = 387, .box_w = 22, .box_h = 31, .ofs_x = 1, .ofs_y = 0},
    {.bitmap_index = 28036, .adv_w = 427, .box_w = 20, .box_h = 21, .ofs_x = 3, .ofs_y = 1},
    {.bitmap_index = 28129, .adv_w = 387, .box_w = 22, .box_h = 24, .ofs_x = 1, .ofs_y = -1},
    {.bitmap_index = 28344, .adv_w = 385, .box_w = 20, .box_h = 31, .ofs_x = 2, .ofs_y = 0},
    {.bitmap_index = 28460, .adv_w = 385, .box_w = 20, .box_h = 31, .ofs_x = 2, .ofs_y = 0},
    {.bitmap_index = 28577, .adv_w = 385, .box_w = 20, .box_h = 31, .ofs_x = 2, .ofs_y = 0},
    {.bitmap_index = 28705, .adv_w = 385, .box_w = 20, .box_h = 30, .ofs_x = 2, .ofs_y = 0},
    {.bitmap_index = 28829, .adv_w = 368, .box_w = 23, .box_h = 39, .ofs_x = 0, .ofs_y = -8},
    {.bitmap_index = 29100, .adv_w = 396, .box_w = 21, .box_h = 37, .ofs_x = 2, .ofs_y = -8},
    {.bitmap_index = 29273, .adv_w = 368, .box_w = 23, .box_h = 38, .ofs_x = 0, .ofs_y = -8},
    {.bitmap_index = 29553, .adv_w = 454, .box_w = 27, .box_h = 37, .ofs_x = 1, .ofs_y = 0},
    {.bitmap_index = 29812, .adv_w = 363, .box_w = 19, .box_h = 29, .ofs_x = 1, .ofs_y = 0},
    {.bitmap_index = 29987, .adv_w = 454, .box_w = 27, .box_h = 38, .ofs_x = 1, .ofs_y = 0},
    {.bitmap_index = 30284, .adv_w = 363, .box_w = 19, .box_h = 31, .ofs_x = 1, .ofs_y = 0},
    {.bitmap_index = 30491, .adv_w = 454, .box_w = 28, .box_h = 37, .ofs_x = 1, .ofs_y = -8},
    {.bitmap_index = 30791, .adv_w = 363, .box_w = 21, .box_h = 30, .ofs_x = 1, .ofs_y = -8},
    {.bitmap_index = 31013, .adv_w = 469, .box_w = 26, .box_h = 38, .ofs_x = 2, .ofs_y = 0},
    {.bitmap_index = 31278, .adv_w = 369, .box_w = 21, .box_h = 31, .ofs_x = 1, .ofs_y = 0},
    {.bitmap_index = 31480, .adv_w = 469, .box_w = 26, .box_h = 38, .ofs_x = 2, .ofs_y = 0},
    {.bitmap_index = 31763, .adv_w = 369, .box_w = 21, .box_h = 31, .ofs_x = 1, .ofs_y = 0},
    {.bitmap_index = 31979, .adv_w = 469, .box_w = 26, .box_h = 38, .ofs_x = 2, .ofs_y = 0},
    {.bitmap_index = 32240, .adv_w = 369, .box_w = 21, .box_h = 31, .ofs_x = 1, .ofs_y = 0},
    {.bitmap_index = 32436, .adv_w = 469, .box_w = 26, .box_h = 38, .ofs_x = 2, .ofs_y = 0},
    {.bitmap_index = 32717, .adv_w = 369, .box_w = 21, .box_h = 31, .ofs_x = 1, .ofs_y = 0},
    {.bitmap_index = 32931, .adv_w = 462, .box_w = 24, .box_h = 38, .ofs_x = 3, .ofs_y = 0},
    {.bitmap_index = 33161, .adv_w = 464, .box_w = 28, .box_h = 31, .ofs_x = 1, .ofs_y = 0},
    {.bitmap_index = 33388, .adv_w = 476, .box_w = 28, .box_h = 29, .ofs_x = 0, .ofs_y = 0},
    {.bitmap_index = 33583, .adv_w = 396, .box_w = 24, .box_h = 29, .ofs_x = 1, .ofs_y = 0},
    {.bitmap_index = 33777, .adv_w = 386, .box_w = 19, .box_h = 37, .ofs_x = 3, .ofs_y = 0},
    {.bitmap_index = 33854, .adv_w = 376, .box_w = 21, .box_h = 29, .ofs_x = 1, .ofs_y = 0},
    {.bitmap_index = 34028, .adv_w = 386, .box_w = 19, .box_h = 38, .ofs_x = 3, .ofs_y = 0},
    {.bitmap_index = 34142, .adv_w = 376, .box_w = 21, .box_h = 31, .ofs_x = 1, .ofs_y = 0},
    {.bitmap_index = 34354, .adv_w = 386, .box_w = 19, .box_h = 38, .ofs_x = 3, .ofs_y = 0},
    {.bitmap_index = 34453, .adv_w = 376, .box_w = 21, .box_h = 31, .ofs_x = 1, .ofs_y = 0},
    {.bitmap_index = 34646, .adv_w = 386, .box_w = 20, .box_h = 37, .ofs_x = 3, .ofs_y = -8},
    {.bitmap_index = 34760, .adv_w = 376, .box_w = 21, .box_h = 30, .ofs_x = 1, .ofs_y = -8},
    {.bitmap_index = 34970, .adv_w = 386, .box_w = 19, .box_h = 38, .ofs_x = 3, .ofs_y = 0},
    {.bitmap_index = 35084, .adv_w = 376, .box_w = 21, .box_h = 31, .ofs_x = 1, .ofs_y = 0},
    {.bitmap_index = 35294, .adv_w = 478, .box_w = 26, .box_h = 38, .ofs_x = 2, .ofs_y = 0},
    {.bitmap_index = 35588, .adv_w = 397, .box_w = 21, .box_h = 39, .ofs_x = 1, .ofs_y = -8},
    {.bitmap_index = 35866, .adv_w = 478, .box_w = 26, .box_h = 38, .ofs_x = 2, .ofs_y = 0},
    {.bitmap_index = 36158, .adv_w = 397, .box_w = 21, .box_h = 39, .ofs_x = 1, .ofs_y = -8},
    {.bitmap_index = 36432, .adv_w = 478, .box_w = 26, .box_h = 38, .ofs_x = 2, .ofs_y = 0},
    {.bitmap_index = 36704, .adv_w = 397, .box_w = 21, .box_h = 39, .ofs_x = 1, .ofs_y = -8},
    {.bitmap_index = 36963, .adv_w = 478, .box_w = 26, .box_h = 39, .ofs_x = 2, .ofs_y = -10},
    {.bitmap_index = 37252, .adv_w = 397, .box_w = 21, .box_h = 41, .ofs_x = 1, .ofs_y = -8},
    {.bitmap_index = 37525, .adv_w = 477, .box_w = 24, .box_h = 38, .ofs_x = 3, .ofs_y = 0},
    {.bitmap_index = 37631, .adv_w = 385, .box_w = 24, .box_h = 38, .ofs_x = -2, .ofs_y = 0},
    {.bitmap_index = 37778, .adv_w = 503, .box_w = 29, .box_h = 29, .ofs_x = 1, .ofs_y = 0},
    {.bitmap_index = 37861, .adv_w = 385, .box_w = 22, .box_h = 29, .ofs_x = 0, .ofs_y = 0},
    {.bitmap_index = 37965, .adv_w = 174, .box_w = 13, .box_h = 37, .ofs_x = -1, .ofs_y = 0},
    {.bitmap_index = 38024, .adv_w = 161, .box_w = 14, .box_h = 29, .ofs_x = -2, .ofs_y = 0},
    {.bitmap_index = 38076, .adv_w = 174, .box_w = 12, .box_h = 37, .ofs_x = -1, .ofs_y = 0},
    {.bitmap_index = 38108, .adv_w = 161, .box_w = 12, .box_h = 29, .ofs_x = -1, .ofs_y = 0},
    {.bitmap_index = 38138, .adv_w = 174, .box_w = 13, .box_h = 38, .ofs_x = -1, .ofs_y = 0},
    {.bitmap_index = 38201, .adv_w = 161, .box_w = 13, .box_h = 31, .ofs_x = -1, .ofs_y = 0},
    {.bitmap_index = 38262, .adv_w = 174, .box_w = 9, .box_h = 37, .ofs_x = 0, .ofs_y = -8},
    {.bitmap_index = 38314, .adv_w = 161, .box_w = 10, .box_h = 39, .ofs_x = -1, .ofs_y = -8},
    {.bitmap_index = 38391, .adv_w = 174, .box_w = 7, .box_h = 38, .ofs_x = 2, .ofs_y = 0},
    {.bitmap_index = 38428, .adv_w = 161, .box_w = 6, .box_h = 22, .ofs_x = 2, .ofs_y = 0},
    {.bitmap_index = 38437, .adv_w = 543, .box_w = 28, .box_h = 29, .ofs_x = 3, .ofs_y = 0},
    {.bitmap_index = 38557, .adv_w = 323, .box_w = 16, .box_h = 39, .ofs_x = 2, .ofs_y = -8},
    {.bitmap_index = 38663, .adv_w = 368, .box_w = 24, .box_h = 38, .ofs_x = 1, .ofs_y = 0},
    {.bitmap_index = 38826, .adv_w = 161, .box_w = 14, .box_h = 39, .ofs_x = -2, .ofs_y = -8},
    {.bitmap_index = 38921, .adv_w = 440, .box_w = 24, .box_h = 39, .ofs_x = 3, .ofs_y = -10},
    {.bitmap_index = 39172, .adv_w = 358, .box_w = 20, .box_h = 39, .ofs_x = 2, .ofs_y = -10},
    {.bitmap_index = 39368, .adv_w = 349, .box_w = 20, .box_h = 22, .ofs_x = 2, .ofs_y = 0},
    {.bitmap_index = 39505, .adv_w = 362, .box_w = 18, .box_h = 38, .ofs_x = 3, .ofs_y = 0},
    {.bitmap_index = 39580, .adv_w = 161, .box_w = 9, .box_h = 38, .ofs_x = 2, .ofs_y = 0},
    {.bitmap_index = 39626, .adv_w = 362, .box_w = 18, .box_h = 39, .ofs_x = 3, .ofs_y = -10},
    {.bitmap_index = 39710, .adv_w = 161, .box_w = 7, .box_h = 39, .ofs_x = 1, .ofs_y = -10},
    {.bitmap_index = 39754, .adv_w = 362, .box_w = 18, .box_h = 31, .ofs_x = 3, .ofs_y = 0},
    {.bitmap_index = 39821, .adv_w = 229, .box_w = 12, .box_h = 31, .ofs_x = 2, .ofs_y = 0},
    {.bitmap_index = 39864, .adv_w = 363, .box_w = 18, .box_h = 29, .ofs_x = 3, .ofs_y = 0},
    {.bitmap_index = 39929, .adv_w = 249, .box_w = 14, .box_h = 29, .ofs_x = 2, .ofs_y = 0},
    {.bitmap_index = 39977, .adv_w = 383, .box_w = 23, .box_h = 29, .ofs_x = 0, .ofs_y = 0},
    {.bitmap_index = 40072, .adv_w = 161, .box_w = 12, .box_h = 29, .ofs_x = -1, .ofs_y = 0},
    {.bitmap_index = 40124, .adv_w = 484, .box_w = 25, .box_h = 38, .ofs_x = 3, .ofs_y = 0},
    {.bitmap_index = 40333, .adv_w = 385, .box_w = 20, .box_h = 30, .ofs_x = 2, .ofs_y = 0},
    {.bitmap_index = 40452, .adv_w = 484, .box_w = 25, .box_h = 39, .ofs_x = 3, .ofs_y = -10},
    {.bitmap_index = 40672, .adv_w = 385, .box_w = 20, .box_h = 32, .ofs_x = 2, .ofs_y = -10},
    {.bitmap_index = 40802, .adv_w = 484, .box_w = 25, .box_h = 38, .ofs_x = 3, .ofs_y = 0},
    {.bitmap_index = 41026, .adv_w = 385, .box_w = 20, .box_h = 31, .ofs_x = 2, .ofs_y = 0},
    {.bitmap_index = 41157, .adv_w = 484, .box_w = 25, .box_h = 37, .ofs_x = 3, .ofs_y = -8},
    {.bitmap_index = 41366, .adv_w = 385, .box_w = 20, .box_h = 30, .ofs_x = 2, .ofs_y = -8},
    {.bitmap_index = 41481, .adv_w = 491, .box_w = 27, .box_h = 37, .ofs_x = 2, .ofs_y = 0},
    {.bitmap_index = 41754, .adv_w = 387, .box_w = 22, .box_h = 29, .ofs_x = 1, .ofs_y = 0},
    {.bitmap_index = 41946, .adv_w = 491, .box_w = 27, .box_h = 38, .ofs_x = 2, .ofs_y = 0},
    {.bitmap_index = 42256, .adv_w = 387, .box_w = 22, .box_h = 31, .ofs_x = 1, .ofs_y = 0},
    {.bitmap_index = 42484, .adv_w = 491, .box_w = 27, .box_h = 38, .ofs_x = 2, .ofs_y = 0},
    {.bitmap_index = 42801, .adv_w = 387, .box_w = 22, .box_h = 31, .ofs_x = 1, .ofs_y = 0},
    {.bitmap_index = 43035, .adv_w = 646, .box_w = 36, .box_h = 29, .ofs_x = 2, .ofs_y = 0},
    {.bitmap_index = 43241, .adv_w = 637, .box_w = 38, .box_h = 22, .ofs_x = 1, .ofs_y = 0},
    {.bitmap_index = 43523, .adv_w = 415, .box_w = 22, .box_h = 38, .ofs_x = 3, .ofs_y = 0},
    {.bitmap_index = 43736, .adv_w = 248, .box_w = 13, .box_h = 30, .ofs_x = 2, .ofs_y = 0},
    {.bitmap_index = 43818, .adv_w = 415, .box_w = 22, .box_h = 39, .ofs_x = 3, .ofs_y = -10},
    {.bitmap_index = 44043, .adv_w = 248, .box_w = 14, .box_h = 32, .ofs_x = 1, .ofs_y = -10},
    {.bitmap_index = 44133, .adv_w = 415, .box_w = 22, .box_h = 38, .ofs_x = 3, .ofs_y = 0},
    {.bitmap_index = 44360, .adv_w = 248, .box_w = 15, .box_h = 31, .ofs_x = 1, .ofs_y = 0},
    {.bitmap_index = 44457, .adv_w = 413, .box_w = 22, .box_h = 38, .ofs_x = 2, .ofs_y = 0},
    {.bitmap_index = 44723, .adv_w = 345, .box_w = 19, .box_h = 31, .ofs_x = 1, .ofs_y = 0},
    {.bitmap_index = 44926, .adv_w = 413, .box_w = 22, .box_h = 38, .ofs_x = 2, .ofs_y = 0},
    {.bitmap_index = 45205, .adv_w = 345, .box_w = 19, .box_h = 31, .ofs_x = 1, .ofs_y = 0},
    {.bitmap_index = 45419, .adv_w = 413, .box_w = 22, .box_h = 37, .ofs_x = 2, .ofs_y = -8},
    {.bitmap_index = 45696, .adv_w = 345, .box_w = 19, .box_h = 30, .ofs_x = 1, .ofs_y = -8},
    {.bitmap_index = 45909, .adv_w = 413, .box_w = 22, .box_h = 38, .ofs_x = 2, .ofs_y = 0},
    {.bitmap_index = 46189, .adv_w = 345, .box_w = 19, .box_h = 31, .ofs_x = 1, .ofs_y = 0},
    {.bitmap_index = 46402, .adv_w = 418, .box_w = 24, .box_h = 37, .ofs_x = 1, .ofs_y = -8},
    {.bitmap_index = 46497, .adv_w = 218, .box_w = 14, .box_h = 35, .ofs_x = 0, .ofs_y = -8},
    {.bitmap_index = 46602, .adv_w = 418, .box_w = 24, .box_h = 38, .ofs_x = 1, .ofs_y = 0},
    {.bitmap_index = 46707, .adv_w = 255, .box_w = 15, .box_h = 32, .ofs_x = 0, .ofs_y = 0},
    {.bitmap_index = 46808, .adv_w = 418, .box_w = 24, .box_h = 29, .ofs_x = 1, .ofs_y = 0},
    {.bitmap_index = 46874, .adv_w = 218, .box_w = 13, .box_h = 27, .ofs_x = 0, .ofs_y = 0},
    {.bitmap_index = 46953, .adv_w = 474, .box_w = 24, .box_h = 38, .ofs_x = 3, .ofs_y = 0},
    {.bitmap_index = 47126, .adv_w = 385, .box_w = 20, .box_h = 29, .ofs_x = 2, .ofs_y = 0},
    {.bitmap_index = 47240, .adv_w = 474, .box_w = 24, .box_h = 37, .ofs_x = 3, .ofs_y = 0},
    {.bitmap_index = 47378, .adv_w = 385, .box_w = 20, .box_h = 29, .ofs_x = 2, .ofs_y = 0},
    {.bitmap_index = 47470, .adv_w = 474, .box_w = 24, .box_h = 38, .ofs_x = 3, .ofs_y = 0},
    {.bitmap_index = 47646, .adv_w = 385, .box_w = 20, .box_h = 31, .ofs_x = 2, .ofs_y = 0},
    {.bitmap_index = 47774, .adv_w = 474, .box_w = 24, .box_h = 40, .ofs_x = 3, .ofs_y = 0},
    {.bitmap_index = 47975, .adv_w = 385, .box_w = 20, .box_h = 33, .ofs_x = 2, .ofs_y = 0},
    {.bitmap_index = 48127, .adv_w = 474, .box_w = 24, .box_h = 38, .ofs_x = 3, .ofs_y = 0},
    {.bitmap_index = 48306, .adv_w = 385, .box_w = 20, .box_h = 31, .ofs_x = 2, .ofs_y = 0},
    {.bitmap_index = 48439, .adv_w = 474, .box_w = 24, .box_h = 37, .ofs_x = 3, .ofs_y = -8},
    {.bitmap_index = 48609, .adv_w = 385, .box_w = 21, .box_h = 30, .ofs_x = 2, .ofs_y = -8},
    {.bitmap_index = 48739, .adv_w = 642, .box_w = 39, .box_h = 38, .ofs_x = 1, .ofs_y = 0},
    {.bitmap_index = 49200, .adv_w = 531, .box_w = 32, .box_h = 31, .ofs_x = 1, .ofs_y = 0},
    {.bitmap_index = 49535, .adv_w = 446, .box_w = 26, .box_h = 38, .ofs_x = 1, .ofs_y = 0},
    {.bitmap_index = 49763, .adv_w = 368, .box_w = 23, .box_h = 39, .ofs_x = 0, .ofs_y = -8},
    {.bitmap_index = 50049, .adv_w = 446, .box_w = 26, .box_h = 37, .ofs_x = 1, .ofs_y = 0},
    {.bitmap_index = 50276, .adv_w = 410, .box_w = 22, .box_h = 38, .ofs_x = 2, .ofs_y = 0},
    {.bitmap_index = 50482, .adv_w = 358, .box_w = 18, .box_h = 30, .ofs_x = 2, .ofs_y = 0},
    {.bitmap_index = 50627, .adv_w = 410, .box_w = 22, .box_h = 38, .ofs_x = 2, .ofs_y = 0},
    {.bitmap_index = 50828, .adv_w = 358, .box_w = 18, .box_h = 31, .ofs_x = 2, .ofs_y = 0},
    {.bitmap_index = 50969, .adv_w = 410, .box_w = 22, .box_h = 38, .ofs_x = 2, .ofs_y = 0},
    {.bitmap_index = 51189, .adv_w = 358, .box_w = 18, .box_h = 31, .ofs_x = 2, .ofs_y = 0},
    {.bitmap_index = 51345, .adv_w = 208, .box_w = 11, .box_h = 30, .ofs_x = 2, .ofs_y = 0},
    {.bitmap_index = 51390, .adv_w = 640, .box_w = 40, .box_h = 4, .ofs_x = 0, .ofs_y = 10},
    {.bitmap_index = 51401, .adv_w = 583, .box_w = 31, .box_h = 6, .ofs_x = 3, .ofs_y = 0},
    {.bitmap_index = 51469, .adv_w = 640, .box_w = 40, .box_h = 41, .ofs_x = 0, .ofs_y = -5},
    {.bitmap_index = 51710, .adv_w = 640, .box_w = 40, .box_h = 30, .ofs_x = 0, .ofs_y = 0},
    {.bitmap_index = 51961, .adv_w = 640, .box_w = 40, .box_h = 36, .ofs_x = 0, .ofs_y = -3},
    {.bitmap_index = 52163, .adv_w = 640, .box_w = 40, .box_h = 30, .ofs_x = 0, .ofs_y = 0},
    {.bitmap_index = 52428, .adv_w = 440, .box_w = 28, .box_h = 28, .ofs_x = 0, .ofs_y = 1},
    {.bitmap_index = 52677, .adv_w = 640, .box_w = 40, .box_h = 40, .ofs_x = 0, .ofs_y = -5},
    {.bitmap_index = 53088, .adv_w = 640, .box_w = 38, .box_h = 40, .ofs_x = 1, .ofs_y = -5},
    {.bitmap_index = 53426, .adv_w = 720, .box_w = 45, .box_h = 36, .ofs_x = 0, .ofs_y = -3},
    {.bitmap_index = 53768, .adv_w = 640, .box_w = 40, .box_h = 40, .ofs_x = 0, .ofs_y = -5},
    {.bitmap_index = 54015, .adv_w = 720, .box_w = 45, .box_h = 30, .ofs_x = 0, .ofs_y = 0},
    {.bitmap_index = 54251, .adv_w = 640, .box_w = 40, .box_h = 42, .ofs_x = 0, .ofs_y = -6},
    {.bitmap_index = 54680, .adv_w = 320, .box_w = 20, .box_h = 32, .ofs_x = 0, .ofs_y = -1},
    {.bitmap_index = 54785, .adv_w = 480, .box_w = 30, .box_h = 32, .ofs_x = 0, .ofs_y = -1},
    {.bitmap_index = 54964, .adv_w = 720, .box_w = 45, .box_h = 38, .ofs_x = 0, .ofs_y = -4},
    {.bitmap_index = 55421, .adv_w = 640, .box_w = 40, .box_h = 30, .ofs_x = 0, .ofs_y = 0},
    {.bitmap_index = 55627, .adv_w = 440, .box_w = 28, .box_h = 40, .ofs_x = 0, .ofs_y = -5},
    {.bitmap_index = 55906, .adv_w = 560, .box_w = 25, .box_h = 37, .ofs_x = 5, .ofs_y = -4},
    {.bitmap_index = 56076, .adv_w = 560, .box_w = 35, .box_h = 42, .ofs_x = 0, .ofs_y = -6},
    {.bitmap_index = 56284, .adv_w = 560, .box_w = 35, .box_h = 36, .ofs_x = 0, .ofs_y = -3},
    {.bitmap_index = 56410, .adv_w = 560, .box_w = 35, .box_h = 36, .ofs_x = 0, .ofs_y = -3},
    {.bitmap_index = 56493, .adv_w = 560, .box_w = 25, .box_h = 37, .ofs_x = 5, .ofs_y = -4},
    {.bitmap_index = 56658, .adv_w = 560, .box_w = 37, .box_h = 36, .ofs_x = -1, .ofs_y = -3},
    {.bitmap_index = 56869, .adv_w = 400, .box_w = 21, .box_h = 36, .ofs_x = 2, .ofs_y = -3},
    {.bitmap_index = 57082, .adv_w = 400, .box_w = 21, .box_h = 36, .ofs_x = 2, .ofs_y = -3},
    {.bitmap_index = 57297, .adv_w = 560, .box_w = 35, .box_h = 36, .ofs_x = 0, .ofs_y = -3},
    {.bitmap_index = 57426, .adv_w = 560, .box_w = 35, .box_h = 8, .ofs_x = 0, .ofs_y = 11},
    {.bitmap_index = 57458, .adv_w = 720, .box_w = 45, .box_h = 30, .ofs_x = 0, .ofs_y = 0},
    {.bitmap_index = 57875, .adv_w = 800, .box_w = 51, .box_h = 40, .ofs_x = -1, .ofs_y = -5},
    {.bitmap_index = 58412, .adv_w = 720, .box_w = 47, .box_h = 40, .ofs_x = -1, .ofs_y = -5},
    {.bitmap_index = 58791, .adv_w = 640, .box_w = 40, .box_h = 36, .ofs_x = 0, .ofs_y = -3},
    {.bitmap_index = 59157, .adv_w = 560, .box_w = 35, .box_h = 22, .ofs_x = 0, .ofs_y = 4},
    {.bitmap_index = 59366, .adv_w = 560, .box_w = 35, .box_h = 22, .ofs_x = 0, .ofs_y = 4},
    {.bitmap_index = 59578, .adv_w = 800, .box_w = 50, .box_h = 32, .ofs_x = 0, .ofs_y = -1},
    {.bitmap_index = 59879, .adv_w = 640, .box_w = 40, .box_h = 30, .ofs_x = 0, .ofs_y = 0},
    {.bitmap_index = 59978, .adv_w = 640, .box_w = 40, .box_h = 40, .ofs_x = 0, .ofs_y = -5},
    {.bitmap_index = 60242, .adv_w = 640, .box_w = 41, .box_h = 41, .ofs_x = -1, .ofs_y = -5},
    {.bitmap_index = 60566, .adv_w = 560, .box_w = 36, .box_h = 36, .ofs_x = 0, .ofs_y = -3},
    {.bitmap_index = 60963, .adv_w = 560, .box_w = 35, .box_h = 40, .ofs_x = 0, .ofs_y = -5},
    {.bitmap_index = 61117, .adv_w = 560, .box_w = 35, .box_h = 36, .ofs_x = 0, .ofs_y = -3},
    {.bitmap_index = 61305, .adv_w = 560, .box_w = 35, .box_h = 32, .ofs_x = 0, .ofs_y = -1},
    {.bitmap_index = 61396, .adv_w = 640, .box_w = 40, .box_h = 30, .ofs_x = 0, .ofs_y = 0},
    {.bitmap_index = 61615, .adv_w = 400, .box_w = 27, .box_h = 40, .ofs_x = -1, .ofs_y = -5},
    {.bitmap_index = 61872, .adv_w = 560, .box_w = 35, .box_h = 40, .ofs_x = 0, .ofs_y = -5},
    {.bitmap_index = 62062, .adv_w = 560, .box_w = 35, .box_h = 40, .ofs_x = 0, .ofs_y = -5},
    {.bitmap_index = 62305, .adv_w = 720, .box_w = 45, .box_h = 30, .ofs_x = 0, .ofs_y = 0},
    {.bitmap_index = 62559, .adv_w = 640, .box_w = 42, .box_h = 42, .ofs_x = -1, .ofs_y = -6},
    {.bitmap_index = 62832, .adv_w = 480, .box_w = 30, .box_h = 40, .ofs_x = 0, .ofs_y = -5},
    {.bitmap_index = 62943, .adv_w = 800, .box_w = 50, .box_h = 37, .ofs_x = 0, .ofs_y = -3},
    {.bitmap_index = 63347, .adv_w = 800, .box_w = 50, .box_h = 26, .ofs_x = 0, .ofs_y = 2},
    {.bitmap_index = 63479, .adv_w = 800, .box_w = 50, .box_h = 26, .ofs_x = 0, .ofs_y = 2},
    {.bitmap_index = 63612, .adv_w = 800, .box_w = 50, .box_h = 26, .ofs_x = 0, .ofs_y = 2},
    {.bitmap_index = 63744, .adv_w = 800, .box_w = 50, .box_h = 26, .ofs_x = 0, .ofs_y = 2},
    {.bitmap_index = 63877, .adv_w = 800, .box_w = 50, .box_h = 26, .ofs_x = 0, .ofs_y = 2},
    {.bitmap_index = 64002, .adv_w = 800, .box_w = 51, .box_h = 32, .ofs_x = 0, .ofs_y = -1},
    {.bitmap_index = 64320, .adv_w = 560, .box_w = 31, .box_h = 40, .ofs_x = 2, .ofs_y = -5},
    {.bitmap_index = 64718, .adv_w = 560, .box_w = 35, .box_h = 40, .ofs_x = 0, .ofs_y = -5},
    {.bitmap_index = 64873, .adv_w = 640, .box_w = 41, .box_h = 41, .ofs_x = -1, .ofs_y = -6},
    {.bitmap_index = 65222, .adv_w = 800, .box_w = 50, .box_h = 30, .ofs_x = 0, .ofs_y = 0},
    {.bitmap_index = 65551, .adv_w = 480, .box_w = 30, .box_h = 40, .ofs_x = 0, .ofs_y = -5},
    {.bitmap_index = 65686, .adv_w = 644, .box_w = 41, .box_h = 26, .ofs_x = 0, .ofs_y = 2}
};

/*---------------------
 *  CHARACTER MAPPING
 *--------------------*/

static const uint16_t unicode_list_4[] = {
    0x0, 0x12, 0xcfed, 0xcff4, 0xcff7, 0xcff8, 0xcff9, 0xcffd,
    0xcfff, 0xd001, 0xd005, 0xd008, 0xd00d, 0xd012, 0xd013, 0xd014,
    0xd02a, 0xd02f, 0xd034, 0xd037, 0xd038, 0xd039, 0xd03d, 0xd03e,
    0xd03f, 0xd040, 0xd053, 0xd054, 0xd05a, 0xd05c, 0xd05d, 0xd060,
    0xd063, 0xd064, 0xd065, 0xd067, 0xd07f, 0xd081, 0xd0b0, 0xd0b1,
    0xd0b3, 0xd0b5, 0xd0cc, 0xd0d3, 0xd0d6, 0xd0df, 0xd108, 0xd110,
    0xd147, 0xd1d7, 0xd22c, 0xd22d, 0xd22e, 0xd22f, 0xd230, 0xd273,
    0xd27f, 0xd2d9, 0xd2f0, 0xd546, 0xd7ae, 0xd88e
};

/*Collect the unicode lists and glyph_id offsets*/
static const lv_font_fmt_txt_cmap_t cmaps[] =
{
    {
        .range_start = 32, .range_length = 95, .glyph_id_start = 1,
        .unicode_list = NULL, .glyph_id_ofs_list = NULL, .list_length = 0, .type = LV_FONT_FMT_TXT_CMAP_FORMAT0_TINY
    },
    {
        .range_start = 160, .range_length = 13, .glyph_id_start = 96,
        .unicode_list = NULL, .glyph_id_ofs_list = NULL, .list_length = 0, .type = LV_FONT_FMT_TXT_CMAP_FORMAT0_TINY
    },
    {
        .range_start = 174, .range_length = 155, .glyph_id_start = 109,
        .unicode_list = NULL, .glyph_id_ofs_list = NULL, .list_length = 0, .type = LV_FONT_FMT_TXT_CMAP_FORMAT0_TINY
    },
    {
        .range_start = 330, .range_length = 54, .glyph_id_start = 264,
        .unicode_list = NULL, .glyph_id_ofs_list = NULL, .list_length = 0, .type = LV_FONT_FMT_TXT_CMAP_FORMAT0_TINY
    },
    {
        .range_start = 8212, .range_length = 55439, .glyph_id_start = 318,
        .unicode_list = unicode_list_4, .glyph_id_ofs_list = NULL, .list_length = 62, .type = LV_FONT_FMT_TXT_CMAP_SPARSE_TINY
    }
};

/*-----------------
 *    KERNING
 *----------------*/


/*Map glyph_ids to kern left classes*/
static const uint8_t kern_left_class_mapping[] =
{
    0, 0, 0, 1, 0, 0, 0, 2,
    1, 3, 0, 4, 5, 6, 5, 6,
    7, 8, 9, 10, 11, 12, 13, 14,
    15, 11, 8, 16, 16, 0, 17, 18,
    0, 19, 0, 0, 0, 0, 0, 0,
    0, 0, 0, 0, 0, 0, 0, 0,
    0, 0, 0, 0, 0, 0, 0, 0,
    0, 0, 0, 0, 3, 20, 0, 4,
    21, 0, 0, 0, 0, 0, 0, 0,
    0, 0, 0, 0, 0, 0, 0, 0,
    0, 0, 0, 0, 0, 0, 0, 0,
    0, 0, 0, 0, 3, 9, 0, 5,
    0, 22, 23, 0, 0, 0, 0, 0,
    0, 19, 0, 0, 0, 24, 0, 4,
    17, 0, 0, 0, 25, 9, 26, 0,
    0, 0, 27, 0, 0, 0, 28, 0,
    0, 0, 0, 0, 0, 0, 0, 0,
    0, 0, 0, 0, 0, 0, 0, 0,
    0, 0, 0, 0, 0, 0, 29, 0,
    0, 0, 0, 0, 0, 0, 0, 0,
    0, 0, 0, 0, 0, 0, 0, 0,
    0, 0, 0, 0, 0, 0, 0, 0,
    0, 0, 0, 0, 0, 0, 5, 0,
    0, 0, 0, 0, 0, 0, 0, 0,
    0, 0, 0, 0, 0, 0, 0, 0,
    0, 0, 0, 0, 0, 0, 0, 0,
    0, 0, 0, 0, 0, 0, 0, 0,
    0, 0, 0, 0, 0, 0, 0, 0,
    0, 0, 0, 0, 0, 0, 0, 0,
    0, 0, 0, 0, 0, 0, 0, 0,
    0, 0, 0, 0, 0, 0, 0, 0,
    0, 0, 0, 0, 0, 0, 0, 0,
    0, 0, 0, 0, 0, 0, 0, 0,
    0, 0, 0, 0, 0, 0, 0, 0,
    0, 0, 0, 0, 0, 0, 0, 0,
    0, 0, 0, 0, 0, 0, 0, 0,
    0, 0, 0, 0, 0, 0, 0, 0,
    0, 0, 0, 0, 0, 0, 0, 0,
    0, 0, 0, 0, 0, 0, 0, 0,
    0, 0, 0, 0, 0, 0, 0, 6,
    0, 0, 0, 0, 0, 0, 0, 0,
    0, 0, 0, 0, 0, 0, 0, 0,
    0, 0, 0, 0, 0, 0, 0, 0,
    0, 0, 0, 0, 0, 0, 0, 0,
    0, 0, 0, 0, 0, 0, 0, 0,
    0, 0, 0, 0, 0, 0, 0, 0,
    0, 0, 0, 0, 0, 0, 0, 0,
    0, 0, 0, 0
};

/*Map glyph_ids to kern right classes*/
static const uint8_t kern_right_class_mapping[] =
{
    0, 1, 2, 3, 4, 5, 0, 6,
    3, 0, 7, 8, 9, 10, 9, 10,
    11, 12, 13, 14, 15, 16, 17, 12,
    18, 19, 20, 21, 21, 22, 23, 0,
    24, 25, 0, 0, 0, 0, 0, 0,
    0, 0, 0, 0, 0, 0, 0, 0,
    0, 0, 0, 0, 0, 0, 0, 0,
    0, 0, 0, 0, 0, 26, 7, 8,
    27, 0, 0, 0, 0, 0, 0, 0,
    0, 0, 0, 0, 0, 0, 0, 0,
    0, 0, 0, 0, 0, 0, 0, 0,
    0, 0, 0, 0, 0, 28, 7, 9,
    0, 0, 29, 0, 0, 0, 0, 0,
    0, 25, 0, 30, 31, 32, 0, 8,
    23, 0, 0, 0, 0, 33, 9, 0,
    0, 0, 34, 0, 0, 0, 0, 0,
    0, 0, 0, 0, 0, 0, 0, 0,
    0, 0, 0, 0, 0, 0, 0, 0,
    0, 0, 0, 0, 0, 0, 34, 0,
    0, 0, 0, 0, 0, 0, 0, 0,
    0, 0, 0, 0, 0, 0, 0, 0,
    0, 0, 0, 0, 0, 0, 0, 0,
    0, 0, 0, 0, 0, 0, 9, 0,
    0, 0, 0, 0, 0, 0, 0, 0,
    0, 0, 0, 0, 0, 0, 0, 0,
    0, 0, 0, 0, 0, 0, 0, 0,
    0, 0, 0, 0, 0, 0, 0, 0,
    0, 0, 0, 0, 0, 0, 0, 0,
    0, 0, 0, 0, 0, 0, 0, 0,
    0, 0, 0, 0, 0, 0, 0, 0,
    0, 0, 0, 0, 0, 0, 0, 0,
    0, 0, 0, 0, 0, 0, 0, 0,
    0, 0, 0, 0, 0, 0, 0, 0,
    0, 0, 0, 0, 0, 0, 0, 0,
    0, 0, 0, 0, 0, 0, 0, 0,
    0, 0, 0, 0, 0, 0, 0, 0,
    0, 0, 0, 0, 0, 0, 0, 0,
    0, 0, 0, 0, 0, 0, 0, 0,
    0, 0, 0, 0, 0, 0, 0, 0,
    0, 0, 0, 0, 0, 0, 0, 10,
    0, 0, 0, 0, 0, 0, 0, 0,
    0, 0, 0, 0, 0, 0, 0, 0,
    0, 0, 0, 0, 0, 0, 0, 0,
    0, 0, 0, 0, 0, 0, 0, 0,
    0, 0, 0, 0, 0, 0, 0, 0,
    0, 0, 0, 0, 0, 0, 0, 0,
    0, 0, 0, 0, 0, 0, 0, 0,
    0, 0, 0, 0
};

/*Kern values between classes*/
static const int8_t kern_class_values[] =
{
    0, 0, 0, 0, 0, -22, 0, 0,
    0, -54, 0, 0, 0, 0, 0, -40,
    0, 0, 0, 0, 0, 0, 0, 0,
    0, 0, 0, 0, -11, 0, 0, 0,
    0, 0, 0, 0, -22, 0, 0, 0,
    0, 0, 0, 0, 0, 0, 0, 0,
    0, 0, 0, 0, 0, 0, 0, 0,
    0, 0, 0, -40, 0, 0, 0, 0,
    0, -14, 0, 0, 0, 0, 0, 0,
    0, 0, 0, 0, 0, 0, 0, 0,
    0, 0, 0, 0, 0, 0, 0, 0,
    0, 0, 0, 0, 0, 0, 0, 4,
    -6, 0, 0, 0, 0, 0, 0, 0,
    0, 0, 0, -22, 0, 0, 0, -87,
    0, 0, 0, 0, 0, -29, 0, 0,
    0, 0, 0, 0, 0, 0, -8, 0,
    -43, 0, 0, 0, 0, 0, 0, 0,
    0, 0, 0, 0, 0, 0, 0, 0,
    0, 0, 0, 0, 0, -19, -6, 0,
    0, -16, 0, 0, 0, 0, 0, 0,
    0, -31, 0, 0, 0, 0, 0, 0,
    -9, 0, -7, -2, -56, 0, 0, 0,
    0, 0, 0, 0, 0, -17, -56, 0,
    -16, 0, -7, -12, -16, -6, 0, 0,
    0, -56, -28, 0, 0, 0, 0, 0,
    0, 0, -32, 0, 0, 0, 0, 0,
    0, 0, 0, 0, 0, -25, 0, 0,
    0, 0, 0, 0, 0, 0, 0, 0,
    0, 0, 0, 0, 0, 2, 0, 0,
    0, 0, 0, 0, 0, 0, 0, 0,
    0, 0, 0, 0, 0, 0, 0, -17,
    0, 0, 0, 0, 0, 0, 0, -12,
    0, 0, 0, 0, 0, 0, 0, -10,
    -29, 0, 0, 0, 0, 0, 0, 0,
    0, 0, 0, 0, 0, 0, 4, 0,
    0, 0, 0, 0, 0, 0, 0, 0,
    0, 0, 0, 0, 0, 0, 0, 0,
    0, 0, 4, 0, 0, 0, 0, 0,
    0, 0, 0, 0, 0, 0, 0, 0,
    0, 0, 0, 0, 0, 0, 0, 0,
    0, -10, 0, 0, 0, 0, 0, 0,
    0, 0, 0, 0, 0, 0, 0, 0,
    0, 0, 0, 0, 0, 0, 0, 0,
    0, 0, 0, -8, 0, -14, 0, 0,
    0, 0, 0, 0, 0, 0, 0, 0,
    0, 0, 0, 0, 0, 0, 0, 0,
    0, -22, 0, 0, 0, 0, 0, 0,
    0, 0, 0, 0, 0, -16, 0, -22,
    0, 0, -17, 0, 0, 0, 0, 0,
    0, 0, 0, 0, 0, 0, 0, 0,
    0, 0, 0, 0, 0, -3, -26, 0,
    0, 0, 0, 0, 0, 0, 0, -1,
    0, -16, 0, 0, 0, 0, 0, 0,
    0, 0, 0, 0, 0, 0, 0, 0,
    0, 0, 0, 0, 0, 0, 0, -3,
    0, 0, 0, 0, 0, 0, 0, 0,
    0, 0, 0, -21, 0, 0, 0, 0,
    0, 0, 0, 0, 0, 0, 0, 0,
    0, 0, 0, 0, -29, 0, 0, 0,
    0, 0, 0, 0, 0, 0, 0, -36,
    0, -29, 0, 0, 0, -80, 0, -10,
    0, 0, -11, -37, -6, 13, -9, -6,
    -22, -58, 0, 0, 0, 0, -102, 0,
    -32, -40, 0, 0, 0, 0, 0, 0,
    0, 0, 0, 0, 0, 0, 0, 0,
    0, 0, 0, 0, 0, 0, 0, 0,
    0, 0, 0, 0, 0, 0, 0, -40,
    0, 0, 0, 0, 0, 0, 0, 0,
    0, 0, 0, 0, 0, 0, 0, 0,
    0, 0, 0, 0, 0, 0, 0, 0,
    0, 0, 0, 0, 0, 0, 0, 0,
    0, -43, 0, 0, 0, 0, 0, 0,
    0, 0, 0, 0, 0, 0, 0, 0,
    0, 0, 0, 0, 0, 0, 0, 0,
    0, 0, 0, -47, 0, 0, 0, 0,
    0, 0, 0, -47, 0, 0, 0, 0,
    0, 0, 0, 0, 0, 0, 0, 0,
    0, 0, 0, 0, 0, -28, -25, 0,
    0, 0, 0, 0, 0, 0, 0, 0,
    0, 0, 0, 0, 0, -23, -25, 0,
    0, 0, 0, -3, 0, 0, 0, 0,
    -51, 0, -3, 0, 0, -54, -22, 0,
    11, 0, -25, 0, 0, 0, 0, 0,
    0, 0, 0, -8, -32, -40, -23, -31,
    0, 0, -5, -22, -22, -45, -32, -22,
    0, 0, 0, 0, 0, 0, 0, -43,
    0, 0, 0, -29, -69, 0, -29, -36,
    -29, 0, -29, -29, 0, 0, 0, 0,
    -25, -51, 0, 22, 0, 0, 0, 0,
    -29, 0, 0, 0, 0, 0, 0, 0,
    0, 0, 0, 0, 0, 0, 0, 0,
    0, 0, 0, 0, 0, 0, 0, 0,
    0, 0, 0, -22, 0, 0, 0, 0,
    0, 0, 0, 0, 0, 0, -11, 0,
    0, 0, -7, 0, 0, 0, 0, 0,
    -22, 0, 0, 0, 0, 0, 0, 0,
    0, 0, 0, 0, 0, -35, 0, 0,
    0, 0, 0, -7, 0, 0, 0, 0,
    0, 0, 0, -22, 0, 0, 0, 0,
    0, 0, 0, 0, 0, -32, 0, 0,
    0, 0, 0, 0, 0, 0, -3, 0,
    0, 0, -18, 0, 0, 0, 0, 0,
    0, 0, 0, 0, 0, 0, 0, 0,
    -25, 0, -22, 0, 0, 0, 0, 0,
    0, 0, 0, 0, 0, -25, 0, 0,
    0, 0, -22, 0, 0, 0, -22, 0,
    0, 0, 0, 0, 0, 0, 0, 0,
    0, 0, 0, 0, 0, 0, 0, -19,
    -6, 0, 0, -16, 0, 0, 0, 0,
    0, 0, 0, -25, 0, 0, 0, 0,
    0, 0, -9, 0, 0, 0, 0, 0,
    0, 0, 0, 0, 0, 0, 0, 0,
    -25, -32, -29, 0, 0, -32, -22, 0,
    0, 0, 0, 0, 0, -40, 0, 0,
    0, 0, 0, 0, 0, 0, 0, 0,
    0, 0, 0, 0, 0, 0, 0, 0,
    0, 0, 0, 0, 0, 0, 0, 0,
    0, 0, 0, 0, 0, 0, 0, -58,
    0, 0, 0, 0, 0, 0, 0, 0,
    0, 0, 0, 0, 0, 0, 0, 0,
    0, 0, 0, 0, 0, 0, 0, 0,
    0, 0, 0, 0, 0, 0, 0, 0,
    0, -25, 0, 0, 0, 0, 0, 0,
    0, 0
};


/*Collect the kern class' data in one place*/
static const lv_font_fmt_txt_kern_classes_t kern_classes =
{
    .class_pair_values   = kern_class_values,
    .left_class_mapping  = kern_left_class_mapping,
    .right_class_mapping = kern_right_class_mapping,
    .left_class_cnt      = 29,
    .right_class_cnt     = 34,
};

/*--------------------
 *  ALL CUSTOM DATA
 *--------------------*/

#if LVGL_VERSION_MAJOR == 8
/*Store all the custom data of the font*/
static  lv_font_fmt_txt_glyph_cache_t cache;
#endif

#if LVGL_VERSION_MAJOR >= 8
static const lv_font_fmt_txt_dsc_t font_dsc = {
#else
static lv_font_fmt_txt_dsc_t font_dsc = {
#endif
    .glyph_bitmap = glyph_bitmap,
    .glyph_dsc = glyph_dsc,
    .cmaps = cmaps,
    .kern_dsc = &kern_classes,
    .kern_scale = 16,
    .cmap_num = 5,
    .bpp = 4,
    .kern_classes = 1,
    .bitmap_format = 1,
#if LVGL_VERSION_MAJOR == 8
    .cache = &cache
#endif
};



/*-----------------
 *  PUBLIC FONT
 *----------------*/

/*Initialize a public general font descriptor*/
#if LVGL_VERSION_MAJOR >= 8
const lv_font_t inter_40 = {
#else
lv_font_t inter_40 = {
#endif
    .get_glyph_dsc = lv_font_get_glyph_dsc_fmt_txt,    /*Function pointer to get glyph's data*/
    .get_glyph_bitmap = lv_font_get_bitmap_fmt_txt,    /*Function pointer to get glyph's bitmap*/
    .line_height = 50,          /*The maximum line height required by the font*/
    .base_line = 10,             /*Baseline measured from the bottom of the line*/
#if !(LVGL_VERSION_MAJOR == 6 && LVGL_VERSION_MINOR == 0)
    .subpx = LV_FONT_SUBPX_NONE,
#endif
#if LV_VERSION_CHECK(7, 4, 0) || LVGL_VERSION_MAJOR >= 8
    .underline_position = -7,
    .underline_thickness = 3,
#endif
    .dsc = &font_dsc,          /*The custom font data. Will be accessed by `get_glyph_bitmap/dsc` */
#if LV_VERSION_CHECK(8, 2, 0) || LVGL_VERSION_MAJOR >= 9
    .fallback = NULL,
#endif
    .user_data = NULL,
};



#endif /*#if INTER_40*/

