/*******************************************************************************
 * Size: 16 px
 * Bpp: 4
 * Opts: --bpp 4 --size 16 --font Inter-Medium-flat.ttf -r 0x20-0x7F,0xA0-0x17F,0x2014,0x2026 --font fa.woff -r 61441,61448,61451,61452,61452,61453,61457,61459,61461,61465,61468,61473,61478,61479,61480,61502,61507,61512,61515,61516,61517,61521,61522,61523,61524,61543,61544,61550,61552,61553,61556,61559,61560,61561,61563,61587,61589,61636,61637,61639,61641,61664,61671,61674,61683,61724,61732,61787,61931,62016,62017,62018,62019,62020,62087,62099,62212,62189,62810,63426,63650 --format lvgl -o stage/inter_16.c --force-fast-kern-format
 ******************************************************************************/

#ifdef LV_LVGL_H_INCLUDE_SIMPLE
#include "lvgl.h"
#else
#include "lvgl.h"
#endif

#ifndef INTER_16
#define INTER_16 1
#endif

#if INTER_16

/*-----------------
 *    BITMAPS
 *----------------*/

/*Store the image of the glyphs*/
static LV_ATTRIBUTE_LARGE_CONST const uint8_t glyph_bitmap[] = {
    /* U+0020 " " */

    /* U+0021 "!" */
    0x8f, 0x6f, 0x3, 0x0, 0xfe, 0x10, 0x10, 0xf,
    0x37, 0xa0, 0x20, 0x4d, 0xc7, 0x6, 0x80,

    /* U+0022 "\"" */
    0x5f, 0x57, 0xf4, 0x0, 0x84, 0x1c, 0x40, 0x4c,
    0x5, 0xc1, 0xc0, 0x21, 0x51, 0x65, 0x30,

    /* U+0023 "#" */
    0x0, 0xb2, 0x40, 0x15, 0x60, 0x18, 0xb8, 0x0,
    0xe6, 0x1, 0x8, 0x8c, 0x0, 0x5c, 0x0, 0xee,
    0x5, 0xff, 0x82, 0x78, 0x21, 0x42, 0x64, 0xc1,
    0x36, 0xc, 0x44, 0x66, 0x70, 0xb2, 0x80, 0x9,
    0x80, 0x1c, 0x40, 0x10, 0xb1, 0x8, 0x89, 0xc4,
    0x2b, 0x8d, 0xbb, 0x88, 0x8e, 0x39, 0x90, 0x45,
    0xd0, 0x3d, 0x99, 0x88, 0x19, 0x18, 0x29, 0x0,
    0x6, 0x22, 0x5, 0x2, 0x0, 0x0,

    /* U+0024 "$" */
    0x0, 0xc9, 0x40, 0x1f, 0xfc, 0x43, 0xbb, 0x2f,
    0x40, 0x4, 0x78, 0x88, 0x22, 0x3d, 0x80, 0x20,
    0x37, 0xdf, 0x15, 0xc, 0x1c, 0x8, 0x2, 0xbc,
    0x20, 0x40, 0xb3, 0x0, 0x9, 0x88, 0x42, 0xa4,
    0x24, 0x90, 0x6, 0xad, 0x61, 0x6d, 0x70, 0xc,
    0x5a, 0xba, 0x70, 0x80, 0xc8, 0x1, 0x14, 0x1,
    0x84, 0xd0, 0x80, 0x5a, 0x2, 0x10, 0x3f, 0xe7,
    0xc6, 0x16, 0x7, 0x93, 0x42, 0x23, 0x78, 0x4,
    0xdb, 0x6b, 0xd2, 0x20, 0x1c, 0x90, 0x1, 0x80,

    /* U+0025 "%" */
    0x6, 0xef, 0x80, 0xc, 0x5e, 0x80, 0x2, 0x99,
    0x53, 0xa0, 0x5, 0xcc, 0x80, 0x6, 0x7, 0x50,
    0x20, 0x3, 0x94, 0x0, 0x4e, 0x8, 0x40, 0x40,
    0x51, 0x42, 0x1, 0x1b, 0x5e, 0xa2, 0x3, 0x99,
    0x0, 0x3a, 0x7b, 0x96, 0xe, 0x50, 0x1, 0xf0,
    0x88, 0xa, 0x28, 0x5f, 0xb5, 0x0, 0x3d, 0xcc,
    0x88, 0x8b, 0x5a, 0x0, 0xe7, 0x28, 0x3, 0x25,
    0xa1, 0x30, 0x8, 0xa2, 0x84, 0x3, 0xfd, 0xcc,
    0x80, 0x3, 0x25, 0xb0, 0x30, 0x3, 0x94, 0x0,
    0x48, 0xf4, 0xf6, 0x0,

    /* U+0026 "&" */
    0x0, 0x1e, 0x7f, 0x30, 0x7, 0xb4, 0x9c, 0xa5,
    0x0, 0x31, 0x8c, 0x43, 0x43, 0x0, 0x30, 0x87,
    0x2, 0x6, 0x80, 0x62, 0x47, 0x8a, 0x45, 0x0,
    0xe8, 0x7, 0x6b, 0x0, 0xe3, 0xd1, 0x5, 0x0,
    0x42, 0x80, 0x34, 0x3e, 0x8e, 0x89, 0xc8, 0xc,
    0x58, 0x56, 0x17, 0xc0, 0xc0, 0x40, 0xc0, 0xe,
    0x84, 0x44, 0x2, 0x54, 0xb8, 0xb4, 0x2, 0x20,
    0x2, 0x9d, 0x9d, 0x5f, 0x47, 0xc0,

    /* U+0027 "'" */
    0x5f, 0x50, 0x8, 0x40, 0x5c, 0x1c, 0x54, 0x40,

    /* U+0028 "(" */
    0x0, 0x3e, 0x8, 0xc, 0x38, 0x83, 0x87, 0x0,
    0x34, 0x14, 0x0, 0x86, 0x0, 0x30, 0x40, 0x3,
    0x87, 0x80, 0x8, 0x8, 0x3, 0xe2, 0x2, 0x0,
    0x30, 0x68, 0x0, 0x85, 0x0, 0x27, 0x13, 0x0,
    0x58, 0x50, 0x0, 0x95, 0x84,

    /* U+0029 ")" */
    0x2c, 0x60, 0x1, 0xc, 0x0, 0x56, 0x2a, 0x0,
    0x40, 0xc0, 0x1, 0xa, 0x0, 0x48, 0x42, 0x0,
    0x30, 0x20, 0x7, 0x3, 0x80, 0x7d, 0xc0, 0xe0,
    0x2, 0x3, 0x0, 0x21, 0x80, 0x10, 0x2c, 0x1,
    0xc0, 0xc0, 0x2a, 0xc2, 0x0,

    /* U+002A "*" */
    0x0, 0x36, 0x0, 0x4e, 0xa0, 0xe5, 0x40, 0xb,
    0xb2, 0xe8, 0xb, 0xc1, 0xa, 0xd0, 0xdc, 0x29,
    0xb7, 0xc, 0x7e, 0x3e, 0x50, 0x98, 0x91, 0x82,
    0x0,

    /* U+002B "+" */
    0x0, 0x9b, 0xc4, 0x3, 0xff, 0x80, 0x24, 0x4e,
    0x2, 0x28, 0x27, 0x74, 0xe1, 0x9b, 0xa3, 0xaa,
    0x98, 0x26, 0xa8, 0x64, 0xaa, 0xf0, 0x75, 0x50,
    0x7, 0xff, 0x4, 0xc8, 0x3, 0x0,

    /* U+002C "," */
    0x3, 0xa4, 0xb, 0x57, 0x2, 0x13, 0x6, 0x40,
    0x1, 0xf8, 0x0,

    /* U+002D "-" */
    0x78, 0x8c, 0x52, 0xef, 0x98,

    /* U+002E "." */
    0x4, 0x9, 0xb7, 0xf0, 0x30,

    /* U+002F "/" */
    0x0, 0x87, 0xdc, 0x2, 0x40, 0x40, 0xb, 0x4,
    0xc0, 0x27, 0x40, 0x8, 0x87, 0x0, 0x24, 0x4,
    0x0, 0xb0, 0x88, 0x1, 0x22, 0x0, 0x23, 0x1c,
    0x0, 0x90, 0x10, 0x2, 0xb3, 0x10, 0x8, 0xd0,
    0x2, 0x40, 0xc0, 0xb, 0x1, 0x0, 0x20,

    /* U+0030 "0" */
    0x0, 0xd, 0x77, 0xe1, 0x80, 0x6c, 0x54, 0x62,
    0xc3, 0x0, 0x39, 0x45, 0x4e, 0x7, 0x80, 0x28,
    0x1c, 0x0, 0x48, 0x64, 0x4, 0x60, 0x1b, 0x1,
    0xc4, 0x18, 0x3, 0x10, 0x18, 0x7, 0xf8, 0x41,
    0x80, 0x31, 0x1, 0x81, 0x18, 0x6, 0xc0, 0x70,
    0xa0, 0x70, 0x1, 0x21, 0x10, 0x1c, 0xa2, 0xa7,
    0x2, 0x40, 0x2c, 0x54, 0x62, 0xb4, 0x0,

    /* U+0031 "1" */
    0x0, 0x37, 0xf9, 0x42, 0xa4, 0x40, 0x8, 0xb1,
    0x0, 0x3, 0x63, 0x80, 0x44, 0x60, 0x1f, 0xfe,
    0x20,

    /* U+0032 "2" */
    0x3, 0xbf, 0xea, 0x20, 0x3c, 0x56, 0x45, 0xc1,
    0x80, 0xc9, 0xaa, 0xb, 0x1b, 0x90, 0x1, 0x3,
    0xa2, 0x0, 0x12, 0x7, 0x80, 0x61, 0xb1, 0x60,
    0x8, 0x70, 0x74, 0x3, 0x69, 0x51, 0x80, 0x58,
    0x74, 0xa0, 0x15, 0x9c, 0xa8, 0x5, 0x48, 0x3f,
    0x33, 0x3a, 0x0, 0xb3, 0x6a,

    /* U+0033 "3" */
    0x0, 0x1d, 0xff, 0xb1, 0x0, 0x24, 0xc5, 0x66,
    0x15, 0x98, 0x3, 0xc3, 0xe6, 0x5a, 0x12, 0x0,
    0xae, 0x10, 0x1, 0x0, 0x61, 0x10, 0x11, 0xd0,
    0x48, 0x6, 0x2d, 0xc4, 0xa3, 0x0, 0xc5, 0x52,
    0x54, 0xc0, 0x1c, 0xad, 0xa3, 0x20, 0x5, 0x40,
    0xc, 0xa0, 0x21, 0x76, 0x10, 0x0, 0xa8, 0x88,
    0x20, 0x3e, 0xa9, 0xe3, 0x0, 0x6, 0xb2, 0x55,
    0x15, 0xb0, 0x0,

    /* U+0034 "4" */
    0x0, 0xe6, 0xff, 0x8, 0x7, 0xc, 0x0, 0x7e,
    0xb1, 0x40, 0xf, 0x22, 0xb9, 0x0, 0x7a, 0x4a,
    0x0, 0x3d, 0x5, 0x20, 0x1e, 0x27, 0x54, 0x0,
    0xf4, 0x85, 0x80, 0x78, 0x50, 0x3b, 0xfc, 0xc1,
    0xd4, 0x2e, 0xfc, 0x60, 0xde, 0x11, 0x1c, 0xa1,
    0xa, 0x1, 0xfe,

    /* U+0035 "5" */
    0x4, 0xff, 0xf1, 0x81, 0x2, 0xbb, 0xe2, 0xe,
    0x8, 0x8e, 0x10, 0x10, 0x20, 0xf, 0x10, 0x47,
    0x7d, 0x10, 0x1, 0x81, 0x19, 0x55, 0x82, 0x1b,
    0xd9, 0x14, 0xe2, 0xc0, 0x1, 0x0, 0xa0, 0x30,
    0x10, 0x80, 0x3e, 0xac, 0x0, 0x9c, 0x30, 0x24,
    0x7a, 0x6e, 0x9, 0xc1, 0xe4, 0x99, 0x5b, 0x0,

    /* U+0036 "6" */
    0x0, 0xa3, 0xbf, 0x58, 0x3, 0x5b, 0xab, 0x1c,
    0xb8, 0x1, 0x52, 0x2e, 0x78, 0x64, 0x1, 0xc2,
    0xe0, 0x21, 0xdc, 0x0, 0x22, 0xb7, 0x73, 0xe0,
    0x3, 0x2c, 0xcc, 0x6f, 0x0, 0x20, 0x36, 0xed,
    0xa2, 0xe0, 0x20, 0x28, 0x0, 0x17, 0x2, 0x1,
    0x0, 0xe3, 0x0, 0x9c, 0x58, 0x0, 0x4a, 0x44,
    0x8, 0x19, 0xa9, 0xc0, 0x90, 0x0, 0xfa, 0xa3,
    0x15, 0xa0, 0x0,

    /* U+0037 "7" */
    0x4f, 0xff, 0x9d, 0x9b, 0xc6, 0x2, 0x53, 0x3c,
    0x20, 0xc0, 0x1c, 0xa4, 0xe0, 0x1e, 0x80, 0x90,
    0xe, 0x52, 0x71, 0x0, 0xe8, 0x9, 0x0, 0xe5,
    0x26, 0x10, 0xe, 0x90, 0x80, 0xe, 0x43, 0x61,
    0x0, 0xe8, 0x8, 0x0, 0xe4, 0x36, 0x10, 0xc,

    /* U+0038 "8" */
    0x0, 0x1d, 0xff, 0xb1, 0x0, 0x23, 0xc5, 0x67,
    0x2b, 0x40, 0x5, 0x6, 0xcc, 0x60, 0x70, 0x6,
    0x20, 0x1, 0x0, 0x6a, 0xa, 0x33, 0x58, 0x70,
    0x0, 0xe9, 0x33, 0x9, 0x28, 0x0, 0x4a, 0x29,
    0x91, 0xca, 0x80, 0x28, 0x75, 0x99, 0x83, 0x60,
    0x22, 0x50, 0xc, 0x82, 0x42, 0xa, 0x20, 0x12,
    0x1, 0x4, 0x8f, 0xc4, 0x34, 0x60, 0x0, 0xd4,
    0x4e, 0xe1, 0xa7, 0x0,

    /* U+0039 "9" */
    0x0, 0x26, 0x7f, 0xa8, 0x80, 0x25, 0xb2, 0x65,
    0x56, 0x10, 0x2, 0x7, 0x26, 0xb0, 0x60, 0x4,
    0x90, 0x80, 0x6, 0x65, 0x1, 0x6, 0x0, 0xc4,
    0x4, 0xa, 0x74, 0x66, 0xc1, 0x0, 0xa9, 0x17,
    0x30, 0xcc, 0x0, 0xd7, 0xb7, 0xb4, 0x60, 0x41,
    0xe, 0x48, 0x40, 0xa6, 0x0, 0x38, 0x30, 0x3,
    0x85, 0x0, 0x20, 0x32, 0xae, 0xd, 0x80, 0x7,
    0x86, 0xaa, 0x6d, 0x0, 0x0,

    /* U+003A ":" */
    0x4, 0x9, 0xb7, 0xe0, 0x27, 0xf5, 0x0, 0xf9,
    0x2, 0x6d, 0xfc, 0xc,

    /* U+003B ";" */
    0x0, 0x20, 0x83, 0x5d, 0x80, 0x83, 0x41, 0x3d,
    0xc0, 0x3f, 0xf8, 0x27, 0x48, 0x16, 0xae, 0x4,
    0x26, 0xc, 0x80, 0x3, 0xf0,

    /* U+003C "<" */
    0x0, 0xff, 0xe1, 0x2e, 0x0, 0x66, 0xda, 0x10,
    0x3, 0x6c, 0x84, 0xea, 0xf4, 0x8d, 0x6b, 0x7,
    0x89, 0xea, 0x80, 0x56, 0xc7, 0xd4, 0x40, 0x1,
    0x9e, 0x75, 0xdb, 0x40, 0x0, 0xc7, 0x3a, 0x50,
    0x6, 0x18, 0xe9,

    /* U+003D "=" */
    0x5f, 0xff, 0x9d, 0x9b, 0xe2, 0x99, 0xf8, 0xa2,
    0x3e, 0x77, 0xfc,

    /* U+003E ">" */
    0x0, 0xfe, 0x3b, 0x30, 0xf, 0x93, 0x2c, 0xc0,
    0x31, 0xf3, 0xa6, 0x59, 0x80, 0x43, 0x1f, 0xb,
    0x96, 0x40, 0x19, 0xe8, 0x51, 0xc0, 0x25, 0xcb,
    0x9, 0x50, 0x6d, 0xa1, 0x9e, 0x60, 0x39, 0x9,
    0xd6, 0x0, 0x86, 0xb5, 0x80, 0x38,

    /* U+003F "?" */
    0x1, 0xae, 0xfc, 0x40, 0x6, 0x2a, 0x39, 0x59,
    0x98, 0x9a, 0xa2, 0x82, 0x8b, 0x20, 0x0, 0xe0,
    0x1, 0x31, 0x0, 0x78, 0x60, 0x4, 0x5a, 0x6e,
    0xa0, 0x14, 0x95, 0xc0, 0x6, 0x44, 0x80, 0x3a,
    0xe0, 0x3, 0xce, 0x40, 0x1c, 0x79, 0xe0, 0x1c,
    0x42, 0xa0, 0x10,

    /* U+0040 "@" */
    0x0, 0xc7, 0x3b, 0xdf, 0xb2, 0x40, 0x1e, 0x8c,
    0x74, 0x99, 0x2b, 0xeb, 0x80, 0x68, 0x77, 0x74,
    0xbb, 0x47, 0x3c, 0x30, 0x0, 0xdd, 0xd0, 0x1,
    0xc3, 0xb, 0x22, 0x14, 0x10, 0x7, 0xbf, 0xea,
    0xe1, 0xb0, 0x70, 0x75, 0x1, 0xd1, 0xa8, 0x50,
    0x0, 0x9e, 0x80, 0x90, 0x30, 0xea, 0xbb, 0x80,
    0x26, 0x71, 0xe, 0xe, 0x31, 0x0, 0x68, 0x4,
    0x60, 0x20, 0x20, 0x1, 0x0, 0xf8, 0xdc, 0x7,
    0x43, 0xc8, 0x40, 0x1a, 0x1, 0x39, 0x82, 0x20,
    0x1c, 0x69, 0x1d, 0x82, 0x5c, 0xac, 0x38, 0x60,
    0x75, 0xee, 0xb5, 0xda, 0x60, 0xc1, 0x15, 0xdc,
    0x79, 0xfa, 0x71, 0xdc, 0x70, 0xa, 0x96, 0x3a,
    0x59, 0x8f, 0x4c, 0x1, 0xea, 0xc7, 0x49, 0x98,
    0x8, 0x2,

    /* U+0041 "A" */
    0x0, 0xd5, 0xfc, 0x1, 0xf9, 0x44, 0x48, 0x1,
    0xe5, 0x9, 0xd, 0x0, 0xf7, 0x83, 0x13, 0x80,
    0x79, 0x48, 0x54, 0x54, 0x3, 0x28, 0x28, 0x58,
    0x78, 0x6, 0xe0, 0xb0, 0x31, 0x50, 0x8, 0x50,
    0x2e, 0x20, 0x60, 0xa0, 0x7, 0x0, 0x3b, 0xc4,
    0x1c, 0x0, 0xd0, 0xcf, 0xfc, 0x48, 0x22, 0x42,
    0x30, 0xc, 0xa0, 0xee, 0x5, 0x0, 0xea, 0xa,

    /* U+0042 "B" */
    0xbf, 0xfd, 0xd2, 0x20, 0x13, 0x3b, 0x13, 0x68,
    0x5, 0x10, 0x9c, 0x43, 0x20, 0xf, 0x10, 0x6,
    0x31, 0x26, 0x62, 0x10, 0x3, 0x7b, 0x65, 0x28,
    0x2, 0xab, 0xb4, 0x27, 0x88, 0x1, 0x12, 0x7a,
    0x19, 0x0, 0xf2, 0x1, 0x0, 0x79, 0x0, 0xc0,
    0x11, 0x32, 0xba, 0xb, 0x0, 0x33, 0x48, 0x8c,
    0x20,

    /* U+0043 "C" */
    0x0, 0x92, 0xfb, 0xf1, 0x80, 0x33, 0xda, 0x2a,
    0x14, 0xd8, 0x0, 0xe0, 0xb6, 0xed, 0xca, 0x8e,
    0x12, 0x1c, 0x40, 0x15, 0xe, 0x2, 0x91, 0x80,
    0x77, 0x58, 0x83, 0x0, 0x7f, 0xf1, 0xc4, 0x18,
    0x3, 0xf9, 0x48, 0xc0, 0x30, 0xf6, 0x4, 0x87,
    0x8, 0x5, 0x63, 0x40, 0x70, 0x5d, 0x76, 0xe5,
    0x46, 0x0, 0x3d, 0xa2, 0xa1, 0x4d, 0x80,

    /* U+0044 "D" */
    0xbf, 0xfd, 0xb0, 0x20, 0x19, 0x59, 0x41, 0xfc,
    0x80, 0x2b, 0x9a, 0xda, 0x1e, 0x0, 0xf9, 0x54,
    0x68, 0x1, 0xf7, 0x6, 0x0, 0x7c, 0xc0, 0x40,
    0x1f, 0xc6, 0x1, 0xf3, 0x0, 0x80, 0x7d, 0xc1,
    0x60, 0x1e, 0x55, 0x19, 0x80, 0x17, 0x35, 0xb4,
    0x3c, 0x1, 0x2b, 0x28, 0x3f, 0x90, 0x0,

    /* U+0045 "E" */
    0xbf, 0xff, 0x50, 0x1, 0x9b, 0xbc, 0x1, 0x13,
    0x39, 0x40, 0x3f, 0xf8, 0xd1, 0x33, 0x88, 0x0,
    0xcd, 0xc2, 0x0, 0xef, 0xfc, 0x60, 0x1f, 0xfc,
    0x68, 0x99, 0xcc, 0x0, 0x66, 0xec,

    /* U+0046 "F" */
    0xbf, 0xff, 0x40, 0x1, 0x9b, 0xb0, 0x1, 0x13,
    0x39, 0x0, 0x3f, 0xf8, 0xd1, 0x33, 0x80, 0x26,
    0x6e, 0x0, 0xbb, 0xff, 0x0, 0x7f, 0xf5, 0x40,

    /* U+0047 "G" */
    0x0, 0x92, 0xfb, 0xf1, 0x80, 0x39, 0xed, 0x15,
    0xa, 0x68, 0x2, 0x38, 0x2d, 0xbb, 0x72, 0x2b,
    0x0, 0x24, 0x38, 0x80, 0x2a, 0x1a, 0x0, 0x29,
    0x18, 0x6, 0x1e, 0xc0, 0x10, 0x60, 0xf, 0xfe,
    0x1c, 0x7f, 0xe0, 0x10, 0x60, 0xb, 0x1d, 0xc2,
    0x1, 0x21, 0x18, 0x1, 0x22, 0x0, 0x20, 0xf,
    0xe, 0x20, 0xa, 0x45, 0x80, 0x9, 0x5, 0xb9,
    0x7c, 0xc7, 0x0, 0x13, 0xda, 0x12, 0x1c, 0x60,
    0x0,

    /* U+0048 "H" */
    0xbf, 0x10, 0xc, 0x5f, 0x40, 0x1f, 0xfd, 0xee,
    0xff, 0xda, 0x1, 0x99, 0xb9, 0x40, 0x34, 0x4c,
    0xe8, 0x0, 0xff, 0xef, 0x0,

    /* U+0049 "I" */
    0xbf, 0x10, 0xf, 0xfe, 0xa8,

    /* U+004A "J" */
    0x0, 0xf6, 0xf0, 0x7, 0xff, 0x90, 0x50, 0x80,
    0x39, 0x6e, 0x80, 0x23, 0x5, 0x3, 0x0, 0x10,
    0xa8, 0xa2, 0x2e, 0x70, 0x3c, 0x2d, 0xd5, 0x8a,
    0x90,

    /* U+004B "K" */
    0xbf, 0x10, 0x8, 0xff, 0x88, 0x3, 0x8b, 0x43,
    0x48, 0x3, 0xf, 0x8d, 0x18, 0x7, 0x69, 0x42,
    0x80, 0x75, 0x1b, 0xb8, 0x3, 0x99, 0x42, 0xc0,
    0x3d, 0x8, 0x1c, 0x1, 0xe4, 0xb6, 0x28, 0x0,
    0xea, 0x9, 0x27, 0x30, 0xf, 0xb8, 0x38, 0x3,
    0xe3, 0x72, 0x80, 0xf, 0xa0, 0x9c, 0xc0,

    /* U+004C "L" */
    0xbf, 0x10, 0xf, 0xff, 0xf8, 0x6, 0x89, 0x9c,
    0x60, 0x6, 0x6f, 0x0,

    /* U+004D "M" */
    0xbf, 0xf0, 0x80, 0x73, 0xff, 0x94, 0x2, 0x60,
    0xe, 0xa0, 0xe, 0x2a, 0x0, 0xc6, 0x46, 0x1,
    0x94, 0x8c, 0x2, 0xa0, 0x40, 0xd, 0x61, 0x40,
    0x13, 0x9f, 0x80, 0x63, 0x17, 0x0, 0x20, 0xd8,
    0x7, 0x98, 0x50, 0x38, 0x18, 0x3, 0xd4, 0x1c,
    0xa, 0x82, 0x1, 0xe2, 0x34, 0x40, 0x70, 0x7,
    0xea, 0x18, 0x5, 0x0, 0xfc, 0xc0, 0x6c, 0x1,
    0xfe, 0x50, 0xa0, 0xe,

    /* U+004E "N" */
    0xbf, 0xa0, 0xe, 0xfd, 0x0, 0x2a, 0x0, 0x7e,
    0x29, 0x0, 0xfd, 0x64, 0xe0, 0x1f, 0x39, 0x41,
    0x0, 0x7d, 0xc1, 0x20, 0x1f, 0x1a, 0xa2, 0x80,
    0x7d, 0x63, 0x60, 0x1f, 0xc, 0xb, 0x80, 0x7c,
    0xc7, 0x22, 0x1, 0xf7, 0x88, 0x80, 0x3e, 0x37,
    0x0, 0x0,

    /* U+004F "O" */
    0x0, 0x92, 0xfb, 0xf1, 0x80, 0x39, 0xed, 0x15,
    0xa, 0x6c, 0x2, 0x38, 0x2d, 0xbb, 0x72, 0xa3,
    0x80, 0x24, 0x38, 0x80, 0x2a, 0x19, 0x0, 0x29,
    0x18, 0x7, 0x38, 0x98, 0x83, 0x0, 0x7b, 0xc1,
    0x80, 0x3f, 0xf8, 0x2, 0xc, 0x1, 0xef, 0x6,
    0x5, 0x23, 0x0, 0xe7, 0x13, 0x9, 0xe, 0x20,
    0xa, 0x85, 0x80, 0x7, 0x5, 0xb7, 0x6e, 0x54,
    0x80, 0x9, 0xed, 0x15, 0xa, 0x6c, 0x0,

    /* U+0050 "P" */
    0xbf, 0xfd, 0xb0, 0x1, 0x99, 0xd8, 0x1e, 0xc0,
    0x28, 0x84, 0xe9, 0xa1, 0x80, 0x7a, 0x81, 0x0,
    0x3f, 0xf8, 0x7a, 0x8, 0x0, 0x88, 0x4e, 0xa2,
    0xc, 0x0, 0xce, 0xc6, 0xf6, 0x1, 0x77, 0xfb,
    0xa0, 0x3, 0xff, 0xa2,

    /* U+0051 "Q" */
    0x0, 0x92, 0xfb, 0xf1, 0x80, 0x39, 0xed, 0x15,
    0xa, 0x6c, 0x2, 0x38, 0x2d, 0xbb, 0x72, 0xa4,
    0x0, 0x24, 0x38, 0x80, 0x2a, 0x16, 0x0, 0x29,
    0x18, 0x7, 0x38, 0x98, 0x83, 0x0, 0x7b, 0xc1,
    0x80, 0x3f, 0xf8, 0x2, 0xc, 0x1, 0xef, 0x6,
    0x5, 0x23, 0x1, 0xe9, 0x7, 0x3, 0x9, 0xe,
    0x21, 0xb6, 0xd1, 0x70, 0x1, 0xc1, 0x6d, 0xf0,
    0x12, 0x40, 0x4, 0xf6, 0x8a, 0x86, 0x4c, 0x1,
    0xc9, 0x7d, 0xf9, 0xe5, 0x40,

    /* U+0052 "R" */
    0xbf, 0xfd, 0xd0, 0x1, 0x99, 0xd8, 0x9f, 0x0,
    0x28, 0x84, 0xe2, 0x1a, 0x0, 0x7b, 0x80, 0xc0,
    0x3c, 0x60, 0x20, 0x1c, 0x70, 0x8, 0x0, 0xef,
    0xf6, 0xc, 0x10, 0x1, 0x98, 0x80, 0xce, 0x1,
    0x44, 0xd8, 0xb0, 0x80, 0x7a, 0x2, 0x0, 0x3c,
    0xc4, 0xc4, 0x1, 0xe8, 0x8,

    /* U+0053 "S" */
    0x0, 0x1d, 0x77, 0xeb, 0x80, 0x47, 0x8a, 0x8c,
    0x11, 0x60, 0x8, 0xc, 0xa9, 0xd4, 0x41, 0x83,
    0x81, 0x80, 0x55, 0x84, 0x8, 0x16, 0x40, 0x1,
    0x31, 0x8, 0x54, 0xdd, 0x49, 0x0, 0x6a, 0xd8,
    0x16, 0xd8, 0x0, 0xc4, 0xf9, 0xa6, 0xe8, 0x2e,
    0xa0, 0x11, 0x40, 0x18, 0xc5, 0x88, 0x5, 0xc0,
    0x41, 0x3, 0xd5, 0x4d, 0x53, 0x50, 0x7b, 0x44,
    0x28, 0x3e, 0x0,

    /* U+0054 "T" */
    0x4f, 0xff, 0xd8, 0xcd, 0x88, 0x19, 0xaa, 0x29,
    0x99, 0xc2, 0xe6, 0x4c, 0x1, 0xff, 0xff, 0x0,
    0xff, 0xe1, 0x80,

    /* U+0055 "U" */
    0xbf, 0x10, 0xc, 0x7f, 0x20, 0x1f, 0xff, 0x91,
    0x20, 0x50, 0xc, 0xa1, 0xf8, 0x10, 0x20, 0x2,
    0x80, 0x55, 0x8f, 0xae, 0xda, 0x2e, 0x41, 0x52,
    0x68, 0x83, 0xa8, 0x0,

    /* U+0056 "V" */
    0x6f, 0x70, 0xe, 0x2f, 0xc7, 0xa, 0x0, 0xe5,
    0xa, 0x14, 0x22, 0x0, 0x6b, 0x7, 0xe, 0xa,
    0x0, 0x88, 0xd0, 0x41, 0x41, 0x40, 0x25, 0xd,
    0x0, 0x94, 0x8c, 0x1, 0x60, 0xe0, 0x17, 0x85,
    0x81, 0x1a, 0x8, 0x4, 0xa0, 0xa0, 0x81, 0xc0,
    0x1c, 0xc4, 0x4d, 0x5, 0x0, 0xed, 0x5, 0x45,
    0x0, 0xf2, 0xc, 0x87, 0x80, 0x7c, 0xe2, 0xa,
    0x1, 0x0,

    /* U+0057 "W" */
    0x7f, 0x60, 0x8, 0x7f, 0xc4, 0x1, 0x2f, 0xc2,
    0x6, 0x0, 0x48, 0x0, 0x40, 0xb, 0x3, 0xc,
    0x50, 0x2, 0xc0, 0x1c, 0x0, 0x90, 0x10, 0x10,
    0x48, 0x0, 0x86, 0xa8, 0x0, 0x12, 0x40, 0x6,
    0x2, 0x0, 0x92, 0x18, 0x90, 0x20, 0x60, 0x1,
    0x3, 0xc1, 0x3, 0x30, 0x8, 0x18, 0x8, 0x0,
    0x21, 0x40, 0xc0, 0x54, 0xc, 0x4, 0x13, 0x0,
    0x9c, 0x85, 0xc, 0x41, 0x1c, 0x49, 0x0, 0x36,
    0x2, 0x12, 0x0, 0x30, 0x90, 0x30, 0x3, 0x20,
    0x70, 0x60, 0x1, 0x3, 0x81, 0x0, 0x30, 0x92,
    0x2, 0x0, 0xc, 0x10, 0x48, 0x3, 0x90, 0xc,
    0x3, 0x20, 0x38, 0x4,

    /* U+0058 "X" */
    0xe, 0xf2, 0x0, 0xd9, 0xe6, 0x14, 0x1c, 0x1,
    0x39, 0xb9, 0x82, 0x31, 0xb0, 0x14, 0x14, 0x0,
    0x52, 0x32, 0x3c, 0x1c, 0x1, 0xd4, 0x1a, 0x6e,
    0x60, 0x1c, 0x8a, 0x65, 0x0, 0x1f, 0x30, 0x11,
    0x0, 0x3d, 0x6, 0xc1, 0xc0, 0x1c, 0x6e, 0x72,
    0xc6, 0xe0, 0x1b, 0x83, 0x82, 0x46, 0x8, 0x1,
    0x5, 0x4, 0x0, 0xa0, 0xe0, 0x37, 0x37, 0x0,
    0x91, 0x4d, 0xc0,

    /* U+0059 "Y" */
    0x4f, 0xc0, 0xe, 0x9f, 0x74, 0x41, 0xa8, 0x4,
    0x4c, 0x4e, 0x12, 0x16, 0x1, 0x48, 0x48, 0x0,
    0x9c, 0x5c, 0x11, 0xa, 0x80, 0x14, 0xc, 0xc,
    0x85, 0x80, 0x75, 0x86, 0x94, 0x8, 0x7, 0x2a,
    0x19, 0x38, 0x7, 0xdc, 0x14, 0x1, 0xff, 0xe4,

    /* U+005A "Z" */
    0x1f, 0xff, 0xc8, 0x2e, 0xfe, 0x0, 0x28, 0x44,
    0x77, 0x84, 0x88, 0x7, 0x1c, 0x1b, 0x0, 0x7b,
    0x83, 0x80, 0x3d, 0x5, 0x4, 0x1, 0xc6, 0xe6,
    0xe0, 0x1e, 0xf0, 0xe0, 0xf, 0x39, 0xc1, 0x0,
    0x71, 0x42, 0x38, 0x7, 0xb8, 0x6, 0x23, 0x88,
    0xc, 0x15, 0xdf, 0xc0,

    /* U+005B "[" */
    0x1, 0x19, 0x7b, 0xa0, 0x3, 0xd8, 0x3, 0x10,
    0x3, 0xff, 0xb4, 0x44, 0x0, 0x4e, 0xa5, 0xdc,

    /* U+005C "\\" */
    0x8f, 0x0, 0xd8, 0x8, 0x1, 0x20, 0x60, 0x6,
    0x34, 0x0, 0xd6, 0x62, 0x1, 0x20, 0x20, 0x4,
    0x63, 0x80, 0x19, 0x10, 0x1, 0xb0, 0x88, 0x1,
    0x20, 0x20, 0x4, 0x43, 0x80, 0x19, 0xd0, 0x3,
    0x60, 0x98, 0x4, 0x80, 0x80,

    /* U+005D "]" */
    0x1, 0x18, 0x7, 0xba, 0x41, 0xb6, 0x0, 0x93,
    0xc0, 0x3f, 0xfc, 0x84, 0x20, 0x1, 0xd8, 0x0,
    0xd, 0xdc, 0xa0,

    /* U+005E "^" */
    0x0, 0x27, 0xe8, 0x7, 0x79, 0x92, 0x80, 0x46,
    0x90, 0xb0, 0x1, 0x49, 0xa4, 0x12, 0x1, 0x2c,
    0x81, 0x24, 0x0,

    /* U+005F "_" */
    0x88, 0xf8, 0xdd, 0xfe, 0x50,

    /* U+0060 "`" */
    0x45, 0x0, 0x3d, 0x28, 0x1b, 0x40, 0x0,

    /* U+0061 "a" */
    0x0, 0x46, 0xfe, 0xb8, 0x2, 0xdd, 0xd0, 0xd1,
    0x0, 0xe9, 0xa7, 0xb2, 0x50, 0x56, 0x24, 0x72,
    0x30, 0x6e, 0xdb, 0xb0, 0x88, 0xa4, 0xb3, 0xf0,
    0x81, 0x82, 0x8c, 0x4, 0xc1, 0x42, 0x1d, 0xd8,
    0x20, 0x36, 0x71, 0x50, 0xa0,

    /* U+0062 "b" */
    0xde, 0x0, 0xff, 0xe7, 0x9e, 0xfe, 0xa8, 0x6,
    0xd4, 0x73, 0xa4, 0x0, 0xd, 0xcc, 0x60, 0x40,
    0x4, 0xa0, 0x2, 0x43, 0x0, 0x10, 0x6, 0x10,
    0x10, 0x20, 0xc, 0x20, 0x20, 0x6, 0x0, 0x12,
    0x18, 0x0, 0x62, 0x63, 0x2, 0x0, 0x7, 0xa8,
    0xe7, 0x48, 0x0,

    /* U+0063 "c" */
    0x0, 0x26, 0x7f, 0x50, 0x80, 0x12, 0xc9, 0xdc,
    0xb8, 0x0, 0x90, 0xf8, 0x99, 0x1, 0x91, 0x14,
    0x40, 0xd, 0xa6, 0x20, 0x40, 0x1e, 0x10, 0x20,
    0xf, 0x11, 0x10, 0x40, 0xb, 0xc8, 0x10, 0x3f,
    0x13, 0x46, 0x80, 0xb6, 0x4e, 0xe5, 0xc0,

    /* U+0064 "d" */
    0x0, 0xfb, 0xec, 0x3, 0xff, 0x90, 0xdb, 0xf8,
    0x40, 0x13, 0x49, 0xbb, 0x78, 0x5, 0x3, 0xf1,
    0x54, 0x0, 0x10, 0xa0, 0x80, 0x18, 0x0, 0x20,
    0x40, 0x10, 0x80, 0x4, 0x8, 0x2, 0x10, 0x1,
    0xa, 0x88, 0x2, 0x40, 0x28, 0xf, 0x8a, 0x50,
    0x9, 0xa4, 0xdd, 0xbc, 0x0,

    /* U+0065 "e" */
    0x0, 0x26, 0x7f, 0x48, 0x4, 0x96, 0x2e, 0x8d,
    0x80, 0x9, 0x1c, 0x8a, 0x83, 0x42, 0x23, 0x80,
    0x89, 0x43, 0x44, 0x1b, 0xba, 0xd0, 0x31, 0x5,
    0xbb, 0xe8, 0x22, 0x3a, 0x24, 0xc4, 0x0, 0x92,
    0xd8, 0x86, 0x48, 0x1, 0x2c, 0x5d, 0x97, 0x8,

    /* U+0066 "f" */
    0x0, 0x26, 0xfd, 0x0, 0xd9, 0xb7, 0x81, 0x83,
    0x4a, 0xee, 0x81, 0xfd, 0xe1, 0xc1, 0x25, 0x16,
    0xc0, 0xd8, 0xc0, 0x3f, 0xfb, 0x0,

    /* U+0067 "g" */
    0x0, 0x2e, 0xfe, 0x17, 0x60, 0x2d, 0x1b, 0xb7,
    0x88, 0x2, 0xc3, 0xe2, 0xa8, 0x0, 0x21, 0x51,
    0x0, 0x30, 0x0, 0x40, 0x80, 0x21, 0x0, 0x8,
    0x10, 0x7, 0x88, 0x50, 0x40, 0xc, 0x1, 0x48,
    0xe4, 0x4d, 0x80, 0x4f, 0x20, 0xeb, 0xe0, 0x19,
    0x37, 0xf0, 0xc1, 0x82, 0x76, 0x9d, 0xd8, 0x1c,
    0x12, 0xee, 0x88, 0x35, 0xa0,

    /* U+0068 "h" */
    0xdd, 0x0, 0x7f, 0xf3, 0xf, 0x3f, 0xc, 0x0,
    0x7a, 0xaa, 0x3c, 0x10, 0x1d, 0x9a, 0x70, 0x40,
    0x13, 0x0, 0x60, 0x10, 0x7, 0xff, 0x70,

    /* U+0069 "i" */
    0xc, 0xd0, 0x0, 0x98, 0x3, 0x78, 0x1, 0xbc,
    0x1, 0xff, 0xd5,

    /* U+006A "j" */
    0x0, 0x66, 0x80, 0x42, 0x60, 0x16, 0xf0, 0x5,
    0xbc, 0x1, 0xff, 0xdf, 0x33, 0x1, 0x50, 0xb8,
    0x32, 0xa5, 0x80,

    /* U+006B "k" */
    0xde, 0x0, 0xff, 0xe7, 0xe, 0xf1, 0x0, 0x6c,
    0x2d, 0x20, 0xb, 0xa, 0xcc, 0x2, 0xa3, 0x94,
    0x0, 0x85, 0x40, 0x40, 0x3a, 0xca, 0xc, 0x2,
    0x14, 0xe0, 0xd1, 0x0, 0xc7, 0x3, 0x60, 0x1c,
    0xe8, 0xac,

    /* U+006C "l" */
    0xde, 0x0, 0xff, 0xe5, 0x0,

    /* U+006D "m" */
    0xdc, 0x4d, 0xf9, 0x6, 0xdf, 0xb1, 0x0, 0x14,
    0x52, 0xb5, 0xda, 0x95, 0x28, 0x0, 0x3a, 0xf4,
    0x49, 0x8f, 0x46, 0x80, 0x1, 0x10, 0x1, 0x80,
    0x40, 0xc, 0x1, 0xff, 0xc2, 0x10, 0xf, 0xff,
    0x40,

    /* U+006E "n" */
    0xdc, 0x4d, 0xfc, 0x30, 0x1, 0x4d, 0x39, 0xe0,
    0x80, 0xfb, 0xc4, 0x1, 0x0, 0x48, 0x0, 0x60,
    0x40, 0x1f, 0xfd, 0xc0,

    /* U+006F "o" */
    0x0, 0x26, 0x7f, 0x50, 0x80, 0x12, 0xc9, 0xdc,
    0xbe, 0x21, 0x21, 0xf1, 0x34, 0x32, 0x44, 0x51,
    0x0, 0x28, 0x20, 0x81, 0x0, 0x62, 0x20, 0x81,
    0x0, 0x62, 0x32, 0x22, 0x8, 0x1, 0x41, 0x42,
    0x47, 0xe2, 0x68, 0x64, 0x12, 0xc9, 0xdc, 0xbe,
    0x20,

    /* U+0070 "p" */
    0xdd, 0x1e, 0xfe, 0xa8, 0x4, 0x7a, 0xb0, 0x14,
    0x80, 0x1, 0xa8, 0x7c, 0x8, 0x0, 0x90, 0x0,
    0x28, 0x60, 0x2, 0x0, 0xc2, 0x2, 0x4, 0x1,
    0x84, 0x4, 0x0, 0xc0, 0x2, 0x43, 0x0, 0xc,
    0x54, 0x60, 0x40, 0x5, 0xae, 0xe3, 0xa4, 0x0,
    0x8f, 0x7f, 0x54, 0x3, 0xff, 0x90,

    /* U+0071 "q" */
    0x0, 0x36, 0xfe, 0x17, 0xd8, 0x34, 0x9b, 0xb7,
    0x80, 0x50, 0x3f, 0x15, 0x40, 0x1, 0xa, 0x8,
    0x1, 0x80, 0x2, 0x4, 0x1, 0x8, 0x0, 0x40,
    0x80, 0x21, 0x0, 0x10, 0xa8, 0x80, 0x24, 0x2,
    0x80, 0xf8, 0xa5, 0x0, 0x9a, 0x4d, 0xdb, 0xc0,
    0x33, 0x6f, 0xe1, 0x0, 0x7f, 0xf2, 0x0,

    /* U+0072 "r" */
    0xdd, 0x2f, 0x68, 0x1d, 0xbd, 0x0, 0xec, 0xb8,
    0x9, 0x80, 0x7f, 0xf3, 0xc0,

    /* U+0073 "s" */
    0x0, 0x4f, 0x7e, 0xb0, 0x2, 0x99, 0xe5, 0xa5,
    0x41, 0x4e, 0x5a, 0xe1, 0xc1, 0xe, 0x50, 0x1c,
    0x82, 0x95, 0xaf, 0xe8, 0x40, 0x6b, 0xf1, 0x96,
    0x86, 0x18, 0xe, 0x41, 0x85, 0x66, 0x4f, 0x60,
    0xa1, 0x8a, 0xf0, 0xd1, 0x0,

    /* U+0074 "t" */
    0x9, 0xf2, 0x0, 0xfd, 0xac, 0x1b, 0xc1, 0x8,
    0xf, 0x0, 0xa4, 0x14, 0xc0, 0x1f, 0xfc, 0x81,
    0x0, 0xee, 0x9, 0x70, 0x3, 0x31, 0x64, 0x0,

    /* U+0075 "u" */
    0xde, 0x0, 0x93, 0xdc, 0x3, 0xff, 0xb8, 0xc2,
    0x40, 0xd, 0x0, 0x68, 0x64, 0xda, 0x80, 0x19,
    0xc1, 0x87, 0xc0, 0x0,

    /* U+0076 "v" */
    0x7f, 0x60, 0x8, 0xfe, 0x98, 0x34, 0x2, 0xb0,
    0xe1, 0x44, 0x8, 0x1, 0x45, 0x3, 0x81, 0xc0,
    0xc9, 0x80, 0xa, 0x1a, 0x16, 0x14, 0x1, 0x2a,
    0xa, 0x91, 0x0, 0x2e, 0x6, 0x2a, 0x0, 0xc8,
    0x30, 0xc, 0x1, 0xcc, 0x8, 0x20, 0x0,

    /* U+0077 "w" */
    0x6f, 0x60, 0x2, 0xfd, 0x0, 0xb, 0xe9, 0xc3,
    0x0, 0x18, 0x8, 0x0, 0x40, 0xc1, 0x24, 0x0,
    0x21, 0x89, 0x6, 0x3, 0x82, 0x89, 0x9, 0x48,
    0x20, 0x21, 0x88, 0x58, 0x22, 0x1, 0x4f, 0x8,
    0x50, 0x0, 0x63, 0x98, 0x30, 0x44, 0x82, 0xc0,
    0x24, 0x74, 0xb0, 0xb1, 0xd1, 0x30, 0xb, 0xc8,
    0x88, 0x6, 0x28, 0x80, 0xc, 0x80, 0x26, 0x0,
    0x40, 0xf0, 0x0,

    /* U+0078 "x" */
    0x1f, 0xd0, 0xb, 0x78, 0x45, 0x24, 0xe0, 0xe5,
    0x2, 0xc, 0x70, 0x50, 0x8c, 0x1, 0x70, 0x60,
    0x48, 0x6, 0x24, 0x15, 0x20, 0xc, 0x88, 0x35,
    0x30, 0xd, 0x45, 0xa3, 0xc0, 0x14, 0x8c, 0x8d,
    0x93, 0x81, 0xb2, 0xa0, 0x29, 0xc1, 0x0,

    /* U+0079 "y" */
    0x7f, 0x60, 0x8, 0xbe, 0x98, 0x34, 0x2, 0xa0,
    0xe1, 0x44, 0x8, 0x1, 0x85, 0x3, 0xc1, 0x80,
    0xc6, 0x40, 0x8, 0x36, 0x14, 0xc, 0x1, 0x31,
    0x93, 0xa0, 0x80, 0x54, 0x10, 0x3c, 0x1, 0x88,
    0xd4, 0x54, 0x3, 0xa8, 0x1c, 0x3, 0xde, 0x14,
    0x1, 0x96, 0x19, 0xc, 0x3, 0x4b, 0xa5, 0x0,
    0x60,

    /* U+007A "z" */
    0xe, 0xff, 0xed, 0x9, 0x66, 0x8c, 0x1c, 0x1e,
    0x65, 0x4, 0x4a, 0x0, 0xda, 0x3c, 0x1, 0xa0,
    0xe0, 0xc0, 0x24, 0x74, 0x70, 0x8, 0x68, 0x68,
    0x3, 0x68, 0x94, 0x4c, 0xa0, 0xc, 0xd, 0x9a,
    0x70,

    /* U+007B "{" */
    0x0, 0x1d, 0xf1, 0x0, 0x35, 0x64, 0x80, 0x85,
    0x9c, 0x3, 0x70, 0x7, 0xf3, 0x81, 0x80, 0x2a,
    0x86, 0xa0, 0x4, 0x1b, 0x0, 0xb9, 0xa1, 0x0,
    0x2b, 0x2, 0x0, 0x84, 0x3, 0xe1, 0x0, 0x88,
    0x28, 0xc0, 0x29, 0x2c, 0x20, 0x3, 0x7e, 0x10,

    /* U+007C "|" */
    0x8, 0x40, 0x7c, 0x0, 0xff, 0xf5, 0x0,

    /* U+007D "}" */
    0x1e, 0xb3, 0x0, 0xc, 0xae, 0x80, 0x4f, 0x22,
    0x40, 0x11, 0x0, 0x80, 0x7f, 0x8, 0x28, 0x4,
    0x88, 0x9b, 0x0, 0xb4, 0x50, 0x0, 0x72, 0xfe,
    0x0, 0x60, 0xa0, 0xf, 0xe3, 0x0, 0xc5, 0x40,
    0x40, 0x3a, 0x70, 0x20, 0x39, 0xce, 0x0,

    /* U+007E "~" */
    0xb, 0xfc, 0x40, 0x1b, 0x48, 0x47, 0xb, 0xad,
    0x47, 0xf7, 0x8c, 0x84, 0x28, 0x30,

    /* U+00A0 " " */

    /* U+00A1 "¡" */
    0x6f, 0x5f, 0xd, 0x9b, 0x80, 0x50, 0x6e, 0x40,
    0xe, 0x11, 0x0, 0x7f, 0xde, 0x6,

    /* U+00A2 "¢" */
    0x0, 0xd6, 0x60, 0x1e, 0x66, 0x4a, 0x0, 0x43,
    0xb2, 0x4b, 0x72, 0x0, 0xb2, 0x94, 0xb5, 0x64,
    0x5, 0x36, 0x7, 0xbb, 0x21, 0x82, 0x0, 0x42,
    0x80, 0x1f, 0xe2, 0x4, 0x0, 0x85, 0x44, 0x4a,
    0x6c, 0xf, 0x74, 0xa1, 0x65, 0x29, 0x6a, 0xc8,
    0x3, 0xb2, 0x2b, 0x72, 0x1, 0x99, 0x65, 0x0,
    0x0,

    /* U+00A3 "£" */
    0x0, 0x9f, 0x7f, 0x5c, 0x3, 0x44, 0x1, 0x86,
    0x20, 0x1, 0x39, 0x6c, 0xe1, 0xa8, 0x0, 0x41,
    0xc0, 0x2c, 0xd0, 0xe, 0x11, 0x80, 0x22, 0xe0,
    0x5e, 0xe8, 0xc0, 0x5, 0x60, 0x77, 0x71, 0x80,
    0x48, 0x2e, 0x89, 0x0, 0x79, 0xc0, 0x3f, 0xa,
    0x0, 0x49, 0x42, 0x2c, 0x1, 0x99, 0xca, 0x26,
    0x60, 0x66, 0xc7, 0x20,

    /* U+00A4 "¤" */
    0x0, 0xfe, 0x10, 0x5, 0xd2, 0xef, 0xfa, 0xd3,
    0x20, 0x39, 0x69, 0x2a, 0x8f, 0x67, 0x60, 0xe1,
    0x32, 0x55, 0x62, 0x81, 0x85, 0x93, 0x0, 0x6b,
    0x15, 0x2, 0x40, 0xe, 0x12, 0xd0, 0xf, 0xfe,
    0x1, 0xa0, 0x7, 0x11, 0x34, 0x28, 0x9c, 0x3,
    0x48, 0xa8, 0x58, 0x45, 0xb3, 0xea, 0xb, 0x0,
    0xcd, 0xbc, 0xc9, 0xf5, 0x8c,

    /* U+00A5 "¥" */
    0x8f, 0x50, 0x9, 0xbd, 0xe4, 0x24, 0x2, 0xb1,
    0x71, 0x63, 0x30, 0x21, 0x30, 0x2, 0xc2, 0x83,
    0xc2, 0x40, 0x4, 0xac, 0x68, 0xc2, 0x1, 0x48,
    0x68, 0x58, 0x5, 0xf8, 0x2, 0x1b, 0x80, 0xd,
    0xc7, 0x8, 0xce, 0x0, 0x6e, 0x38, 0x46, 0x70,
    0x3, 0x71, 0xc2, 0x33, 0x80, 0x4, 0x7e, 0x4,
    0x64, 0x1, 0xfe,

    /* U+00A6 "¦" */
    0x7f, 0x20, 0xf, 0xfe, 0x2, 0xc9, 0x11, 0x80,
    0x31, 0xb8, 0xa4, 0x18, 0x7, 0xff, 0x0,

    /* U+00A7 "§" */
    0x0, 0x2e, 0xfe, 0xa8, 0x4, 0x54, 0x30, 0xd4,
    0x60, 0x4, 0xf, 0x7b, 0x46, 0x0, 0x28, 0x50,
    0x2, 0xd4, 0x0, 0x6a, 0xda, 0x80, 0x1a, 0xda,
    0x86, 0xec, 0x20, 0x29, 0x2b, 0x94, 0xb8, 0x2,
    0x29, 0x10, 0x5b, 0x22, 0x6, 0x97, 0xb0, 0x10,
    0x90, 0x1f, 0xbc, 0xfd, 0xe0, 0x4, 0x33, 0xa6,
    0x61, 0x0, 0x1b, 0x1, 0x68, 0x58, 0x2, 0xe5,
    0x89, 0x83, 0x80, 0x10, 0x73, 0xb0, 0x8c, 0x1,
    0x66, 0xde, 0xd8, 0x0,

    /* U+00A8 "¨" */
    0x0, 0xf5, 0x70, 0x2f, 0xa0, 0x18, 0x8, 0x0,

    /* U+00A9 "©" */
    0x0, 0x92, 0xfb, 0xf6, 0x4, 0x3, 0xa6, 0xd5,
    0x19, 0x8f, 0xc8, 0x1, 0x43, 0x33, 0xaa, 0x2f,
    0x4a, 0xc8, 0x9, 0xd6, 0x63, 0xfb, 0x8d, 0x83,
    0x20, 0xa1, 0xe, 0xe6, 0xa5, 0xb3, 0x94, 0x1d,
    0x12, 0xa5, 0x95, 0xb9, 0x13, 0x5, 0x0, 0x8c,
    0xc0, 0x11, 0x10, 0x2, 0xd1, 0x27, 0x66, 0x14,
    0xd9, 0x98, 0x15, 0x41, 0x12, 0x93, 0xad, 0x27,
    0x28, 0x24, 0xeb, 0x37, 0xb7, 0xc9, 0x83, 0x0,
    0x8, 0x66, 0x74, 0x6d, 0x69, 0x59, 0x80, 0x53,
    0x6a, 0x8c, 0xc7, 0xe4, 0x0, 0x0,

    /* U+00AA "ª" */
    0x4, 0xcf, 0xd6, 0x1, 0xa5, 0xca, 0x93, 0x1e,
    0x91, 0x10, 0x28, 0x4f, 0xed, 0x0, 0x19, 0x97,
    0xfa, 0x1, 0x84, 0xec, 0x0, 0xcb, 0x5b, 0x80,
    0x0,

    /* U+00AB "«" */
    0x0, 0xa3, 0xd8, 0xfe, 0xc0, 0x25, 0x76, 0x7d,
    0x2b, 0x0, 0x1d, 0x24, 0xe0, 0x78, 0x0, 0x74,
    0x6a, 0x85, 0x44, 0x0, 0x14, 0x14, 0xe0, 0xe0,
    0xd, 0x47, 0x4f, 0xa, 0xe0, 0x1b, 0x4b, 0x59,
    0x61, 0x0, 0x21, 0xf6, 0x5a, 0x83, 0x0,

    /* U+00AC "¬" */
    0x2, 0x2f, 0x2, 0x6e, 0xf9, 0xd6, 0xab, 0x48,
    0x0, 0x55, 0x73, 0x80, 0x7c, 0x34, 0xa0,

    /* U+00AE "®" */
    0x0, 0xc, 0x6f, 0xe3, 0x0, 0x43, 0xe7, 0x39,
    0x51, 0x20, 0xa, 0x4f, 0x9f, 0xf9, 0xd4, 0x52,
    0xc1, 0xb1, 0x82, 0x78, 0x84, 0x40, 0xba, 0x82,
    0x6c, 0x42, 0x20, 0x5e, 0x60, 0x21, 0x11, 0xcb,
    0x71, 0xd9, 0x5d, 0x7, 0xbd, 0x20, 0x2f, 0xb,
    0x1, 0xe2, 0x77, 0xe2, 0xe0, 0x4, 0x79, 0xdb,
    0xf2, 0x0,

    /* U+00AF "¯" */
    0x0, 0xe7, 0xff, 0xb9, 0xb3, 0x2d,

    /* U+00B0 "°" */
    0x0, 0xfc, 0x39, 0xfc, 0x60, 0xa, 0x1a, 0x7c,
    0x10, 0x48, 0x59, 0x5, 0x2, 0xe2, 0x70, 0x60,
    0xf5, 0xd8, 0x92, 0x2, 0xec, 0xe6, 0x0,

    /* U+00B1 "±" */
    0x0, 0x9b, 0xc8, 0x3, 0xff, 0x80, 0xff, 0xe9,
    0xd, 0xff, 0x12, 0x3b, 0x90, 0x19, 0xdc, 0x66,
    0x88, 0x68, 0x5c, 0x40, 0x40, 0x38, 0xc0, 0x3c,
    0xde, 0x20, 0x13, 0xff, 0xfc, 0x48, 0xef, 0xf1,
    0x80,

    /* U+00B2 "²" */
    0x5, 0xdf, 0xd6, 0x0, 0x5a, 0xe2, 0x48, 0x87,
    0x41, 0x98, 0x84, 0x0, 0x58, 0xde, 0x0, 0x7d,
    0x6f, 0x11, 0xa0, 0x17, 0x30, 0x80,

    /* U+00B3 "³" */
    0x5, 0xcf, 0xe8, 0x0, 0x6d, 0x63, 0xb8, 0x82,
    0x13, 0x19, 0xc8, 0x0, 0x5f, 0x4e, 0xc3, 0xf4,
    0x9a, 0x0, 0x1b, 0x6b, 0x67, 0x60,

    /* U+00B4 "´" */
    0x4, 0x50, 0x5, 0xe0, 0x38, 0xc8, 0x0,

    /* U+00B5 "µ" */
    0xde, 0x0, 0x8f, 0xdc, 0x3, 0xff, 0xbc, 0xe0,
    0x18, 0x44, 0x0, 0x30, 0xe, 0xc6, 0x89, 0xb,
    0x30, 0x15, 0x85, 0xa7, 0x3b, 0x0, 0x47, 0x6a,
    0x47, 0xc0, 0x7, 0xff, 0x18,

    /* U+00B6 "¶" */
    0x0, 0x36, 0xff, 0xe5, 0x8, 0x92, 0x5, 0x50,
    0x4, 0xe0, 0x17, 0xf0, 0x0, 0x80, 0x3f, 0xf8,
    0xa4, 0x40, 0xf, 0xdc, 0x20, 0x1f, 0x1f, 0xcb,
    0xb8, 0x3, 0x85, 0xa0, 0x80, 0x3f, 0xfa, 0x40,

    /* U+00B7 "·" */
    0x4, 0x9, 0xb7, 0xe0, 0x20,

    /* U+00B8 "¸" */
    0x19, 0x0, 0x13, 0xc0, 0x1f, 0xb9, 0xc7, 0xa1,
    0x80,

    /* U+00B9 "¹" */
    0x7, 0xff, 0x9, 0xdb, 0x0, 0xf, 0x3c, 0x3,
    0xff, 0x8a,

    /* U+00BA "º" */
    0x2, 0xbf, 0xe9, 0x0, 0xbd, 0xae, 0x1a, 0x81,
    0xa, 0x51, 0x9d, 0x40, 0x81, 0x80, 0x1c, 0x4,
    0x40, 0x60, 0x7, 0x1, 0x21, 0x4a, 0x33, 0xa8,
    0x3, 0xda, 0xe1, 0xa8, 0x0,

    /* U+00BB "»" */
    0x1e, 0xd1, 0xaf, 0x40, 0x0, 0xe9, 0x55, 0xe,
    0xc8, 0x0, 0x74, 0x93, 0xa3, 0xe2, 0x0, 0x56,
    0x63, 0xe9, 0x50, 0x0, 0x50, 0x5e, 0x83, 0x80,
    0x14, 0x5a, 0xec, 0xea, 0x12, 0x94, 0x12, 0x90,
    0x2, 0x29, 0x55, 0x3d, 0x80, 0x0,

    /* U+00BC "¼" */
    0x3, 0x84, 0x0, 0xe5, 0x60, 0x2, 0x6b, 0xe0,
    0x6, 0x2a, 0x20, 0xb, 0x8, 0x3, 0xb9, 0x90,
    0x0, 0x84, 0x1, 0xd0, 0x32, 0x1, 0xfc, 0x6f,
    0xc0, 0x1f, 0xee, 0x73, 0x2, 0x10, 0xf, 0x48,
    0x40, 0x36, 0xd8, 0x5, 0xb0, 0x8d, 0xe0, 0x30,
    0x40, 0x1e, 0xa8, 0x20, 0xb5, 0x40, 0xe, 0xa2,
    0x70, 0x35, 0x90, 0xe, 0x55, 0x70, 0x2, 0xc3,
    0x59, 0x5c, 0x6, 0xe4, 0x80, 0x13, 0xba, 0x54,
    0x60, 0x6, 0x30, 0x4, 0x24, 0x4b, 0xa1,

    /* U+00BD "½" */
    0x1, 0x42, 0x0, 0xe2, 0x40, 0x8, 0xbe, 0xe8,
    0x3, 0xe, 0x10, 0x4, 0xf6, 0x40, 0x1d, 0x4a,
    0xc0, 0x12, 0xa8, 0x3, 0x99, 0x68, 0x3, 0xfc,
    0x53, 0x62, 0x1, 0xfe, 0xe5, 0x50, 0x7, 0xf9,
    0xca, 0x82, 0xbf, 0x94, 0x2, 0xf9, 0x38, 0xd0,
    0x46, 0xb4, 0xb0, 0x8, 0x87, 0x9c, 0xc1, 0x31,
    0x1, 0x0, 0x34, 0x84, 0x0, 0x68, 0x7b, 0x0,
    0x91, 0xbc, 0x3, 0x4b, 0x60, 0x80, 0x6, 0xa0,
    0x80, 0x25, 0x61, 0xef, 0x0, 0xb1, 0xc0, 0x32,
    0x66, 0x60,

    /* U+00BE "¾" */
    0x5, 0xde, 0x70, 0xe, 0x8d, 0x0, 0xa2, 0xa2,
    0x4, 0x1, 0x1b, 0xf0, 0x5, 0xae, 0xa0, 0x20,
    0x17, 0x31, 0x80, 0x69, 0xc5, 0x30, 0x4, 0x4,
    0x80, 0x74, 0x5a, 0xb0, 0x1b, 0xc8, 0x6, 0x17,
    0x36, 0x1, 0xf, 0x64, 0x0, 0xc3, 0x9b, 0xa3,
    0x67, 0x29, 0x2, 0xfe, 0x0, 0x5f, 0x73, 0xe,
    0x28, 0x1, 0x22, 0x1, 0x84, 0x41, 0xcc, 0x80,
    0xaa, 0x80, 0xf, 0x39, 0x48, 0x2, 0xe0, 0xc0,
    0x38, 0xa2, 0x80, 0x8, 0x33, 0x43, 0x40, 0x17,
    0x2a, 0x0, 0x13, 0x75, 0x3, 0x60, 0x17, 0x50,
    0x6, 0x22, 0x3e, 0x8,

    /* U+00BF "¿" */
    0x0, 0x93, 0xdc, 0x3, 0x8c, 0x34, 0x3, 0x9e,
    0xe8, 0x3, 0xe2, 0x0, 0xe4, 0xb4, 0x0, 0xc3,
    0x0, 0x80, 0x11, 0x79, 0xc1, 0x0, 0x5e, 0x36,
    0xe0, 0x11, 0x11, 0x90, 0x0, 0x44, 0x0, 0x10,
    0x0, 0xb6, 0x48, 0xd2, 0xe3, 0x3, 0xc3, 0x59,
    0x5c, 0xa9, 0x0,

    /* U+00C0 "À" */
    0x0, 0x89, 0x88, 0x3, 0xf1, 0x44, 0x0, 0x3f,
    0xa9, 0x48, 0x3, 0xf2, 0x79, 0x0, 0x7e, 0xaf,
    0xe0, 0xf, 0xca, 0x22, 0x40, 0xf, 0x28, 0x48,
    0x68, 0x7, 0xbc, 0x18, 0x9c, 0x3, 0xca, 0x42,
    0xa2, 0xa0, 0x19, 0x41, 0x42, 0xc3, 0xc0, 0x37,
    0x5, 0x81, 0x8a, 0x80, 0x42, 0x81, 0x71, 0x3,
    0x5, 0x0, 0x38, 0x1, 0xde, 0x20, 0xe0, 0x6,
    0x86, 0x7f, 0xe2, 0x41, 0x12, 0x11, 0x80, 0x65,
    0x7, 0x70, 0x28, 0x7, 0x50, 0x50,

    /* U+00C1 "Á" */
    0x0, 0xf2, 0xa0, 0x7, 0xe5, 0xa0, 0xf, 0xe9,
    0x64, 0x0, 0xfd, 0x92, 0x1, 0xfa, 0xbf, 0x80,
    0x3f, 0x28, 0x89, 0x0, 0x3c, 0xa1, 0x21, 0xa0,
    0x1e, 0xf0, 0x62, 0x70, 0xf, 0x29, 0xa, 0x8a,
    0x80, 0x65, 0x5, 0xb, 0xf, 0x0, 0xdc, 0x16,
    0x6, 0x2a, 0x1, 0xa, 0x5, 0xc4, 0xc, 0x14,
    0x0, 0xe0, 0x7, 0x78, 0x83, 0x80, 0x1a, 0x19,
    0xff, 0x89, 0x4, 0x48, 0x46, 0x1, 0x94, 0x1d,
    0xc0, 0xa0, 0x1d, 0x41, 0x40,

    /* U+00C2 "Â" */
    0x0, 0xc5, 0x8, 0x1, 0xfb, 0xd2, 0xcc, 0x3,
    0xd6, 0x18, 0xda, 0x20, 0x1d, 0x7a, 0x13, 0xc2,
    0x1, 0xea, 0xfe, 0x0, 0xfc, 0xa2, 0x24, 0x0,
    0xf2, 0x84, 0x86, 0x80, 0x7b, 0xc1, 0x89, 0xc0,
    0x3c, 0xa4, 0x2a, 0x2a, 0x1, 0x94, 0x14, 0x2c,
    0x3c, 0x3, 0x70, 0x58, 0x18, 0xa8, 0x4, 0x28,
    0x17, 0x10, 0x30, 0x50, 0x3, 0x80, 0x1d, 0xe2,
    0xe, 0x0, 0x68, 0x67, 0xfe, 0x24, 0x11, 0x21,
    0x18, 0x6, 0x50, 0x77, 0x2, 0x80, 0x75, 0x5,
    0x0,

    /* U+00C3 "Ã" */
    0x0, 0x93, 0xa4, 0xbc, 0x3, 0xdc, 0xc1, 0xaa,
    0x1, 0xeb, 0x89, 0xea, 0x0, 0xf0, 0xd7, 0xf8,
    0x3, 0xf2, 0x88, 0x90, 0x3, 0xca, 0x12, 0x1a,
    0x1, 0xef, 0x6, 0x27, 0x0, 0xf2, 0x90, 0xa8,
    0xa8, 0x6, 0x50, 0x50, 0xb0, 0xf0, 0xd, 0xc1,
    0x60, 0x62, 0xa0, 0x10, 0xa0, 0x5c, 0x40, 0xc1,
    0x40, 0xe, 0x0, 0x77, 0x88, 0x38, 0x1, 0xa1,
    0x9f, 0xf8, 0x90, 0x44, 0x84, 0x60, 0x19, 0x41,
    0xdc, 0xa, 0x1, 0xd4, 0x14,

    /* U+00C4 "Ä" */
    0x0, 0xff, 0xe1, 0x66, 0x1, 0xfc, 0x80, 0x3f,
    0x84, 0x3, 0xd9, 0x80, 0x7e, 0x20, 0xf, 0x57,
    0xf0, 0x7, 0xe5, 0x11, 0x20, 0x7, 0x94, 0x24,
    0x34, 0x3, 0xde, 0xc, 0x4e, 0x1, 0xe5, 0x21,
    0x51, 0x50, 0xc, 0xa0, 0xa1, 0x61, 0xe0, 0x1b,
    0x82, 0xc0, 0xc5, 0x40, 0x21, 0x40, 0xb8, 0x81,
    0x82, 0x80, 0x1c, 0x0, 0xef, 0x10, 0x70, 0x3,
    0x43, 0x3f, 0xf1, 0x20, 0x89, 0x8, 0xc0, 0x32,
    0x83, 0xb8, 0x14, 0x3, 0xa8, 0x28,

    /* U+00C5 "Å" */
    0x0, 0xd1, 0xb6, 0x20, 0x1e, 0x46, 0xf1, 0xb0,
    0xf, 0x9, 0x91, 0x0, 0x3e, 0x54, 0xe4, 0xb0,
    0xf, 0x8c, 0x48, 0x40, 0x3e, 0x51, 0x12, 0x0,
    0x79, 0x42, 0x43, 0x40, 0x3d, 0xe0, 0xc4, 0xe0,
    0x1e, 0x52, 0x15, 0x15, 0x0, 0xca, 0xa, 0x16,
    0x1e, 0x1, 0xb8, 0x2c, 0xc, 0x54, 0x2, 0x14,
    0xb, 0x88, 0x18, 0x28, 0x1, 0xc0, 0xe, 0xf1,
    0x7, 0x0, 0x34, 0x33, 0xff, 0x12, 0x8, 0x90,
    0x8c, 0x3, 0x28, 0x3b, 0x81, 0x40, 0x3a, 0x82,
    0x80,

    /* U+00C6 "Æ" */
    0x0, 0xe6, 0xff, 0xfe, 0x0, 0xf5, 0x8c, 0x81,
    0xb3, 0x70, 0x7, 0x29, 0x32, 0x85, 0xcc, 0xf0,
    0x7, 0x48, 0x50, 0x7, 0xff, 0x0, 0xcc, 0x84,
    0x1, 0xff, 0xc0, 0x90, 0xe0, 0xa, 0xe2, 0x32,
    0x80, 0x44, 0xa2, 0xa0, 0x11, 0xbb, 0xef, 0x0,
    0xac, 0x1c, 0x44, 0xc1, 0x1f, 0xfa, 0x80, 0x2,
    0xc0, 0xdd, 0xca, 0x0, 0xfe, 0x60, 0x4b, 0xba,
    0x0, 0x3f, 0xa4, 0x25, 0x13, 0x5, 0xcc, 0xf0,
    0x28, 0xa9, 0x0, 0x71, 0xb3, 0x70, 0x80,

    /* U+00C7 "Ç" */
    0x0, 0x92, 0xfb, 0xf1, 0x80, 0x33, 0xda, 0x2a,
    0x14, 0xd8, 0x0, 0xe0, 0xb6, 0xed, 0xca, 0x8e,
    0x12, 0x1c, 0x40, 0x15, 0xe, 0x2, 0x91, 0x80,
    0x77, 0x58, 0x83, 0x0, 0x7f, 0xf1, 0xc4, 0x18,
    0x3, 0xf9, 0x48, 0xc0, 0x30, 0xf6, 0x4, 0x87,
    0x8, 0x5, 0x63, 0x40, 0x70, 0x5d, 0x76, 0xe5,
    0x46, 0x0, 0x3d, 0xa2, 0x45, 0x36, 0x1, 0x92,
    0xe5, 0x3d, 0x80, 0x3e, 0x7d, 0xc0, 0xf, 0xd5,
    0xa, 0x1, 0x0,

    /* U+00C8 "È" */
    0x0, 0x29, 0x80, 0x7b, 0xf4, 0x3, 0xd6, 0xe,
    0x1, 0xc3, 0xce, 0x1, 0x5f, 0xff, 0xa8, 0x0,
    0xcd, 0xde, 0x0, 0x89, 0x9c, 0xa0, 0x1f, 0xfc,
    0x68, 0x99, 0xc4, 0x0, 0x66, 0xe1, 0x0, 0x77,
    0xfe, 0x30, 0xf, 0xfe, 0x34, 0x4c, 0xe6, 0x0,
    0x33, 0x76, 0x0,

    /* U+00C9 "É" */
    0x0, 0xc8, 0xa0, 0x1c, 0x37, 0x80, 0x1c, 0xc3,
    0x20, 0x1c, 0xfc, 0x1, 0x5f, 0xff, 0xa8, 0x0,
    0xcd, 0xde, 0x0, 0x89, 0x9c, 0xa0, 0x1f, 0xfc,
    0x68, 0x99, 0xc4, 0x0, 0x66, 0xe1, 0x0, 0x77,
    0xfe, 0x30, 0xf, 0xfe, 0x34, 0x4c, 0xe6, 0x0,
    0x33, 0x76, 0x0,

    /* U+00CA "Ê" */
    0x0, 0x9d, 0xc0, 0x1d, 0x33, 0x40, 0x4, 0xcc,
    0xda, 0x75, 0x0, 0x37, 0x9a, 0x7a, 0x85, 0xff,
    0xfa, 0x80, 0xc, 0xdd, 0xe0, 0x8, 0x99, 0xca,
    0x1, 0xff, 0xc6, 0x89, 0x9c, 0x40, 0x6, 0x6e,
    0x10, 0x7, 0x7f, 0xe3, 0x0, 0xff, 0xe3, 0x44,
    0xce, 0x60, 0x3, 0x37, 0x60,

    /* U+00CB "Ë" */
    0x0, 0xfe, 0x7f, 0x22, 0x7b, 0x80, 0x42, 0x0,
    0x10, 0x9, 0xf8, 0x89, 0xce, 0x17, 0xff, 0xea,
    0x0, 0x33, 0x77, 0x80, 0x22, 0x67, 0x28, 0x7,
    0xff, 0x1a, 0x26, 0x71, 0x0, 0x19, 0xb8, 0x40,
    0x1d, 0xff, 0x8c, 0x3, 0xff, 0x8d, 0x13, 0x39,
    0x80, 0xc, 0xdd, 0x80,

    /* U+00CC "Ì" */
    0x55, 0x0, 0xe, 0x88, 0x18, 0xe0, 0x1, 0x94,
    0x0, 0xbf, 0x10, 0xf, 0xff, 0x0,

    /* U+00CD "Í" */
    0x3, 0x61, 0xe, 0xa1, 0x42, 0xe0, 0x4f, 0x20,
    0xbf, 0x10, 0xf, 0xff, 0x8,

    /* U+00CE "Î" */
    0x0, 0x33, 0x88, 0x1, 0xa6, 0xa8, 0x7, 0x32,
    0xf4, 0x83, 0xf6, 0x2f, 0x80, 0x5, 0xf8, 0x80,
    0x7f, 0xfd, 0xc0,

    /* U+00CF "Ï" */
    0x0, 0xf2, 0x7a, 0x87, 0x50, 0x0, 0x40, 0xc1,
    0x3d, 0x3, 0x68, 0x1, 0x7e, 0x20, 0x1f, 0xff,
    0x70,

    /* U+00D0 "Ð" */
    0x5, 0xff, 0xdd, 0x46, 0x1, 0xe3, 0x66, 0x2a,
    0xb1, 0x80, 0x3a, 0xa6, 0x57, 0xa5, 0x24, 0x1,
    0xf8, 0xa4, 0x2c, 0x4, 0x83, 0x84, 0x40, 0x4,
    0x14, 0xc, 0x80, 0x7e, 0xe2, 0x80, 0x8, 0x81,
    0xca, 0x9, 0x76, 0x40, 0xe, 0x3f, 0xd, 0x44,
    0x8, 0x0, 0x88, 0x1, 0xfc, 0xa2, 0x80, 0x1f,
    0x8a, 0x2, 0xc0, 0x35, 0x4c, 0xaf, 0x4a, 0x48,
    0x3, 0x1b, 0x31, 0x55, 0x8c, 0x0,

    /* U+00D1 "Ñ" */
    0x0, 0xb3, 0x7, 0x4c, 0x1, 0x90, 0x67, 0x55,
    0xc0, 0x32, 0x62, 0xf7, 0x88, 0x2, 0xfe, 0x84,
    0x3, 0x7e, 0x80, 0x15, 0x0, 0x3f, 0x14, 0x80,
    0x7e, 0xb2, 0x70, 0xf, 0x9c, 0xa0, 0x80, 0x3e,
    0xe0, 0x90, 0xf, 0x8d, 0x51, 0x40, 0x3e, 0xb1,
    0xb0, 0xf, 0x86, 0x5, 0xc0, 0x3e, 0x63, 0x91,
    0x0, 0xfb, 0xc4, 0x40, 0x1f, 0x1b, 0x80, 0x0,

    /* U+00D2 "Ò" */
    0x0, 0xca, 0x80, 0x1f, 0xe2, 0xb2, 0x0, 0xfe,
    0x73, 0xb0, 0xf, 0xf6, 0x48, 0x7, 0xe4, 0xbe,
    0xfc, 0x60, 0xe, 0x7b, 0x45, 0x42, 0x9b, 0x0,
    0x8e, 0xb, 0x6e, 0xdc, 0xa8, 0xe0, 0x9, 0xe,
    0x20, 0xa, 0x86, 0x40, 0xa, 0x46, 0x1, 0xce,
    0x26, 0x20, 0xc0, 0x1e, 0xf0, 0x60, 0xf, 0xfe,
    0x0, 0x83, 0x0, 0x7b, 0xc1, 0x81, 0x48, 0xc0,
    0x39, 0xc4, 0xc2, 0x43, 0x88, 0x2, 0xa1, 0x60,
    0x1, 0xc1, 0x6d, 0xdb, 0x95, 0x20, 0x2, 0x7b,
    0x45, 0x42, 0x9b, 0x0, 0x0,

    /* U+00D3 "Ó" */
    0x0, 0xf1, 0xb0, 0x80, 0x7f, 0x76, 0x88, 0x7,
    0xe5, 0x29, 0x0, 0xfe, 0x5f, 0x20, 0xf, 0x92,
    0xfb, 0xf1, 0x80, 0x39, 0xed, 0x15, 0xa, 0x6c,
    0x2, 0x38, 0x2d, 0xbb, 0x72, 0xa3, 0x80, 0x24,
    0x38, 0x80, 0x2a, 0x19, 0x0, 0x29, 0x18, 0x7,
    0x38, 0x98, 0x83, 0x0, 0x7b, 0xc1, 0x80, 0x3f,
    0xf8, 0x2, 0xc, 0x1, 0xef, 0x6, 0x5, 0x23,
    0x0, 0xe7, 0x13, 0x9, 0xe, 0x20, 0xa, 0x85,
    0x80, 0x7, 0x5, 0xb7, 0x6e, 0x54, 0x80, 0x9,
    0xed, 0x15, 0xa, 0x6c, 0x0,

    /* U+00D4 "Ô" */
    0x0, 0xe6, 0x71, 0x0, 0xfd, 0x37, 0xba, 0x10,
    0xf, 0x18, 0xe5, 0x5a, 0x0, 0x78, 0xe0, 0x41,
    0xd4, 0x3, 0xc9, 0x7d, 0xf8, 0xc0, 0x1c, 0xf6,
    0x8a, 0x85, 0x36, 0x1, 0x1c, 0x16, 0xdd, 0xb9,
    0x51, 0xc0, 0x12, 0x1c, 0x40, 0x15, 0xc, 0x80,
    0x14, 0x8c, 0x3, 0x9c, 0x4c, 0x41, 0x80, 0x3d,
    0xe0, 0xc0, 0x1f, 0xfc, 0x1, 0x6, 0x0, 0xf7,
    0x83, 0x2, 0x91, 0x80, 0x73, 0x89, 0x84, 0x87,
    0x10, 0x5, 0x42, 0xc0, 0x3, 0x82, 0xdb, 0xb7,
    0x2a, 0x40, 0x4, 0xf6, 0x8a, 0x85, 0x36, 0x0,

    /* U+00D5 "Õ" */
    0x0, 0x87, 0x7f, 0xe5, 0x0, 0xf0, 0xfe, 0xeb,
    0x94, 0x3, 0xe2, 0x28, 0x40, 0x3e, 0x4b, 0xef,
    0xc6, 0x0, 0xe7, 0xb4, 0x54, 0x29, 0xb0, 0x8,
    0xe0, 0xb6, 0xed, 0xca, 0x8e, 0x0, 0x90, 0xe2,
    0x0, 0xa8, 0x64, 0x0, 0xa4, 0x60, 0x1c, 0xe2,
    0x62, 0xc, 0x1, 0xef, 0x6, 0x0, 0xff, 0xe0,
    0x8, 0x30, 0x7, 0xbc, 0x18, 0x14, 0x8c, 0x3,
    0x9c, 0x4c, 0x24, 0x38, 0x80, 0x2a, 0x16, 0x0,
    0x1c, 0x16, 0xdd, 0xb9, 0x52, 0x0, 0x27, 0xb4,
    0x54, 0x29, 0xb0, 0x0,

    /* U+00D6 "Ö" */
    0x0, 0xff, 0xe1, 0xaf, 0xa0, 0xf4, 0x80, 0x7f,
    0xf1, 0x97, 0xd0, 0x7a, 0x40, 0x3c, 0x97, 0xdf,
    0x8c, 0x1, 0xcf, 0x68, 0xa8, 0x53, 0x60, 0x11,
    0xc1, 0x6d, 0xdb, 0x95, 0x1c, 0x1, 0x21, 0xc4,
    0x1, 0x50, 0xc8, 0x1, 0x48, 0xc0, 0x39, 0xc4,
    0xc4, 0x18, 0x3, 0xde, 0xc, 0x1, 0xff, 0xc0,
    0x10, 0x60, 0xf, 0x78, 0x30, 0x29, 0x18, 0x7,
    0x38, 0x98, 0x48, 0x71, 0x0, 0x54, 0x2c, 0x0,
    0x38, 0x2d, 0xbb, 0x72, 0xa4, 0x0, 0x4f, 0x68,
    0xa8, 0x53, 0x60, 0x0,

    /* U+00D7 "×" */
    0x4, 0x0, 0xc2, 0x60, 0x77, 0x40, 0x1, 0xcd,
    0x3, 0x75, 0xa1, 0xc2, 0xa0, 0x4, 0x3a, 0xf1,
    0x5a, 0x0, 0x52, 0x20, 0x88, 0x0, 0x87, 0x45,
    0x11, 0x20, 0x16, 0x9d, 0x5b, 0x32, 0x40, 0x89,
    0x4a, 0x12, 0xca, 0x5, 0xca, 0x1, 0x4e, 0x0,

    /* U+00D8 "Ø" */
    0x0, 0xfe, 0x10, 0xe, 0x4b, 0xef, 0xc6, 0xd8,
    0x0, 0x9e, 0xd1, 0x50, 0xa4, 0xe8, 0x0, 0x70,
    0x5b, 0x76, 0xa0, 0x2, 0x80, 0x24, 0x38, 0x80,
    0x12, 0x83, 0x20, 0x5, 0x23, 0x0, 0x49, 0xd3,
    0x89, 0x88, 0x30, 0x1, 0x1a, 0x87, 0xc1, 0x80,
    0x30, 0xd3, 0x20, 0x6, 0x10, 0x60, 0xa3, 0x90,
    0x7, 0x83, 0x2, 0x94, 0xa7, 0x0, 0x4e, 0x26,
    0x12, 0xc, 0xc3, 0x0, 0x50, 0xb0, 0x0, 0xc0,
    0xd, 0x76, 0xe5, 0x48, 0x0, 0x18, 0xca, 0x2a,
    0x14, 0xd8, 0x4, 0x7c, 0xd7, 0xdf, 0x8c, 0x1,
    0x0,

    /* U+00D9 "Ù" */
    0x0, 0x98, 0xc0, 0x3f, 0x66, 0x80, 0x7e, 0xb0,
    0x60, 0xf, 0x87, 0x98, 0x3, 0x5f, 0x88, 0x6,
    0x3f, 0x90, 0xf, 0xff, 0xc8, 0x90, 0x28, 0x6,
    0x50, 0xfc, 0x8, 0x10, 0x1, 0x40, 0x2a, 0xc7,
    0xd7, 0x6d, 0x17, 0x20, 0xa9, 0x34, 0x41, 0xd4,
    0x0,

    /* U+00DA "Ú" */
    0x0, 0xe4, 0x50, 0xf, 0x86, 0xf4, 0x3, 0xe9,
    0x28, 0x0, 0xfa, 0x34, 0x3, 0x5f, 0x88, 0x6,
    0x3f, 0x90, 0xf, 0xff, 0xc8, 0x90, 0x28, 0x6,
    0x50, 0xfc, 0x8, 0x10, 0x1, 0x40, 0x2a, 0xc7,
    0xd7, 0x6d, 0x17, 0x20, 0xa9, 0x34, 0x41, 0xd4,
    0x0,

    /* U+00DB "Û" */
    0x0, 0xce, 0xe0, 0xf, 0xb3, 0x15, 0x40, 0xe,
    0x4b, 0xb6, 0x69, 0x80, 0x64, 0x70, 0x17, 0x30,
    0x5, 0xf8, 0x80, 0x63, 0xf9, 0x0, 0xff, 0xfc,
    0x89, 0x2, 0x80, 0x65, 0xf, 0xc0, 0x81, 0x0,
    0x14, 0x2, 0xac, 0x7d, 0x76, 0xd1, 0x72, 0xa,
    0x93, 0x44, 0x1d, 0x40, 0x0,

    /* U+00DC "Ü" */
    0x0, 0xff, 0xe0, 0x47, 0x9, 0xfb, 0x0, 0x7f,
    0xf0, 0xa3, 0x84, 0xfd, 0x80, 0x17, 0xe2, 0x1,
    0x8f, 0xe4, 0x3, 0xff, 0xf2, 0x24, 0xa, 0x1,
    0x94, 0x3f, 0x2, 0x4, 0x0, 0x50, 0xa, 0xb1,
    0xf5, 0xdb, 0x45, 0xc8, 0x2a, 0x4d, 0x10, 0x75,
    0x0,

    /* U+00DD "Ý" */
    0x0, 0xf3, 0x18, 0x7, 0xe7, 0x90, 0xf, 0xe9,
    0x73, 0x0, 0xfd, 0xd0, 0x1, 0x93, 0xf0, 0x3,
    0xa7, 0xdd, 0x10, 0x6a, 0x1, 0x13, 0x13, 0x84,
    0x85, 0x80, 0x52, 0x12, 0x0, 0x27, 0x17, 0x4,
    0x42, 0xa0, 0x5, 0x3, 0x3, 0x21, 0x60, 0x1d,
    0x61, 0xa5, 0x2, 0x1, 0xca, 0x86, 0x4e, 0x1,
    0xf7, 0x5, 0x0, 0x7f, 0xf9, 0x0,

    /* U+00DE "Þ" */
    0xcf, 0x0, 0xff, 0xe3, 0x44, 0x1d, 0x0, 0x39,
    0xdd, 0x17, 0xa2, 0x1, 0x7f, 0xd2, 0x54, 0x1,
    0xe6, 0x44, 0x0, 0x7f, 0xf0, 0xd9, 0x10, 0x1,
    0x7f, 0xd2, 0x54, 0x1, 0x3b, 0xa2, 0xf4, 0x40,
    0x28, 0x83, 0xa0, 0x7, 0xff, 0x0,

    /* U+00DF "ß" */
    0x4, 0xcf, 0xf5, 0x98, 0x0, 0xec, 0xd9, 0x53,
    0x8, 0x28, 0x2e, 0x6a, 0x41, 0x40, 0x81, 0x0,
    0x4, 0x1, 0xf0, 0xf8, 0xb0, 0x6, 0x9e, 0x4b,
    0x10, 0xd, 0xae, 0x54, 0xe0, 0x19, 0x23, 0x4e,
    0x4, 0x3, 0xc8, 0x4, 0x1, 0xe3, 0x1, 0x0,
    0x96, 0x31, 0x10, 0x40, 0x16, 0x39, 0x35, 0x80,

    /* U+00E0 "à" */
    0x0, 0x1b, 0x0, 0x78, 0x65, 0x80, 0x38, 0x9e,
    0x0, 0x3d, 0x1c, 0x1, 0xd1, 0xbf, 0xae, 0x0,
    0xb7, 0x74, 0x34, 0x40, 0x3a, 0x69, 0xec, 0x94,
    0x15, 0x89, 0x1c, 0x8c, 0x1b, 0xb6, 0xec, 0x22,
    0x29, 0x2c, 0xfc, 0x20, 0x60, 0xa3, 0x1, 0x30,
    0x50, 0x87, 0x76, 0x8, 0xd, 0x9c, 0x54, 0x28,
    0x0,

    /* U+00E1 "á" */
    0x0, 0xc2, 0xc4, 0x1, 0xd1, 0x3, 0x0, 0xc2,
    0xd0, 0x20, 0x18, 0x7d, 0x80, 0x34, 0x6f, 0xeb,
    0x80, 0x2d, 0xdd, 0xd, 0x10, 0xe, 0x9a, 0x7b,
    0x25, 0x5, 0x62, 0x47, 0x23, 0x6, 0xed, 0xbb,
    0x8, 0x8a, 0x4b, 0x3f, 0x8, 0x18, 0x28, 0xc0,
    0x4c, 0x14, 0x21, 0xdd, 0x82, 0x3, 0x67, 0x15,
    0xa, 0x0,

    /* U+00E2 "â" */
    0x0, 0x92, 0xc, 0x3, 0x2d, 0x86, 0x18, 0x4,
    0x57, 0x14, 0x80, 0x13, 0xa0, 0x2b, 0x80, 0x51,
    0xbf, 0xae, 0x0, 0xb7, 0x74, 0x34, 0x40, 0x3a,
    0x69, 0xec, 0x94, 0x15, 0x89, 0x1c, 0x8c, 0x1b,
    0xb6, 0xec, 0x22, 0x29, 0x2c, 0xfc, 0x20, 0x60,
    0xa3, 0x1, 0x30, 0x50, 0x87, 0x76, 0x8, 0xd,
    0x9c, 0x54, 0x28, 0x0,

    /* U+00E3 "ã" */
    0x0, 0x57, 0xfd, 0x40, 0x15, 0xee, 0xba, 0x80,
    0x21, 0x22, 0x8, 0x6, 0x8d, 0xfd, 0x70, 0x5,
    0xbb, 0xa1, 0xa2, 0x1, 0xd3, 0x4f, 0x64, 0xa0,
    0xac, 0x48, 0xe4, 0x60, 0xdd, 0xb7, 0x61, 0x11,
    0x49, 0x67, 0xe1, 0x3, 0x5, 0x18, 0x9, 0x82,
    0x84, 0x3b, 0xb0, 0x40, 0x6c, 0xe2, 0xa1, 0x40,

    /* U+00E4 "ä" */
    0x1, 0xe8, 0xa, 0xd0, 0xc, 0x20, 0x3, 0x0,
    0xf, 0x48, 0x57, 0x0, 0x51, 0xbf, 0xae, 0x0,
    0xb7, 0x74, 0x34, 0x40, 0x3a, 0x69, 0xec, 0x94,
    0x15, 0x89, 0x1c, 0x8c, 0x1b, 0xb6, 0xec, 0x22,
    0x29, 0x2c, 0xfc, 0x20, 0x60, 0xa3, 0x1, 0x30,
    0x50, 0x87, 0x76, 0x8, 0xd, 0x9c, 0x54, 0x28,
    0x0,

    /* U+00E5 "å" */
    0x0, 0xab, 0xa4, 0x3, 0x40, 0xe2, 0xb0, 0x4,
    0x22, 0x27, 0x10, 0xa, 0x1f, 0xdd, 0xc0, 0x10,
    0xef, 0x60, 0x6, 0x8d, 0xed, 0x70, 0x5, 0xbb,
    0xa1, 0xa2, 0x1, 0xd3, 0x4f, 0x64, 0xa0, 0xac,
    0x48, 0xe4, 0x60, 0xdd, 0xb7, 0x61, 0x11, 0x49,
    0x67, 0xe1, 0x3, 0x5, 0x18, 0x9, 0x82, 0x84,
    0x3b, 0xb0, 0x40, 0x6c, 0xe2, 0xa1, 0x40,

    /* U+00E6 "æ" */
    0x0, 0x46, 0xfe, 0xb0, 0xd7, 0xfa, 0xc8, 0x1,
    0x4e, 0xe8, 0x69, 0xf5, 0x77, 0x2e, 0x8, 0x64,
    0x53, 0xd8, 0x8b, 0x22, 0x1a, 0x32, 0xc, 0xe0,
    0x1, 0x22, 0x84, 0x44, 0x2a, 0x7, 0x7f, 0xee,
    0x32, 0xee, 0xc2, 0x65, 0x8d, 0x37, 0x62, 0x25,
    0xdf, 0x6b, 0x85, 0xb2, 0x29, 0x93, 0x22, 0x46,
    0xe8, 0x11, 0x9, 0xf3, 0x1c, 0x98, 0xd8, 0x11,
    0x59, 0xbb, 0x9b, 0x30, 0x8e, 0xe1, 0xa5,

    /* U+00E7 "ç" */
    0x0, 0x26, 0x7f, 0x50, 0x80, 0x12, 0xc9, 0xdc,
    0xb8, 0x0, 0x90, 0xf8, 0x99, 0x1, 0x91, 0x14,
    0x40, 0xd, 0xa6, 0x20, 0x40, 0x1e, 0x10, 0x20,
    0xf, 0x11, 0x10, 0x40, 0xb, 0xc8, 0x10, 0x3f,
    0x13, 0x46, 0x80, 0xb6, 0x4e, 0xcb, 0x80, 0x12,
    0x62, 0x35, 0x88, 0x7, 0x48, 0x58, 0x7, 0xe,
    0x3e, 0x0, 0x0,

    /* U+00E8 "è" */
    0x0, 0xb, 0x10, 0x7, 0x86, 0xe4, 0x3, 0xee,
    0x43, 0x0, 0xf1, 0xf9, 0x80, 0x72, 0x67, 0xf4,
    0x80, 0x49, 0x62, 0xe8, 0xd8, 0x0, 0x91, 0xc8,
    0xa8, 0x34, 0x22, 0x38, 0x8, 0x94, 0x34, 0x41,
    0xbb, 0xad, 0x3, 0x10, 0x5b, 0xbe, 0x82, 0x23,
    0xa2, 0x4c, 0x40, 0x9, 0x2d, 0x88, 0x64, 0x80,
    0x12, 0xc5, 0xd9, 0x70, 0x80,

    /* U+00E9 "é" */
    0x0, 0xe5, 0x40, 0xf, 0x25, 0x8, 0x7, 0xbd,
    0x54, 0x1, 0xeb, 0xa0, 0xe, 0x4c, 0xfe, 0x90,
    0x9, 0x2c, 0x5d, 0x1b, 0x0, 0x12, 0x39, 0x15,
    0x6, 0x84, 0x47, 0x1, 0x12, 0x86, 0x88, 0x37,
    0x75, 0xa0, 0x62, 0xb, 0x77, 0xd0, 0x44, 0x74,
    0x49, 0x88, 0x1, 0x25, 0xb1, 0xc, 0x90, 0x2,
    0x58, 0xbb, 0x2e, 0x10,

    /* U+00EA "ê" */
    0x0, 0x8a, 0x14, 0x3, 0x8b, 0x6, 0xdc, 0x3,
    0x24, 0x4e, 0x80, 0x80, 0x4c, 0xc0, 0x37, 0x10,
    0x9, 0x33, 0xfa, 0x40, 0x24, 0xb1, 0x74, 0x6c,
    0x0, 0x48, 0xe4, 0x54, 0x1a, 0x11, 0x1c, 0x4,
    0x4a, 0x1a, 0x20, 0xdd, 0xd6, 0x81, 0x88, 0x2d,
    0xdf, 0x41, 0x11, 0xd1, 0x26, 0x20, 0x4, 0x96,
    0xc4, 0x32, 0x40, 0x9, 0x62, 0xec, 0xb8, 0x40,

    /* U+00EB "ë" */
    0x0, 0x5e, 0x82, 0xf9, 0x80, 0x78, 0xc0, 0x3a,
    0xf4, 0x1b, 0xcc, 0x2, 0x4c, 0xfe, 0x90, 0x9,
    0x2c, 0x5d, 0x1b, 0x0, 0x12, 0x39, 0x15, 0x6,
    0x84, 0x47, 0x1, 0x12, 0x86, 0x88, 0x37, 0x75,
    0xa0, 0x62, 0xb, 0x77, 0xd0, 0x44, 0x74, 0x49,
    0x88, 0x1, 0x25, 0xb1, 0xc, 0x90, 0x2, 0x58,
    0xbb, 0x2e, 0x10,

    /* U+00EC "ì" */
    0x5, 0x40, 0x6, 0x58, 0x84, 0x8b, 0x0, 0x39,
    0xc0, 0x1b, 0xc0, 0x1f, 0xfd, 0x40,

    /* U+00ED "í" */
    0x3, 0x50, 0x6, 0xe0, 0x38, 0x40, 0x3f, 0x8,
    0x6f, 0x0, 0x7f, 0xf5, 0x80,

    /* U+00EE "î" */
    0x0, 0x3b, 0x80, 0x28, 0x99, 0x40, 0x2b, 0xd6,
    0xba, 0xab, 0xd0, 0xfd, 0x40, 0x1b, 0xc0, 0x1f,
    0xfe, 0x60,

    /* U+00EF "ï" */
    0x6e, 0x22, 0x73, 0x88, 0xc0, 0x20, 0xfe, 0x65,
    0xee, 0x0, 0xde, 0x0, 0xff, 0xf3, 0x0,

    /* U+00F0 "ð" */
    0x0, 0xff, 0x9b, 0x98, 0x61, 0x40, 0x26, 0x64,
    0xf0, 0xa0, 0x4, 0xcd, 0x9, 0x88, 0x4, 0x9f,
    0x34, 0xac, 0x1, 0x2f, 0xfc, 0x90, 0x0, 0x88,
    0x25, 0xea, 0x8a, 0x83, 0x9d, 0x23, 0x58, 0x69,
    0x82, 0x0, 0x48, 0x4, 0x1, 0xe1, 0x3, 0x30,
    0x28, 0x4, 0xc1, 0x81, 0x5, 0x8f, 0x32, 0x35,
    0x7, 0x91, 0x87, 0x6c, 0x0,

    /* U+00F1 "ñ" */
    0x5, 0xff, 0xb8, 0x40, 0x9, 0xdb, 0xdc, 0x10,
    0x0, 0x88, 0x84, 0x2, 0xdc, 0x4d, 0xfc, 0x30,
    0x1, 0x4d, 0x39, 0xe0, 0x80, 0xfb, 0xc4, 0x1,
    0x0, 0x48, 0x0, 0x60, 0x40, 0x1f, 0xfd, 0xc0,

    /* U+00F2 "ò" */
    0x0, 0xb, 0x18, 0x7, 0x86, 0xb8, 0x3, 0xee,
    0x24, 0x0, 0xf1, 0x7a, 0x0, 0x72, 0x67, 0xf5,
    0x8, 0x1, 0x2c, 0x9d, 0xcb, 0xe2, 0x12, 0x1f,
    0x13, 0x43, 0x24, 0x45, 0x10, 0x2, 0x82, 0x8,
    0x10, 0x6, 0x22, 0x8, 0x10, 0x6, 0x23, 0x22,
    0x20, 0x80, 0x14, 0x14, 0x24, 0x7e, 0x26, 0x86,
    0x41, 0x2c, 0x9d, 0xcb, 0xe2,

    /* U+00F3 "ó" */
    0x0, 0xe5, 0x50, 0x7, 0x8a, 0x8c, 0x3, 0xd0,
    0x6c, 0x1, 0xea, 0xc0, 0xe, 0x4c, 0xfe, 0xa1,
    0x0, 0x25, 0x93, 0xb9, 0x7c, 0x42, 0x43, 0xe2,
    0x68, 0x64, 0x88, 0xa2, 0x0, 0x50, 0x41, 0x2,
    0x0, 0xc4, 0x41, 0x2, 0x0, 0xc4, 0x64, 0x44,
    0x10, 0x2, 0x82, 0x84, 0x8f, 0xc4, 0xd0, 0xc8,
    0x25, 0x93, 0xb9, 0x7c, 0x40,

    /* U+00F4 "ô" */
    0x0, 0x85, 0xd8, 0x3, 0x87, 0x36, 0xe4, 0x3,
    0x25, 0x53, 0xc4, 0x80, 0x25, 0x70, 0x28, 0x20,
    0x9, 0x33, 0xfa, 0x84, 0x0, 0x96, 0x4e, 0xe5,
    0xf1, 0x9, 0xf, 0x89, 0xa1, 0x92, 0x22, 0x88,
    0x1, 0x41, 0x4, 0x8, 0x3, 0x11, 0x4, 0x8,
    0x3, 0x11, 0x91, 0x10, 0x40, 0xa, 0xa, 0x12,
    0x3f, 0x13, 0x43, 0x20, 0x96, 0x4e, 0xe5, 0xf1,

    /* U+00F5 "õ" */
    0x0, 0x2f, 0xfd, 0xc2, 0x1, 0x27, 0x6f, 0x70,
    0x40, 0x21, 0x11, 0x8, 0x7, 0x26, 0x7f, 0x50,
    0x80, 0x12, 0xc9, 0xdc, 0xbe, 0x21, 0x21, 0xf1,
    0x34, 0x32, 0x44, 0x51, 0x0, 0x28, 0x20, 0x81,
    0x0, 0x62, 0x20, 0x81, 0x0, 0x62, 0x32, 0x22,
    0x8, 0x1, 0x41, 0x42, 0x47, 0xe2, 0x68, 0x64,
    0x12, 0xc9, 0xdc, 0xbe, 0x20,

    /* U+00F6 "ö" */
    0x0, 0x4e, 0x82, 0x7a, 0x0, 0x46, 0x60, 0x8,
    0x40, 0x2a, 0xe0, 0x4f, 0x50, 0x9, 0x33, 0xfa,
    0x84, 0x0, 0x96, 0x4e, 0xe5, 0xf1, 0x9, 0xf,
    0x89, 0xa1, 0x92, 0x22, 0x88, 0x1, 0x41, 0x4,
    0x8, 0x3, 0x11, 0x4, 0x8, 0x3, 0x11, 0x91,
    0x10, 0x40, 0xa, 0xa, 0x12, 0x3f, 0x13, 0x43,
    0x20, 0x96, 0x4e, 0xe5, 0xf1,

    /* U+00F7 "÷" */
    0x0, 0xa3, 0x8c, 0x3, 0xc6, 0x2c, 0x1, 0xea,
    0xc5, 0x0, 0x8e, 0x21, 0x37, 0x11, 0x2, 0xbb,
    0xfc, 0x2d, 0xff, 0xf0, 0x80, 0x51, 0xc6, 0x1,
    0xe3, 0x16, 0x0, 0xf5, 0x62, 0x80, 0x40,

    /* U+00F8 "ø" */
    0x0, 0xff, 0xe0, 0x26, 0x7f, 0x54, 0x60, 0x1,
    0x2c, 0x9d, 0xca, 0xf0, 0x0, 0x90, 0xf8, 0xa0,
    0x6, 0x1, 0x11, 0x44, 0x5b, 0x0, 0x80, 0x20,
    0x41, 0xae, 0xe2, 0x20, 0x8, 0x15, 0x3c, 0x81,
    0x18, 0x11, 0x15, 0x54, 0xa, 0xa, 0x0, 0x60,
    0x4, 0xca, 0x86, 0x40, 0x51, 0xcd, 0xdc, 0xbe,
    0x20, 0x3b, 0x19, 0xfd, 0x42, 0x0,

    /* U+00F9 "ù" */
    0x1, 0x62, 0x0, 0xe1, 0xae, 0x0, 0xf7, 0x1a,
    0x0, 0x71, 0x7a, 0x0, 0x5b, 0xc0, 0x12, 0x7b,
    0x80, 0x7f, 0xf7, 0x18, 0x48, 0x1, 0xa0, 0xd,
    0xc, 0x9b, 0x50, 0x3, 0x38, 0x30, 0xf8, 0x0,

    /* U+00FA "ú" */
    0x0, 0xca, 0xa0, 0xe, 0x3a, 0x30, 0xe, 0x93,
    0x60, 0xe, 0xac, 0x0, 0xb7, 0x80, 0x24, 0xf7,
    0x0, 0xff, 0xee, 0x30, 0x90, 0x3, 0x40, 0x1a,
    0x19, 0x36, 0xa0, 0x6, 0x70, 0x61, 0xf0, 0x0,

    /* U+00FB "û" */
    0x0, 0xb, 0xb0, 0x6, 0x1c, 0xd8, 0x80, 0x4,
    0x95, 0x4c, 0x2, 0x0, 0x2b, 0x81, 0x41, 0x6,
    0xf0, 0x4, 0x9e, 0xe0, 0x1f, 0xfd, 0xc6, 0x12,
    0x0, 0x68, 0x3, 0x43, 0x26, 0xd4, 0x0, 0xce,
    0xc, 0x3e, 0x0,

    /* U+00FC "ü" */
    0xa, 0xd0, 0x4f, 0x40, 0x8, 0xc0, 0x40, 0x35,
    0x70, 0x2f, 0xa0, 0x6f, 0x0, 0x49, 0xee, 0x1,
    0xff, 0xdc, 0x61, 0x20, 0x6, 0x80, 0x34, 0x32,
    0x6d, 0x40, 0xc, 0xe0, 0xc3, 0xe0, 0x0,

    /* U+00FD "ý" */
    0x0, 0xc7, 0xee, 0x1, 0xe9, 0x37, 0x0, 0xf7,
    0xf0, 0x7, 0xca, 0x40, 0x13, 0xfb, 0x0, 0x45,
    0xf4, 0xc1, 0xa0, 0x15, 0x7, 0xa, 0x20, 0x40,
    0xc, 0x28, 0x1e, 0xc, 0x6, 0x32, 0x0, 0x41,
    0xb0, 0xa0, 0x60, 0x9, 0x8c, 0x9d, 0x4, 0x2,
    0xa0, 0x81, 0xe0, 0xc, 0x46, 0xa2, 0xa0, 0x1d,
    0x40, 0xe0, 0x1e, 0xf0, 0xa0, 0xc, 0xb0, 0xc8,
    0x60, 0x1a, 0x5d, 0x28, 0x3, 0x0,

    /* U+00FE "þ" */
    0xde, 0x0, 0xff, 0xe7, 0x9e, 0xfe, 0xa8, 0x6,
    0xd4, 0x73, 0xa4, 0x0, 0xd, 0xcc, 0x60, 0x40,
    0x4, 0xa0, 0x2, 0x43, 0x0, 0x10, 0x6, 0x10,
    0x10, 0x20, 0xc, 0x20, 0x20, 0x6, 0x0, 0x12,
    0x18, 0x0, 0x62, 0x63, 0x2, 0x0, 0x2d, 0x47,
    0x3a, 0x40, 0x8, 0xf7, 0xf5, 0x40, 0x3f, 0xf9,
    0x0,

    /* U+00FF "ÿ" */
    0x0, 0x6d, 0x83, 0xf1, 0x0, 0x7b, 0xc4, 0x3,
    0x6d, 0x84, 0x79, 0x3, 0xfb, 0x0, 0x45, 0xf4,
    0xc1, 0xa0, 0x15, 0x7, 0xa, 0x20, 0x40, 0xc,
    0x28, 0x1e, 0xc, 0x6, 0x32, 0x0, 0x41, 0xb0,
    0xa0, 0x60, 0x9, 0x8c, 0x9d, 0x4, 0x2, 0xa0,
    0x81, 0xe0, 0xc, 0x46, 0xa2, 0xa0, 0x1d, 0x40,
    0xe0, 0x1e, 0xf0, 0xa0, 0xc, 0xb0, 0xc8, 0x60,
    0x1a, 0x5d, 0x28, 0x3, 0x0,

    /* U+0100 "Ā" */
    0x0, 0xff, 0xe1, 0x47, 0xfd, 0xa0, 0x1e, 0x9c,
    0xcb, 0x80, 0x3c, 0x26, 0x78, 0x3, 0xea, 0xfe,
    0x0, 0xfc, 0xa2, 0x24, 0x0, 0xf2, 0x84, 0x86,
    0x80, 0x7b, 0xc1, 0x89, 0xc0, 0x3c, 0xa4, 0x2a,
    0x2a, 0x1, 0x94, 0x14, 0x2c, 0x3c, 0x3, 0x70,
    0x58, 0x18, 0xa8, 0x4, 0x28, 0x17, 0x10, 0x30,
    0x50, 0x3, 0x80, 0x1d, 0xe2, 0xe, 0x0, 0x68,
    0x67, 0xfe, 0x24, 0x11, 0x21, 0x18, 0x6, 0x50,
    0x77, 0x2, 0x80, 0x75, 0x5, 0x0,

    /* U+0101 "ā" */
    0x0, 0x67, 0xfd, 0x40, 0x17, 0xdd, 0xd0, 0x1,
    0x1a, 0x24, 0x40, 0x14, 0x6f, 0xeb, 0x80, 0x2d,
    0xdd, 0xd, 0x10, 0xe, 0x9a, 0x7b, 0x25, 0x5,
    0x62, 0x47, 0x23, 0x6, 0xed, 0xbb, 0x8, 0x8a,
    0x4b, 0x3f, 0x8, 0x18, 0x28, 0xc0, 0x4c, 0x14,
    0x21, 0xdd, 0x82, 0x3, 0x67, 0x15, 0xa, 0x0,

    /* U+0102 "Ă" */
    0x0, 0x94, 0xc0, 0x10, 0x1, 0xed, 0x80, 0x65,
    0x0, 0xf4, 0x3f, 0xc7, 0x0, 0x7d, 0x9d, 0xc3,
    0x0, 0xfa, 0xbb, 0x80, 0x1f, 0x94, 0x44, 0x80,
    0x1e, 0x50, 0x90, 0xd0, 0xf, 0x78, 0x31, 0x38,
    0x7, 0x94, 0x85, 0x45, 0x40, 0x32, 0x82, 0x85,
    0x87, 0x80, 0x6e, 0xb, 0x3, 0x15, 0x0, 0x85,
    0x2, 0xe2, 0x6, 0xa, 0x0, 0x70, 0x3, 0xbc,
    0x41, 0xc0, 0xd, 0xc, 0xff, 0xc4, 0x82, 0x24,
    0x23, 0x0, 0xca, 0xe, 0xe0, 0x50, 0xe, 0xa0,
    0xa0,

    /* U+0103 "ă" */
    0x0, 0x49, 0x1, 0xc0, 0x4, 0xb4, 0x12, 0x40,
    0x17, 0x37, 0xbd, 0x80, 0x45, 0xdc, 0xd1, 0x0,
    0xa3, 0x7b, 0x5c, 0x1, 0x6e, 0xe8, 0x68, 0x80,
    0x74, 0xd3, 0xd9, 0x28, 0x2b, 0x12, 0x39, 0x18,
    0x37, 0x6d, 0xd8, 0x44, 0x52, 0x59, 0xf8, 0x40,
    0xc1, 0x46, 0x2, 0x60, 0xa1, 0xe, 0xec, 0x10,
    0x1b, 0x38, 0xa8, 0x50,

    /* U+0104 "Ą" */
    0x0, 0xd5, 0xfc, 0x1, 0xfc, 0xa2, 0x24, 0x0,
    0xf9, 0x42, 0x3, 0x40, 0x3e, 0xf0, 0x63, 0x70,
    0xf, 0x95, 0x2, 0xc5, 0x40, 0x39, 0x43, 0x41,
    0x83, 0xc0, 0x3b, 0x81, 0xc0, 0x4d, 0x40, 0x30,
    0xa0, 0x77, 0xf8, 0xc1, 0x40, 0x27, 0x5, 0x77,
    0xc1, 0xc0, 0x16, 0x85, 0xc4, 0x63, 0x41, 0x1,
    0x43, 0x10, 0xd, 0x60, 0xe0, 0xe1, 0x60, 0x1c,
    0xa1, 0x40, 0xde, 0xe0, 0x1c, 0xa3, 0x0, 0x1f,
    0xd0, 0x62, 0x1, 0xfc, 0xe5, 0x66,

    /* U+0105 "ą" */
    0x0, 0x46, 0xfe, 0xb8, 0x5, 0x6e, 0xe8, 0x68,
    0x80, 0x3, 0xa6, 0x9e, 0xc9, 0x40, 0xa, 0xc4,
    0x8e, 0x46, 0x0, 0x6e, 0xdb, 0xb0, 0x88, 0xa,
    0x4b, 0x3f, 0x8, 0x0, 0xc1, 0x46, 0x2, 0x60,
    0x5, 0x8, 0x77, 0x60, 0x80, 0x6, 0xce, 0x2a,
    0xc4, 0x2, 0x4d, 0xfd, 0xf1, 0xd0, 0xf, 0x31,
    0xb8, 0x7, 0xa0, 0xac, 0xc0,

    /* U+0106 "Ć" */
    0x0, 0xf1, 0xb0, 0x80, 0x7e, 0xed, 0x10, 0xf,
    0x94, 0xa8, 0x3, 0xf2, 0xf8, 0x80, 0x79, 0x2f,
    0xbf, 0x18, 0x3, 0x3d, 0xa2, 0xa1, 0x4d, 0x80,
    0xe, 0xb, 0x6e, 0xdc, 0xa8, 0xe1, 0x21, 0xc4,
    0x1, 0x50, 0xe0, 0x29, 0x18, 0x7, 0x75, 0x88,
    0x30, 0x7, 0xff, 0x1c, 0x41, 0x80, 0x3f, 0x94,
    0x8c, 0x3, 0xf, 0x60, 0x48, 0x70, 0x80, 0x56,
    0x34, 0x7, 0x5, 0xd7, 0x6e, 0x54, 0x60, 0x3,
    0xda, 0x2a, 0x14, 0xd8, 0x0,

    /* U+0107 "ć" */
    0x0, 0xe5, 0x50, 0x7, 0x8a, 0x8c, 0x3, 0xd0,
    0x6c, 0x1, 0xea, 0xc0, 0xe, 0x4c, 0xfe, 0xa1,
    0x0, 0x25, 0x93, 0xb9, 0x70, 0x1, 0x21, 0xf1,
    0x32, 0x3, 0x22, 0x28, 0x80, 0x1b, 0x4c, 0x40,
    0x80, 0x3c, 0x20, 0x40, 0x1e, 0x22, 0x20, 0x80,
    0x17, 0x90, 0x20, 0x7e, 0x26, 0x8d, 0x1, 0x6c,
    0x9d, 0xcb, 0x80,

    /* U+0108 "Ĉ" */
    0x0, 0xe6, 0x71, 0x0, 0xfa, 0xaf, 0x74, 0x20,
    0x1c, 0x65, 0x95, 0x6a, 0x1, 0xc7, 0x2, 0xe,
    0x80, 0x1c, 0x97, 0xdf, 0x8c, 0x1, 0x9e, 0xd1,
    0x50, 0xa6, 0xc0, 0x7, 0x5, 0xb7, 0x6e, 0x54,
    0x70, 0x90, 0xe2, 0x0, 0xa8, 0x70, 0x14, 0x8c,
    0x3, 0xba, 0xc4, 0x18, 0x3, 0xff, 0x8e, 0x20,
    0xc0, 0x1f, 0xca, 0x46, 0x1, 0x87, 0xb0, 0x24,
    0x38, 0x40, 0x2b, 0x1a, 0x3, 0x82, 0xeb, 0xb7,
    0x2a, 0x30, 0x1, 0xed, 0x15, 0xa, 0x6c, 0x0,

    /* U+0109 "ĉ" */
    0x0, 0x85, 0xd8, 0x3, 0x87, 0x36, 0xe4, 0x3,
    0x25, 0x53, 0xc4, 0x80, 0x25, 0x70, 0x28, 0x20,
    0x9, 0x33, 0xfa, 0x84, 0x0, 0x96, 0x4e, 0xe5,
    0xc0, 0x4, 0x87, 0xc4, 0xc8, 0xc, 0x88, 0xa2,
    0x0, 0x6d, 0x31, 0x2, 0x0, 0xf0, 0x81, 0x0,
    0x78, 0x88, 0x82, 0x0, 0x5e, 0x40, 0x81, 0xf8,
    0x9a, 0x34, 0x5, 0xb2, 0x77, 0x2e, 0x0,

    /* U+010A "Ċ" */
    0x0, 0xff, 0xe2, 0x67, 0x8, 0x7, 0xe7, 0x0,
    0xff, 0x5f, 0x8, 0x7, 0x92, 0xfb, 0xf1, 0x80,
    0x33, 0xda, 0x2a, 0x14, 0xd8, 0x0, 0xe0, 0xb6,
    0xed, 0xca, 0x8e, 0x12, 0x1c, 0x40, 0x15, 0xe,
    0x2, 0x91, 0x80, 0x77, 0x58, 0x83, 0x0, 0x7f,
    0xf1, 0xc4, 0x18, 0x3, 0xf9, 0x48, 0xc0, 0x30,
    0xf6, 0x4, 0x87, 0x8, 0x5, 0x63, 0x40, 0x70,
    0x5d, 0x76, 0xe5, 0x46, 0x0, 0x3d, 0xa2, 0xa1,
    0x4d, 0x80,

    /* U+010B "ċ" */
    0x0, 0x87, 0xa8, 0x3, 0xe1, 0x10, 0x7, 0x87,
    0xec, 0x3, 0x93, 0x3f, 0xa8, 0x40, 0x9, 0x64,
    0xee, 0x5c, 0x0, 0x48, 0x7c, 0x4c, 0x80, 0xc8,
    0x8a, 0x20, 0x6, 0xd3, 0x10, 0x20, 0xf, 0x8,
    0x10, 0x7, 0x88, 0x88, 0x20, 0x5, 0xe4, 0x8,
    0x1f, 0x89, 0xa3, 0x40, 0x5b, 0x27, 0x72, 0xe0,
    0x0,

    /* U+010C "Č" */
    0x0, 0x8a, 0x4, 0x1d, 0x40, 0x38, 0x87, 0x2a,
    0x88, 0x1, 0xe9, 0xbd, 0xc1, 0x0, 0xf9, 0x9c,
    0x40, 0x3c, 0x97, 0xdf, 0x8c, 0x1, 0x9e, 0xd1,
    0x50, 0xa6, 0xc0, 0x7, 0x5, 0xb7, 0x6e, 0x54,
    0x70, 0x90, 0xe2, 0x0, 0xa8, 0x70, 0x14, 0x8c,
    0x3, 0xba, 0xc4, 0x18, 0x3, 0xff, 0x8e, 0x20,
    0xc0, 0x1f, 0xca, 0x46, 0x1, 0x87, 0xb0, 0x24,
    0x38, 0x40, 0x2b, 0x1a, 0x3, 0x82, 0xeb, 0xb7,
    0x2a, 0x30, 0x1, 0xed, 0x15, 0xa, 0x6c, 0x0,

    /* U+010D "č" */
    0x0, 0x2b, 0x81, 0x41, 0x0, 0x49, 0x54, 0xf1,
    0x20, 0x8, 0x73, 0x6e, 0x40, 0x38, 0x5d, 0x80,
    0x39, 0x33, 0xfa, 0x84, 0x0, 0x96, 0x4e, 0xe5,
    0xc0, 0x4, 0x87, 0xc4, 0xc8, 0xc, 0x88, 0xa2,
    0x0, 0x6d, 0x31, 0x2, 0x0, 0xf0, 0x81, 0x0,
    0x78, 0x88, 0x82, 0x0, 0x5e, 0x40, 0x81, 0xf8,
    0x9a, 0x34, 0x5, 0xb2, 0x77, 0x2e, 0x0,

    /* U+010E "Ď" */
    0x5, 0x60, 0x28, 0x20, 0xc, 0xf2, 0xfc, 0x64,
    0x1, 0x8a, 0xa0, 0x68, 0x3, 0xcb, 0xfa, 0x20,
    0x1a, 0xff, 0xf6, 0xc0, 0x80, 0x65, 0x65, 0x7,
    0xf2, 0x0, 0xae, 0x6b, 0x68, 0x78, 0x3, 0xe5,
    0x51, 0xa0, 0x7, 0xdc, 0x18, 0x1, 0xf3, 0x1,
    0x0, 0x7f, 0x18, 0x7, 0xcc, 0x2, 0x1, 0xf7,
    0x5, 0x80, 0x79, 0x54, 0x66, 0x0, 0x5c, 0xd6,
    0xd0, 0xf0, 0x4, 0xac, 0xa0, 0xfe, 0x40,

    /* U+010F "ď" */
    0x0, 0xfe, 0x3f, 0x30, 0xf, 0xbe, 0xc0, 0x4,
    0x1, 0xff, 0x8, 0x7, 0xf1, 0xf8, 0x4, 0xdb,
    0xf8, 0x40, 0x1e, 0x69, 0x37, 0x6f, 0x0, 0xf4,
    0xf, 0xc5, 0x50, 0x3, 0x88, 0x50, 0x40, 0xc,
    0x1, 0xc2, 0x4, 0x1, 0x8, 0x7, 0x8, 0x10,
    0x4, 0x20, 0x1c, 0x42, 0xa2, 0x0, 0x90, 0xf,
    0x40, 0x7c, 0x52, 0x80, 0x79, 0xa4, 0xdd, 0xbc,
    0x3, 0x80,

    /* U+0110 "Đ" */
    0x5, 0xff, 0xdd, 0x46, 0x1, 0xe3, 0x66, 0x2a,
    0xb1, 0x80, 0x3a, 0xa6, 0x57, 0xa5, 0x24, 0x1,
    0xf8, 0xa4, 0x2c, 0x4, 0x83, 0x84, 0x40, 0x4,
    0x14, 0xc, 0x80, 0x7e, 0xe2, 0x80, 0x8, 0x81,
    0xca, 0x9, 0x76, 0x40, 0xe, 0x3f, 0xd, 0x44,
    0x8, 0x0, 0x88, 0x1, 0xfc, 0xa2, 0x80, 0x1f,
    0x8a, 0x2, 0xc0, 0x35, 0x4c, 0xaf, 0x4a, 0x48,
    0x3, 0x1b, 0x31, 0x55, 0x8c, 0x0,

    /* U+0111 "đ" */
    0x0, 0xfb, 0xec, 0x3, 0x9b, 0xfc, 0x9, 0xa0,
    0x19, 0xf3, 0x0, 0x3e, 0x0, 0x6d, 0xef, 0x10,
    0x52, 0x6, 0x93, 0x76, 0xf0, 0xd, 0x3, 0xf1,
    0x54, 0x0, 0x88, 0x50, 0x40, 0xc, 0x1, 0x8,
    0x10, 0x4, 0x20, 0x10, 0x81, 0x0, 0x42, 0x1,
    0x10, 0xa8, 0x80, 0x24, 0x3, 0x40, 0x7c, 0x52,
    0x80, 0x66, 0x93, 0x76, 0xf0, 0x8,

    /* U+0112 "Ē" */
    0x0, 0xfe, 0x3f, 0xfc, 0x60, 0x3, 0xcc, 0xc6,
    0x1, 0x19, 0xe0, 0x5, 0xff, 0xfa, 0x80, 0xc,
    0xdd, 0xe0, 0x8, 0x99, 0xca, 0x1, 0xff, 0xc6,
    0x89, 0x9c, 0x40, 0x6, 0x6e, 0x10, 0x7, 0x7f,
    0xe3, 0x0, 0xff, 0xe3, 0x44, 0xce, 0x60, 0x3,
    0x37, 0x60,

    /* U+0113 "ē" */
    0x0, 0x3f, 0xfe, 0x0, 0xcd, 0x77, 0x60, 0x6,
    0x14, 0x48, 0xc0, 0x32, 0x67, 0xf4, 0x80, 0x49,
    0x62, 0xe8, 0xd8, 0x0, 0x91, 0xc8, 0xa8, 0x34,
    0x22, 0x38, 0x8, 0x94, 0x34, 0x41, 0xbb, 0xad,
    0x3, 0x10, 0x5b, 0xbe, 0x82, 0x23, 0xa2, 0x4c,
    0x40, 0x9, 0x2d, 0x88, 0x64, 0x80, 0x12, 0xc5,
    0xd9, 0x70, 0x80,

    /* U+0114 "Ĕ" */
    0x3, 0x60, 0x3, 0x18, 0x5, 0x24, 0x49, 0x0,
    0x8e, 0x37, 0x50, 0x60, 0x13, 0xf7, 0x1c, 0x1,
    0x7f, 0xee, 0xe7, 0xfa, 0x80, 0xc, 0xdd, 0xe0,
    0x8, 0x99, 0xca, 0x1, 0xff, 0xc6, 0x89, 0x9c,
    0x40, 0x6, 0x6e, 0x10, 0x7, 0x7f, 0xe3, 0x0,
    0xff, 0xe3, 0x44, 0xce, 0x60, 0x3, 0x37, 0x60,

    /* U+0115 "ĕ" */
    0x0, 0x2a, 0x0, 0x20, 0x40, 0x22, 0x80, 0x56,
    0x10, 0x9, 0xdd, 0xf5, 0x40, 0xe, 0xbe, 0xf4,
    0x0, 0xc9, 0x9d, 0xc9, 0x0, 0x92, 0xc5, 0xd1,
    0xb0, 0x1, 0x23, 0x91, 0x50, 0x68, 0x44, 0x70,
    0x11, 0x28, 0x68, 0x83, 0x77, 0x5a, 0x6, 0x20,
    0xb7, 0x7d, 0x4, 0x47, 0x44, 0x98, 0x80, 0x12,
    0x5b, 0x10, 0xc9, 0x0, 0x25, 0x8b, 0xb2, 0xe1,
    0x0,

    /* U+0116 "Ė" */
    0x0, 0xff, 0xb7, 0x40, 0x1f, 0x8, 0x7, 0xb7,
    0x0, 0x2b, 0xff, 0xf5, 0x0, 0x19, 0xbb, 0xc0,
    0x11, 0x33, 0x94, 0x3, 0xff, 0x8d, 0x13, 0x38,
    0x80, 0xc, 0xdc, 0x20, 0xe, 0xff, 0xc6, 0x1,
    0xff, 0xc6, 0x89, 0x9c, 0xc0, 0x6, 0x6e, 0xc0,

    /* U+0117 "ė" */
    0x0, 0x8b, 0xa4, 0x3, 0xe1, 0x30, 0xf, 0x17,
    0xd0, 0x7, 0x26, 0x7f, 0x48, 0x4, 0x96, 0x2e,
    0x8d, 0x80, 0x9, 0x1c, 0x8a, 0x83, 0x42, 0x23,
    0x80, 0x89, 0x43, 0x44, 0x1b, 0xba, 0xd0, 0x31,
    0x5, 0xbb, 0xe8, 0x22, 0x3a, 0x24, 0xc4, 0x0,
    0x92, 0xd8, 0x86, 0x48, 0x1, 0x2c, 0x5d, 0x97,
    0x8,

    /* U+0118 "Ę" */
    0xbf, 0xff, 0x50, 0x4, 0xcd, 0xde, 0x1, 0x44,
    0xce, 0x50, 0xf, 0xfe, 0x4f, 0x7f, 0xe3, 0x0,
    0x99, 0xb8, 0x40, 0x28, 0x99, 0xc4, 0x1, 0xff,
    0xc9, 0x89, 0x9c, 0xc0, 0x13, 0x37, 0x68, 0x5f,
    0xfe, 0x43, 0x90, 0xe, 0x34, 0x66, 0x0, 0x71,
    0xa2, 0xc8, 0x0,

    /* U+0119 "ę" */
    0x0, 0x26, 0x7f, 0x51, 0x0, 0x12, 0xde, 0x19,
    0x30, 0x42, 0x52, 0x9a, 0x68, 0x58, 0x88, 0x9d,
    0xd5, 0x86, 0x88, 0x2d, 0xdf, 0x40, 0x80, 0x11,
    0x38, 0x8a, 0x52, 0x0, 0x2e, 0xb0, 0x48, 0x64,
    0x4d, 0x12, 0x82, 0x59, 0x3b, 0x2, 0x98, 0x1,
    0x33, 0xd4, 0x68, 0x3, 0xc8, 0x6a, 0x1, 0xe8,
    0x3b, 0x40,

    /* U+011A "Ě" */
    0x4, 0x70, 0x3, 0xa0, 0x1, 0x6a, 0x6a, 0x54,
    0x0, 0x3c, 0xcb, 0x82, 0x1, 0x1f, 0xf8, 0x80,
    0x17, 0xff, 0xea, 0x0, 0x33, 0x77, 0x80, 0x22,
    0x67, 0x28, 0x7, 0xff, 0x1a, 0x26, 0x71, 0x0,
    0x19, 0xb8, 0x40, 0x1d, 0xff, 0x8c, 0x3, 0xff,
    0x8d, 0x13, 0x39, 0x80, 0xc, 0xdd, 0x80,

    /* U+011B "ě" */
    0x0, 0x2b, 0x1, 0xc1, 0x0, 0x49, 0x13, 0xa0,
    0x40, 0x10, 0xe0, 0xdc, 0x0, 0x71, 0x42, 0x80,
    0x72, 0x67, 0xf4, 0x80, 0x49, 0x62, 0xe8, 0xd8,
    0x0, 0x91, 0xc8, 0xa8, 0x34, 0x22, 0x38, 0x8,
    0x94, 0x34, 0x41, 0xbb, 0xad, 0x3, 0x10, 0x5b,
    0xbe, 0x82, 0x23, 0xa2, 0x4c, 0x40, 0x9, 0x2d,
    0x88, 0x64, 0x80, 0x12, 0xc5, 0xd9, 0x70, 0x80,

    /* U+011C "Ĝ" */
    0x0, 0xe7, 0x70, 0x7, 0xf5, 0x53, 0x30, 0x1,
    0xf1, 0xee, 0x5d, 0x90, 0x3, 0xc6, 0xe2, 0xe,
    0x80, 0x1e, 0x4b, 0xef, 0xc6, 0x0, 0xe7, 0xb4,
    0x54, 0x29, 0xa0, 0x8, 0xe0, 0xb6, 0xed, 0xc8,
    0xac, 0x0, 0x90, 0xe2, 0x0, 0xa8, 0x68, 0x0,
    0xa4, 0x60, 0x18, 0x7b, 0x0, 0x41, 0x80, 0x3f,
    0xf8, 0x71, 0xff, 0x80, 0x41, 0x80, 0x2c, 0x77,
    0x8, 0x4, 0x84, 0x60, 0x4, 0x88, 0x0, 0x80,
    0x3c, 0x38, 0x80, 0x29, 0x16, 0x0, 0x24, 0x16,
    0xe5, 0xf3, 0x1c, 0x0, 0x4f, 0x68, 0x48, 0x71,
    0x80, 0x0,

    /* U+011D "ĝ" */
    0x0, 0x97, 0xf4, 0x40, 0x31, 0xd4, 0x8d, 0x0,
    0x65, 0x96, 0xe3, 0x20, 0x9, 0x98, 0x5, 0x4,
    0x1, 0x2e, 0xfe, 0x17, 0x60, 0x2d, 0x1b, 0xb7,
    0x88, 0x2, 0xc3, 0xe2, 0xa8, 0x0, 0x21, 0x51,
    0x0, 0x30, 0x0, 0x40, 0x80, 0x21, 0x0, 0x8,
    0x10, 0x7, 0x88, 0x50, 0x40, 0xc, 0x1, 0x48,
    0xe4, 0x4d, 0x80, 0x4f, 0x20, 0xeb, 0xe0, 0x19,
    0x37, 0xf0, 0xc1, 0x82, 0x76, 0x9d, 0xd8, 0x1c,
    0x12, 0xee, 0x88, 0x35, 0xa0,

    /* U+011E "Ğ" */
    0x0, 0x89, 0x80, 0xa, 0x60, 0x1f, 0x49, 0x8d,
    0xb8, 0x7, 0x8a, 0x73, 0x99, 0x0, 0x3e, 0x6f,
    0xe8, 0x0, 0xf9, 0x2f, 0xb9, 0x8c, 0x1, 0xcf,
    0x68, 0xa8, 0x53, 0x40, 0x11, 0xc1, 0x6d, 0xdb,
    0x91, 0x58, 0x1, 0x21, 0xc4, 0x1, 0x50, 0xd0,
    0x1, 0x48, 0xc0, 0x30, 0xf6, 0x0, 0x83, 0x0,
    0x7f, 0xf0, 0xe3, 0xff, 0x0, 0x83, 0x0, 0x58,
    0xee, 0x10, 0x9, 0x8, 0xc0, 0x9, 0x10, 0x1,
    0x0, 0x78, 0x71, 0x0, 0x52, 0x2c, 0x0, 0x48,
    0x2d, 0xcb, 0xe6, 0x38, 0x0, 0x9e, 0xd0, 0x90,
    0xe3, 0x0, 0x0,

    /* U+011F "ğ" */
    0x0, 0x45, 0x81, 0x78, 0x80, 0x52, 0x1f, 0xb2,
    0x20, 0x10, 0xdf, 0x7b, 0x0, 0x78, 0x40, 0x3c,
    0xbb, 0xf8, 0x5d, 0x80, 0xb4, 0x6e, 0xde, 0x20,
    0xb, 0xf, 0x8a, 0xa0, 0x0, 0x85, 0x44, 0x0,
    0xc0, 0x1, 0x2, 0x0, 0x84, 0x0, 0x20, 0x40,
    0x1e, 0x21, 0x41, 0x0, 0x30, 0x5, 0x23, 0x91,
    0x36, 0x1, 0x3c, 0x83, 0xaf, 0x80, 0x64, 0xdf,
    0xc3, 0x6, 0x9, 0xda, 0x77, 0x60, 0x70, 0x4b,
    0xba, 0x20, 0xd6, 0x80,

    /* U+0120 "Ġ" */
    0x0, 0xff, 0xe2, 0xe7, 0x8, 0x7, 0xf3, 0x98,
    0x80, 0x7f, 0x5e, 0x80, 0x7e, 0x4b, 0xef, 0xc6,
    0x0, 0xe7, 0xb4, 0x54, 0x29, 0xa0, 0x8, 0xe0,
    0xb6, 0xed, 0xc8, 0xac, 0x0, 0x90, 0xe2, 0x0,
    0xa8, 0x68, 0x0, 0xa4, 0x60, 0x18, 0x7b, 0x0,
    0x41, 0x80, 0x3f, 0xf8, 0x71, 0xff, 0x80, 0x41,
    0x80, 0x2c, 0x77, 0x8, 0x4, 0x84, 0x60, 0x4,
    0x88, 0x0, 0x80, 0x3c, 0x38, 0x80, 0x29, 0x16,
    0x0, 0x24, 0x16, 0xe5, 0xf3, 0x1c, 0x0, 0x4f,
    0x68, 0x48, 0x71, 0x80, 0x0,

    /* U+0121 "ġ" */
    0x0, 0x87, 0xa4, 0x3, 0xc6, 0x24, 0x1, 0xe2,
    0xfb, 0x0, 0xe5, 0xdf, 0xc2, 0xec, 0x5, 0xa3,
    0x76, 0xf1, 0x0, 0x58, 0x7c, 0x55, 0x0, 0x4,
    0x2a, 0x20, 0x6, 0x0, 0x8, 0x10, 0x4, 0x20,
    0x1, 0x2, 0x0, 0xf1, 0xa, 0x8, 0x1, 0x80,
    0x29, 0x1c, 0x89, 0xb0, 0x9, 0xe4, 0x1d, 0x7c,
    0x3, 0x26, 0xfe, 0x18, 0x30, 0x4e, 0xd3, 0xbb,
    0x3, 0x82, 0x5d, 0xd1, 0x6, 0xb4,

    /* U+0122 "Ģ" */
    0x0, 0x92, 0xfb, 0xf1, 0x80, 0x39, 0xed, 0x15,
    0xa, 0x68, 0x2, 0x38, 0x2d, 0xbb, 0x72, 0x2b,
    0x0, 0x24, 0x38, 0x80, 0x2a, 0x1a, 0x0, 0x29,
    0x18, 0x6, 0x1e, 0xc0, 0x10, 0x60, 0xf, 0xfe,
    0x1c, 0x7f, 0xe0, 0x10, 0x60, 0xb, 0x1d, 0xc2,
    0x1, 0x21, 0x18, 0x1, 0x22, 0x0, 0x20, 0xf,
    0xe, 0x20, 0xa, 0x45, 0x80, 0x9, 0x5, 0xb9,
    0x7c, 0xc7, 0x0, 0x13, 0xda, 0x12, 0x1c, 0x60,
    0x7, 0x25, 0xf7, 0xeb, 0x80, 0x7e, 0xeb, 0x0,
    0xfe, 0x21, 0xe0, 0xf, 0xe7, 0x15, 0x0, 0xe0,

    /* U+0123 "ģ" */
    0x0, 0xc7, 0x60, 0x1f, 0x40, 0x7, 0xe5, 0xc0,
    0xf, 0xa5, 0x0, 0x3e, 0x73, 0x0, 0xe5, 0xdf,
    0xc2, 0xec, 0x5, 0xa3, 0x76, 0xf1, 0x0, 0x58,
    0x7c, 0x55, 0x0, 0x4, 0x2a, 0x20, 0x6, 0x0,
    0x8, 0x10, 0x4, 0x20, 0x1, 0x2, 0x0, 0xf1,
    0xa, 0x8, 0x1, 0x80, 0x29, 0x1c, 0x89, 0xb0,
    0x9, 0xe4, 0x1d, 0x7c, 0x3, 0x26, 0xfe, 0x18,
    0x30, 0x4e, 0xd3, 0xbb, 0x3, 0x82, 0x5d, 0xd1,
    0x6, 0xb4,

    /* U+0124 "Ĥ" */
    0x0, 0xce, 0xe0, 0xf, 0xa6, 0xa5, 0xc0, 0x39,
    0xdb, 0xaa, 0x10, 0x3, 0x3f, 0x9a, 0x7a, 0x0,
    0x2f, 0xc4, 0x3, 0x17, 0xd0, 0x7, 0xff, 0x7b,
    0xbf, 0xf6, 0x80, 0x66, 0x6e, 0x50, 0xd, 0x13,
    0x3a, 0x0, 0x3f, 0xfb, 0xc0,

    /* U+0125 "ĥ" */
    0x0, 0x3b, 0x80, 0x3e, 0x99, 0xa0, 0x3, 0x99,
    0x95, 0x47, 0x50, 0xc, 0xde, 0x88, 0xf5, 0x0,
    0xf6, 0xe8, 0x3, 0xff, 0xa4, 0x79, 0xf8, 0x60,
    0x18, 0xf5, 0x54, 0x78, 0x20, 0x10, 0xec, 0xd3,
    0x82, 0x0, 0x42, 0x60, 0xc, 0x2, 0x0, 0xff,
    0xf3, 0x0,

    /* U+0126 "Ħ" */
    0x5, 0xf7, 0x0, 0xec, 0xf0, 0xf, 0xfe, 0x6a,
    0x50, 0x47, 0xff, 0x18, 0x72, 0xc0, 0x3e, 0x67,
    0x10, 0x68, 0x90, 0x3e, 0x67, 0x10, 0x18, 0x4,
    0x6c, 0xdc, 0x20, 0x1d, 0x73, 0x3c, 0x40, 0x1f,
    0xfe, 0x60,

    /* U+0127 "ħ" */
    0xd, 0xd0, 0x7, 0xbc, 0x89, 0xfe, 0x40, 0xb,
    0x40, 0x19, 0x84, 0x0, 0x88, 0xa0, 0xff, 0x61,
    0x80, 0x47, 0xaa, 0xa3, 0xc1, 0x0, 0xe, 0xcd,
    0x38, 0x20, 0x0, 0x4c, 0x1, 0x80, 0x40, 0x1f,
    0xfe, 0x10,

    /* U+0128 "Ĩ" */
    0xa, 0xd4, 0x88, 0x12, 0xcc, 0x9e, 0xcb, 0x53,
    0x78, 0xc0, 0xaf, 0xc0, 0x3f, 0xff, 0x0,

    /* U+0129 "ĩ" */
    0x2e, 0xff, 0x8c, 0xbf, 0x7b, 0xcc, 0x4, 0x84,
    0x3, 0x6f, 0x0, 0x7f, 0xf9, 0x80,

    /* U+012A "Ī" */
    0x0, 0xfb, 0xff, 0x30, 0x66, 0x67, 0x3, 0x3c,
    0x20, 0xb, 0xf1, 0x0, 0xff, 0xfb, 0x80,

    /* U+012B "ī" */
    0x2f, 0xfc, 0x65, 0x77, 0x8c, 0x11, 0x30, 0x5,
    0xbc, 0x1, 0xff, 0xe6,

    /* U+012C "Ĭ" */
    0x17, 0x0, 0x22, 0x2, 0x10, 0x64, 0x86, 0xaf,
    0x9d, 0x81, 0x7f, 0xa8, 0x2, 0xbe, 0x10, 0xf,
    0xff, 0xb8,

    /* U+012D "ĭ" */
    0x26, 0x0, 0x31, 0x8c, 0x91, 0x24, 0xe, 0x37,
    0x50, 0x60, 0xfd, 0xc7, 0x0, 0xb3, 0xc0, 0x3f,
    0xfc, 0xc0,

    /* U+012E "Į" */
    0xb, 0xf1, 0x0, 0xff, 0xee, 0xb8, 0x1, 0x4e,
    0x86, 0x44, 0x6, 0x82, 0xd0,

    /* U+012F "į" */
    0x0, 0x66, 0x80, 0x42, 0x60, 0x16, 0xf0, 0x5,
    0xbc, 0x1, 0xff, 0xda, 0x20, 0x9, 0xc7, 0x40,
    0x10, 0x4c, 0x0, 0x63, 0xb2,

    /* U+0130 "İ" */
    0x0, 0xaf, 0xc8, 0x44, 0x75, 0xc3, 0x7e, 0x20,
    0x1f, 0xfd, 0x50,

    /* U+0131 "ı" */
    0xde, 0x0, 0xff, 0xe2, 0x0,

    /* U+0132 "Ĳ" */
    0xbf, 0x10, 0xf, 0x47, 0xa0, 0x7, 0xff, 0xfc,
    0x8, 0x80, 0x1f, 0xec, 0xf0, 0xf, 0xf1, 0x10,
    0x40, 0x6, 0xa, 0x1, 0xa4, 0x35, 0xa5, 0x14,
    0x40, 0x32, 0xd0, 0x4a, 0x3d, 0x0,

    /* U+0133 "ĳ" */
    0xc, 0xd0, 0x6, 0x68, 0x0, 0x4c, 0x0, 0x26,
    0x0, 0xde, 0x0, 0x6f, 0x0, 0x37, 0x80, 0x1b,
    0xc0, 0x1f, 0xff, 0x6d, 0xe0, 0x8, 0xc0, 0x30,
    0xd1, 0x38, 0x6, 0x25, 0x4b, 0x0,

    /* U+0134 "Ĵ" */
    0x0, 0xf3, 0xb8, 0x3, 0xeb, 0xb6, 0x58, 0x7,
    0x26, 0x6d, 0xe2, 0x0, 0x64, 0x71, 0x7, 0x40,
    0xf, 0x6f, 0x0, 0x7f, 0xfc, 0x85, 0x8, 0x3,
    0xe5, 0xba, 0x0, 0x8c, 0x2, 0x50, 0x30, 0x1,
    0xa, 0x80, 0x5, 0x11, 0x73, 0x81, 0xe0, 0x15,
    0xba, 0xb1, 0x52, 0x0, 0x0,

    /* U+0135 "ĵ" */
    0x2, 0xff, 0x18, 0xe, 0x2b, 0x68, 0xac, 0xd4,
    0xc9, 0x51, 0xc0, 0xe, 0x80, 0xd, 0xe0, 0xf,
    0xff, 0x41, 0x98, 0x0, 0x54, 0x2e, 0x0, 0x65,
    0x4b, 0x0, 0x0,

    /* U+0136 "Ķ" */
    0xbf, 0x10, 0x8, 0xff, 0x88, 0x3, 0x8b, 0x43,
    0x48, 0x3, 0xf, 0x8d, 0x18, 0x7, 0x69, 0x42,
    0x80, 0x75, 0x1b, 0xb8, 0x3, 0x99, 0x42, 0xc0,
    0x3d, 0x8, 0x1c, 0x1, 0xe4, 0xb6, 0x28, 0x0,
    0xea, 0x9, 0x27, 0x30, 0xf, 0xb8, 0x38, 0x3,
    0xe3, 0x72, 0x80, 0xf, 0xa0, 0x9c, 0xef, 0xc4,
    0x3, 0x6f, 0x98, 0x4, 0xde, 0x60, 0x1f, 0x79,
    0x18, 0x7, 0xcb, 0x40, 0x1c,

    /* U+0137 "ķ" */
    0xde, 0x0, 0xff, 0xe7, 0xe, 0xf1, 0x0, 0x6c,
    0x2d, 0x20, 0xb, 0xa, 0xcc, 0x2, 0xa3, 0x94,
    0x0, 0x85, 0x40, 0x40, 0x3a, 0xca, 0xc, 0x2,
    0x14, 0xe0, 0xd1, 0x0, 0xc7, 0x3, 0x60, 0x1c,
    0xe8, 0xad, 0xbc, 0x1, 0x5f, 0xb0, 0x1, 0x7d,
    0x0, 0x3b, 0x5, 0x0, 0x38, 0x98, 0x3, 0x0,

    /* U+0138 "ĸ" */
    0xde, 0x0, 0xb7, 0xcc, 0x3, 0x49, 0x49, 0x80,
    0x4a, 0xcd, 0x0, 0x45, 0x47, 0x20, 0x10, 0xe8,
    0x78, 0x6, 0x1a, 0x8, 0x0, 0xe5, 0x74, 0x70,
    0xe, 0x84, 0x84, 0x0, 0xea, 0x1b, 0x20,

    /* U+0139 "Ĺ" */
    0x3, 0x61, 0x0, 0xee, 0xa1, 0x0, 0xc8, 0x5c,
    0x1, 0xc9, 0xe4, 0x1, 0xd7, 0xe2, 0x1, 0xff,
    0xff, 0x0, 0xd1, 0x33, 0x8c, 0x0, 0xcd, 0xe0,

    /* U+013A "ĺ" */
    0x3, 0x50, 0x6, 0xe0, 0x38, 0x40, 0x3f, 0x8,
    0x6f, 0x0, 0x7f, 0xf8, 0x80,

    /* U+013B "Ļ" */
    0xbf, 0x10, 0xf, 0xff, 0xf8, 0x6, 0x89, 0x9c,
    0x60, 0x6, 0x6f, 0x5f, 0xff, 0x94, 0x0, 0x5e,
    0xe0, 0x1c, 0x80, 0xc0, 0x1d, 0xc8, 0x20, 0x10,

    /* U+013C "ļ" */
    0xd, 0xe0, 0xf, 0xfe, 0xb6, 0xf0, 0x7d, 0x10,
    0x73, 0x92, 0x0,

    /* U+013D "Ľ" */
    0x0, 0xfd, 0x7e, 0x21, 0xee, 0x1, 0xf1, 0x80,
    0x7c, 0xc0, 0x1e, 0xf2, 0x0, 0xff, 0xf4, 0x44,
    0xce, 0x30, 0x3, 0x37, 0x80,

    /* U+013E "ľ" */
    0x0, 0xed, 0xe0, 0xf6, 0x0, 0xc4, 0x1, 0x98,
    0x2, 0xf2, 0x0, 0xff, 0xee, 0x0,

    /* U+013F "Ŀ" */
    0xbf, 0x10, 0xf, 0xfe, 0xa1, 0xf3, 0x80, 0x73,
    0x8f, 0x80, 0x72, 0x7c, 0x0, 0x7f, 0xf4, 0x22,
    0x67, 0x18, 0x1, 0x9b, 0xc0,

    /* U+0140 "ŀ" */
    0xde, 0x0, 0xff, 0xe9, 0xe6, 0x80, 0x63, 0x21,
    0x0, 0xb7, 0x4, 0x2, 0x23, 0x0, 0xff, 0xe3,
    0x80,

    /* U+0141 "Ł" */
    0x3, 0xf9, 0x0, 0xff, 0xe7, 0x8d, 0x30, 0x7,
    0x37, 0x29, 0x0, 0x48, 0x0, 0x5e, 0x40, 0x4,
    0x40, 0xa, 0x84, 0x2, 0x15, 0x4, 0x0, 0xe9,
    0x90, 0x7, 0xff, 0x1d, 0x26, 0x73, 0x80, 0x44,
    0xcd, 0xa4,

    /* U+0142 "ł" */
    0x0, 0x6f, 0x0, 0x7f, 0xf1, 0x46, 0xc8, 0x0,
    0x40, 0xe4, 0x3a, 0x0, 0xc0, 0x2, 0x8, 0x80,
    0x3, 0x26, 0x1, 0xff, 0xcf,

    /* U+0143 "Ń" */
    0x0, 0xe3, 0x50, 0xf, 0xdb, 0xe0, 0x1f, 0x30,
    0x58, 0x7, 0xcd, 0xc2, 0x1, 0x5f, 0xd0, 0x7,
    0x7e, 0x80, 0x15, 0x0, 0x3f, 0x14, 0x80, 0x7e,
    0xb2, 0x70, 0xf, 0x9c, 0xa0, 0x80, 0x3e, 0xe0,
    0x90, 0xf, 0x8d, 0x51, 0x40, 0x3e, 0xb1, 0xb0,
    0xf, 0x86, 0x5, 0xc0, 0x3e, 0x63, 0x91, 0x0,
    0xfb, 0xc4, 0x40, 0x1f, 0x1b, 0x80, 0x0,

    /* U+0144 "ń" */
    0x0, 0xca, 0xa0, 0xe, 0x3a, 0x30, 0xe, 0x94,
    0x60, 0xe, 0xab, 0x0, 0xb7, 0x13, 0x7f, 0xc,
    0x0, 0x53, 0x4e, 0x78, 0x20, 0x3e, 0xf1, 0x0,
    0x40, 0x12, 0x0, 0x18, 0x10, 0x7, 0xff, 0x70,

    /* U+0145 "Ņ" */
    0xbf, 0xa0, 0xe, 0xfd, 0x0, 0x2a, 0x0, 0x7e,
    0x29, 0x0, 0xfd, 0x64, 0xe0, 0x1f, 0x39, 0x41,
    0x0, 0x7d, 0xc1, 0x20, 0x1f, 0x1a, 0xa2, 0x80,
    0x7d, 0x63, 0x60, 0x1f, 0xc, 0xb, 0x80, 0x7c,
    0xc7, 0x22, 0x1, 0xf7, 0x88, 0x80, 0x3e, 0x37,
    0x0, 0x5f, 0x88, 0x6, 0x8f, 0xd0, 0xd, 0xd6,
    0x1, 0xf1, 0xf, 0x0, 0x7c, 0xe2, 0xa0, 0x18,

    /* U+0146 "ņ" */
    0xdc, 0x4d, 0xfc, 0x30, 0x1, 0x4d, 0x39, 0xe0,
    0x80, 0xfb, 0xc4, 0x1, 0x0, 0x48, 0x0, 0x60,
    0x40, 0x1f, 0xfd, 0xcd, 0xe0, 0x9, 0x3d, 0xc0,
    0x5, 0xee, 0x1, 0xce, 0xc, 0x1, 0xda, 0x82,
    0x1, 0x0,

    /* U+0147 "Ň" */
    0x0, 0x1b, 0x88, 0x3a, 0x0, 0x63, 0xab, 0x99,
    0x28, 0x7, 0x7a, 0xb6, 0x88, 0x7, 0x17, 0xf8,
    0xc0, 0x2b, 0xfa, 0x0, 0xef, 0xd0, 0x2, 0xa0,
    0x7, 0xe2, 0x90, 0xf, 0xd6, 0x4e, 0x1, 0xf3,
    0x94, 0x10, 0x7, 0xdc, 0x12, 0x1, 0xf1, 0xaa,
    0x28, 0x7, 0xd6, 0x36, 0x1, 0xf0, 0xc0, 0xb8,
    0x7, 0xcc, 0x72, 0x20, 0x1f, 0x78, 0x88, 0x3,
    0xe3, 0x70, 0x0,

    /* U+0148 "ň" */
    0x5, 0x60, 0x28, 0x30, 0x3, 0xcb, 0xf2, 0x18,
    0x0, 0xaa, 0xb, 0x40, 0x32, 0xff, 0x8, 0x3,
    0x71, 0x37, 0xf0, 0xc0, 0x5, 0x34, 0xe7, 0x82,
    0x3, 0xef, 0x10, 0x4, 0x1, 0x20, 0x1, 0x81,
    0x0, 0x7f, 0xf7, 0x0,

    /* U+014A "Ŋ" */
    0xbf, 0xa0, 0xe, 0xfd, 0x0, 0x2a, 0x0, 0x7e,
    0x29, 0x0, 0xfd, 0x64, 0xe0, 0x1f, 0x39, 0x41,
    0x0, 0x7d, 0xc1, 0x20, 0x1f, 0x1a, 0xa2, 0x80,
    0x7d, 0x63, 0x60, 0x1f, 0xc, 0xb, 0x80, 0x7c,
    0xc7, 0x22, 0x1, 0xf7, 0x88, 0x80, 0x3e, 0x37,
    0x3, 0xbf, 0x10, 0xd, 0x2, 0x1, 0xf2, 0x48,
    0x90, 0x7, 0x8d, 0x8b, 0xc0,

    /* U+014B "ŋ" */
    0xdc, 0x4d, 0xfc, 0x40, 0x1, 0x4d, 0x39, 0xd8,
    0x80, 0xfb, 0xc4, 0x1, 0x0, 0x48, 0x0, 0x60,
    0x40, 0x1f, 0xfd, 0xcd, 0xe0, 0xf, 0xf3, 0xc0,
    0x10, 0x6, 0x93, 0x55, 0x0,

    /* U+014C "Ō" */
    0x0, 0xff, 0xe2, 0x7f, 0xe5, 0x0, 0xfb, 0x33,
    0x20, 0x7, 0xc6, 0x78, 0x40, 0x3c, 0x97, 0xdf,
    0x8c, 0x1, 0xcf, 0x68, 0xa8, 0x53, 0x60, 0x11,
    0xc1, 0x6d, 0xdb, 0x95, 0x1c, 0x1, 0x21, 0xc4,
    0x1, 0x50, 0xc8, 0x1, 0x48, 0xc0, 0x39, 0xc4,
    0xc4, 0x18, 0x3, 0xde, 0xc, 0x1, 0xff, 0xc0,
    0x10, 0x60, 0xf, 0x78, 0x30, 0x29, 0x18, 0x7,
    0x38, 0x98, 0x48, 0x71, 0x0, 0x54, 0x2c, 0x0,
    0x38, 0x2d, 0xbb, 0x72, 0xa4, 0x0, 0x4f, 0x68,
    0xa8, 0x53, 0x60, 0x0,

    /* U+014D "ō" */
    0x0, 0x2f, 0xfe, 0x0, 0xc9, 0x77, 0x80, 0x30,
    0xa2, 0x60, 0xc, 0x99, 0xfd, 0x42, 0x0, 0x4b,
    0x27, 0x72, 0xf8, 0x84, 0x87, 0xc4, 0xd0, 0xc9,
    0x11, 0x44, 0x0, 0xa0, 0x82, 0x4, 0x1, 0x88,
    0x82, 0x4, 0x1, 0x88, 0xc8, 0x88, 0x20, 0x5,
    0x5, 0x9, 0x1f, 0x89, 0xa1, 0x90, 0x4b, 0x27,
    0x72, 0xf8, 0x80,

    /* U+014E "Ŏ" */
    0x0, 0x85, 0xc0, 0xa, 0x80, 0x1f, 0x41, 0x8c,
    0x8, 0x7, 0x86, 0xb3, 0x91, 0x40, 0x3e, 0x5f,
    0xe9, 0x0, 0xf9, 0x2f, 0xb9, 0x8c, 0x1, 0xcf,
    0x68, 0xa8, 0x53, 0x60, 0x11, 0xc1, 0x6d, 0xdb,
    0x95, 0x1c, 0x1, 0x21, 0xc4, 0x1, 0x50, 0xc8,
    0x1, 0x48, 0xc0, 0x39, 0xc4, 0xc4, 0x18, 0x3,
    0xde, 0xc, 0x1, 0xff, 0xc0, 0x10, 0x60, 0xf,
    0x78, 0x30, 0x29, 0x18, 0x7, 0x38, 0x98, 0x48,
    0x71, 0x0, 0x54, 0x2c, 0x0, 0x38, 0x2d, 0xbb,
    0x72, 0xa4, 0x0, 0x4f, 0x68, 0xa8, 0x53, 0x60,
    0x0,

    /* U+014F "ŏ" */
    0x0, 0x22, 0x0, 0xe, 0x20, 0x11, 0x48, 0xa4,
    0x0, 0x66, 0x7e, 0xba, 0x10, 0xd, 0x5d, 0xea,
    0x1, 0x93, 0x3b, 0x94, 0x20, 0x4, 0xb2, 0x77,
    0x2f, 0x88, 0x48, 0x7c, 0x4d, 0xc, 0x91, 0x14,
    0x40, 0xa, 0x8, 0x20, 0x40, 0x18, 0x88, 0x20,
    0x40, 0x18, 0x8c, 0x88, 0x82, 0x0, 0x50, 0x50,
    0x91, 0xf8, 0x9a, 0x19, 0x4, 0xb2, 0x77, 0x2f,
    0x88,

    /* U+0150 "Ő" */
    0x0, 0xc6, 0xa0, 0x6a, 0x1, 0xf7, 0x70, 0x77,
    0x0, 0x3c, 0x85, 0x30, 0x72, 0x1, 0xe4, 0xf2,
    0x9d, 0x0, 0xf9, 0x2f, 0xbf, 0x18, 0x3, 0x9e,
    0xd1, 0x50, 0xa6, 0xc0, 0x23, 0x82, 0xdb, 0xb7,
    0x2a, 0x38, 0x2, 0x43, 0x88, 0x2, 0xa1, 0x90,
    0x2, 0x91, 0x80, 0x73, 0x89, 0x88, 0x30, 0x7,
    0xbc, 0x18, 0x3, 0xff, 0x80, 0x20, 0xc0, 0x1e,
    0xf0, 0x60, 0x52, 0x30, 0xe, 0x71, 0x30, 0x90,
    0xe2, 0x0, 0xa8, 0x58, 0x0, 0x70, 0x5b, 0x76,
    0xe5, 0x48, 0x0, 0x9e, 0xd1, 0x50, 0xa6, 0xc0,
    0x0,

    /* U+0151 "ő" */
    0x0, 0x95, 0x1, 0x50, 0x2, 0x3a, 0x25, 0xa0,
    0xd, 0x44, 0xd0, 0xe8, 0x1, 0x4e, 0x86, 0xc0,
    0x6, 0x4c, 0xfe, 0xa1, 0x0, 0x25, 0x93, 0xb9,
    0x7c, 0x42, 0x43, 0xe2, 0x68, 0x64, 0x88, 0xa2,
    0x0, 0x50, 0x41, 0x2, 0x0, 0xc4, 0x41, 0x2,
    0x0, 0xc4, 0x64, 0x44, 0x10, 0x2, 0x82, 0x84,
    0x8f, 0xc4, 0xd0, 0xc8, 0x25, 0x93, 0xb9, 0x7c,
    0x40,

    /* U+0152 "Œ" */
    0x0, 0x8e, 0xfb, 0xff, 0xf8, 0x40, 0xf, 0x88,
    0x86, 0x50, 0x26, 0x6e, 0x10, 0x38, 0x2e, 0xa9,
    0x90, 0x24, 0xcf, 0x0, 0x24, 0x38, 0x40, 0x3f,
    0xf8, 0xa, 0x46, 0x1, 0xff, 0xc2, 0x60, 0xf,
    0x24, 0xce, 0x60, 0x10, 0x10, 0xf, 0x13, 0x36,
    0xd0, 0x10, 0x70, 0xf, 0x37, 0xfe, 0xb0, 0x2,
    0x91, 0x0, 0x3f, 0xf8, 0x32, 0x1e, 0x20, 0x1f,
    0xfc, 0x3, 0x82, 0xea, 0x99, 0x2, 0x4c, 0xf0,
    0x80, 0x1e, 0xd1, 0xc, 0xa0, 0x4c, 0xdc, 0x60,

    /* U+0153 "œ" */
    0x0, 0x26, 0x7f, 0x50, 0x84, 0x77, 0xe2, 0x0,
    0x49, 0x64, 0xee, 0x5f, 0xd7, 0x57, 0x1b, 0x50,
    0x4, 0x87, 0xc4, 0xd0, 0x93, 0xdc, 0x68, 0xc0,
    0x11, 0x14, 0x40, 0xa, 0x0, 0xa1, 0x19, 0xc8,
    0x44, 0x4, 0x1, 0xed, 0xee, 0x98, 0xc, 0x40,
    0x80, 0x3d, 0x57, 0x7c, 0x45, 0x20, 0x80, 0x14,
    0x0, 0x68, 0x90, 0x88, 0x1, 0x23, 0xf1, 0x34,
    0x25, 0x35, 0x17, 0x5e, 0x0, 0x4b, 0x27, 0x72,
    0xfe, 0xba, 0x3b, 0x3d, 0x0,

    /* U+0154 "Ŕ" */
    0x0, 0xc6, 0xc2, 0x1, 0xee, 0xd1, 0x0, 0xe5,
    0x2a, 0x0, 0xf2, 0xf8, 0x80, 0x57, 0xff, 0xba,
    0x0, 0x33, 0x3b, 0x13, 0xe0, 0x5, 0x10, 0x9c,
    0x43, 0x40, 0xf, 0x70, 0x18, 0x7, 0x8c, 0x4,
    0x3, 0x8e, 0x1, 0x0, 0x1d, 0xfe, 0xc1, 0x82,
    0x0, 0x33, 0x10, 0x19, 0xc0, 0x28, 0x9b, 0x16,
    0x10, 0xf, 0x40, 0x40, 0x7, 0x98, 0x98, 0x80,
    0x3d, 0x1, 0x0,

    /* U+0155 "ŕ" */
    0x0, 0xb, 0x10, 0x2, 0x20, 0x60, 0x2d, 0x62,
    0x3, 0xea, 0x1b, 0xa5, 0xed, 0x3, 0xb7, 0xa0,
    0x1d, 0x97, 0x1, 0x30, 0xf, 0xfe, 0x78,

    /* U+0156 "Ŗ" */
    0xbf, 0xfd, 0xd0, 0x1, 0x99, 0xd8, 0x9f, 0x0,
    0x28, 0x84, 0xe2, 0x1a, 0x0, 0x7b, 0x80, 0xc0,
    0x3c, 0x60, 0x20, 0x1c, 0x70, 0x8, 0x0, 0xef,
    0xf6, 0xc, 0x10, 0x1, 0x98, 0x80, 0xce, 0x1,
    0x44, 0xd8, 0xb0, 0x80, 0x7a, 0x2, 0x0, 0x3c,
    0xc4, 0xc4, 0x1, 0xe8, 0x8, 0xbf, 0x10, 0x9,
    0x7e, 0x80, 0x2a, 0xf0, 0xf, 0x9d, 0x80, 0x3c,
    0x27, 0x40, 0x18,

    /* U+0157 "ŗ" */
    0xd, 0xd2, 0xf6, 0x80, 0xe, 0xde, 0x80, 0x3,
    0xb2, 0xe0, 0x1, 0x30, 0xf, 0xfe, 0xae, 0xf0,
    0x6, 0xea, 0x0, 0x88, 0x78, 0x2, 0x72, 0x40,
    0x8,

    /* U+0158 "Ř" */
    0x3, 0x81, 0x7, 0x50, 0x8, 0xd2, 0xa2, 0x5c,
    0x3, 0x6a, 0xbd, 0x10, 0x6, 0x1e, 0xf4, 0x0,
    0xaf, 0xff, 0x74, 0x0, 0x66, 0x76, 0x27, 0xc0,
    0xa, 0x21, 0x38, 0x86, 0x80, 0x1e, 0xe0, 0x30,
    0xf, 0x18, 0x8, 0x7, 0x1c, 0x2, 0x0, 0x3b,
    0xfd, 0x83, 0x4, 0x0, 0x66, 0x20, 0x33, 0x80,
    0x51, 0x36, 0x2c, 0x20, 0x1e, 0x80, 0x80, 0xf,
    0x31, 0x31, 0x0, 0x7a, 0x2, 0x0,

    /* U+0159 "ř" */
    0x7, 0x30, 0x57, 0x0, 0x7e, 0xad, 0x8, 0x2,
    0x16, 0x99, 0x80, 0x15, 0xfc, 0x80, 0x5b, 0xa5,
    0xed, 0x0, 0x8e, 0xde, 0x80, 0x21, 0xd9, 0x70,
    0x8, 0x4c, 0x3, 0xff, 0xb4,

    /* U+015A "Ś" */
    0x0, 0xe3, 0x61, 0x0, 0xfb, 0xa8, 0x40, 0x3c,
    0x85, 0xc0, 0x1f, 0x27, 0x90, 0x7, 0x1d, 0x77,
    0xeb, 0x80, 0x47, 0x8a, 0x8c, 0x11, 0x60, 0x8,
    0xc, 0xa9, 0xd4, 0x41, 0x83, 0x81, 0x80, 0x55,
    0x84, 0x8, 0x16, 0x40, 0x1, 0x31, 0x8, 0x54,
    0xdd, 0x49, 0x0, 0x6a, 0xd8, 0x16, 0xd8, 0x0,
    0xc4, 0xf9, 0xa6, 0xe8, 0x2e, 0xa0, 0x11, 0x40,
    0x18, 0xc5, 0x88, 0x5, 0xc0, 0x41, 0x3, 0xd5,
    0x4d, 0x53, 0x50, 0x7b, 0x44, 0x28, 0x3e, 0x0,

    /* U+015B "ś" */
    0x0, 0xc2, 0xc4, 0x1, 0xd7, 0x6, 0x1, 0x85,
    0x6c, 0x40, 0x30, 0xfa, 0x80, 0x69, 0xef, 0xd6,
    0x0, 0x53, 0x3c, 0xb4, 0xa8, 0x29, 0xcb, 0x5c,
    0x38, 0x21, 0xca, 0x3, 0x90, 0x52, 0xb5, 0xfd,
    0x8, 0xd, 0x7e, 0x32, 0xd0, 0xc3, 0x1, 0xc8,
    0x30, 0xac, 0xc9, 0xec, 0x14, 0x31, 0x5e, 0x1a,
    0x20,

    /* U+015C "Ŝ" */
    0x0, 0xcc, 0xe2, 0x1, 0xe9, 0xbd, 0xc1, 0x0,
    0xc4, 0x3f, 0x54, 0x40, 0xc, 0x50, 0x40, 0xea,
    0x1, 0x8e, 0xbb, 0xf5, 0xc0, 0x23, 0xc5, 0x46,
    0x8, 0xb0, 0x4, 0x6, 0x54, 0xea, 0x20, 0xc1,
    0xc0, 0xc0, 0x2a, 0xc2, 0x4, 0xb, 0x20, 0x0,
    0x98, 0x84, 0x2a, 0x6e, 0xa4, 0x80, 0x35, 0x6c,
    0xb, 0x6c, 0x0, 0x62, 0x7c, 0xd3, 0x74, 0x17,
    0x50, 0x8, 0xa0, 0xc, 0x62, 0xc4, 0x2, 0xe0,
    0x20, 0x81, 0xea, 0xa6, 0xa9, 0xa8, 0x3d, 0xa2,
    0x14, 0x1f, 0x0,

    /* U+015D "ŝ" */
    0x0, 0x92, 0x8, 0x3, 0x35, 0x8e, 0x18, 0x0,
    0x45, 0x93, 0x6a, 0x0, 0x17, 0x30, 0x56, 0x0,
    0xa7, 0xbf, 0x58, 0x1, 0x4c, 0xf2, 0xd2, 0xa0,
    0xa7, 0x2d, 0x70, 0xe0, 0x87, 0x28, 0xe, 0x41,
    0x4a, 0xd7, 0xf4, 0x20, 0x35, 0xf8, 0xcb, 0x43,
    0xc, 0x7, 0x20, 0xc2, 0xb3, 0x27, 0xb0, 0x50,
    0xc5, 0x78, 0x68, 0x80,

    /* U+015E "Ş" */
    0x0, 0x1d, 0x77, 0xeb, 0x80, 0x47, 0x8a, 0x8c,
    0x11, 0x60, 0x8, 0xc, 0xa9, 0xd4, 0x41, 0x83,
    0x81, 0x80, 0x55, 0x84, 0x8, 0x16, 0x40, 0x1,
    0x31, 0x8, 0x54, 0xdd, 0x49, 0x0, 0x6a, 0xd8,
    0x16, 0xd8, 0x0, 0xc4, 0xf9, 0xa6, 0xe8, 0x2e,
    0xa0, 0x11, 0x40, 0x18, 0xc5, 0x88, 0x5, 0xc0,
    0x41, 0x3, 0xd5, 0x4d, 0x53, 0x50, 0x7b, 0x45,
    0x50, 0x3e, 0x0, 0x49, 0x74, 0x73, 0x0, 0x1e,
    0x49, 0xb0, 0xf, 0xae, 0xc8, 0x1, 0x0,

    /* U+015F "ş" */
    0x0, 0x4f, 0x7e, 0xb0, 0x2, 0x99, 0xe5, 0xa5,
    0x41, 0x4e, 0x5a, 0xe1, 0xc1, 0xe, 0x50, 0x1c,
    0x82, 0x95, 0xaf, 0xe8, 0x40, 0x6b, 0xf1, 0x96,
    0x86, 0x18, 0xe, 0x41, 0x85, 0x66, 0x4f, 0x60,
    0xa1, 0x8a, 0xf0, 0xd1, 0x0, 0x1a, 0xc1, 0x87,
    0x0, 0xc5, 0xb4, 0x60, 0x19, 0xf4, 0xc8, 0x0,

    /* U+0160 "Š" */
    0x0, 0x1d, 0x10, 0x4b, 0x0, 0x63, 0xf, 0x97,
    0x70, 0x7, 0x53, 0x2e, 0x88, 0x7, 0xaf, 0xc,
    0x3, 0x8e, 0xbb, 0xf6, 0x0, 0x23, 0xc5, 0x46,
    0x17, 0xc0, 0x4, 0x6, 0x54, 0xe3, 0x1a, 0x3,
    0x81, 0x80, 0x53, 0xe8, 0x8, 0x16, 0x40, 0x1e,
    0x85, 0x4d, 0xd4, 0x90, 0x6, 0xad, 0x81, 0x6d,
    0x80, 0xc, 0x4f, 0x9a, 0x6e, 0x83, 0xa, 0x1,
    0x14, 0x1, 0x8b, 0xd9, 0x0, 0x5c, 0x4, 0x10,
    0x3b, 0x75, 0xaa, 0x6a, 0xf, 0x68, 0xaa, 0x7,
    0xc0,

    /* U+0161 "š" */
    0x0, 0x39, 0x82, 0xb8, 0x4, 0x59, 0x36, 0x80,
    0x12, 0xd8, 0xe9, 0x80, 0x64, 0x83, 0x0, 0xd3,
    0xdf, 0xac, 0x0, 0xa6, 0x79, 0x69, 0x50, 0x53,
    0x96, 0xb8, 0x70, 0x43, 0x94, 0x7, 0x20, 0xa5,
    0x6b, 0xfa, 0x10, 0x1a, 0xfc, 0x65, 0xa1, 0x86,
    0x3, 0x90, 0x61, 0x59, 0x93, 0xd8, 0x28, 0x62,
    0xbc, 0x34, 0x40,

    /* U+0162 "Ţ" */
    0x4f, 0xff, 0xd8, 0xcd, 0x88, 0x19, 0xaa, 0x29,
    0x99, 0xc2, 0xe6, 0x4c, 0x1, 0xff, 0xff, 0x0,
    0xfe, 0x10, 0xf, 0xef, 0x31, 0x0, 0xf9, 0x67,
    0x4, 0x3, 0xd1, 0x68, 0x20, 0x0,

    /* U+0163 "ţ" */
    0x4, 0x81, 0x0, 0xb5, 0xcc, 0x3, 0xf6, 0xb0,
    0x6f, 0x4, 0x20, 0x3c, 0x2, 0x90, 0x53, 0x0,
    0x7f, 0xf2, 0x4, 0x3, 0xb8, 0x25, 0xc0, 0xc,
    0xc4, 0x90, 0xa, 0x6, 0xc0, 0x21, 0xdb, 0x40,
    0x3, 0x69, 0xa8,

    /* U+0164 "Ť" */
    0x0, 0x14, 0x10, 0x33, 0x0, 0x31, 0x1f, 0xb4,
    0xa8, 0x7, 0x58, 0x4c, 0x8c, 0x3, 0xdb, 0xec,
    0x1, 0x27, 0xff, 0xec, 0x66, 0xc4, 0xc, 0xd5,
    0x14, 0xcc, 0xe1, 0x73, 0x26, 0x0, 0xff, 0xff,
    0x80, 0x7f, 0xf0, 0xc0,

    /* U+0165 "ť" */
    0x0, 0xff, 0x74, 0x0, 0x77, 0x4, 0xf9, 0x1,
    0x0, 0x6e, 0x4d, 0x60, 0xde, 0x8, 0x40, 0x78,
    0x5, 0x20, 0xa6, 0x0, 0xff, 0xe4, 0x8, 0x7,
    0x70, 0x4b, 0x80, 0x19, 0x8b, 0x20,

    /* U+0166 "Ŧ" */
    0x4f, 0xff, 0xd8, 0xcd, 0x88, 0x19, 0xaa, 0x29,
    0x99, 0xc2, 0xe6, 0x4c, 0x1, 0xff, 0xc0, 0x11,
    0x80, 0x44, 0x1, 0xbb, 0x88, 0x19, 0xce, 0x1,
    0x5d, 0x84, 0x26, 0xd4, 0x2, 0x44, 0x81, 0x10,
    0x40, 0x1f, 0xfd, 0xd0,

    /* U+0167 "ŧ" */
    0x9, 0xf2, 0x0, 0xfd, 0xac, 0x1b, 0xc1, 0x8,
    0xf, 0x0, 0xa4, 0x16, 0xc1, 0xac, 0x19, 0xc1,
    0xca, 0x15, 0xa0, 0x66, 0x7, 0x30, 0x0, 0x80,
    0x77, 0x4, 0xb8, 0x1, 0x98, 0xb2, 0x0,

    /* U+0168 "Ũ" */
    0x0, 0x1f, 0x7f, 0xc4, 0x1, 0x8b, 0x37, 0x5c,
    0x40, 0x18, 0x48, 0xa1, 0x0, 0xaf, 0xc4, 0x3,
    0x1f, 0xc8, 0x7, 0xff, 0xe4, 0x48, 0x14, 0x3,
    0x28, 0x7e, 0x4, 0x8, 0x0, 0xa0, 0x15, 0x63,
    0xeb, 0xb6, 0x8b, 0x90, 0x54, 0x9a, 0x20, 0xea,
    0x0,

    /* U+0169 "ũ" */
    0x5, 0xff, 0xb8, 0x40, 0x9, 0xdb, 0xdc, 0x10,
    0x0, 0x88, 0x84, 0x2, 0xde, 0x0, 0x93, 0xdc,
    0x3, 0xff, 0xb8, 0xc2, 0x40, 0xd, 0x0, 0x68,
    0x64, 0xda, 0x80, 0x19, 0xc1, 0x87, 0xc0, 0x0,

    /* U+016A "Ū" */
    0x0, 0xff, 0xe0, 0x27, 0xfe, 0x20, 0xc, 0x99,
    0x98, 0x80, 0x38, 0xcf, 0x0, 0x57, 0xe2, 0x1,
    0x8f, 0xe4, 0x3, 0xff, 0xf2, 0x24, 0xa, 0x1,
    0x94, 0x3f, 0x2, 0x4, 0x0, 0x50, 0xa, 0xb1,
    0xf5, 0xdb, 0x45, 0xc8, 0x2a, 0x4d, 0x10, 0x75,
    0x0,

    /* U+016B "ū" */
    0x6, 0xff, 0xc0, 0x13, 0xdd, 0xe0, 0x8, 0x51,
    0x30, 0x3, 0x78, 0x2, 0x4f, 0x70, 0xf, 0xfe,
    0xe3, 0x9, 0x0, 0x34, 0x1, 0xa1, 0x93, 0x6a,
    0x0, 0x67, 0x6, 0x1f, 0x0, 0x0,

    /* U+016C "Ŭ" */
    0x0, 0x1a, 0x80, 0x18, 0x80, 0x33, 0xd8, 0x9c,
    0x80, 0x72, 0x37, 0x64, 0x90, 0x7, 0x47, 0x7b,
    0x0, 0x57, 0xe2, 0x2, 0x0, 0x3f, 0x90, 0xf,
    0xff, 0xc8, 0x90, 0x28, 0x6, 0x50, 0xfc, 0x8,
    0x10, 0x1, 0x40, 0x2a, 0xc7, 0xd7, 0x6d, 0x17,
    0x20, 0xa9, 0x34, 0x41, 0xd4, 0x0,

    /* U+016D "ŭ" */
    0x4, 0x40, 0x1, 0xc4, 0x0, 0x52, 0x29, 0x0,
    0x13, 0x3f, 0x5d, 0x8, 0x5, 0x5d, 0xea, 0x0,
    0xde, 0x1, 0x4, 0xf7, 0x0, 0xff, 0xee, 0x30,
    0x90, 0x3, 0x40, 0x1a, 0x19, 0x36, 0xa0, 0x6,
    0x70, 0x61, 0xf0, 0x0,

    /* U+016E "Ů" */
    0x0, 0x9b, 0x71, 0x40, 0x38, 0x66, 0x55, 0x40,
    0xe, 0x16, 0xb9, 0x80, 0xf, 0x4f, 0xf9, 0xc0,
    0x2b, 0xf1, 0x0, 0xc7, 0xf2, 0x1, 0xff, 0xf9,
    0x12, 0x5, 0x0, 0xca, 0x1f, 0x81, 0x2, 0x0,
    0x28, 0x5, 0x58, 0xfa, 0xed, 0xa2, 0xe4, 0x15,
    0x26, 0x88, 0x3a, 0x80,

    /* U+016F "ů" */
    0x0, 0x36, 0xe1, 0x0, 0x45, 0x3c, 0x9c, 0x1,
    0x8, 0x17, 0x8, 0x4, 0x6d, 0xd1, 0x20, 0x1a,
    0x7b, 0x88, 0x0, 0xde, 0x1, 0x4, 0xf7, 0x0,
    0xff, 0xee, 0x30, 0x90, 0x3, 0x40, 0x1a, 0x19,
    0x36, 0xa0, 0x6, 0x70, 0x61, 0xf0, 0x0,

    /* U+0170 "Ű" */
    0x0, 0x95, 0x40, 0xaa, 0x0, 0xc3, 0x44, 0x74,
    0x60, 0x19, 0x85, 0xfd, 0x58, 0x3, 0x3f, 0x6,
    0x50, 0x5, 0x7e, 0x20, 0x18, 0xfe, 0x40, 0x3f,
    0xff, 0x22, 0x40, 0xa0, 0x19, 0x43, 0xf0, 0x20,
    0x40, 0x5, 0x0, 0xab, 0x1f, 0x5d, 0xb4, 0x5c,
    0x82, 0xa4, 0xd1, 0x7, 0x50, 0x0,

    /* U+0171 "ű" */
    0x0, 0x2a, 0x2, 0xa0, 0x0, 0xe8, 0x56, 0x80,
    0x2a, 0x25, 0x87, 0x40, 0x4, 0xe8, 0x6c, 0x0,
    0x37, 0x80, 0x24, 0xf7, 0x0, 0xff, 0xee, 0x30,
    0x90, 0x3, 0x40, 0x1a, 0x19, 0x36, 0xa0, 0x6,
    0x70, 0x61, 0xf0, 0x0,

    /* U+0172 "Ų" */
    0xbf, 0x10, 0xc, 0x7f, 0x20, 0x1f, 0xff, 0x92,
    0x20, 0x28, 0x6, 0x50, 0x4c, 0x8, 0x10, 0x1,
    0x40, 0x52, 0xa8, 0xfa, 0xed, 0xa2, 0xa, 0x15,
    0x26, 0x88, 0x6, 0xf0, 0x9, 0xb8, 0x5f, 0xe4,
    0x3, 0x90, 0x7c, 0xc0, 0x3c, 0xe7, 0x12, 0x1,
    0x0,

    /* U+0173 "ų" */
    0xde, 0x0, 0x93, 0xdc, 0x3, 0xff, 0xb8, 0xc2,
    0x40, 0xd, 0x0, 0x68, 0x64, 0xda, 0x80, 0x19,
    0xc1, 0x86, 0x3, 0xc2, 0x3b, 0xee, 0x5a, 0x0,
    0x33, 0x90, 0x98, 0x6, 0x73, 0x79,

    /* U+0174 "Ŵ" */
    0x0, 0xf9, 0xdc, 0x1, 0xff, 0xc1, 0x89, 0x94,
    0x0, 0x7f, 0xca, 0xf5, 0xae, 0xa0, 0x1f, 0xe5,
    0xf4, 0x3f, 0x50, 0xe, 0x7f, 0x60, 0x8, 0x7f,
    0xc4, 0x1, 0x2f, 0xc2, 0x6, 0x0, 0x48, 0x0,
    0x40, 0xb, 0x3, 0xc, 0x50, 0x2, 0xc0, 0x1c,
    0x0, 0x90, 0x10, 0x10, 0x48, 0x0, 0x86, 0xa8,
    0x0, 0x12, 0x40, 0x6, 0x2, 0x0, 0x92, 0x18,
    0x90, 0x20, 0x60, 0x1, 0x3, 0xc1, 0x3, 0x30,
    0x8, 0x18, 0x8, 0x0, 0x21, 0x40, 0xc0, 0x54,
    0xc, 0x4, 0x13, 0x0, 0x9c, 0x85, 0xc, 0x41,
    0x1c, 0x49, 0x0, 0x36, 0x2, 0x12, 0x0, 0x30,
    0x90, 0x30, 0x3, 0x20, 0x70, 0x60, 0x1, 0x3,
    0x81, 0x0, 0x30, 0x92, 0x2, 0x0, 0xc, 0x10,
    0x48, 0x3, 0x90, 0xc, 0x3, 0x20, 0x38, 0x4,

    /* U+0175 "ŵ" */
    0x0, 0xe2, 0x84, 0x0, 0xfe, 0x1f, 0x4b, 0x30,
    0xf, 0xd4, 0x18, 0xba, 0x20, 0x1f, 0x5e, 0x85,
    0x70, 0x80, 0x4d, 0xec, 0x0, 0x5f, 0xa0, 0x1,
    0x7d, 0x38, 0x60, 0x3, 0x1, 0x0, 0x8, 0x18,
    0x24, 0x80, 0x4, 0x31, 0x20, 0xc0, 0x70, 0x51,
    0x21, 0x29, 0x4, 0x4, 0x31, 0xb, 0x4, 0x40,
    0x29, 0xe1, 0xa, 0x0, 0xc, 0x73, 0x6, 0x8,
    0x90, 0x58, 0x4, 0x8e, 0x96, 0x16, 0x3a, 0x26,
    0x1, 0x79, 0x11, 0x0, 0xc5, 0x10, 0x1, 0x90,
    0x4, 0xc0, 0x8, 0x1e, 0x0,

    /* U+0176 "Ŷ" */
    0x0, 0xc4, 0xc4, 0x1, 0xf0, 0xe5, 0x61, 0x0,
    0x7a, 0xdf, 0x1a, 0x40, 0x3d, 0x52, 0x11, 0x60,
    0x12, 0x7e, 0x0, 0x74, 0xfb, 0xa2, 0xd, 0x40,
    0x22, 0x62, 0x70, 0x90, 0xb0, 0xa, 0x42, 0x40,
    0x4, 0xe2, 0xe0, 0x88, 0x54, 0x0, 0xa0, 0x60,
    0x64, 0x2c, 0x3, 0xac, 0x34, 0xa0, 0x40, 0x39,
    0x50, 0xc9, 0xc0, 0x3e, 0xe0, 0xa0, 0xf, 0xff,
    0x20,

    /* U+0177 "ŷ" */
    0x0, 0xa3, 0xec, 0x3, 0x95, 0xe9, 0x60, 0x3,
    0x15, 0x2e, 0xf8, 0x80, 0x4e, 0xa0, 0x6e, 0x20,
    0xfe, 0xc0, 0x11, 0x7d, 0x30, 0x68, 0x5, 0x41,
    0xc2, 0x88, 0x10, 0x3, 0xa, 0x7, 0x83, 0x1,
    0x8c, 0x80, 0x10, 0x6c, 0x28, 0x18, 0x2, 0x63,
    0x27, 0x41, 0x0, 0xa8, 0x20, 0x78, 0x3, 0x11,
    0xa8, 0xa8, 0x7, 0x50, 0x38, 0x7, 0xbc, 0x28,
    0x3, 0x2c, 0x32, 0x18, 0x6, 0x97, 0x4a, 0x0,
    0xc0,

    /* U+0178 "Ÿ" */
    0x0, 0xff, 0xe1, 0x6d, 0x84, 0x70, 0x80, 0x78,
    0x40, 0x3f, 0xb6, 0x82, 0x38, 0x40, 0x9, 0xf8,
    0x1, 0xd3, 0xee, 0x88, 0x35, 0x0, 0x89, 0x89,
    0xc2, 0x42, 0xc0, 0x29, 0x9, 0x0, 0x13, 0x8b,
    0x82, 0x21, 0x50, 0x2, 0x81, 0x81, 0x90, 0xb0,
    0xe, 0xb0, 0xd2, 0x81, 0x0, 0xe5, 0x43, 0x27,
    0x0, 0xfb, 0x82, 0x80, 0x3f, 0xfc, 0x80,

    /* U+0179 "Ź" */
    0x0, 0xe3, 0x61, 0x0, 0xfb, 0xb4, 0x40, 0x3c,
    0xa5, 0x20, 0x1f, 0x2f, 0x90, 0x4, 0x3f, 0xff,
    0x90, 0x5d, 0xfc, 0x0, 0x50, 0x88, 0xef, 0x9,
    0x10, 0xe, 0x38, 0x36, 0x0, 0xf7, 0x7, 0x0,
    0x7a, 0xa, 0x8, 0x3, 0x8d, 0xcd, 0xc0, 0x3d,
    0xe1, 0xc0, 0x1e, 0x73, 0x82, 0x0, 0xe2, 0x84,
    0x70, 0xf, 0x70, 0xc, 0x47, 0x10, 0x18, 0x2b,
    0xbf, 0x80,

    /* U+017A "ź" */
    0x0, 0xc2, 0xc4, 0x1, 0xd1, 0x3, 0x0, 0xc2,
    0xd6, 0x20, 0x18, 0x7d, 0x40, 0x2e, 0xff, 0xed,
    0x9, 0x66, 0x8c, 0x1c, 0x1e, 0x65, 0x4, 0x4a,
    0x0, 0xda, 0x3c, 0x1, 0xa0, 0xe0, 0xc0, 0x24,
    0x74, 0x70, 0x8, 0x68, 0x68, 0x3, 0x68, 0x94,
    0x4c, 0xa0, 0xc, 0xd, 0x9a, 0x70,

    /* U+017B "Ż" */
    0x0, 0xff, 0xe1, 0x5f, 0x8, 0x7, 0xc2, 0x1,
    0xfd, 0x5c, 0x20, 0x10, 0xff, 0xfe, 0x41, 0x77,
    0xf0, 0x1, 0x42, 0x23, 0xbc, 0x24, 0x40, 0x38,
    0xe0, 0xd8, 0x3, 0xdc, 0x1c, 0x1, 0xe8, 0x28,
    0x20, 0xe, 0x37, 0x37, 0x0, 0xf7, 0x87, 0x0,
    0x79, 0xce, 0x8, 0x3, 0x8a, 0x11, 0xc0, 0x3d,
    0xc0, 0x31, 0x1c, 0x40, 0x60, 0xae, 0xfe,

    /* U+017C "ż" */
    0x0, 0x9b, 0xd0, 0x3, 0x84, 0x4, 0x3, 0x9f,
    0xd4, 0x2, 0xef, 0xfe, 0xd0, 0x96, 0x68, 0xc1,
    0xc1, 0xe6, 0x50, 0x44, 0xa0, 0xd, 0xa3, 0xc0,
    0x1a, 0xe, 0xc, 0x2, 0x47, 0x47, 0x0, 0x86,
    0x86, 0x80, 0x36, 0x89, 0x44, 0xca, 0x0, 0xc0,
    0xd9, 0xa7,

    /* U+017D "Ž" */
    0x0, 0x1c, 0x8, 0x3a, 0x80, 0x63, 0x4a, 0x78,
    0x70, 0xe, 0xd5, 0x8b, 0x20, 0xe, 0x1e, 0xf4,
    0x0, 0x87, 0xff, 0xf2, 0xb, 0xbf, 0x80, 0xa,
    0x11, 0x1d, 0xe1, 0x22, 0x1, 0xc7, 0x6, 0xc0,
    0x1e, 0xe0, 0xe0, 0xf, 0x41, 0x41, 0x0, 0x71,
    0xb9, 0xb8, 0x7, 0xbc, 0x38, 0x3, 0xce, 0x70,
    0x40, 0x1c, 0x50, 0x8e, 0x1, 0xee, 0x1, 0x88,
    0xe2, 0x3, 0x5, 0x77, 0xf0,

    /* U+017E "ž" */
    0x0, 0x39, 0x82, 0xb8, 0x5, 0xfa, 0xb4, 0x20,
    0x14, 0x2d, 0x33, 0x0, 0x35, 0xfc, 0x80, 0x5d,
    0xff, 0xda, 0x12, 0xcd, 0x18, 0x38, 0x3c, 0xca,
    0x8, 0x94, 0x1, 0xb4, 0x78, 0x3, 0x41, 0xc1,
    0x80, 0x48, 0xe8, 0xe0, 0x10, 0xd0, 0xd0, 0x6,
    0xd1, 0x28, 0x99, 0x40, 0x18, 0x1b, 0x34, 0xe0,

    /* U+017F "ſ" */
    0x1b, 0xfe, 0x1b, 0x45, 0x61, 0x71, 0xa8, 0x0,
    0xff, 0xf1, 0x0,

    /* U+2014 "—" */
    0x88, 0xff, 0xe2, 0x3b, 0xff, 0xf1, 0x0,

    /* U+2026 "…" */
    0x4, 0x0, 0x85, 0x0, 0x22, 0x30, 0x9b, 0x70,
    0x6, 0xda, 0x80, 0x33, 0x7, 0xe0, 0x60, 0x5,
    0x16, 0x0, 0x28, 0x90,

    /* U+F001 "" */
    0x0, 0xff, 0xe8, 0x24, 0xee, 0x0, 0x7e, 0x16,
    0xbf, 0xb6, 0x23, 0x0, 0xe3, 0x8d, 0xe9, 0x40,
    0xf, 0xec, 0xc3, 0x90, 0x7, 0xff, 0x0, 0xc0,
    0x3e, 0x38, 0x0, 0xff, 0x96, 0xbb, 0x1c, 0x3,
    0xf3, 0xdf, 0xd2, 0x88, 0x7, 0xfa, 0x10, 0x3,
    0xff, 0xcc, 0x57, 0xdc, 0x0, 0xff, 0xe0, 0x7a,
    0x8, 0x80, 0x5, 0x7d, 0xc0, 0xf, 0xf8, 0xbd,
    0x4, 0x40, 0x1e, 0xf4, 0x0, 0x27, 0x80, 0x71,
    0x0, 0x62, 0xbf, 0xf5, 0x97, 0xa0, 0x1, 0x3c,
    0x3, 0xfc,

    /* U+F008 "" */
    0xd0, 0x7, 0xff, 0xf8, 0x1, 0xa5, 0xfe, 0x3,
    0x77, 0xf1, 0x87, 0xf8, 0x83, 0xfc, 0x9, 0x11,
    0xe4, 0xf, 0xf0, 0x7, 0xff, 0x1b, 0xfc, 0x1,
    0xfe, 0xff, 0x0, 0x3f, 0xc0, 0xd9, 0x9e, 0x60,
    0xff, 0x0, 0x7f, 0xf1, 0xbf, 0xc0, 0xd9, 0x9e,
    0x60, 0xff, 0x0, 0x3f, 0xc0, 0x1f, 0xef, 0xf0,
    0x7, 0xff, 0x1b, 0xfc, 0x9, 0x11, 0xe4, 0xf,
    0xf0, 0x17, 0xf8, 0xd, 0xdf, 0xc6, 0x1f, 0xe2,

    /* U+F00B "" */
    0xdf, 0xf9, 0xcf, 0xff, 0xfb, 0x48, 0x2, 0xd6,
    0x0, 0xfe, 0x20, 0xf, 0xfe, 0x21, 0x0, 0x5a,
    0xc0, 0x1f, 0xc5, 0xbf, 0xf3, 0x9f, 0xff, 0xf6,
    0xeb, 0xfe, 0x73, 0xff, 0xfe, 0xd2, 0x0, 0xb5,
    0x80, 0x3f, 0x88, 0x3, 0xff, 0x88, 0x40, 0x16,
    0xb0, 0x7, 0xf1, 0x6f, 0xfc, 0xe7, 0xff, 0xfd,
    0xba, 0xff, 0x9c, 0xff, 0xff, 0xb4, 0x80, 0x2d,
    0x60, 0xf, 0xe2, 0x0, 0xff, 0xe2, 0x10, 0x5,
    0xac, 0x1, 0xfc, 0x40,

    /* U+F00C "" */
    0x0, 0xff, 0xe0, 0xd5, 0x88, 0x7, 0xff, 0x2,
    0xd5, 0x34, 0x3, 0xfe, 0xb4, 0x0, 0x38, 0x7,
    0xfa, 0xd0, 0x0, 0x76, 0x37, 0x40, 0x1e, 0xb4,
    0x0, 0x1e, 0x6, 0xa2, 0xd8, 0x6, 0xb4, 0x0,
    0x1e, 0x0, 0x1c, 0x0, 0x96, 0x0, 0xb4, 0x0,
    0x1e, 0x0, 0x56, 0x60, 0x4, 0xbb, 0x20, 0x0,
    0xf0, 0x3, 0xb0, 0xc0, 0x8, 0x80, 0x2, 0x60,
    0x7, 0xd8, 0x60, 0x19, 0x2c, 0x3, 0xfb, 0x10,
    0x0, 0x96, 0x1, 0xff, 0x5a, 0x22, 0xc0, 0x3f,
    0x0,

    /* U+F00D "" */
    0x3, 0x0, 0xf8, 0xc2, 0x33, 0x2, 0x1, 0xe,
    0x62, 0x1c, 0xf, 0x44, 0x7, 0x4c, 0x1e, 0x80,
    0x7, 0xa5, 0xa6, 0x0, 0xa5, 0xa0, 0x1, 0xe9,
    0x80, 0x29, 0x41, 0x68, 0x3, 0xa9, 0x40, 0x24,
    0x20, 0x8, 0x90, 0x2, 0x1d, 0x20, 0x8, 0xb4,
    0x40, 0x74, 0xc0, 0xc, 0x0, 0x3d, 0x1d, 0x30,
    0x5, 0x4d, 0x0, 0xf, 0x44, 0x1, 0x4a, 0xb,
    0x40, 0x1, 0xc5, 0xb5, 0x0, 0x96, 0xd7, 0x0,

    /* U+F011 "" */
    0x0, 0xf2, 0x7f, 0x0, 0x7f, 0x88, 0x40, 0x80,
    0x44, 0x6, 0x20, 0x1c, 0xbb, 0x80, 0x1c, 0x79,
    0x81, 0x0, 0x8e, 0x80, 0x84, 0x3, 0x30, 0x16,
    0x0, 0x5c, 0x0, 0xb1, 0x0, 0xca, 0xc0, 0x4e,
    0x8, 0x41, 0x8, 0x1, 0xe9, 0x30, 0x90, 0xd0,
    0x3, 0x80, 0x7e, 0x90, 0x13, 0x20, 0x30, 0xf,
    0xe7, 0x0, 0x30, 0x7, 0x88, 0x4, 0x40, 0x3,
    0x0, 0x18, 0x81, 0x0, 0x49, 0xfc, 0x1, 0x28,
    0x0, 0xb0, 0x5, 0x0, 0x3f, 0x70, 0x1, 0x18,
    0x1, 0x42, 0x1, 0xe5, 0x50, 0x28, 0x2, 0x40,
    0x70, 0xc0, 0x33, 0xd0, 0x2, 0x0, 0xc, 0xc0,
    0x2c, 0xda, 0xbe, 0x80, 0x5, 0x90, 0x5, 0x32,
    0x0, 0x12, 0xa0, 0x81, 0x62, 0x0, 0x73, 0x74,
    0x21, 0x1a, 0xd6, 0x98, 0x4,

    /* U+F013 "" */
    0x0, 0xf4, 0x5d, 0xa0, 0x3, 0xff, 0x80, 0xe8,
    0x87, 0x0, 0xfc, 0x60, 0x6, 0x0, 0xcc, 0x0,
    0x30, 0x9, 0x33, 0x75, 0x20, 0x1a, 0x77, 0xb1,
    0x0, 0x12, 0x4, 0x40, 0xf, 0x10, 0x84, 0x82,
    0x10, 0x7, 0x33, 0x0, 0x38, 0x91, 0xe, 0x1,
    0xb6, 0x65, 0xa0, 0x19, 0xd0, 0x20, 0x2, 0x62,
    0x0, 0x13, 0x0, 0x50, 0x1, 0xff, 0xc6, 0x80,
    0x9, 0x88, 0x0, 0x4c, 0x1, 0x40, 0x23, 0x80,
    0x6d, 0x99, 0x68, 0x6, 0x74, 0x41, 0x0, 0x73,
    0x30, 0x3, 0x89, 0x2, 0x40, 0x48, 0x3, 0xc4,
    0x40, 0x90, 0x2, 0x67, 0x6c, 0x80, 0x69, 0xdd,
    0x62, 0x0, 0x46, 0x0, 0x60, 0xc, 0xc0, 0x3,
    0x0, 0xfc, 0xe8, 0x87, 0x0, 0xf0,

    /* U+F015 "" */
    0x0, 0xf8, 0xf7, 0x46, 0x7, 0xfe, 0x30, 0xf,
    0xcd, 0x84, 0x4c, 0x57, 0x0, 0x38, 0x7, 0xd3,
    0x20, 0x66, 0x5, 0x78, 0x7, 0xe1, 0xb6, 0x9,
    0xbb, 0x48, 0x20, 0x7, 0xc5, 0x88, 0x38, 0x7b,
    0xa3, 0xc1, 0x0, 0xf2, 0x69, 0x1f, 0xdd, 0x0,
    0x2a, 0xfc, 0xc2, 0x90, 0x1e, 0xc1, 0x76, 0xdc,
    0x3, 0x3d, 0xea, 0x8d, 0xbd, 0x83, 0xc6, 0x28,
    0x7, 0x97, 0x21, 0xc2, 0xf6, 0xe3, 0x8, 0x3,
    0xf1, 0x64, 0x5e, 0x8a, 0x0, 0x80, 0x7f, 0x84,
    0x10, 0x40, 0x3e, 0x6f, 0xf3, 0x80, 0x7f, 0xf0,
    0x84, 0x3, 0xff, 0xa6, 0x20, 0x17, 0x0, 0x38,
    0x2, 0x10, 0x8,

    /* U+F019 "" */
    0x0, 0xf6, 0xff, 0xb4, 0x3, 0xff, 0x80, 0x40,
    0x2, 0x0, 0xff, 0xfe, 0x27, 0xfc, 0x1, 0xbf,
    0xe4, 0x0, 0xc8, 0x80, 0xf, 0xc8, 0x80, 0xe,
    0xb4, 0x0, 0xf2, 0x58, 0x7, 0xd6, 0x80, 0x19,
    0x2c, 0x3, 0xfa, 0xd0, 0x0, 0x96, 0x1, 0xdb,
    0xff, 0xb2, 0x91, 0x15, 0x9f, 0xfb, 0x48, 0x3,
    0x1e, 0xcc, 0xb4, 0xc0, 0x31, 0x0, 0x78, 0xf7,
    0x46, 0x1, 0xff, 0xc5, 0xf1, 0xf0, 0x1, 0x0,
    0x7f, 0xbc, 0x7c, 0x8,

    /* U+F01C "" */
    0x0, 0x93, 0xbf, 0xff, 0x72, 0x0, 0x70, 0xd0,
    0x80, 0x7e, 0x1a, 0x10, 0xd, 0x62, 0x9f, 0xff,
    0x90, 0x6c, 0x2, 0x55, 0x5, 0x0, 0x7e, 0xa0,
    0x55, 0x0, 0xd8, 0x48, 0x80, 0x7e, 0x19, 0xb,
    0x1b, 0x14, 0x60, 0xf, 0xf3, 0x20, 0xda, 0x82,
    0x7f, 0xce, 0x1, 0xa3, 0xfe, 0x40, 0x50, 0xf,
    0x48, 0x6, 0x70, 0xf, 0xfe, 0x0, 0xff, 0xe0,
    0xf, 0xfe, 0xfb, 0x80, 0x7f, 0xf1, 0x1c,

    /* U+F021 "" */
    0x0, 0xe6, 0xbd, 0xd5, 0x28, 0x0, 0xbf, 0xc0,
    0x12, 0xf4, 0xa1, 0x11, 0x6b, 0x90, 0x3, 0x9e,
    0x84, 0x16, 0x20, 0x80, 0x37, 0x60, 0x9, 0x60,
    0xf, 0xa9, 0xdd, 0x7a, 0x60, 0xc0, 0x15, 0x81,
    0xe0, 0x80, 0x44, 0x1c, 0x40, 0x12, 0x88, 0x70,
    0x7, 0x6e, 0xc4, 0x1, 0x68, 0x21, 0x0, 0x7f,
    0xf0, 0x23, 0xec, 0x3, 0xdf, 0xff, 0x0, 0x7f,
    0xf1, 0x3f, 0xfe, 0x0, 0xf5, 0xfc, 0x0, 0x7f,
    0xf0, 0x9, 0x3, 0x0, 0x22, 0xdd, 0x80, 0x3b,
    0x80, 0x50, 0x2, 0x2e, 0x2, 0x0, 0x8b, 0xc,
    0x28, 0x2, 0x60, 0x3d, 0xb7, 0x6a, 0xd3, 0x8,
    0x40, 0xa, 0xec, 0x40, 0x91, 0x2a, 0x3, 0x4e,
    0x1, 0xc9, 0xb4, 0xa6, 0x49, 0x3c, 0xa0, 0x10,

    /* U+F026 "" */
    0x0, 0xff, 0xe1, 0x46, 0x80, 0x74, 0x39, 0x0,
    0x68, 0x70, 0x6, 0xff, 0xce, 0x1, 0x10, 0x7,
    0xff, 0x4c, 0x80, 0x3e, 0xdf, 0xf9, 0x80, 0x3e,
    0x96, 0x0, 0xfa, 0x5c, 0x80, 0x3d, 0x1a,

    /* U+F027 "" */
    0x0, 0xff, 0xe3, 0x46, 0x80, 0x7f, 0x43, 0x90,
    0x7, 0xe8, 0x70, 0xf, 0x67, 0xfc, 0xe0, 0x18,
    0x54, 0xc, 0x3, 0xf3, 0xd3, 0x80, 0x7f, 0x32,
    0x48, 0x7, 0xf8, 0x40, 0x3f, 0xca, 0xa6, 0x20,
    0xf, 0xcf, 0x31, 0xbf, 0xf3, 0x0, 0x62, 0x60,
    0xe, 0x96, 0x0, 0xff, 0xa5, 0x84, 0x3, 0xfd,
    0x3c, 0x1, 0x80,

    /* U+F028 "" */
    0x0, 0xff, 0xe0, 0xb0, 0x80, 0x7f, 0xf0, 0xc6,
    0x70, 0x80, 0x3f, 0x46, 0x80, 0x61, 0xc3, 0xc1,
    0x0, 0xf4, 0x39, 0x0, 0x55, 0x65, 0x83, 0x40,
    0x1d, 0xe, 0x1, 0xde, 0x9a, 0x50, 0x88, 0xdf,
    0xf9, 0xc0, 0x31, 0x2a, 0xa8, 0xd9, 0xc3, 0x48,
    0x3, 0xf2, 0x53, 0xa9, 0x50, 0x22, 0x0, 0x3f,
    0x99, 0x64, 0x10, 0xc0, 0x88, 0x1, 0xff, 0xc2,
    0x10, 0x10, 0xf, 0xf3, 0x2c, 0x82, 0x10, 0x11,
    0x40, 0x1f, 0x92, 0x9d, 0x4a, 0x81, 0x11, 0xbf,
    0xf3, 0x0, 0x62, 0x55, 0x51, 0xb3, 0x7, 0x40,
    0x34, 0xb0, 0x7, 0x7a, 0x69, 0x4a, 0x20, 0x3,
    0xa5, 0xc8, 0x2, 0xab, 0x3c, 0x1a, 0x0, 0xfa,
    0x34, 0x3, 0xe, 0x9e, 0x8, 0x7, 0xff, 0x4,
    0x67, 0x8, 0x0,

    /* U+F03E "" */
    0x8f, 0xff, 0xfe, 0x14, 0x38, 0x0, 0xc0, 0x3f,
    0xe7, 0x0, 0x6e, 0x68, 0x7, 0xff, 0x0, 0xc8,
    0x8, 0xc0, 0x30, 0x88, 0x3, 0x8c, 0x80, 0x8c,
    0x2, 0x1f, 0xc1, 0x0, 0xed, 0xcd, 0x0, 0x87,
    0xc4, 0xb0, 0x40, 0x38, 0xac, 0x40, 0x7c, 0x40,
    0x5, 0x80, 0x18, 0x7d, 0x30, 0xfc, 0x40, 0x31,
    0x0, 0x6f, 0x10, 0x2c, 0x10, 0xf, 0xf0, 0x80,
    0x7f, 0xf0, 0xff, 0xff, 0xf8, 0x0, 0x7, 0x0,
    0xff, 0xe1, 0x38,

    /* U+F043 "" */
    0x0, 0xc9, 0xc8, 0x1, 0xfb, 0xc7, 0xc0, 0x3e,
    0x14, 0x4, 0x10, 0xf, 0x40, 0x5, 0x0, 0x1c,
    0x4c, 0x1, 0x31, 0x80, 0x6e, 0x0, 0xef, 0x0,
    0x9c, 0xc0, 0x38, 0xe0, 0xa, 0x0, 0x3e, 0x72,
    0xb0, 0xf, 0xeb, 0x70, 0xf, 0xe7, 0x10, 0xd0,
    0xf, 0x84, 0x40, 0x4, 0x0, 0xf0, 0xb8, 0x45,
    0x20, 0x7, 0x3d, 0x82, 0xdc, 0xe8, 0x6, 0xb2,
    0xb0, 0x5d, 0xd0, 0x5, 0x64, 0x9, 0xac, 0x20,
    0x2d, 0xa8, 0x0,

    /* U+F048 "" */
    0x0, 0xff, 0x7f, 0x8c, 0x3, 0xe, 0x60, 0x0,
    0xe0, 0x11, 0x61, 0x98, 0x3, 0x8f, 0x8, 0x3,
    0xc7, 0x82, 0x1, 0xe4, 0xc0, 0xf, 0xb6, 0xc0,
    0x3f, 0x30, 0x7, 0xff, 0x1d, 0x40, 0x3f, 0xba,
    0x80, 0x3f, 0x96, 0xc0, 0x3f, 0x93, 0x4, 0x3,
    0xf1, 0xe1, 0x0, 0x67, 0x0, 0x8b, 0xc, 0xdf,
    0xe3, 0x0, 0xc3, 0x98,

    /* U+F04B "" */
    0x0, 0xff, 0xe1, 0x47, 0xc8, 0x80, 0x7f, 0x9c,
    0x1b, 0x9c, 0x3, 0xff, 0x83, 0x1a, 0x80, 0x1f,
    0xfc, 0x2, 0xba, 0x10, 0xf, 0xfe, 0x2, 0xf3,
    0x80, 0x7f, 0xf0, 0x63, 0x54, 0x3, 0xff, 0x80,
    0x55, 0x64, 0x1, 0xff, 0xc0, 0x4f, 0x0, 0xff,
    0xe7, 0x27, 0x80, 0x7f, 0x8a, 0xac, 0x80, 0x3f,
    0xa3, 0x54, 0x3, 0xf9, 0x75, 0xc0, 0x3f, 0x8a,
    0xe8, 0x80, 0x3f, 0xa3, 0x50, 0x3, 0xe7, 0x15,
    0xe7, 0x0, 0xfe, 0x8e, 0xa1, 0x0, 0xff, 0x0,

    /* U+F04C "" */
    0x0, 0xff, 0xe1, 0x47, 0xfe, 0x80, 0x4, 0x7f,
    0xe8, 0x70, 0xc, 0xe0, 0x7, 0x0, 0xce, 0x1,
    0xff, 0xff, 0x0, 0xff, 0xff, 0x80, 0x68, 0x0,
    0xd0, 0x0, 0x80, 0xd, 0x0,

    /* U+F04D "" */
    0x8f, 0xff, 0xfe, 0x4, 0x38, 0x7, 0xff, 0x1,
    0xc0, 0x3f, 0xff, 0xe0, 0x1f, 0xff, 0xf0, 0xc,
    0xe0, 0x1f, 0xfc, 0x7,

    /* U+F051 "" */
    0x0, 0xff, 0x66, 0x4, 0x3, 0x1f, 0xf8, 0xcd,
    0x84, 0x1, 0x38, 0x6, 0x2c, 0x30, 0xf, 0xc3,
    0x88, 0x1, 0xfd, 0x6a, 0x1, 0xfd, 0x5c, 0x1,
    0xfc, 0xa0, 0x1f, 0xfc, 0x76, 0x0, 0xfd, 0x7a,
    0x1, 0xf6, 0x20, 0x7, 0x87, 0xc, 0x3, 0xc5,
    0x86, 0x1, 0xc6, 0x6c, 0x20, 0x9, 0xc0, 0x19,
    0x81, 0x0, 0xc7, 0xfe,

    /* U+F052 "" */
    0x0, 0xf1, 0x6e, 0x88, 0x3, 0xfe, 0x1c, 0x22,
    0x60, 0x80, 0x7f, 0xe, 0x8, 0x0, 0x70, 0x40,
    0x3f, 0x69, 0x0, 0x62, 0xd0, 0xf, 0xac, 0xc0,
    0x3c, 0x76, 0x1, 0xd4, 0x80, 0x1f, 0x92, 0x80,
    0x29, 0x50, 0xf, 0xf2, 0xc8, 0x1, 0x80, 0x3f,
    0xf8, 0xc, 0x0, 0x70, 0xf, 0xfe, 0x3, 0x80,
    0x23, 0xff, 0xff, 0x81, 0x0, 0xc, 0xff, 0xff,
    0xe0, 0x60, 0x0, 0xc0, 0x3f, 0xf8, 0x6, 0x1,
    0xff, 0xc6, 0x30, 0xf, 0xfe, 0x1, 0x80,

    /* U+F053 "" */
    0x0, 0xf0, 0xd2, 0x0, 0x78, 0x71, 0x6c, 0x3,
    0x87, 0x8, 0x14, 0x3, 0xe, 0x10, 0x2d, 0x0,
    0x43, 0x84, 0xb, 0x40, 0x10, 0xe1, 0x2, 0xd0,
    0x6, 0xd2, 0x5, 0xa0, 0xe, 0x10, 0x1, 0x0,
    0x7b, 0x8, 0x1e, 0x0, 0x38, 0x70, 0x81, 0xe0,
    0x3, 0x87, 0x8, 0x1e, 0x0, 0x38, 0x70, 0x81,
    0xe0, 0x3, 0x87, 0x8, 0x1c, 0x3, 0xc3, 0x89,
    0x40,

    /* U+F054 "" */
    0x4, 0xa1, 0x0, 0xfa, 0xd7, 0x44, 0x3, 0xca,
    0x7, 0xa2, 0x1, 0xd4, 0xa0, 0x7a, 0x20, 0x1d,
    0x4a, 0x7, 0xa2, 0x1, 0xd4, 0xa0, 0x7a, 0x20,
    0x1d, 0x4a, 0x7, 0xa0, 0x1e, 0x20, 0x0, 0x80,
    0x74, 0x38, 0x16, 0x0, 0x68, 0x70, 0x2c, 0x10,
    0xa, 0x1c, 0xb, 0x4, 0x2, 0x87, 0x2, 0xc1,
    0x0, 0xce, 0x5, 0x82, 0x1, 0xd4, 0x98, 0x20,
    0x1c,

    /* U+F067 "" */
    0x0, 0xe4, 0xff, 0x20, 0x7, 0xfb, 0x0, 0x18,
    0x1, 0xff, 0xe3, 0x48, 0x8c, 0x80, 0x4, 0x88,
    0xc9, 0x6e, 0xf8, 0xc0, 0x6, 0xef, 0xac, 0x3,
    0xff, 0x85, 0x6e, 0xf8, 0xc0, 0x6, 0xef, 0xad,
    0x22, 0x32, 0x0, 0x12, 0x23, 0x20, 0x7, 0xff,
    0x8f, 0x0, 0x18, 0x1, 0xc0,

    /* U+F068 "" */
    0x14, 0x4f, 0xfe, 0x0, 0xfd, 0xdf, 0xff, 0x3,
    0xc4, 0x3, 0xff, 0x80, 0x30, 0x89, 0xff, 0xc0,
    0x80,

    /* U+F06E "" */
    0x0, 0xe5, 0xad, 0xff, 0x6d, 0x28, 0x7, 0xe4,
    0xda, 0x51, 0x77, 0xa, 0xd6, 0xa0, 0x7, 0x3d,
    0x90, 0xde, 0x44, 0x32, 0xc4, 0xad, 0xc0, 0x27,
    0x80, 0x5, 0x20, 0x4f, 0x42, 0x50, 0x2, 0x1c,
    0x12, 0x0, 0x6, 0x80, 0x3, 0x17, 0x84, 0x30,
    0x4, 0x24, 0x80, 0x48, 0x13, 0x4a, 0x0, 0x60,
    0x40, 0xa, 0x40, 0x3c, 0xea, 0x1, 0xfe, 0x90,
    0x9, 0x1, 0x80, 0x33, 0x2, 0x0, 0x52, 0x90,
    0x0, 0x34, 0x87, 0x11, 0x3c, 0x21, 0x80, 0x21,
    0x1, 0xe0, 0x1, 0x49, 0x1d, 0xc8, 0x4a, 0x0,
    0x3b, 0x80, 0x27, 0xb2, 0x1b, 0xc8, 0x86, 0x58,
    0x95, 0xc0, 0x7, 0x26, 0xd2, 0x8b, 0xb8, 0x56,
    0xb5, 0x0, 0x20,

    /* U+F070 "" */
    0x8c, 0x20, 0xf, 0xfe, 0x2a, 0x9e, 0x20, 0x7,
    0xff, 0x13, 0x10, 0x6e, 0x1, 0x27, 0x7f, 0xdb,
    0x4a, 0x1, 0xe1, 0xb8, 0x7, 0xfb, 0x60, 0x77,
    0xa, 0xd6, 0xa0, 0x7, 0x9e, 0xc4, 0x0, 0xfb,
    0x10, 0xcb, 0x12, 0xb7, 0x0, 0xf2, 0x79, 0x83,
    0xb4, 0xf4, 0x25, 0x0, 0x21, 0xc0, 0x24, 0xe3,
    0x1c, 0x60, 0x97, 0x17, 0x84, 0x30, 0x4, 0x20,
    0x2, 0x47, 0x1c, 0x26, 0x80, 0x40, 0xc, 0x8,
    0x1, 0x48, 0x7, 0x43, 0x82, 0xe9, 0x0, 0x7f,
    0xd2, 0x1, 0x58, 0x0, 0xb5, 0x40, 0x61, 0x0,
    0x2e, 0x0, 0x24, 0x0, 0xd, 0x0, 0x2a, 0x90,
    0x73, 0x0, 0x41, 0x80, 0x4e, 0xe0, 0x5, 0xa0,
    0x4, 0xd8, 0x20, 0x5, 0x70, 0xe, 0x8b, 0x20,
    0xbc, 0x88, 0x11, 0xfa, 0x2, 0xb8, 0x7, 0x93,
    0x69, 0x45, 0xdd, 0xc2, 0x2b, 0x70, 0x8b, 0x0,
    0xf9, 0x6b, 0x7f, 0xd8, 0x20, 0x8, 0xb1, 0x4d,
    0x0, 0xff, 0xe2, 0x26, 0x1a, 0x80,

    /* U+F071 "" */
    0x0, 0xfc, 0x5b, 0xa2, 0x0, 0xff, 0xe2, 0x49,
    0x12, 0x40, 0x3f, 0xf8, 0x6a, 0x80, 0x4, 0x50,
    0xf, 0xfe, 0x14, 0x0, 0x68, 0x0, 0xff, 0xe0,
    0xb9, 0x0, 0x62, 0x70, 0xf, 0xf8, 0x60, 0x9,
    0xdc, 0x41, 0x2, 0x1, 0xfe, 0xb0, 0x3, 0xc4,
    0x1c, 0x1, 0x60, 0x1f, 0xc6, 0xa0, 0x1, 0x0,
    0x8, 0x1, 0x4c, 0x3, 0xf7, 0x80, 0x4e, 0x0,
    0x70, 0xb, 0xc0, 0x3e, 0x53, 0x0, 0x84, 0x0,
    0x20, 0x11, 0xa8, 0x7, 0xac, 0x3, 0x14, 0xc8,
    0x80, 0x35, 0x80, 0x74, 0x8, 0x6, 0x1b, 0xb0,
    0x80, 0x61, 0x80, 0x8, 0x9c, 0x3, 0x9c, 0x88,
    0xe0, 0x1c, 0xe2, 0x0, 0x80, 0xf, 0x39, 0x99,
    0xc0, 0x3d, 0x60, 0x5, 0x0, 0xf0, 0xe6, 0x4,
    0x3, 0xca, 0x0, 0x70, 0xf, 0xfe, 0x23, 0x80,

    /* U+F074 "" */
    0x0, 0xff, 0xe8, 0x6c, 0x0, 0x7f, 0xf0, 0x89,
    0xe0, 0x3f, 0xf3, 0x80, 0x67, 0xff, 0x0, 0x1e,
    0x0, 0x34, 0x30, 0x1, 0xa0, 0x3, 0x96, 0x1d,
    0xc2, 0x12, 0x2b, 0x20, 0x2e, 0x0, 0x1f, 0x78,
    0x86, 0xd, 0x2d, 0x0, 0xe4, 0x0, 0xe1, 0x0,
    0x45, 0xed, 0x60, 0xd, 0x20, 0xac, 0x20, 0xe,
    0x2c, 0x0, 0x61, 0x0, 0x7f, 0x16, 0x80, 0x2d,
    0xbc, 0x82, 0xb0, 0x81, 0xe2, 0x18, 0x21, 0x4b,
    0x43, 0x90, 0x3, 0x85, 0xe, 0xe1, 0x9, 0x51,
    0x90, 0x17, 0x0, 0xf, 0x80, 0x68, 0x60, 0x3,
    0x40, 0x7, 0x2f, 0xfe, 0x70, 0xc, 0xff, 0xe0,
    0x3, 0xc0, 0x7, 0xff, 0x0, 0x9e, 0x0, 0x3f,
    0xf8, 0x3b, 0x0, 0x0,

    /* U+F077 "" */
    0x0, 0xff, 0xe3, 0x8e, 0xe8, 0x40, 0x3f, 0x87,
    0x8, 0x98, 0x20, 0x1f, 0xe, 0x10, 0x0, 0xb0,
    0x40, 0x38, 0x70, 0x81, 0x98, 0x5, 0x82, 0x1,
    0xe, 0x10, 0x34, 0xc9, 0x80, 0xb0, 0x40, 0x70,
    0x81, 0xa4, 0x1, 0x2c, 0x5, 0x83, 0x44, 0xd,
    0x20, 0x1a, 0x58, 0xa, 0xb8, 0x1a, 0x40, 0x3d,
    0x2c, 0x1c, 0xbf, 0x20, 0x1f, 0xa7, 0xd4,

    /* U+F078 "" */
    0x0, 0xff, 0xe1, 0x2f, 0xc8, 0x7, 0xe9, 0xf5,
    0xe0, 0x69, 0x0, 0xf4, 0xb0, 0x75, 0x10, 0x34,
    0x80, 0x69, 0x60, 0x2a, 0x1c, 0x20, 0x69, 0x0,
    0x4b, 0x1, 0x60, 0x80, 0xe1, 0x3, 0x4c, 0x98,
    0xb, 0x4, 0x2, 0x1c, 0x20, 0x66, 0x1, 0x60,
    0x80, 0x70, 0xe1, 0x0, 0xb, 0x4, 0x3, 0xe1,
    0xc2, 0x26, 0x8, 0x7, 0xf0, 0xee, 0x84, 0x3,
    0x80,

    /* U+F079 "" */
    0x0, 0xff, 0xe5, 0xe, 0xe8, 0x40, 0x3f, 0xf8,
    0x63, 0x84, 0x4c, 0x10, 0xef, 0xff, 0xb4, 0x2,
    0x1c, 0x20, 0x1, 0x60, 0xa0, 0x7, 0xc4, 0x1,
    0x69, 0x18, 0x0, 0xcb, 0x6b, 0xff, 0xc0, 0x1d,
    0x49, 0xa0, 0xd, 0x4a, 0x0, 0xff, 0xe0, 0x35,
    0x88, 0x0, 0x6d, 0x80, 0x3f, 0xfc, 0xd, 0x62,
    0x0, 0x1b, 0x60, 0xf, 0xfe, 0x5, 0x26, 0x80,
    0x35, 0x28, 0x3, 0xbf, 0xfd, 0x5a, 0x46, 0x0,
    0x32, 0xd0, 0x8, 0x80, 0x3e, 0x41, 0xc2, 0x0,
    0x16, 0x8, 0x5, 0xbf, 0xff, 0x70, 0xe, 0x11,
    0x30, 0x40, 0x3f, 0xf8, 0x63, 0xba, 0x10, 0x0,

    /* U+F07B "" */
    0x8f, 0xfe, 0xd1, 0x0, 0xfc, 0xe0, 0x1c, 0x58,
    0x20, 0x1f, 0xfc, 0x22, 0xef, 0xff, 0x40, 0x7,
    0xff, 0xd, 0xc0, 0x3f, 0xff, 0xe0, 0x1f, 0xfd,
    0x97, 0x0, 0xff, 0xe1, 0x38,

    /* U+F093 "" */
    0x0, 0xfa, 0xec, 0x1, 0xff, 0xc1, 0xb4, 0x45,
    0x80, 0x7f, 0xd6, 0x80, 0x4, 0xb0, 0xf, 0xeb,
    0x40, 0xc, 0x96, 0x1, 0xf5, 0xa0, 0x7, 0x92,
    0xc0, 0x39, 0x10, 0x1, 0xf9, 0x10, 0x1, 0x93,
    0xfe, 0x0, 0xdf, 0xf2, 0x0, 0x7f, 0xfd, 0xb7,
    0xff, 0x1, 0x0, 0x8, 0x3f, 0xf6, 0x90, 0x6,
    0x9d, 0xff, 0x6c, 0x80, 0x62, 0x0, 0xe6, 0xff,
    0xcc, 0x1, 0xff, 0xc4, 0xf1, 0xf0, 0x1, 0x0,
    0x7f, 0xbc, 0x7c, 0x8,

    /* U+F095 "" */
    0x0, 0xff, 0xe8, 0xd7, 0x53, 0x10, 0x7, 0xfc,
    0x4a, 0x2b, 0x3a, 0x1, 0xff, 0x58, 0x7, 0xff,
    0x11, 0x80, 0x31, 0x0, 0x7f, 0x88, 0x3, 0x98,
    0x3, 0xfc, 0x58, 0x20, 0x16, 0x0, 0x7f, 0xc7,
    0x40, 0x12, 0x80, 0x7f, 0xf0, 0x3c, 0x0, 0x84,
    0x1, 0xff, 0x32, 0x0, 0x20, 0x3, 0xc4, 0x1,
    0x92, 0x40, 0xc, 0x60, 0x11, 0x47, 0xe9, 0x80,
    0x1a, 0xc0, 0x5, 0x20, 0x15, 0x6b, 0x80, 0x35,
    0x2e, 0x40, 0x5, 0x80, 0x19, 0x0, 0x30, 0xda,
    0x0, 0xb, 0x4, 0x3, 0x20, 0x7, 0xe6, 0xd1,
    0x0, 0xec, 0x0, 0xf2, 0x64, 0x80, 0x7c, 0x80,
    0x2, 0x48, 0xdb, 0x30, 0xf, 0x80,

    /* U+F0C4 "" */
    0x8, 0xee, 0x40, 0x7, 0x99, 0x82, 0x10, 0xe2,
    0x27, 0x80, 0x8, 0xb6, 0x65, 0x80, 0xc1, 0x98,
    0x6, 0x0, 0x16, 0x10, 0x3, 0x80, 0x3f, 0x16,
    0x8, 0x3, 0xc, 0x18, 0x33, 0x0, 0x2d, 0x82,
    0x0, 0xc3, 0x0, 0x43, 0x88, 0x5, 0x22, 0x0,
    0xc3, 0x0, 0xd1, 0xda, 0x20, 0x1b, 0xc, 0x3,
    0xff, 0x91, 0x1d, 0xa2, 0x1, 0xb0, 0xc0, 0x34,
    0x38, 0x80, 0x52, 0x20, 0xc, 0x30, 0x9, 0x83,
    0x30, 0x2, 0xd8, 0x20, 0xc, 0x30, 0xf, 0xe2,
    0xc1, 0x0, 0x61, 0x83, 0x6, 0x60, 0x18, 0x0,
    0x58, 0x40, 0xe, 0x8, 0x71, 0x13, 0xc0, 0x4,
    0x5b, 0x32, 0xc0,

    /* U+F0C5 "" */
    0x0, 0xdb, 0xff, 0xc1, 0xa2, 0x1, 0xc4, 0x1,
    0xe2, 0xc1, 0x0, 0xff, 0xe0, 0x16, 0x6f, 0xf8,
    0x3, 0xe2, 0xff, 0x69, 0x0, 0x7f, 0x6f, 0xfc,
    0x1, 0xff, 0xff, 0x0, 0xff, 0xe7, 0x90, 0x7,
    0xe2, 0x0, 0xa7, 0x7f, 0xff, 0x68, 0x4, 0xdf,
    0xfe, 0x0, 0xc4, 0x1, 0xf8, 0x80, 0x30,

    /* U+F0C7 "" */
    0x8f, 0xff, 0xec, 0x10, 0x3, 0x80, 0x7f, 0x1e,
    0x8, 0x5, 0xff, 0xf7, 0x1, 0x60, 0x80, 0x7f,
    0x8, 0x0, 0xb4, 0x3, 0xff, 0x82, 0x60, 0x1f,
    0xfc, 0x4f, 0xff, 0xc0, 0x1f, 0xfc, 0xb4, 0xee,
    0x20, 0x7, 0xfa, 0x84, 0x54, 0x1, 0xff, 0xcc,
    0xa1, 0x15, 0x0, 0x7f, 0x93, 0xb8, 0x80, 0x1c,
    0xe0, 0x1f, 0xfc, 0x7,

    /* U+F0C9 "" */
    0x12, 0x2f, 0xfe, 0x0, 0xf6, 0xef, 0xff, 0x3,
    0x80, 0x3f, 0xf8, 0x5d, 0xbb, 0xff, 0xc0, 0xe1,
    0x22, 0xff, 0xe0, 0x8, 0x88, 0xbf, 0xf8, 0x3,
    0xdb, 0xbf, 0xfc, 0xe, 0x0, 0xff, 0xe1, 0x76,
    0xef, 0xff, 0x3, 0x84, 0x8b, 0xff, 0x80, 0x22,
    0x22, 0xff, 0xe0, 0xf, 0x6e, 0xff, 0xf0, 0x38,
    0x3, 0xff, 0x85, 0xdb, 0xbf, 0xfc, 0xe,

    /* U+F0E0 "" */
    0x8f, 0xff, 0xfe, 0x14, 0x38, 0x7, 0xff, 0x9,
    0xcc, 0x3, 0xff, 0x84, 0x78, 0xc0, 0x1f, 0xfc,
    0x6, 0xcd, 0xba, 0x0, 0xff, 0x55, 0xe9, 0x69,
    0xe9, 0x80, 0x78, 0xf4, 0xf4, 0x80, 0x13, 0x1a,
    0xe0, 0x19, 0xf6, 0x24, 0x3, 0x97, 0xee, 0xc4,
    0x4b, 0xb7, 0xa8, 0x7, 0xc3, 0x99, 0xe1, 0x0,
    0xff, 0x3f, 0x71, 0xc0, 0x3f, 0xf9, 0x4e, 0x1,
    0xff, 0xc2, 0x70,

    /* U+F0E7 "" */
    0x0, 0x6f, 0xfe, 0xd0, 0xe, 0x12, 0x0, 0xc2,
    0x1, 0xc4, 0x1, 0xd6, 0x1, 0xca, 0x1, 0xca,
    0x1, 0xdc, 0x1, 0x88, 0x80, 0x1c, 0x40, 0x18,
    0xbf, 0xed, 0x0, 0x30, 0x7, 0xe7, 0x0, 0x10,
    0x7, 0xe8, 0x0, 0x18, 0x7, 0xce, 0x40, 0xd,
    0xff, 0x94, 0x0, 0x30, 0x1, 0xf2, 0x0, 0x2c,
    0x3, 0xe2, 0x10, 0x35, 0x0, 0xf9, 0xc0, 0x1e,
    0x1, 0xfb, 0x1, 0x4c, 0x3, 0xf2, 0x5, 0x80,
    0x7f, 0xa0, 0x40, 0x38,

    /* U+F0EA "" */
    0x0, 0x93, 0x79, 0x0, 0x3e, 0xdf, 0xf5, 0xa3,
    0xdf, 0xfb, 0x40, 0x31, 0x0, 0x7e, 0x20, 0xf,
    0xcc, 0xc0, 0xf, 0xfe, 0x3, 0x7f, 0xf0, 0x7,
    0xe9, 0xdf, 0xfc, 0x1a, 0x20, 0x1e, 0x20, 0xe,
    0x2c, 0x10, 0xf, 0xfe, 0x1, 0x60, 0x7, 0xf8,
    0xbf, 0xda, 0x1, 0xfe, 0xdf, 0xf8, 0x3, 0xff,
    0xa0, 0x40, 0x1f, 0xfc, 0x1d, 0xff, 0x80, 0x3f,
    0xfa, 0x24, 0x1, 0xf1, 0x0,

    /* U+F0F3 "" */
    0x0, 0xf6, 0x60, 0x3, 0xfe, 0x23, 0x38, 0x3,
    0xf0, 0xde, 0x80, 0x33, 0x4, 0x1, 0xc3, 0xe8,
    0x1, 0x8f, 0x4, 0x3, 0x40, 0x80, 0x78, 0x64,
    0x3, 0x38, 0x7, 0xe5, 0x0, 0xc2, 0x1, 0xf8,
    0x80, 0x21, 0x0, 0xff, 0xe0, 0x90, 0x7, 0xf8,
    0xc0, 0x16, 0x1, 0xfe, 0xb0, 0x16, 0x0, 0xff,
    0x30, 0xe8, 0x80, 0x7f, 0x87, 0x40, 0x3f, 0xf8,
    0x59, 0xff, 0xff, 0xc0, 0xc0, 0xe, 0xef, 0xf7,
    0x0, 0x7f, 0xa8, 0x45, 0x40, 0x1c,

    /* U+F11C "" */
    0x8f, 0xff, 0xfe, 0x24, 0x38, 0x7, 0xff, 0x11,
    0xc0, 0x1f, 0xe0, 0xff, 0x7, 0xf8, 0x3f, 0xc1,
    0xfe, 0x0, 0xff, 0xe5, 0x7f, 0x83, 0xfc, 0x1f,
    0xe0, 0xff, 0x7, 0xf8, 0x3, 0x9f, 0xdd, 0xde,
    0xee, 0xf7, 0x77, 0xb8, 0x7, 0xff, 0x31, 0xfd,
    0xdd, 0xee, 0xef, 0x77, 0x7b, 0x80, 0x77, 0xf8,
    0x3f, 0xff, 0x7, 0xf8, 0x3, 0xff, 0x95, 0xfe,
    0xf, 0xff, 0xc1, 0xfe, 0x0, 0x38, 0x7, 0xff,
    0x11, 0xc0,

    /* U+F124 "" */
    0x0, 0xff, 0xe9, 0x9d, 0x7b, 0x80, 0x7f, 0xf0,
    0x13, 0x30, 0xa1, 0x0, 0x1f, 0xe6, 0xdb, 0x30,
    0x9, 0x40, 0x3e, 0x17, 0xe9, 0x20, 0xe, 0x90,
    0xe, 0x18, 0xe8, 0x10, 0xf, 0x19, 0x80, 0x22,
    0xae, 0x70, 0xf, 0xe8, 0x0, 0xa3, 0x54, 0x3,
    0xfc, 0x48, 0x1, 0x38, 0x7, 0xff, 0x2, 0xc0,
    0x33, 0x80, 0x7f, 0xc2, 0xc0, 0x1a, 0x3f, 0xfc,
    0x1, 0xd2, 0x1, 0xff, 0xc5, 0x60, 0xf, 0xfe,
    0x23, 0x88, 0x7, 0xff, 0x12, 0x40, 0x3f, 0xf8,
    0x8a, 0x20, 0x1f, 0xfc, 0x48, 0x0, 0xff, 0xe1,
    0x38, 0x39, 0x0, 0x7f, 0xf0, 0xa3, 0xe0, 0x3,
    0xe0,

    /* U+F15B "" */
    0xdf, 0xff, 0x6, 0x88, 0x0, 0x80, 0x3e, 0x2c,
    0x10, 0xf, 0xf1, 0x60, 0x80, 0x7f, 0x8b, 0x0,
    0x3e, 0x2f, 0xfb, 0x40, 0x3e, 0xdf, 0xfc, 0x1,
    0xff, 0xff, 0x0, 0xff, 0xea, 0x90, 0x7, 0xf8,
    0x80,

    /* U+F1EB "" */
    0x0, 0xff, 0xe6, 0xa4, 0xe7, 0x7f, 0xbb, 0x25,
    0x0, 0x3f, 0x3f, 0x5b, 0x18, 0x80, 0x4, 0xda,
    0xf9, 0xc0, 0x32, 0x6c, 0x8, 0x0, 0xd5, 0xdc,
    0xa6, 0x0, 0x18, 0xd4, 0x6, 0xb2, 0x2, 0xaf,
    0xca, 0x88, 0x56, 0x7d, 0x10, 0x15, 0xb5, 0x0,
    0x27, 0x54, 0x3, 0xf2, 0xec, 0x80, 0x2b, 0x57,
    0x18, 0x0, 0xb5, 0xbf, 0xed, 0xa5, 0x0, 0x36,
    0x2e, 0x8d, 0x18, 0x26, 0xd2, 0x90, 0x0, 0x96,
    0xb5, 0x0, 0xe8, 0x40, 0x25, 0xb2, 0x1, 0x57,
    0x72, 0x88, 0x15, 0xa8, 0x7, 0x90, 0x82, 0x3a,
    0xa2, 0x15, 0xd0, 0x4, 0x80, 0x1e, 0x1c, 0xd7,
    0x0, 0xf3, 0xee, 0x8, 0x7, 0xc2, 0x40, 0x4,
    0xee, 0x20, 0x0, 0x84, 0x3, 0xff, 0x81, 0x42,
    0x2a, 0x0, 0xff, 0xec, 0x50, 0x8a, 0x80, 0x3f,
    0x0,

    /* U+F240 "" */
    0x8f, 0xff, 0xfe, 0x2c, 0x3, 0x80, 0x7f, 0xf1,
    0x5c, 0x2, 0xff, 0xff, 0xe1, 0x80, 0x34, 0x2,
    0xff, 0xff, 0xe0, 0x80, 0x44, 0x1, 0xff, 0xc5,
    0xf0, 0xf, 0xfe, 0xdf, 0x80, 0x77, 0xff, 0xff,
    0x4, 0x2, 0x20, 0x7, 0xff, 0xff, 0xc, 0x1,
    0xae, 0x1, 0xff, 0xc5, 0x70,

    /* U+F241 "" */
    0x8f, 0xff, 0xfe, 0x2c, 0x3, 0x80, 0x7f, 0xf1,
    0x5c, 0x2, 0xff, 0xff, 0xe1, 0x80, 0x34, 0x2,
    0xff, 0xff, 0x0, 0x78, 0x80, 0x3f, 0xf8, 0xbe,
    0x1, 0xff, 0xdb, 0xf0, 0xe, 0xff, 0xff, 0x0,
    0x78, 0x80, 0x1f, 0xff, 0xfc, 0x30, 0x6, 0xb8,
    0x7, 0xff, 0x15, 0xc0,

    /* U+F242 "" */
    0x8f, 0xff, 0xfe, 0x2c, 0x3, 0x80, 0x7f, 0xf1,
    0x5c, 0x2, 0xff, 0xff, 0xe1, 0x80, 0x34, 0x2,
    0xff, 0xf8, 0x3, 0xf8, 0x80, 0x3f, 0xf8, 0xbe,
    0x1, 0xff, 0xdb, 0xf0, 0xe, 0xff, 0xf8, 0x3,
    0xf8, 0x80, 0x1f, 0xff, 0xfc, 0x30, 0x6, 0xb8,
    0x7, 0xff, 0x15, 0xc0,

    /* U+F243 "" */
    0x8f, 0xff, 0xfe, 0x2c, 0x3, 0x80, 0x7f, 0xf1,
    0x5c, 0x2, 0xff, 0xff, 0xe1, 0x80, 0x34, 0x2,
    0xff, 0xc0, 0x1f, 0xfc, 0x2, 0x0, 0xff, 0xe2,
    0xf8, 0x7, 0xff, 0x6f, 0xc0, 0x3b, 0xff, 0x0,
    0x7f, 0xf0, 0x8, 0x1, 0xff, 0xff, 0xc3, 0x0,
    0x6b, 0x80, 0x7f, 0xf1, 0x5c, 0x0,

    /* U+F244 "" */
    0x8f, 0xff, 0xfe, 0x2c, 0x3, 0x80, 0x7f, 0xf1,
    0x5c, 0x2, 0xff, 0xff, 0xe1, 0x80, 0x34, 0x3,
    0xff, 0x8e, 0x40, 0x1f, 0xfc, 0x5f, 0x0, 0xff,
    0xed, 0xf8, 0x7, 0xff, 0x24, 0x80, 0x1f, 0xff,
    0xfc, 0x30, 0x6, 0xb8, 0x7, 0xff, 0x15, 0xc0,

    /* U+F287 "" */
    0x0, 0xff, 0x84, 0x3, 0xff, 0x8e, 0xfd, 0xa2,
    0x1, 0xff, 0xc2, 0x1c, 0xf8, 0x2, 0x40, 0xf,
    0xfe, 0x15, 0x2e, 0xb0, 0xa, 0x0, 0x7f, 0xf0,
    0x4d, 0x20, 0xa7, 0x78, 0x40, 0x3e, 0x3d, 0xf8,
    0x0, 0x4b, 0x8, 0x0, 0x80, 0x31, 0xb8, 0x5,
    0xc4, 0xe, 0xf2, 0xf2, 0xaf, 0xeb, 0x8d, 0x30,
    0x20, 0xa, 0xac, 0xea, 0x91, 0x33, 0xe5, 0x2,
    0x80, 0x70, 0x0, 0xe6, 0x5a, 0xaf, 0x99, 0xe9,
    0x2b, 0xb0, 0x45, 0xcf, 0x88, 0x5, 0x6a, 0x40,
    0x46, 0x61, 0x4d, 0x40, 0x9, 0x18, 0x40, 0x30,
    0xb4, 0x8f, 0x66, 0x20, 0x3, 0xff, 0x85, 0x23,
    0xc6, 0x1, 0xff, 0xc6, 0xaf, 0x40, 0xf, 0xfe,
    0x45, 0x6e, 0xa4, 0x3, 0x80,

    /* U+F293 "" */
    0x0, 0xc, 0x6f, 0xfb, 0x64, 0x80, 0x22, 0xf7,
    0x24, 0x12, 0x6d, 0x40, 0x7, 0x88, 0x0, 0x70,
    0x40, 0x14, 0x8, 0x40, 0x18, 0xb4, 0x0, 0x2b,
    0xa0, 0x5, 0x0, 0x1b, 0x58, 0x3, 0xd4, 0xe,
    0x9c, 0x1, 0x8, 0x80, 0x72, 0x3, 0xb8, 0x92,
    0xc8, 0x40, 0x31, 0x0, 0x25, 0x98, 0xbb, 0x80,
    0x2, 0x1, 0x98, 0x43, 0x80, 0x30, 0x80, 0xb,
    0x0, 0x61, 0x80, 0x23, 0x2, 0xc4, 0x82, 0xb9,
    0x40, 0x27, 0x0, 0x3d, 0x18, 0x60, 0xb0, 0x37,
    0x81, 0x48, 0x0, 0xdb, 0x8, 0x31, 0x48, 0x3,
    0xe, 0x10, 0x1, 0x83, 0x84, 0x0, 0xd8, 0x40,
    0xa, 0x10, 0x3f, 0x72, 0x32, 0x15, 0xc5, 0x0,

    /* U+F2ED "" */
    0x0, 0xcf, 0xff, 0x9c, 0x3, 0x77, 0xfd, 0x0,
    0x1a, 0x3f, 0xee, 0x0, 0xff, 0xe1, 0x77, 0xff,
    0xff, 0x3, 0x83, 0xff, 0xff, 0x80, 0x1, 0xff,
    0xc6, 0x66, 0x3, 0x30, 0x19, 0x80, 0x1e, 0x11,
    0x0, 0x88, 0x4, 0x40, 0x1f, 0xff, 0xf0, 0x11,
    0x0, 0x88, 0x4, 0x40, 0x1e, 0x66, 0x3, 0x30,
    0x19, 0x80, 0x19, 0xc0, 0x3f, 0xce, 0x0,

    /* U+F304 "" */
    0x0, 0xff, 0xe0, 0x3f, 0xd0, 0x7, 0xff, 0x5,
    0xe0, 0x16, 0xc0, 0x3f, 0xf8, 0x14, 0x1, 0x25,
    0x0, 0x7f, 0x3d, 0x61, 0x0, 0x4a, 0x1, 0xf9,
    0xe1, 0x6f, 0x8, 0x1, 0x0, 0x1f, 0x3c, 0x0,
    0x16, 0xf0, 0xa1, 0xc0, 0x3c, 0xf0, 0x1, 0x96,
    0xf5, 0xc0, 0x3c, 0xf0, 0x1, 0xed, 0x0, 0xf9,
    0xe0, 0x3, 0xd0, 0xe0, 0x1e, 0x78, 0x0, 0xf4,
    0x38, 0x7, 0x9e, 0x0, 0x3d, 0xe, 0x1, 0xe6,
    0x80, 0xf, 0x43, 0x80, 0x7d, 0xa0, 0x1e, 0x87,
    0x0, 0xfc, 0xc0, 0x1d, 0xe, 0x1, 0xfc, 0x60,
    0x1a, 0x1c, 0x3, 0xfc, 0x62, 0x49, 0x2e, 0x1,
    0xff, 0x6f, 0x6d, 0xb0, 0x7, 0xfc,

    /* U+F55A "" */
    0x0, 0xc3, 0x7f, 0xff, 0xfc, 0xe, 0x40, 0x8,
    0x71, 0x0, 0x3f, 0xf8, 0x3, 0x40, 0x1, 0xc2,
    0x0, 0xca, 0x20, 0x1, 0x50, 0xc, 0x20, 0x38,
    0x40, 0x19, 0x6b, 0x4, 0x59, 0x4a, 0x1, 0x87,
    0x8, 0x3, 0x90, 0x89, 0x98, 0x22, 0x20, 0x6,
    0xd2, 0x0, 0xf0, 0xe1, 0x16, 0xc1, 0x0, 0xff,
    0xe6, 0x69, 0x0, 0x78, 0x70, 0x8b, 0x60, 0x80,
    0x61, 0xc2, 0x0, 0xe4, 0x22, 0x66, 0x8, 0x88,
    0x1, 0xc3, 0x84, 0x1, 0x96, 0xb0, 0x45, 0x94,
    0xa0, 0x1e, 0x1c, 0x20, 0xc, 0xa2, 0x0, 0x15,
    0x0, 0xc2, 0x1, 0xe, 0x20, 0x7, 0xff, 0x0,
    0x68,

    /* U+F7C2 "" */
    0x0, 0x9f, 0xff, 0xdc, 0x80, 0x7, 0x80, 0xf,
    0xd, 0x3, 0xc3, 0xf8, 0x7a, 0x5f, 0x80, 0xbc,
    0x0, 0x7f, 0xa0, 0x3, 0xff, 0x84, 0xfe, 0x1e,
    0x97, 0xe0, 0x1f, 0xff, 0xf0, 0xf, 0xfe, 0x58,
    0x80, 0x7f, 0x86, 0x84, 0x3, 0xf0, 0xd0,

    /* U+F8A2 "" */
    0x0, 0xff, 0xe1, 0x88, 0x7, 0xff, 0xc, 0xfc,
    0x3, 0x84, 0x3, 0xf1, 0x68, 0x88, 0x2, 0xbe,
    0x0, 0xfc, 0xa2, 0x1, 0xb1, 0x0, 0x40, 0x3f,
    0xe1, 0xc3, 0x0, 0x33, 0xbf, 0xd8, 0x1, 0x69,
    0x80, 0x51, 0x1f, 0x90, 0x2, 0xb0, 0xf, 0xfe,
    0x10, 0x89, 0xe0, 0x2, 0xef, 0xff, 0xee, 0x0,
    0x3c, 0x80, 0x7f, 0xf1, 0x1a, 0x94, 0x40, 0x3f,
    0xe0
};


/*---------------------
 *  GLYPH DESCRIPTION
 *--------------------*/

static const lv_font_fmt_txt_glyph_dsc_t glyph_dsc[] = {
    {.bitmap_index = 0, .adv_w = 0, .box_w = 0, .box_h = 0, .ofs_x = 0, .ofs_y = 0} /* id = 0 reserved */,
    {.bitmap_index = 0, .adv_w = 68, .box_w = 0, .box_h = 0, .ofs_x = 0, .ofs_y = 0},
    {.bitmap_index = 0, .adv_w = 78, .box_w = 3, .box_h = 12, .ofs_x = 1, .ofs_y = 0},
    {.bitmap_index = 15, .adv_w = 127, .box_w = 6, .box_h = 5, .ofs_x = 1, .ofs_y = 7},
    {.bitmap_index = 30, .adv_w = 164, .box_w = 10, .box_h = 12, .ofs_x = 0, .ofs_y = 0},
    {.bitmap_index = 92, .adv_w = 165, .box_w = 10, .box_h = 16, .ofs_x = 0, .ofs_y = -2},
    {.bitmap_index = 164, .adv_w = 254, .box_w = 14, .box_h = 12, .ofs_x = 1, .ofs_y = 0},
    {.bitmap_index = 240, .adv_w = 167, .box_w = 11, .box_h = 12, .ofs_x = 0, .ofs_y = 0},
    {.bitmap_index = 302, .adv_w = 80, .box_w = 3, .box_h = 5, .ofs_x = 1, .ofs_y = 7},
    {.bitmap_index = 310, .adv_w = 94, .box_w = 5, .box_h = 15, .ofs_x = 1, .ofs_y = -2},
    {.bitmap_index = 347, .adv_w = 94, .box_w = 5, .box_h = 15, .ofs_x = 0, .ofs_y = -2},
    {.bitmap_index = 384, .adv_w = 133, .box_w = 7, .box_h = 7, .ofs_x = 1, .ofs_y = 5},
    {.bitmap_index = 409, .adv_w = 171, .box_w = 9, .box_h = 8, .ofs_x = 1, .ofs_y = 1},
    {.bitmap_index = 439, .adv_w = 78, .box_w = 4, .box_h = 5, .ofs_x = 0, .ofs_y = -3},
    {.bitmap_index = 450, .adv_w = 118, .box_w = 6, .box_h = 2, .ofs_x = 1, .ofs_y = 4},
    {.bitmap_index = 455, .adv_w = 78, .box_w = 3, .box_h = 3, .ofs_x = 1, .ofs_y = 0},
    {.bitmap_index = 460, .adv_w = 95, .box_w = 6, .box_h = 14, .ofs_x = 0, .ofs_y = -2},
    {.bitmap_index = 499, .adv_w = 165, .box_w = 10, .box_h = 12, .ofs_x = 0, .ofs_y = 0},
    {.bitmap_index = 554, .adv_w = 106, .box_w = 6, .box_h = 12, .ofs_x = 0, .ofs_y = 0},
    {.bitmap_index = 571, .adv_w = 158, .box_w = 8, .box_h = 12, .ofs_x = 1, .ofs_y = 0},
    {.bitmap_index = 616, .adv_w = 161, .box_w = 10, .box_h = 12, .ofs_x = 0, .ofs_y = 0},
    {.bitmap_index = 675, .adv_w = 168, .box_w = 10, .box_h = 12, .ofs_x = 0, .ofs_y = 0},
    {.bitmap_index = 718, .adv_w = 154, .box_w = 9, .box_h = 12, .ofs_x = 0, .ofs_y = 0},
    {.bitmap_index = 766, .adv_w = 161, .box_w = 10, .box_h = 12, .ofs_x = 0, .ofs_y = 0},
    {.bitmap_index = 825, .adv_w = 146, .box_w = 9, .box_h = 12, .ofs_x = 0, .ofs_y = 0},
    {.bitmap_index = 865, .adv_w = 161, .box_w = 10, .box_h = 12, .ofs_x = 0, .ofs_y = 0},
    {.bitmap_index = 925, .adv_w = 161, .box_w = 10, .box_h = 12, .ofs_x = 0, .ofs_y = 0},
    {.bitmap_index = 986, .adv_w = 78, .box_w = 3, .box_h = 9, .ofs_x = 1, .ofs_y = 0},
    {.bitmap_index = 998, .adv_w = 81, .box_w = 4, .box_h = 12, .ofs_x = 0, .ofs_y = -3},
    {.bitmap_index = 1019, .adv_w = 171, .box_w = 8, .box_h = 10, .ofs_x = 1, .ofs_y = 0},
    {.bitmap_index = 1054, .adv_w = 171, .box_w = 8, .box_h = 5, .ofs_x = 1, .ofs_y = 2},
    {.bitmap_index = 1065, .adv_w = 171, .box_w = 9, .box_h = 10, .ofs_x = 1, .ofs_y = 0},
    {.bitmap_index = 1103, .adv_w = 135, .box_w = 8, .box_h = 12, .ofs_x = 0, .ofs_y = 0},
    {.bitmap_index = 1146, .adv_w = 252, .box_w = 15, .box_h = 15, .ofs_x = 0, .ofs_y = -3},
    {.bitmap_index = 1252, .adv_w = 182, .box_w = 11, .box_h = 12, .ofs_x = 0, .ofs_y = 0},
    {.bitmap_index = 1308, .adv_w = 168, .box_w = 9, .box_h = 12, .ofs_x = 1, .ofs_y = 0},
    {.bitmap_index = 1357, .adv_w = 188, .box_w = 11, .box_h = 12, .ofs_x = 0, .ofs_y = 0},
    {.bitmap_index = 1412, .adv_w = 185, .box_w = 10, .box_h = 12, .ofs_x = 1, .ofs_y = 0},
    {.bitmap_index = 1459, .adv_w = 154, .box_w = 8, .box_h = 12, .ofs_x = 1, .ofs_y = 0},
    {.bitmap_index = 1489, .adv_w = 151, .box_w = 8, .box_h = 12, .ofs_x = 1, .ofs_y = 0},
    {.bitmap_index = 1513, .adv_w = 191, .box_w = 12, .box_h = 12, .ofs_x = 0, .ofs_y = 0},
    {.bitmap_index = 1578, .adv_w = 191, .box_w = 10, .box_h = 12, .ofs_x = 1, .ofs_y = 0},
    {.bitmap_index = 1599, .adv_w = 70, .box_w = 3, .box_h = 12, .ofs_x = 1, .ofs_y = 0},
    {.bitmap_index = 1604, .adv_w = 147, .box_w = 8, .box_h = 12, .ofs_x = 0, .ofs_y = 0},
    {.bitmap_index = 1629, .adv_w = 176, .box_w = 10, .box_h = 12, .ofs_x = 1, .ofs_y = 0},
    {.bitmap_index = 1676, .adv_w = 145, .box_w = 8, .box_h = 12, .ofs_x = 1, .ofs_y = 0},
    {.bitmap_index = 1688, .adv_w = 234, .box_w = 13, .box_h = 12, .ofs_x = 1, .ofs_y = 0},
    {.bitmap_index = 1748, .adv_w = 194, .box_w = 10, .box_h = 12, .ofs_x = 1, .ofs_y = 0},
    {.bitmap_index = 1790, .adv_w = 196, .box_w = 12, .box_h = 12, .ofs_x = 0, .ofs_y = 0},
    {.bitmap_index = 1853, .adv_w = 164, .box_w = 9, .box_h = 12, .ofs_x = 1, .ofs_y = 0},
    {.bitmap_index = 1889, .adv_w = 197, .box_w = 12, .box_h = 13, .ofs_x = 0, .ofs_y = -1},
    {.bitmap_index = 1958, .adv_w = 166, .box_w = 9, .box_h = 12, .ofs_x = 1, .ofs_y = 0},
    {.bitmap_index = 2003, .adv_w = 165, .box_w = 10, .box_h = 12, .ofs_x = 0, .ofs_y = 0},
    {.bitmap_index = 2062, .adv_w = 167, .box_w = 10, .box_h = 12, .ofs_x = 0, .ofs_y = 0},
    {.bitmap_index = 2081, .adv_w = 190, .box_w = 10, .box_h = 12, .ofs_x = 1, .ofs_y = 0},
    {.bitmap_index = 2109, .adv_w = 182, .box_w = 11, .box_h = 12, .ofs_x = 0, .ofs_y = 0},
    {.bitmap_index = 2167, .adv_w = 257, .box_w = 16, .box_h = 12, .ofs_x = 0, .ofs_y = 0},
    {.bitmap_index = 2259, .adv_w = 179, .box_w = 11, .box_h = 12, .ofs_x = 0, .ofs_y = 0},
    {.bitmap_index = 2318, .adv_w = 178, .box_w = 11, .box_h = 12, .ofs_x = 0, .ofs_y = 0},
    {.bitmap_index = 2358, .adv_w = 164, .box_w = 10, .box_h = 12, .ofs_x = 0, .ofs_y = 0},
    {.bitmap_index = 2402, .adv_w = 94, .box_w = 4, .box_h = 16, .ofs_x = 1, .ofs_y = -3},
    {.bitmap_index = 2418, .adv_w = 95, .box_w = 6, .box_h = 14, .ofs_x = 0, .ofs_y = -2},
    {.bitmap_index = 2455, .adv_w = 94, .box_w = 5, .box_h = 16, .ofs_x = 0, .ofs_y = -3},
    {.bitmap_index = 2474, .adv_w = 122, .box_w = 8, .box_h = 5, .ofs_x = 0, .ofs_y = 6},
    {.bitmap_index = 2493, .adv_w = 119, .box_w = 8, .box_h = 2, .ofs_x = 0, .ofs_y = -1},
    {.bitmap_index = 2498, .adv_w = 86, .box_w = 4, .box_h = 3, .ofs_x = 1, .ofs_y = 10},
    {.bitmap_index = 2505, .adv_w = 145, .box_w = 8, .box_h = 9, .ofs_x = 0, .ofs_y = 0},
    {.bitmap_index = 2542, .adv_w = 158, .box_w = 9, .box_h = 12, .ofs_x = 1, .ofs_y = 0},
    {.bitmap_index = 2585, .adv_w = 148, .box_w = 9, .box_h = 9, .ofs_x = 0, .ofs_y = 0},
    {.bitmap_index = 2624, .adv_w = 158, .box_w = 9, .box_h = 12, .ofs_x = 0, .ofs_y = 0},
    {.bitmap_index = 2669, .adv_w = 150, .box_w = 9, .box_h = 9, .ofs_x = 0, .ofs_y = 0},
    {.bitmap_index = 2709, .adv_w = 97, .box_w = 6, .box_h = 12, .ofs_x = 0, .ofs_y = 0},
    {.bitmap_index = 2731, .adv_w = 159, .box_w = 9, .box_h = 12, .ofs_x = 0, .ofs_y = -3},
    {.bitmap_index = 2784, .adv_w = 154, .box_w = 8, .box_h = 12, .ofs_x = 1, .ofs_y = 0},
    {.bitmap_index = 2807, .adv_w = 65, .box_w = 4, .box_h = 12, .ofs_x = 0, .ofs_y = 0},
    {.bitmap_index = 2818, .adv_w = 65, .box_w = 5, .box_h = 15, .ofs_x = -1, .ofs_y = -3},
    {.bitmap_index = 2837, .adv_w = 143, .box_w = 8, .box_h = 12, .ofs_x = 1, .ofs_y = 0},
    {.bitmap_index = 2871, .adv_w = 65, .box_w = 2, .box_h = 12, .ofs_x = 1, .ofs_y = 0},
    {.bitmap_index = 2876, .adv_w = 227, .box_w = 13, .box_h = 9, .ofs_x = 1, .ofs_y = 0},
    {.bitmap_index = 2909, .adv_w = 154, .box_w = 8, .box_h = 9, .ofs_x = 1, .ofs_y = 0},
    {.bitmap_index = 2929, .adv_w = 155, .box_w = 9, .box_h = 9, .ofs_x = 0, .ofs_y = 0},
    {.bitmap_index = 2970, .adv_w = 158, .box_w = 9, .box_h = 12, .ofs_x = 1, .ofs_y = -3},
    {.bitmap_index = 3016, .adv_w = 158, .box_w = 9, .box_h = 12, .ofs_x = 0, .ofs_y = -3},
    {.bitmap_index = 3063, .adv_w = 99, .box_w = 5, .box_h = 9, .ofs_x = 1, .ofs_y = 0},
    {.bitmap_index = 3076, .adv_w = 138, .box_w = 8, .box_h = 9, .ofs_x = 0, .ofs_y = 0},
    {.bitmap_index = 3113, .adv_w = 87, .box_w = 6, .box_h = 11, .ofs_x = 0, .ofs_y = 0},
    {.bitmap_index = 3137, .adv_w = 154, .box_w = 8, .box_h = 9, .ofs_x = 1, .ofs_y = 0},
    {.bitmap_index = 3157, .adv_w = 147, .box_w = 9, .box_h = 9, .ofs_x = 0, .ofs_y = 0},
    {.bitmap_index = 3196, .adv_w = 212, .box_w = 13, .box_h = 9, .ofs_x = 0, .ofs_y = 0},
    {.bitmap_index = 3255, .adv_w = 143, .box_w = 9, .box_h = 9, .ofs_x = 0, .ofs_y = 0},
    {.bitmap_index = 3294, .adv_w = 147, .box_w = 9, .box_h = 12, .ofs_x = 0, .ofs_y = -3},
    {.bitmap_index = 3343, .adv_w = 143, .box_w = 8, .box_h = 9, .ofs_x = 0, .ofs_y = 0},
    {.bitmap_index = 3376, .adv_w = 113, .box_w = 6, .box_h = 15, .ofs_x = 1, .ofs_y = -3},
    {.bitmap_index = 3416, .adv_w = 89, .box_w = 3, .box_h = 20, .ofs_x = 1, .ofs_y = -4},
    {.bitmap_index = 3423, .adv_w = 113, .box_w = 6, .box_h = 15, .ofs_x = 0, .ofs_y = -3},
    {.bitmap_index = 3462, .adv_w = 171, .box_w = 9, .box_h = 3, .ofs_x = 1, .ofs_y = 3},
    {.bitmap_index = 3476, .adv_w = 68, .box_w = 0, .box_h = 0, .ofs_x = 0, .ofs_y = 0},
    {.bitmap_index = 3476, .adv_w = 78, .box_w = 3, .box_h = 12, .ofs_x = 1, .ofs_y = -3},
    {.bitmap_index = 3490, .adv_w = 148, .box_w = 9, .box_h = 12, .ofs_x = 0, .ofs_y = 0},
    {.bitmap_index = 3539, .adv_w = 159, .box_w = 10, .box_h = 12, .ofs_x = 0, .ofs_y = 0},
    {.bitmap_index = 3591, .adv_w = 189, .box_w = 11, .box_h = 11, .ofs_x = 0, .ofs_y = 0},
    {.bitmap_index = 3644, .adv_w = 143, .box_w = 9, .box_h = 12, .ofs_x = 0, .ofs_y = 0},
    {.bitmap_index = 3695, .adv_w = 75, .box_w = 3, .box_h = 14, .ofs_x = 1, .ofs_y = -2},
    {.bitmap_index = 3710, .adv_w = 146, .box_w = 9, .box_h = 15, .ofs_x = 0, .ofs_y = -3},
    {.bitmap_index = 3778, .adv_w = 154, .box_w = 6, .box_h = 3, .ofs_x = 2, .ofs_y = 10},
    {.bitmap_index = 3786, .adv_w = 234, .box_w = 13, .box_h = 12, .ofs_x = 1, .ofs_y = 0},
    {.bitmap_index = 3864, .adv_w = 117, .box_w = 7, .box_h = 7, .ofs_x = 0, .ofs_y = 5},
    {.bitmap_index = 3889, .adv_w = 156, .box_w = 10, .box_h = 8, .ofs_x = 0, .ofs_y = 1},
    {.bitmap_index = 3928, .adv_w = 171, .box_w = 8, .box_h = 5, .ofs_x = 1, .ofs_y = 2},
    {.bitmap_index = 3943, .adv_w = 170, .box_w = 10, .box_h = 10, .ofs_x = 0, .ofs_y = 2},
    {.bitmap_index = 3993, .adv_w = 119, .box_w = 5, .box_h = 3, .ofs_x = 1, .ofs_y = 10},
    {.bitmap_index = 3999, .adv_w = 117, .box_w = 7, .box_h = 7, .ofs_x = 0, .ofs_y = 6},
    {.bitmap_index = 4022, .adv_w = 171, .box_w = 9, .box_h = 9, .ofs_x = 1, .ofs_y = 0},
    {.bitmap_index = 4055, .adv_w = 115, .box_w = 7, .box_h = 6, .ofs_x = 0, .ofs_y = 7},
    {.bitmap_index = 4077, .adv_w = 116, .box_w = 7, .box_h = 6, .ofs_x = 0, .ofs_y = 7},
    {.bitmap_index = 4099, .adv_w = 86, .box_w = 4, .box_h = 3, .ofs_x = 1, .ofs_y = 10},
    {.bitmap_index = 4106, .adv_w = 154, .box_w = 9, .box_h = 12, .ofs_x = 1, .ofs_y = -3},
    {.bitmap_index = 4135, .adv_w = 154, .box_w = 9, .box_h = 12, .ofs_x = 0, .ofs_y = 0},
    {.bitmap_index = 4167, .adv_w = 78, .box_w = 3, .box_h = 3, .ofs_x = 1, .ofs_y = 4},
    {.bitmap_index = 4172, .adv_w = 77, .box_w = 4, .box_h = 4, .ofs_x = 1, .ofs_y = -3},
    {.bitmap_index = 4181, .adv_w = 80, .box_w = 5, .box_h = 6, .ofs_x = 0, .ofs_y = 7},
    {.bitmap_index = 4191, .adv_w = 124, .box_w = 8, .box_h = 7, .ofs_x = 0, .ofs_y = 5},
    {.bitmap_index = 4220, .adv_w = 156, .box_w = 9, .box_h = 8, .ofs_x = 0, .ofs_y = 1},
    {.bitmap_index = 4258, .adv_w = 209, .box_w = 13, .box_h = 13, .ofs_x = 0, .ofs_y = -1},
    {.bitmap_index = 4329, .adv_w = 220, .box_w = 14, .box_h = 13, .ofs_x = 0, .ofs_y = -1},
    {.bitmap_index = 4403, .adv_w = 229, .box_w = 14, .box_h = 13, .ofs_x = 0, .ofs_y = -1},
    {.bitmap_index = 4487, .adv_w = 135, .box_w = 8, .box_h = 12, .ofs_x = 0, .ofs_y = -3},
    {.bitmap_index = 4530, .adv_w = 182, .box_w = 11, .box_h = 16, .ofs_x = 0, .ofs_y = 0},
    {.bitmap_index = 4600, .adv_w = 182, .box_w = 11, .box_h = 16, .ofs_x = 0, .ofs_y = 0},
    {.bitmap_index = 4669, .adv_w = 182, .box_w = 11, .box_h = 16, .ofs_x = 0, .ofs_y = 0},
    {.bitmap_index = 4742, .adv_w = 182, .box_w = 11, .box_h = 15, .ofs_x = 0, .ofs_y = 0},
    {.bitmap_index = 4811, .adv_w = 182, .box_w = 11, .box_h = 16, .ofs_x = 0, .ofs_y = 0},
    {.bitmap_index = 4881, .adv_w = 182, .box_w = 11, .box_h = 16, .ofs_x = 0, .ofs_y = 0},
    {.bitmap_index = 4954, .adv_w = 257, .box_w = 16, .box_h = 12, .ofs_x = 0, .ofs_y = 0},
    {.bitmap_index = 5025, .adv_w = 188, .box_w = 11, .box_h = 15, .ofs_x = 0, .ofs_y = -3},
    {.bitmap_index = 5092, .adv_w = 154, .box_w = 8, .box_h = 16, .ofs_x = 1, .ofs_y = 0},
    {.bitmap_index = 5135, .adv_w = 154, .box_w = 8, .box_h = 16, .ofs_x = 1, .ofs_y = 0},
    {.bitmap_index = 5178, .adv_w = 154, .box_w = 8, .box_h = 16, .ofs_x = 1, .ofs_y = 0},
    {.bitmap_index = 5223, .adv_w = 154, .box_w = 8, .box_h = 16, .ofs_x = 1, .ofs_y = 0},
    {.bitmap_index = 5267, .adv_w = 70, .box_w = 4, .box_h = 16, .ofs_x = 0, .ofs_y = 0},
    {.bitmap_index = 5281, .adv_w = 70, .box_w = 4, .box_h = 16, .ofs_x = 1, .ofs_y = 0},
    {.bitmap_index = 5294, .adv_w = 70, .box_w = 6, .box_h = 16, .ofs_x = -1, .ofs_y = 0},
    {.bitmap_index = 5313, .adv_w = 70, .box_w = 6, .box_h = 16, .ofs_x = -1, .ofs_y = 0},
    {.bitmap_index = 5330, .adv_w = 190, .box_w = 12, .box_h = 12, .ofs_x = 0, .ofs_y = 0},
    {.bitmap_index = 5392, .adv_w = 194, .box_w = 10, .box_h = 15, .ofs_x = 1, .ofs_y = 0},
    {.bitmap_index = 5448, .adv_w = 196, .box_w = 12, .box_h = 16, .ofs_x = 0, .ofs_y = 0},
    {.bitmap_index = 5525, .adv_w = 196, .box_w = 12, .box_h = 16, .ofs_x = 0, .ofs_y = 0},
    {.bitmap_index = 5602, .adv_w = 196, .box_w = 12, .box_h = 16, .ofs_x = 0, .ofs_y = 0},
    {.bitmap_index = 5682, .adv_w = 196, .box_w = 12, .box_h = 15, .ofs_x = 0, .ofs_y = 0},
    {.bitmap_index = 5758, .adv_w = 196, .box_w = 12, .box_h = 16, .ofs_x = 0, .ofs_y = 0},
    {.bitmap_index = 5834, .adv_w = 171, .box_w = 9, .box_h = 9, .ofs_x = 1, .ofs_y = 0},
    {.bitmap_index = 5874, .adv_w = 196, .box_w = 12, .box_h = 14, .ofs_x = 0, .ofs_y = -1},
    {.bitmap_index = 5955, .adv_w = 190, .box_w = 10, .box_h = 16, .ofs_x = 1, .ofs_y = 0},
    {.bitmap_index = 5996, .adv_w = 190, .box_w = 10, .box_h = 16, .ofs_x = 1, .ofs_y = 0},
    {.bitmap_index = 6037, .adv_w = 190, .box_w = 10, .box_h = 16, .ofs_x = 1, .ofs_y = 0},
    {.bitmap_index = 6082, .adv_w = 190, .box_w = 10, .box_h = 16, .ofs_x = 1, .ofs_y = 0},
    {.bitmap_index = 6123, .adv_w = 178, .box_w = 11, .box_h = 16, .ofs_x = 0, .ofs_y = 0},
    {.bitmap_index = 6177, .adv_w = 166, .box_w = 9, .box_h = 12, .ofs_x = 1, .ofs_y = 0},
    {.bitmap_index = 6215, .adv_w = 161, .box_w = 9, .box_h = 12, .ofs_x = 1, .ofs_y = 0},
    {.bitmap_index = 6263, .adv_w = 145, .box_w = 8, .box_h = 13, .ofs_x = 0, .ofs_y = 0},
    {.bitmap_index = 6312, .adv_w = 145, .box_w = 8, .box_h = 13, .ofs_x = 0, .ofs_y = 0},
    {.bitmap_index = 6362, .adv_w = 145, .box_w = 8, .box_h = 13, .ofs_x = 0, .ofs_y = 0},
    {.bitmap_index = 6414, .adv_w = 145, .box_w = 8, .box_h = 12, .ofs_x = 0, .ofs_y = 0},
    {.bitmap_index = 6462, .adv_w = 145, .box_w = 8, .box_h = 12, .ofs_x = 0, .ofs_y = 0},
    {.bitmap_index = 6511, .adv_w = 145, .box_w = 8, .box_h = 14, .ofs_x = 0, .ofs_y = 0},
    {.bitmap_index = 6566, .adv_w = 234, .box_w = 14, .box_h = 9, .ofs_x = 0, .ofs_y = 0},
    {.bitmap_index = 6629, .adv_w = 148, .box_w = 9, .box_h = 12, .ofs_x = 0, .ofs_y = -3},
    {.bitmap_index = 6680, .adv_w = 150, .box_w = 9, .box_h = 13, .ofs_x = 0, .ofs_y = 0},
    {.bitmap_index = 6733, .adv_w = 150, .box_w = 9, .box_h = 13, .ofs_x = 0, .ofs_y = 0},
    {.bitmap_index = 6785, .adv_w = 150, .box_w = 9, .box_h = 13, .ofs_x = 0, .ofs_y = 0},
    {.bitmap_index = 6841, .adv_w = 150, .box_w = 9, .box_h = 12, .ofs_x = 0, .ofs_y = 0},
    {.bitmap_index = 6892, .adv_w = 65, .box_w = 4, .box_h = 13, .ofs_x = -1, .ofs_y = 0},
    {.bitmap_index = 6906, .adv_w = 65, .box_w = 4, .box_h = 13, .ofs_x = 1, .ofs_y = 0},
    {.bitmap_index = 6919, .adv_w = 65, .box_w = 6, .box_h = 13, .ofs_x = -1, .ofs_y = 0},
    {.bitmap_index = 6937, .adv_w = 65, .box_w = 6, .box_h = 12, .ofs_x = -1, .ofs_y = 0},
    {.bitmap_index = 6952, .adv_w = 151, .box_w = 9, .box_h = 13, .ofs_x = 0, .ofs_y = 0},
    {.bitmap_index = 7005, .adv_w = 154, .box_w = 8, .box_h = 12, .ofs_x = 1, .ofs_y = 0},
    {.bitmap_index = 7037, .adv_w = 155, .box_w = 9, .box_h = 13, .ofs_x = 0, .ofs_y = 0},
    {.bitmap_index = 7090, .adv_w = 155, .box_w = 9, .box_h = 13, .ofs_x = 0, .ofs_y = 0},
    {.bitmap_index = 7143, .adv_w = 155, .box_w = 9, .box_h = 13, .ofs_x = 0, .ofs_y = 0},
    {.bitmap_index = 7199, .adv_w = 155, .box_w = 9, .box_h = 12, .ofs_x = 0, .ofs_y = 0},
    {.bitmap_index = 7252, .adv_w = 155, .box_w = 9, .box_h = 12, .ofs_x = 0, .ofs_y = 0},
    {.bitmap_index = 7305, .adv_w = 171, .box_w = 9, .box_h = 9, .ofs_x = 1, .ofs_y = 0},
    {.bitmap_index = 7336, .adv_w = 155, .box_w = 10, .box_h = 11, .ofs_x = 0, .ofs_y = -1},
    {.bitmap_index = 7390, .adv_w = 154, .box_w = 8, .box_h = 13, .ofs_x = 1, .ofs_y = 0},
    {.bitmap_index = 7422, .adv_w = 154, .box_w = 8, .box_h = 13, .ofs_x = 1, .ofs_y = 0},
    {.bitmap_index = 7454, .adv_w = 154, .box_w = 8, .box_h = 13, .ofs_x = 1, .ofs_y = 0},
    {.bitmap_index = 7489, .adv_w = 154, .box_w = 8, .box_h = 12, .ofs_x = 1, .ofs_y = 0},
    {.bitmap_index = 7520, .adv_w = 147, .box_w = 9, .box_h = 16, .ofs_x = 0, .ofs_y = -3},
    {.bitmap_index = 7582, .adv_w = 158, .box_w = 9, .box_h = 15, .ofs_x = 1, .ofs_y = -3},
    {.bitmap_index = 7631, .adv_w = 147, .box_w = 9, .box_h = 15, .ofs_x = 0, .ofs_y = -3},
    {.bitmap_index = 7692, .adv_w = 182, .box_w = 11, .box_h = 16, .ofs_x = 0, .ofs_y = 0},
    {.bitmap_index = 7762, .adv_w = 145, .box_w = 8, .box_h = 12, .ofs_x = 0, .ofs_y = 0},
    {.bitmap_index = 7810, .adv_w = 182, .box_w = 11, .box_h = 16, .ofs_x = 0, .ofs_y = 0},
    {.bitmap_index = 7883, .adv_w = 145, .box_w = 8, .box_h = 13, .ofs_x = 0, .ofs_y = 0},
    {.bitmap_index = 7935, .adv_w = 182, .box_w = 12, .box_h = 15, .ofs_x = 0, .ofs_y = -3},
    {.bitmap_index = 8005, .adv_w = 145, .box_w = 9, .box_h = 12, .ofs_x = 0, .ofs_y = -3},
    {.bitmap_index = 8058, .adv_w = 188, .box_w = 11, .box_h = 16, .ofs_x = 0, .ofs_y = 0},
    {.bitmap_index = 8127, .adv_w = 148, .box_w = 9, .box_h = 13, .ofs_x = 0, .ofs_y = 0},
    {.bitmap_index = 8178, .adv_w = 188, .box_w = 11, .box_h = 16, .ofs_x = 0, .ofs_y = 0},
    {.bitmap_index = 8250, .adv_w = 148, .box_w = 9, .box_h = 13, .ofs_x = 0, .ofs_y = 0},
    {.bitmap_index = 8305, .adv_w = 188, .box_w = 11, .box_h = 16, .ofs_x = 0, .ofs_y = 0},
    {.bitmap_index = 8371, .adv_w = 148, .box_w = 9, .box_h = 12, .ofs_x = 0, .ofs_y = 0},
    {.bitmap_index = 8420, .adv_w = 188, .box_w = 11, .box_h = 16, .ofs_x = 0, .ofs_y = 0},
    {.bitmap_index = 8492, .adv_w = 148, .box_w = 9, .box_h = 13, .ofs_x = 0, .ofs_y = 0},
    {.bitmap_index = 8547, .adv_w = 185, .box_w = 10, .box_h = 16, .ofs_x = 1, .ofs_y = 0},
    {.bitmap_index = 8610, .adv_w = 186, .box_w = 12, .box_h = 13, .ofs_x = 0, .ofs_y = 0},
    {.bitmap_index = 8668, .adv_w = 190, .box_w = 12, .box_h = 12, .ofs_x = 0, .ofs_y = 0},
    {.bitmap_index = 8730, .adv_w = 158, .box_w = 10, .box_h = 12, .ofs_x = 0, .ofs_y = 0},
    {.bitmap_index = 8784, .adv_w = 154, .box_w = 8, .box_h = 16, .ofs_x = 1, .ofs_y = 0},
    {.bitmap_index = 8826, .adv_w = 150, .box_w = 9, .box_h = 12, .ofs_x = 0, .ofs_y = 0},
    {.bitmap_index = 8877, .adv_w = 154, .box_w = 8, .box_h = 16, .ofs_x = 1, .ofs_y = 0},
    {.bitmap_index = 8925, .adv_w = 150, .box_w = 9, .box_h = 13, .ofs_x = 0, .ofs_y = 0},
    {.bitmap_index = 8982, .adv_w = 154, .box_w = 8, .box_h = 16, .ofs_x = 1, .ofs_y = 0},
    {.bitmap_index = 9022, .adv_w = 150, .box_w = 9, .box_h = 12, .ofs_x = 0, .ofs_y = 0},
    {.bitmap_index = 9071, .adv_w = 154, .box_w = 9, .box_h = 15, .ofs_x = 1, .ofs_y = -3},
    {.bitmap_index = 9114, .adv_w = 150, .box_w = 9, .box_h = 12, .ofs_x = 0, .ofs_y = -3},
    {.bitmap_index = 9164, .adv_w = 154, .box_w = 8, .box_h = 16, .ofs_x = 1, .ofs_y = 0},
    {.bitmap_index = 9211, .adv_w = 150, .box_w = 9, .box_h = 13, .ofs_x = 0, .ofs_y = 0},
    {.bitmap_index = 9267, .adv_w = 191, .box_w = 12, .box_h = 16, .ofs_x = 0, .ofs_y = 0},
    {.bitmap_index = 9349, .adv_w = 159, .box_w = 9, .box_h = 16, .ofs_x = 0, .ofs_y = -3},
    {.bitmap_index = 9418, .adv_w = 191, .box_w = 12, .box_h = 16, .ofs_x = 0, .ofs_y = 0},
    {.bitmap_index = 9501, .adv_w = 159, .box_w = 9, .box_h = 16, .ofs_x = 0, .ofs_y = -3},
    {.bitmap_index = 9569, .adv_w = 191, .box_w = 12, .box_h = 16, .ofs_x = 0, .ofs_y = 0},
    {.bitmap_index = 9646, .adv_w = 159, .box_w = 9, .box_h = 15, .ofs_x = 0, .ofs_y = -3},
    {.bitmap_index = 9708, .adv_w = 191, .box_w = 12, .box_h = 16, .ofs_x = 0, .ofs_y = -4},
    {.bitmap_index = 9788, .adv_w = 159, .box_w = 9, .box_h = 17, .ofs_x = 0, .ofs_y = -3},
    {.bitmap_index = 9854, .adv_w = 191, .box_w = 10, .box_h = 16, .ofs_x = 1, .ofs_y = 0},
    {.bitmap_index = 9891, .adv_w = 154, .box_w = 10, .box_h = 16, .ofs_x = -1, .ofs_y = 0},
    {.bitmap_index = 9933, .adv_w = 201, .box_w = 12, .box_h = 12, .ofs_x = 0, .ofs_y = 0},
    {.bitmap_index = 9967, .adv_w = 154, .box_w = 9, .box_h = 12, .ofs_x = 0, .ofs_y = 0},
    {.bitmap_index = 10001, .adv_w = 70, .box_w = 6, .box_h = 15, .ofs_x = -1, .ofs_y = 0},
    {.bitmap_index = 10016, .adv_w = 65, .box_w = 6, .box_h = 12, .ofs_x = -1, .ofs_y = 0},
    {.bitmap_index = 10030, .adv_w = 70, .box_w = 6, .box_h = 16, .ofs_x = -1, .ofs_y = 0},
    {.bitmap_index = 10045, .adv_w = 65, .box_w = 6, .box_h = 12, .ofs_x = -1, .ofs_y = 0},
    {.bitmap_index = 10057, .adv_w = 70, .box_w = 6, .box_h = 16, .ofs_x = -1, .ofs_y = 0},
    {.bitmap_index = 10075, .adv_w = 65, .box_w = 6, .box_h = 13, .ofs_x = -1, .ofs_y = 0},
    {.bitmap_index = 10093, .adv_w = 70, .box_w = 4, .box_h = 15, .ofs_x = 0, .ofs_y = -3},
    {.bitmap_index = 10106, .adv_w = 65, .box_w = 5, .box_h = 15, .ofs_x = -1, .ofs_y = -3},
    {.bitmap_index = 10127, .adv_w = 70, .box_w = 3, .box_h = 16, .ofs_x = 1, .ofs_y = 0},
    {.bitmap_index = 10138, .adv_w = 65, .box_w = 2, .box_h = 9, .ofs_x = 1, .ofs_y = 0},
    {.bitmap_index = 10143, .adv_w = 217, .box_w = 12, .box_h = 12, .ofs_x = 1, .ofs_y = 0},
    {.bitmap_index = 10173, .adv_w = 129, .box_w = 8, .box_h = 15, .ofs_x = 0, .ofs_y = -3},
    {.bitmap_index = 10203, .adv_w = 147, .box_w = 10, .box_h = 16, .ofs_x = 0, .ofs_y = 0},
    {.bitmap_index = 10248, .adv_w = 65, .box_w = 6, .box_h = 16, .ofs_x = -1, .ofs_y = -3},
    {.bitmap_index = 10275, .adv_w = 176, .box_w = 10, .box_h = 16, .ofs_x = 1, .ofs_y = -4},
    {.bitmap_index = 10336, .adv_w = 143, .box_w = 8, .box_h = 16, .ofs_x = 1, .ofs_y = -4},
    {.bitmap_index = 10384, .adv_w = 140, .box_w = 8, .box_h = 9, .ofs_x = 1, .ofs_y = 0},
    {.bitmap_index = 10415, .adv_w = 145, .box_w = 8, .box_h = 16, .ofs_x = 1, .ofs_y = 0},
    {.bitmap_index = 10439, .adv_w = 65, .box_w = 4, .box_h = 16, .ofs_x = 1, .ofs_y = 0},
    {.bitmap_index = 10452, .adv_w = 145, .box_w = 8, .box_h = 16, .ofs_x = 1, .ofs_y = -4},
    {.bitmap_index = 10476, .adv_w = 65, .box_w = 3, .box_h = 16, .ofs_x = 0, .ofs_y = -4},
    {.bitmap_index = 10487, .adv_w = 145, .box_w = 8, .box_h = 13, .ofs_x = 1, .ofs_y = 0},
    {.bitmap_index = 10508, .adv_w = 92, .box_w = 5, .box_h = 13, .ofs_x = 1, .ofs_y = 0},
    {.bitmap_index = 10522, .adv_w = 145, .box_w = 8, .box_h = 12, .ofs_x = 1, .ofs_y = 0},
    {.bitmap_index = 10543, .adv_w = 100, .box_w = 6, .box_h = 12, .ofs_x = 1, .ofs_y = 0},
    {.bitmap_index = 10560, .adv_w = 153, .box_w = 9, .box_h = 12, .ofs_x = 0, .ofs_y = 0},
    {.bitmap_index = 10594, .adv_w = 65, .box_w = 6, .box_h = 12, .ofs_x = -1, .ofs_y = 0},
    {.bitmap_index = 10615, .adv_w = 194, .box_w = 10, .box_h = 16, .ofs_x = 1, .ofs_y = 0},
    {.bitmap_index = 10670, .adv_w = 154, .box_w = 8, .box_h = 13, .ofs_x = 1, .ofs_y = 0},
    {.bitmap_index = 10702, .adv_w = 194, .box_w = 10, .box_h = 16, .ofs_x = 1, .ofs_y = -4},
    {.bitmap_index = 10758, .adv_w = 154, .box_w = 8, .box_h = 13, .ofs_x = 1, .ofs_y = -4},
    {.bitmap_index = 10792, .adv_w = 194, .box_w = 10, .box_h = 16, .ofs_x = 1, .ofs_y = 0},
    {.bitmap_index = 10851, .adv_w = 154, .box_w = 8, .box_h = 13, .ofs_x = 1, .ofs_y = 0},
    {.bitmap_index = 10887, .adv_w = 194, .box_w = 10, .box_h = 15, .ofs_x = 1, .ofs_y = -3},
    {.bitmap_index = 10940, .adv_w = 154, .box_w = 8, .box_h = 12, .ofs_x = 1, .ofs_y = -3},
    {.bitmap_index = 10969, .adv_w = 196, .box_w = 12, .box_h = 16, .ofs_x = 0, .ofs_y = 0},
    {.bitmap_index = 11045, .adv_w = 155, .box_w = 9, .box_h = 12, .ofs_x = 0, .ofs_y = 0},
    {.bitmap_index = 11096, .adv_w = 196, .box_w = 12, .box_h = 16, .ofs_x = 0, .ofs_y = 0},
    {.bitmap_index = 11177, .adv_w = 155, .box_w = 9, .box_h = 13, .ofs_x = 0, .ofs_y = 0},
    {.bitmap_index = 11234, .adv_w = 196, .box_w = 12, .box_h = 16, .ofs_x = 0, .ofs_y = 0},
    {.bitmap_index = 11315, .adv_w = 155, .box_w = 9, .box_h = 13, .ofs_x = 0, .ofs_y = 0},
    {.bitmap_index = 11372, .adv_w = 258, .box_w = 16, .box_h = 12, .ofs_x = 0, .ofs_y = 0},
    {.bitmap_index = 11444, .adv_w = 255, .box_w = 16, .box_h = 9, .ofs_x = 0, .ofs_y = 0},
    {.bitmap_index = 11513, .adv_w = 166, .box_w = 9, .box_h = 16, .ofs_x = 1, .ofs_y = 0},
    {.bitmap_index = 11572, .adv_w = 99, .box_w = 5, .box_h = 13, .ofs_x = 1, .ofs_y = 0},
    {.bitmap_index = 11595, .adv_w = 166, .box_w = 9, .box_h = 16, .ofs_x = 1, .ofs_y = -4},
    {.bitmap_index = 11654, .adv_w = 99, .box_w = 6, .box_h = 13, .ofs_x = 0, .ofs_y = -4},
    {.bitmap_index = 11679, .adv_w = 166, .box_w = 9, .box_h = 16, .ofs_x = 1, .ofs_y = 0},
    {.bitmap_index = 11741, .adv_w = 99, .box_w = 7, .box_h = 13, .ofs_x = 0, .ofs_y = 0},
    {.bitmap_index = 11770, .adv_w = 165, .box_w = 10, .box_h = 16, .ofs_x = 0, .ofs_y = 0},
    {.bitmap_index = 11842, .adv_w = 138, .box_w = 8, .box_h = 13, .ofs_x = 0, .ofs_y = 0},
    {.bitmap_index = 11891, .adv_w = 165, .box_w = 10, .box_h = 16, .ofs_x = 0, .ofs_y = 0},
    {.bitmap_index = 11966, .adv_w = 138, .box_w = 8, .box_h = 13, .ofs_x = 0, .ofs_y = 0},
    {.bitmap_index = 12018, .adv_w = 165, .box_w = 10, .box_h = 15, .ofs_x = 0, .ofs_y = -3},
    {.bitmap_index = 12089, .adv_w = 138, .box_w = 8, .box_h = 12, .ofs_x = 0, .ofs_y = -3},
    {.bitmap_index = 12137, .adv_w = 165, .box_w = 10, .box_h = 16, .ofs_x = 0, .ofs_y = 0},
    {.bitmap_index = 12210, .adv_w = 138, .box_w = 8, .box_h = 13, .ofs_x = 0, .ofs_y = 0},
    {.bitmap_index = 12261, .adv_w = 167, .box_w = 10, .box_h = 15, .ofs_x = 0, .ofs_y = -3},
    {.bitmap_index = 12291, .adv_w = 87, .box_w = 6, .box_h = 15, .ofs_x = 0, .ofs_y = -3},
    {.bitmap_index = 12326, .adv_w = 167, .box_w = 10, .box_h = 16, .ofs_x = 0, .ofs_y = 0},
    {.bitmap_index = 12362, .adv_w = 102, .box_w = 6, .box_h = 14, .ofs_x = 0, .ofs_y = 0},
    {.bitmap_index = 12392, .adv_w = 167, .box_w = 10, .box_h = 12, .ofs_x = 0, .ofs_y = 0},
    {.bitmap_index = 12428, .adv_w = 87, .box_w = 6, .box_h = 11, .ofs_x = 0, .ofs_y = 0},
    {.bitmap_index = 12459, .adv_w = 190, .box_w = 10, .box_h = 15, .ofs_x = 1, .ofs_y = 0},
    {.bitmap_index = 12500, .adv_w = 154, .box_w = 8, .box_h = 12, .ofs_x = 1, .ofs_y = 0},
    {.bitmap_index = 12532, .adv_w = 190, .box_w = 10, .box_h = 16, .ofs_x = 1, .ofs_y = 0},
    {.bitmap_index = 12573, .adv_w = 154, .box_w = 8, .box_h = 12, .ofs_x = 1, .ofs_y = 0},
    {.bitmap_index = 12603, .adv_w = 190, .box_w = 10, .box_h = 16, .ofs_x = 1, .ofs_y = 0},
    {.bitmap_index = 12649, .adv_w = 154, .box_w = 8, .box_h = 13, .ofs_x = 1, .ofs_y = 0},
    {.bitmap_index = 12685, .adv_w = 190, .box_w = 10, .box_h = 16, .ofs_x = 1, .ofs_y = 0},
    {.bitmap_index = 12729, .adv_w = 154, .box_w = 8, .box_h = 14, .ofs_x = 1, .ofs_y = 0},
    {.bitmap_index = 12768, .adv_w = 190, .box_w = 10, .box_h = 16, .ofs_x = 1, .ofs_y = 0},
    {.bitmap_index = 12814, .adv_w = 154, .box_w = 8, .box_h = 13, .ofs_x = 1, .ofs_y = 0},
    {.bitmap_index = 12850, .adv_w = 190, .box_w = 10, .box_h = 15, .ofs_x = 1, .ofs_y = -3},
    {.bitmap_index = 12891, .adv_w = 154, .box_w = 8, .box_h = 12, .ofs_x = 1, .ofs_y = -3},
    {.bitmap_index = 12921, .adv_w = 257, .box_w = 16, .box_h = 16, .ofs_x = 0, .ofs_y = 0},
    {.bitmap_index = 13033, .adv_w = 212, .box_w = 13, .box_h = 13, .ofs_x = 0, .ofs_y = 0},
    {.bitmap_index = 13110, .adv_w = 178, .box_w = 11, .box_h = 16, .ofs_x = 0, .ofs_y = 0},
    {.bitmap_index = 13167, .adv_w = 147, .box_w = 9, .box_h = 16, .ofs_x = 0, .ofs_y = -3},
    {.bitmap_index = 13232, .adv_w = 178, .box_w = 11, .box_h = 16, .ofs_x = 0, .ofs_y = 0},
    {.bitmap_index = 13287, .adv_w = 164, .box_w = 10, .box_h = 16, .ofs_x = 0, .ofs_y = 0},
    {.bitmap_index = 13345, .adv_w = 143, .box_w = 8, .box_h = 13, .ofs_x = 0, .ofs_y = 0},
    {.bitmap_index = 13391, .adv_w = 164, .box_w = 10, .box_h = 16, .ofs_x = 0, .ofs_y = 0},
    {.bitmap_index = 13446, .adv_w = 143, .box_w = 8, .box_h = 12, .ofs_x = 0, .ofs_y = 0},
    {.bitmap_index = 13488, .adv_w = 164, .box_w = 10, .box_h = 16, .ofs_x = 0, .ofs_y = 0},
    {.bitmap_index = 13549, .adv_w = 143, .box_w = 8, .box_h = 13, .ofs_x = 0, .ofs_y = 0},
    {.bitmap_index = 13597, .adv_w = 83, .box_w = 5, .box_h = 12, .ofs_x = 1, .ofs_y = 0},
    {.bitmap_index = 13608, .adv_w = 256, .box_w = 16, .box_h = 2, .ofs_x = 0, .ofs_y = 4},
    {.bitmap_index = 13615, .adv_w = 233, .box_w = 13, .box_h = 3, .ofs_x = 1, .ofs_y = 0},
    {.bitmap_index = 13635, .adv_w = 256, .box_w = 16, .box_h = 17, .ofs_x = 0, .ofs_y = -2},
    {.bitmap_index = 13709, .adv_w = 256, .box_w = 16, .box_h = 12, .ofs_x = 0, .ofs_y = 0},
    {.bitmap_index = 13773, .adv_w = 256, .box_w = 16, .box_h = 14, .ofs_x = 0, .ofs_y = -1},
    {.bitmap_index = 13841, .adv_w = 256, .box_w = 16, .box_h = 12, .ofs_x = 0, .ofs_y = 0},
    {.bitmap_index = 13914, .adv_w = 176, .box_w = 11, .box_h = 12, .ofs_x = 0, .ofs_y = 0},
    {.bitmap_index = 13978, .adv_w = 256, .box_w = 16, .box_h = 16, .ofs_x = 0, .ofs_y = -2},
    {.bitmap_index = 14087, .adv_w = 256, .box_w = 16, .box_h = 16, .ofs_x = 0, .ofs_y = -2},
    {.bitmap_index = 14189, .adv_w = 288, .box_w = 18, .box_h = 14, .ofs_x = 0, .ofs_y = -1},
    {.bitmap_index = 14280, .adv_w = 256, .box_w = 16, .box_h = 16, .ofs_x = 0, .ofs_y = -2},
    {.bitmap_index = 14348, .adv_w = 288, .box_w = 18, .box_h = 12, .ofs_x = 0, .ofs_y = 0},
    {.bitmap_index = 14411, .adv_w = 256, .box_w = 16, .box_h = 16, .ofs_x = 0, .ofs_y = -2},
    {.bitmap_index = 14515, .adv_w = 128, .box_w = 8, .box_h = 14, .ofs_x = 0, .ofs_y = -1},
    {.bitmap_index = 14546, .adv_w = 192, .box_w = 12, .box_h = 14, .ofs_x = 0, .ofs_y = -1},
    {.bitmap_index = 14597, .adv_w = 288, .box_w = 18, .box_h = 16, .ofs_x = 0, .ofs_y = -2},
    {.bitmap_index = 14704, .adv_w = 256, .box_w = 16, .box_h = 12, .ofs_x = 0, .ofs_y = 0},
    {.bitmap_index = 14771, .adv_w = 176, .box_w = 11, .box_h = 16, .ofs_x = 0, .ofs_y = -2},
    {.bitmap_index = 14838, .adv_w = 224, .box_w = 10, .box_h = 16, .ofs_x = 2, .ofs_y = -2},
    {.bitmap_index = 14890, .adv_w = 224, .box_w = 14, .box_h = 18, .ofs_x = 0, .ofs_y = -3},
    {.bitmap_index = 14962, .adv_w = 224, .box_w = 14, .box_h = 15, .ofs_x = 0, .ofs_y = -1},
    {.bitmap_index = 14991, .adv_w = 224, .box_w = 14, .box_h = 14, .ofs_x = 0, .ofs_y = -1},
    {.bitmap_index = 15011, .adv_w = 224, .box_w = 10, .box_h = 16, .ofs_x = 2, .ofs_y = -2},
    {.bitmap_index = 15063, .adv_w = 224, .box_w = 16, .box_h = 14, .ofs_x = -1, .ofs_y = -1},
    {.bitmap_index = 15134, .adv_w = 160, .box_w = 10, .box_h = 14, .ofs_x = 0, .ofs_y = -1},
    {.bitmap_index = 15191, .adv_w = 160, .box_w = 10, .box_h = 14, .ofs_x = 0, .ofs_y = -1},
    {.bitmap_index = 15248, .adv_w = 224, .box_w = 14, .box_h = 14, .ofs_x = 0, .ofs_y = -1},
    {.bitmap_index = 15293, .adv_w = 224, .box_w = 14, .box_h = 4, .ofs_x = 0, .ofs_y = 4},
    {.bitmap_index = 15310, .adv_w = 288, .box_w = 18, .box_h = 12, .ofs_x = 0, .ofs_y = 0},
    {.bitmap_index = 15409, .adv_w = 320, .box_w = 20, .box_h = 16, .ofs_x = 0, .ofs_y = -2},
    {.bitmap_index = 15543, .adv_w = 288, .box_w = 20, .box_h = 16, .ofs_x = -1, .ofs_y = -2},
    {.bitmap_index = 15655, .adv_w = 256, .box_w = 16, .box_h = 16, .ofs_x = 0, .ofs_y = -2},
    {.bitmap_index = 15755, .adv_w = 224, .box_w = 14, .box_h = 10, .ofs_x = 0, .ofs_y = 1},
    {.bitmap_index = 15810, .adv_w = 224, .box_w = 14, .box_h = 10, .ofs_x = 0, .ofs_y = 1},
    {.bitmap_index = 15867, .adv_w = 320, .box_w = 20, .box_h = 14, .ofs_x = 0, .ofs_y = -1},
    {.bitmap_index = 15955, .adv_w = 256, .box_w = 16, .box_h = 12, .ofs_x = 0, .ofs_y = 0},
    {.bitmap_index = 15984, .adv_w = 256, .box_w = 16, .box_h = 16, .ofs_x = 0, .ofs_y = -2},
    {.bitmap_index = 16052, .adv_w = 256, .box_w = 17, .box_h = 17, .ofs_x = -1, .ofs_y = -2},
    {.bitmap_index = 16146, .adv_w = 224, .box_w = 15, .box_h = 14, .ofs_x = 0, .ofs_y = -1},
    {.bitmap_index = 16237, .adv_w = 224, .box_w = 14, .box_h = 16, .ofs_x = 0, .ofs_y = -2},
    {.bitmap_index = 16284, .adv_w = 224, .box_w = 14, .box_h = 14, .ofs_x = 0, .ofs_y = -1},
    {.bitmap_index = 16336, .adv_w = 224, .box_w = 14, .box_h = 14, .ofs_x = 0, .ofs_y = -1},
    {.bitmap_index = 16391, .adv_w = 256, .box_w = 16, .box_h = 12, .ofs_x = 0, .ofs_y = 0},
    {.bitmap_index = 16450, .adv_w = 160, .box_w = 12, .box_h = 16, .ofs_x = -1, .ofs_y = -2},
    {.bitmap_index = 16518, .adv_w = 224, .box_w = 14, .box_h = 16, .ofs_x = 0, .ofs_y = -2},
    {.bitmap_index = 16579, .adv_w = 224, .box_w = 14, .box_h = 16, .ofs_x = 0, .ofs_y = -2},
    {.bitmap_index = 16649, .adv_w = 288, .box_w = 18, .box_h = 12, .ofs_x = 0, .ofs_y = 0},
    {.bitmap_index = 16715, .adv_w = 256, .box_w = 18, .box_h = 18, .ofs_x = -1, .ofs_y = -3},
    {.bitmap_index = 16804, .adv_w = 192, .box_w = 12, .box_h = 16, .ofs_x = 0, .ofs_y = -2},
    {.bitmap_index = 16837, .adv_w = 320, .box_w = 20, .box_h = 15, .ofs_x = 0, .ofs_y = -1},
    {.bitmap_index = 16950, .adv_w = 320, .box_w = 20, .box_h = 10, .ofs_x = 0, .ofs_y = 1},
    {.bitmap_index = 16995, .adv_w = 320, .box_w = 20, .box_h = 10, .ofs_x = 0, .ofs_y = 1},
    {.bitmap_index = 17039, .adv_w = 320, .box_w = 20, .box_h = 10, .ofs_x = 0, .ofs_y = 1},
    {.bitmap_index = 17083, .adv_w = 320, .box_w = 20, .box_h = 10, .ofs_x = 0, .ofs_y = 1},
    {.bitmap_index = 17129, .adv_w = 320, .box_w = 20, .box_h = 10, .ofs_x = 0, .ofs_y = 1},
    {.bitmap_index = 17169, .adv_w = 320, .box_w = 21, .box_h = 14, .ofs_x = 0, .ofs_y = -1},
    {.bitmap_index = 17270, .adv_w = 224, .box_w = 12, .box_h = 16, .ofs_x = 1, .ofs_y = -2},
    {.bitmap_index = 17366, .adv_w = 224, .box_w = 14, .box_h = 16, .ofs_x = 0, .ofs_y = -2},
    {.bitmap_index = 17421, .adv_w = 256, .box_w = 17, .box_h = 17, .ofs_x = -1, .ofs_y = -3},
    {.bitmap_index = 17515, .adv_w = 320, .box_w = 20, .box_h = 12, .ofs_x = 0, .ofs_y = 0},
    {.bitmap_index = 17604, .adv_w = 192, .box_w = 12, .box_h = 16, .ofs_x = 0, .ofs_y = -2},
    {.bitmap_index = 17643, .adv_w = 258, .box_w = 17, .box_h = 11, .ofs_x = 0, .ofs_y = 1}
};

/*---------------------
 *  CHARACTER MAPPING
 *--------------------*/

static const uint16_t unicode_list_4[] = {
    0x0, 0x12, 0xcfed, 0xcff4, 0xcff7, 0xcff8, 0xcff9, 0xcffd,
    0xcfff, 0xd001, 0xd005, 0xd008, 0xd00d, 0xd012, 0xd013, 0xd014,
    0xd02a, 0xd02f, 0xd034, 0xd037, 0xd038, 0xd039, 0xd03d, 0xd03e,
    0xd03f, 0xd040, 0xd053, 0xd054, 0xd05a, 0xd05c, 0xd05d, 0xd060,
    0xd063, 0xd064, 0xd065, 0xd067, 0xd07f, 0xd081, 0xd0b0, 0xd0b1,
    0xd0b3, 0xd0b5, 0xd0cc, 0xd0d3, 0xd0d6, 0xd0df, 0xd108, 0xd110,
    0xd147, 0xd1d7, 0xd22c, 0xd22d, 0xd22e, 0xd22f, 0xd230, 0xd273,
    0xd27f, 0xd2d9, 0xd2f0, 0xd546, 0xd7ae, 0xd88e
};

/*Collect the unicode lists and glyph_id offsets*/
static const lv_font_fmt_txt_cmap_t cmaps[] =
{
    {
        .range_start = 32, .range_length = 95, .glyph_id_start = 1,
        .unicode_list = NULL, .glyph_id_ofs_list = NULL, .list_length = 0, .type = LV_FONT_FMT_TXT_CMAP_FORMAT0_TINY
    },
    {
        .range_start = 160, .range_length = 13, .glyph_id_start = 96,
        .unicode_list = NULL, .glyph_id_ofs_list = NULL, .list_length = 0, .type = LV_FONT_FMT_TXT_CMAP_FORMAT0_TINY
    },
    {
        .range_start = 174, .range_length = 155, .glyph_id_start = 109,
        .unicode_list = NULL, .glyph_id_ofs_list = NULL, .list_length = 0, .type = LV_FONT_FMT_TXT_CMAP_FORMAT0_TINY
    },
    {
        .range_start = 330, .range_length = 54, .glyph_id_start = 264,
        .unicode_list = NULL, .glyph_id_ofs_list = NULL, .list_length = 0, .type = LV_FONT_FMT_TXT_CMAP_FORMAT0_TINY
    },
    {
        .range_start = 8212, .range_length = 55439, .glyph_id_start = 318,
        .unicode_list = unicode_list_4, .glyph_id_ofs_list = NULL, .list_length = 62, .type = LV_FONT_FMT_TXT_CMAP_SPARSE_TINY
    }
};

/*-----------------
 *    KERNING
 *----------------*/


/*Map glyph_ids to kern left classes*/
static const uint8_t kern_left_class_mapping[] =
{
    0, 0, 0, 1, 0, 0, 0, 2,
    1, 3, 0, 4, 5, 6, 5, 6,
    7, 8, 9, 10, 11, 12, 13, 14,
    15, 11, 8, 16, 16, 0, 17, 18,
    0, 19, 0, 0, 0, 0, 0, 0,
    0, 0, 0, 0, 0, 0, 0, 0,
    0, 0, 0, 0, 0, 0, 0, 0,
    0, 0, 0, 0, 3, 20, 0, 4,
    21, 0, 0, 0, 0, 0, 0, 0,
    0, 0, 0, 0, 0, 0, 0, 0,
    0, 0, 0, 0, 0, 0, 0, 0,
    0, 0, 0, 0, 3, 9, 0, 5,
    0, 22, 23, 0, 0, 0, 0, 0,
    0, 19, 0, 0, 0, 24, 0, 4,
    17, 0, 0, 0, 25, 9, 26, 0,
    0, 0, 27, 0, 0, 0, 28, 0,
    0, 0, 0, 0, 0, 0, 0, 0,
    0, 0, 0, 0, 0, 0, 0, 0,
    0, 0, 0, 0, 0, 0, 29, 0,
    0, 0, 0, 0, 0, 0, 0, 0,
    0, 0, 0, 0, 0, 0, 0, 0,
    0, 0, 0, 0, 0, 0, 0, 0,
    0, 0, 0, 0, 0, 0, 5, 0,
    0, 0, 0, 0, 0, 0, 0, 0,
    0, 0, 0, 0, 0, 0, 0, 0,
    0, 0, 0, 0, 0, 0, 0, 0,
    0, 0, 0, 0, 0, 0, 0, 0,
    0, 0, 0, 0, 0, 0, 0, 0,
    0, 0, 0, 0, 0, 0, 0, 0,
    0, 0, 0, 0, 0, 0, 0, 0,
    0, 0, 0, 0, 0, 0, 0, 0,
    0, 0, 0, 0, 0, 0, 0, 0,
    0, 0, 0, 0, 0, 0, 0, 0,
    0, 0, 0, 0, 0, 0, 0, 0,
    0, 0, 0, 0, 0, 0, 0, 0,
    0, 0, 0, 0, 0, 0, 0, 0,
    0, 0, 0, 0, 0, 0, 0, 0,
    0, 0, 0, 0, 0, 0, 0, 0,
    0, 0, 0, 0, 0, 0, 0, 0,
    0, 0, 0, 0, 0, 0, 0, 6,
    0, 0, 0, 0, 0, 0, 0, 0,
    0, 0, 0, 0, 0, 0, 0, 0,
    0, 0, 0, 0, 0, 0, 0, 0,
    0, 0, 0, 0, 0, 0, 0, 0,
    0, 0, 0, 0, 0, 0, 0, 0,
    0, 0, 0, 0, 0, 0, 0, 0,
    0, 0, 0, 0, 0, 0, 0, 0,
    0, 0, 0, 0
};

/*Map glyph_ids to kern right classes*/
static const uint8_t kern_right_class_mapping[] =
{
    0, 1, 2, 3, 4, 5, 0, 6,
    3, 0, 7, 8, 9, 10, 9, 10,
    11, 12, 13, 14, 15, 16, 17, 12,
    18, 19, 20, 21, 21, 22, 23, 0,
    24, 25, 0, 0, 0, 0, 0, 0,
    0, 0, 0, 0, 0, 0, 0, 0,
    0, 0, 0, 0, 0, 0, 0, 0,
    0, 0, 0, 0, 0, 26, 7, 8,
    27, 0, 0, 0, 0, 0, 0, 0,
    0, 0, 0, 0, 0, 0, 0, 0,
    0, 0, 0, 0, 0, 0, 0, 0,
    0, 0, 0, 0, 0, 28, 7, 9,
    0, 0, 29, 0, 0, 0, 0, 0,
    0, 25, 0, 30, 31, 32, 0, 8,
    23, 0, 0, 0, 0, 33, 9, 0,
    0, 0, 34, 0, 0, 0, 0, 0,
    0, 0, 0, 0, 0, 0, 0, 0,
    0, 0, 0, 0, 0, 0, 0, 0,
    0, 0, 0, 0, 0, 0, 34, 0,
    0, 0, 0, 0, 0, 0, 0, 0,
    0, 0, 0, 0, 0, 0, 0, 0,
    0, 0, 0, 0, 0, 0, 0, 0,
    0, 0, 0, 0, 0, 0, 9, 0,
    0, 0, 0, 0, 0, 0, 0, 0,
    0, 0, 0, 0, 0, 0, 0, 0,
    0, 0, 0, 0, 0, 0, 0, 0,
    0, 0, 0, 0, 0, 0, 0, 0,
    0, 0, 0, 0, 0, 0, 0, 0,
    0, 0, 0, 0, 0, 0, 0, 0,
    0, 0, 0, 0, 0, 0, 0, 0,
    0, 0, 0, 0, 0, 0, 0, 0,
    0, 0, 0, 0, 0, 0, 0, 0,
    0, 0, 0, 0, 0, 0, 0, 0,
    0, 0, 0, 0, 0, 0, 0, 0,
    0, 0, 0, 0, 0, 0, 0, 0,
    0, 0, 0, 0, 0, 0, 0, 0,
    0, 0, 0, 0, 0, 0, 0, 0,
    0, 0, 0, 0, 0, 0, 0, 0,
    0, 0, 0, 0, 0, 0, 0, 0,
    0, 0, 0, 0, 0, 0, 0, 10,
    0, 0, 0, 0, 0, 0, 0, 0,
    0, 0, 0, 0, 0, 0, 0, 0,
    0, 0, 0, 0, 0, 0, 0, 0,
    0, 0, 0, 0, 0, 0, 0, 0,
    0, 0, 0, 0, 0, 0, 0, 0,
    0, 0, 0, 0, 0, 0, 0, 0,
    0, 0, 0, 0, 0, 0, 0, 0,
    0, 0, 0, 0
};

/*Kern values between classes*/
static const int8_t kern_class_values[] =
{
    0, 0, 0, 0, 0, -9, 0, 0,
    0, -22, 0, 0, 0, 0, 0, -16,
    0, 0, 0, 0, 0, 0, 0, 0,
    0, 0, 0, 0, -4, 0, 0, 0,
    0, 0, 0, 0, -9, 0, 0, 0,
    0, 0, 0, 0, 0, 0, 0, 0,
    0, 0, 0, 0, 0, 0, 0, 0,
    0, 0, 0, -16, 0, 0, 0, 0,
    0, -6, 0, 0, 0, 0, 0, 0,
    0, 0, 0, 0, 0, 0, 0, 0,
    0, 0, 0, 0, 0, 0, 0, 0,
    0, 0, 0, 0, 0, 0, 0, 2,
    -2, 0, 0, 0, 0, 0, 0, 0,
    0, 0, 0, -9, 0, 0, 0, -35,
    0, 0, 0, 0, 0, -12, 0, 0,
    0, 0, 0, 0, 0, 0, -3, 0,
    -17, 0, 0, 0, 0, 0, 0, 0,
    0, 0, 0, 0, 0, 0, 0, 0,
    0, 0, 0, 0, 0, -8, -2, 0,
    0, -6, 0, 0, 0, 0, 0, 0,
    0, -12, 0, 0, 0, 0, 0, 0,
    -3, 0, -3, -1, -22, 0, 0, 0,
    0, 0, 0, 0, 0, -7, -22, 0,
    -6, 0, -3, -5, -6, -2, 0, 0,
    0, -22, -11, 0, 0, 0, 0, 0,
    0, 0, -13, 0, 0, 0, 0, 0,
    0, 0, 0, 0, 0, -10, 0, 0,
    0, 0, 0, 0, 0, 0, 0, 0,
    0, 0, 0, 0, 0, 1, 0, 0,
    0, 0, 0, 0, 0, 0, 0, 0,
    0, 0, 0, 0, 0, 0, 0, -7,
    0, 0, 0, 0, 0, 0, 0, -5,
    0, 0, 0, 0, 0, 0, 0, -4,
    -12, 0, 0, 0, 0, 0, 0, 0,
    0, 0, 0, 0, 0, 0, 2, 0,
    0, 0, 0, 0, 0, 0, 0, 0,
    0, 0, 0, 0, 0, 0, 0, 0,
    0, 0, 2, 0, 0, 0, 0, 0,
    0, 0, 0, 0, 0, 0, 0, 0,
    0, 0, 0, 0, 0, 0, 0, 0,
    0, -4, 0, 0, 0, 0, 0, 0,
    0, 0, 0, 0, 0, 0, 0, 0,
    0, 0, 0, 0, 0, 0, 0, 0,
    0, 0, 0, -3, 0, -6, 0, 0,
    0, 0, 0, 0, 0, 0, 0, 0,
    0, 0, 0, 0, 0, 0, 0, 0,
    0, -9, 0, 0, 0, 0, 0, 0,
    0, 0, 0, 0, 0, -6, 0, -9,
    0, 0, -7, 0, 0, 0, 0, 0,
    0, 0, 0, 0, 0, 0, 0, 0,
    0, 0, 0, 0, 0, -1, -10, 0,
    0, 0, 0, 0, 0, 0, 0, 0,
    0, -6, 0, 0, 0, 0, 0, 0,
    0, 0, 0, 0, 0, 0, 0, 0,
    0, 0, 0, 0, 0, 0, 0, -1,
    0, 0, 0, 0, 0, 0, 0, 0,
    0, 0, 0, -8, 0, 0, 0, 0,
    0, 0, 0, 0, 0, 0, 0, 0,
    0, 0, 0, 0, -12, 0, 0, 0,
    0, 0, 0, 0, 0, 0, 0, -14,
    0, -12, 0, 0, 0, -32, 0, -4,
    0, 0, -4, -15, -2, 5, -4, -2,
    -9, -23, 0, 0, 0, 0, -41, 0,
    -13, -16, 0, 0, 0, 0, 0, 0,
    0, 0, 0, 0, 0, 0, 0, 0,
    0, 0, 0, 0, 0, 0, 0, 0,
    0, 0, 0, 0, 0, 0, 0, -16,
    0, 0, 0, 0, 0, 0, 0, 0,
    0, 0, 0, 0, 0, 0, 0, 0,
    0, 0, 0, 0, 0, 0, 0, 0,
    0, 0, 0, 0, 0, 0, 0, 0,
    0, -17, 0, 0, 0, 0, 0, 0,
    0, 0, 0, 0, 0, 0, 0, 0,
    0, 0, 0, 0, 0, 0, 0, 0,
    0, 0, 0, -19, 0, 0, 0, 0,
    0, 0, 0, -19, 0, 0, 0, 0,
    0, 0, 0, 0, 0, 0, 0, 0,
    0, 0, 0, 0, 0, -11, -10, 0,
    0, 0, 0, 0, 0, 0, 0, 0,
    0, 0, 0, 0, 0, -9, -10, 0,
    0, 0, 0, -1, 0, 0, 0, 0,
    -20, 0, -1, 0, 0, -22, -9, 0,
    4, 0, -10, 0, 0, 0, 0, 0,
    0, 0, 0, -3, -13, -16, -9, -12,
    0, 0, -2, -9, -9, -18, -13, -9,
    0, 0, 0, 0, 0, 0, 0, -17,
    0, 0, 0, -12, -28, 0, -12, -14,
    -12, 0, -12, -12, 0, 0, 0, 0,
    -10, -20, 0, 9, 0, 0, 0, 0,
    -12, 0, 0, 0, 0, 0, 0, 0,
    0, 0, 0, 0, 0, 0, 0, 0,
    0, 0, 0, 0, 0, 0, 0, 0,
    0, 0, 0, -9, 0, 0, 0, 0,
    0, 0, 0, 0, 0, 0, -4, 0,
    0, 0, -3, 0, 0, 0, 0, 0,
    -9, 0, 0, 0, 0, 0, 0, 0,
    0, 0, 0, 0, 0, -14, 0, 0,
    0, 0, 0, -3, 0, 0, 0, 0,
    0, 0, 0, -9, 0, 0, 0, 0,
    0, 0, 0, 0, 0, -13, 0, 0,
    0, 0, 0, 0, 0, 0, -1, 0,
    0, 0, -7, 0, 0, 0, 0, 0,
    0, 0, 0, 0, 0, 0, 0, 0,
    -10, 0, -9, 0, 0, 0, 0, 0,
    0, 0, 0, 0, 0, -10, 0, 0,
    0, 0, -9, 0, 0, 0, -9, 0,
    0, 0, 0, 0, 0, 0, 0, 0,
    0, 0, 0, 0, 0, 0, 0, -8,
    -2, 0, 0, -6, 0, 0, 0, 0,
    0, 0, 0, -10, 0, 0, 0, 0,
    0, 0, -3, 0, 0, 0, 0, 0,
    0, 0, 0, 0, 0, 0, 0, 0,
    -10, -13, -12, 0, 0, -13, -9, 0,
    0, 0, 0, 0, 0, -16, 0, 0,
    0, 0, 0, 0, 0, 0, 0, 0,
    0, 0, 0, 0, 0, 0, 0, 0,
    0, 0, 0, 0, 0, 0, 0, 0,
    0, 0, 0, 0, 0, 0, 0, -23,
    0, 0, 0, 0, 0, 0, 0, 0,
    0, 0, 0, 0, 0, 0, 0, 0,
    0, 0, 0, 0, 0, 0, 0, 0,
    0, 0, 0, 0, 0, 0, 0, 0,
    0, -10, 0, 0, 0, 0, 0, 0,
    0, 0
};


/*Collect the kern class' data in one place*/
static const lv_font_fmt_txt_kern_classes_t kern_classes =
{
    .class_pair_values   = kern_class_values,
    .left_class_mapping  = kern_left_class_mapping,
    .right_class_mapping = kern_right_class_mapping,
    .left_class_cnt      = 29,
    .right_class_cnt     = 34,
};

/*--------------------
 *  ALL CUSTOM DATA
 *--------------------*/

#if LVGL_VERSION_MAJOR == 8
/*Store all the custom data of the font*/
static  lv_font_fmt_txt_glyph_cache_t cache;
#endif

#if LVGL_VERSION_MAJOR >= 8
static const lv_font_fmt_txt_dsc_t font_dsc = {
#else
static lv_font_fmt_txt_dsc_t font_dsc = {
#endif
    .glyph_bitmap = glyph_bitmap,
    .glyph_dsc = glyph_dsc,
    .cmaps = cmaps,
    .kern_dsc = &kern_classes,
    .kern_scale = 16,
    .cmap_num = 5,
    .bpp = 4,
    .kern_classes = 1,
    .bitmap_format = 1,
#if LVGL_VERSION_MAJOR == 8
    .cache = &cache
#endif
};



/*-----------------
 *  PUBLIC FONT
 *----------------*/

/*Initialize a public general font descriptor*/
#if LVGL_VERSION_MAJOR >= 8
const lv_font_t inter_16 = {
#else
lv_font_t inter_16 = {
#endif
    .get_glyph_dsc = lv_font_get_glyph_dsc_fmt_txt,    /*Function pointer to get glyph's data*/
    .get_glyph_bitmap = lv_font_get_bitmap_fmt_txt,    /*Function pointer to get glyph's bitmap*/
    .line_height = 20,          /*The maximum line height required by the font*/
    .base_line = 4,             /*Baseline measured from the bottom of the line*/
#if !(LVGL_VERSION_MAJOR == 6 && LVGL_VERSION_MINOR == 0)
    .subpx = LV_FONT_SUBPX_NONE,
#endif
#if LV_VERSION_CHECK(7, 4, 0) || LVGL_VERSION_MAJOR >= 8
    .underline_position = -3,
    .underline_thickness = 1,
#endif
    .dsc = &font_dsc,          /*The custom font data. Will be accessed by `get_glyph_bitmap/dsc` */
#if LV_VERSION_CHECK(8, 2, 0) || LVGL_VERSION_MAJOR >= 9
    .fallback = NULL,
#endif
    .user_data = NULL,
};



#endif /*#if INTER_16*/

