/*******************************************************************************
 * Size: 20 px
 * Bpp: 4
 * Opts: --bpp 4 --size 20 --font Inter-Medium-flat.ttf -r 0x20-0x7F,0xA0-0x17F,0x2014,0x2026 --font fa.woff -r 61441,61448,61451,61452,61452,61453,61457,61459,61461,61465,61468,61473,61478,61479,61480,61502,61507,61512,61515,61516,61517,61521,61522,61523,61524,61543,61544,61550,61552,61553,61556,61559,61560,61561,61563,61587,61589,61636,61637,61639,61641,61664,61671,61674,61683,61724,61732,61787,61931,62016,62017,62018,62019,62020,62087,62099,62212,62189,62810,63426,63650 --format lvgl -o stage/inter_20.c --force-fast-kern-format
 ******************************************************************************/

#ifdef LV_LVGL_H_INCLUDE_SIMPLE
#include "lvgl.h"
#else
#include "lvgl.h"
#endif

#ifndef INTER_20
#define INTER_20 1
#endif

#if INTER_20

/*-----------------
 *    BITMAPS
 *----------------*/

/*Store the image of the glyphs*/
static LV_ATTRIBUTE_LARGE_CONST const uint8_t glyph_bitmap[] = {
    /* U+0020 " " */

    /* U+0021 "!" */
    0x2f, 0xf1, 0x80, 0x63, 0x0, 0xf0, 0x80, 0x7e,
    0x10, 0xf, 0x18, 0x7, 0x11, 0x0, 0x1b, 0xa1,
    0xa, 0xb1, 0x55, 0x23, 0x21, 0xa, 0x80,

    /* U+0022 "\"" */
    0xff, 0x1a, 0xfe, 0x88, 0x8, 0x80, 0x40, 0x6,
    0xe0, 0x3, 0x0, 0xce, 0x20, 0x22, 0x1, 0x45,
    0x3, 0x4d,

    /* U+0023 "#" */
    0x0, 0xdf, 0x80, 0x16, 0xf0, 0x7, 0x10, 0x20,
    0x4, 0x48, 0x1, 0xc8, 0x1a, 0x0, 0x40, 0xd0,
    0xa, 0xbe, 0x42, 0xbf, 0xd6, 0x11, 0xec, 0x6,
    0x80, 0x4, 0x48, 0x41, 0x12, 0x9, 0xb1, 0x2b,
    0xb8, 0x82, 0xec, 0x40, 0x10, 0xb0, 0x4, 0x46,
    0x1, 0xc4, 0x6, 0x0, 0x11, 0x30, 0x4, 0xb7,
    0xc0, 0xb7, 0x6d, 0x7, 0xb6, 0xc, 0x43, 0x2,
    0x44, 0x18, 0x12, 0x0, 0x27, 0xd4, 0x3f, 0xe6,
    0xd, 0xf6, 0x0, 0x9c, 0x40, 0x22, 0x2, 0x0,
    0xe2, 0x50, 0x9, 0x48, 0x3, 0x88, 0x8, 0x2,
    0x16, 0x0, 0xc0,

    /* U+0024 "$" */
    0x0, 0xe9, 0x0, 0xfe, 0x16, 0x10, 0xf, 0xfe,
    0x2a, 0x5f, 0x7, 0x63, 0x0, 0x53, 0x68, 0x20,
    0x27, 0x36, 0x6, 0xc1, 0x5e, 0x1f, 0x60, 0x8d,
    0x60, 0x8a, 0x1, 0x24, 0x20, 0xf8, 0x30, 0x7,
    0x3d, 0xba, 0x81, 0x6b, 0x0, 0x78, 0xb0, 0x89,
    0x1, 0x90, 0x40, 0x11, 0xed, 0xa8, 0x13, 0xec,
    0x0, 0x64, 0xb0, 0xc7, 0x7, 0x60, 0xf, 0x14,
    0x40, 0x2f, 0x7d, 0x80, 0x38, 0x40, 0x8, 0x10,
    0x60, 0x11, 0xc0, 0x24, 0x10, 0xe7, 0x87, 0xe0,
    0x94, 0xe, 0x39, 0x8, 0x9, 0x3e, 0x8, 0xc,
    0x6f, 0x7, 0x6c, 0x8, 0x7, 0xff, 0x0,

    /* U+0025 "%" */
    0x9, 0xef, 0xa1, 0x0, 0xe5, 0xf6, 0x0, 0x4b,
    0x3b, 0x96, 0x80, 0x31, 0x52, 0x30, 0x1, 0xa,
    0x61, 0x10, 0x1, 0xb8, 0x68, 0x2, 0x31, 0x0,
    0x8, 0x6, 0x83, 0xa1, 0x0, 0x94, 0xd0, 0xd0,
    0x80, 0x6, 0xee, 0x40, 0xd, 0x23, 0x78, 0x3c,
    0x0, 0xe3, 0x80, 0xe, 0x2e, 0xcb, 0xf3, 0xa,
    0x2e, 0x0, 0x8, 0x7, 0x1a, 0x0, 0x15, 0x52,
    0x44, 0xce, 0xf9, 0x0, 0xf1, 0x52, 0x30, 0x71,
    0xcb, 0x34, 0x1, 0xdc, 0x34, 0x2, 0x6c, 0xc9,
    0xd, 0x0, 0xd0, 0x74, 0x20, 0x60, 0x20, 0x1,
    0x70, 0x8, 0xdd, 0xc8, 0x0, 0x30, 0x10, 0x0,
    0xb0, 0x5, 0xc7, 0x0, 0x10, 0xa3, 0x45, 0x87,
    0x80, 0x28, 0xb8, 0x3, 0xa9, 0x1d, 0x61, 0x40,

    /* U+0026 "&" */
    0x0, 0x97, 0x3f, 0xac, 0x80, 0x3c, 0xb4, 0x64,
    0x9, 0x82, 0x1, 0xd2, 0xf, 0xbc, 0x62, 0xe0,
    0x1f, 0x58, 0x1, 0x40, 0xc0, 0x3a, 0xc2, 0xc0,
    0xdc, 0x94, 0x3, 0x9c, 0xde, 0x30, 0xb0, 0x3,
    0xe6, 0x7, 0x3c, 0x10, 0xe, 0x1c, 0x53, 0x13,
    0x70, 0x6, 0x60, 0x1, 0x66, 0x99, 0xa1, 0xa,
    0x46, 0x20, 0x5, 0x8, 0x3, 0xb0, 0xa8, 0x7,
    0x0, 0xf9, 0x20, 0x14, 0x24, 0x0, 0x61, 0x2,
    0x0, 0x20, 0x0, 0x98, 0x3, 0x81, 0x3b, 0x7e,
    0x80, 0x45, 0x40, 0x2, 0xe6, 0x12, 0x14, 0xbf,
    0x15, 0x70,

    /* U+0027 "'" */
    0xff, 0x18, 0x80, 0x80, 0xc, 0xc0, 0x1, 0x1,
    0x45, 0x0,

    /* U+0028 "(" */
    0x0, 0xc2, 0x1, 0xb3, 0x90, 0x0, 0x86, 0x28,
    0x0, 0xf0, 0x60, 0x9, 0x2, 0x80, 0x8, 0x2,
    0x40, 0xc, 0x4, 0x0, 0x90, 0x30, 0x2, 0x20,
    0x20, 0x8, 0x41, 0xc0, 0x38, 0x40, 0x38, 0x40,
    0x22, 0x6, 0x0, 0x9c, 0x34, 0x2, 0xd0, 0x40,
    0x9, 0x80, 0xc4, 0x0, 0x28, 0xc, 0x1, 0x78,
    0x50, 0x4, 0x86, 0x4a,

    /* U+0029 ")" */
    0x1, 0x0, 0xef, 0xf1, 0x80, 0x4c, 0x12, 0x1,
    0x50, 0x28, 0x80, 0x8, 0xc1, 0xc0, 0x24, 0xc,
    0x0, 0xb0, 0x10, 0x2, 0x50, 0x12, 0x0, 0x8,
    0x81, 0x80, 0x23, 0x1, 0x0, 0x84, 0xc, 0x2,
    0x20, 0x30, 0x8, 0x41, 0x80, 0x4, 0x0, 0x30,
    0x2, 0x1, 0x80, 0x5a, 0x16, 0x0, 0x14, 0x6,
    0x0, 0x30, 0x28, 0x80, 0x24, 0x20, 0x0,

    /* U+002A "*" */
    0x0, 0xa3, 0xc0, 0x30, 0xa8, 0x0, 0x40, 0x94,
    0x26, 0xac, 0x41, 0xf6, 0xc2, 0x29, 0x98, 0x30,
    0xfe, 0x0, 0x66, 0x0, 0x7, 0x84, 0x1f, 0x19,
    0x45, 0xe7, 0x41, 0x5f, 0x74, 0x13, 0x96, 0x5,
    0x1, 0xe2, 0x6, 0xc0, 0x1a, 0x74, 0x3, 0x0,

    /* U+002B "+" */
    0x0, 0xc9, 0xf4, 0x1, 0xff, 0xd9, 0x2f, 0xfa,
    0xc1, 0x7f, 0xe7, 0x32, 0x2c, 0x2, 0x45, 0x8,
    0xb7, 0x69, 0x4, 0xdd, 0x98, 0x3, 0xff, 0x9c,
    0xcc, 0xf0, 0xc,

    /* U+002C "," */
    0xa, 0xb3, 0x15, 0x42, 0x50, 0x31, 0x20, 0xb0,
    0xe0, 0x40, 0x31, 0x30,

    /* U+002D "-" */
    0x8d, 0xde, 0xb1, 0x22, 0xe6,

    /* U+002E "." */
    0xb, 0xb0, 0xaa, 0x21, 0xd0, 0x88, 0x80,

    /* U+002F "/" */
    0x0, 0xe7, 0x70, 0x6, 0x38, 0xc0, 0xc, 0x81,
    0x80, 0x1b, 0x1, 0x0, 0x32, 0x9, 0x80, 0x48,
    0x8, 0x1, 0xb0, 0x30, 0x3, 0x20, 0x38, 0x4,
    0x26, 0x42, 0x1, 0x20, 0x20, 0x6, 0xc0, 0xc0,
    0xc, 0x80, 0x80, 0x11, 0x10, 0xc4, 0x2, 0x40,
    0x40, 0xd, 0x81, 0x60, 0x19, 0x0, 0xc0, 0x23,
    0x14, 0x0, 0xc8, 0x18, 0x1, 0x80,

    /* U+0030 "0" */
    0x0, 0x15, 0x77, 0xf4, 0x88, 0x4, 0x7a, 0xa2,
    0x33, 0x79, 0x0, 0x38, 0x13, 0xba, 0x31, 0xe0,
    0x52, 0x1b, 0x10, 0x1d, 0x3, 0x36, 0x3, 0x80,
    0x61, 0x40, 0xb5, 0xf, 0x0, 0xe3, 0x3, 0x10,
    0x30, 0xe, 0xe0, 0x70, 0xf, 0xf8, 0x40, 0xc0,
    0x3b, 0x81, 0xd8, 0x3c, 0x3, 0x8c, 0xf, 0xc1,
    0xc0, 0x30, 0xa0, 0x62, 0x90, 0xd8, 0x81, 0x68,
    0x1a, 0x7, 0x2, 0x77, 0x34, 0xc7, 0x80, 0x7,
    0xaa, 0x23, 0x37, 0x90, 0x0,

    /* U+0031 "1" */
    0x0, 0xa7, 0xfd, 0x60, 0x7a, 0xc0, 0x10, 0xe1,
    0x33, 0x80, 0x43, 0x72, 0x1, 0xf, 0xa0, 0x7,
    0x8, 0x7, 0xff, 0xc4,

    /* U+0032 "2" */
    0x0, 0x2d, 0xf7, 0xeb, 0x80, 0x68, 0xa4, 0x1,
    0x28, 0xc0, 0x1, 0xb8, 0x57, 0x73, 0x4, 0xdc,
    0x2c, 0x15, 0x40, 0x3, 0x90, 0xc0, 0xab, 0x80,
    0xc, 0x20, 0x11, 0x21, 0x0, 0x6a, 0xd, 0x0,
    0xfa, 0x4c, 0x98, 0x3, 0xd0, 0xc3, 0xe0, 0x1e,
    0x97, 0x1c, 0x20, 0xe, 0x96, 0x1c, 0x20, 0xe,
    0xa6, 0x1c, 0x20, 0xe, 0xa5, 0x1c, 0x20, 0xe,
    0x85, 0x1, 0xdf, 0xfe, 0x1, 0x0, 0xff, 0x0,

    /* U+0033 "3" */
    0x0, 0x2d, 0xf7, 0xf4, 0x90, 0x5, 0x54, 0x40,
    0x11, 0x36, 0x98, 0x2a, 0x86, 0xfb, 0xa4, 0x8,
    0x6, 0x9a, 0x40, 0x0, 0xf0, 0x30, 0x1b, 0x20,
    0x4, 0x3c, 0xa, 0x1, 0x8b, 0x37, 0x95, 0xe0,
    0x3, 0x9, 0x90, 0x7, 0xe3, 0xfe, 0xb3, 0x7b,
    0x0, 0xf0, 0xa7, 0x82, 0x18, 0x88, 0x3, 0x88,
    0x80, 0xbb, 0xd2, 0x1, 0x84, 0x80, 0xe8, 0x19,
    0x80, 0x2, 0xa0, 0x15, 0x64, 0x9, 0xfe, 0xd4,
    0xa, 0x0, 0x5d, 0x20, 0x88, 0x9b, 0x90, 0x0,

    /* U+0034 "4" */
    0x0, 0xf7, 0x7f, 0x88, 0x3, 0xea, 0x10, 0xf,
    0xe5, 0x51, 0x0, 0x7e, 0x1b, 0xe, 0x0, 0xfd,
    0x62, 0xe6, 0x1, 0xf2, 0xa8, 0xa0, 0x3, 0xe1,
    0xb0, 0xe0, 0xf, 0xd4, 0x2e, 0x60, 0x1f, 0x32,
    0x14, 0x0, 0x7e, 0x80, 0x2e, 0xec, 0x0, 0xce,
    0x0, 0xc2, 0x38, 0x0, 0x22, 0xe, 0xff, 0xf0,
    0x3, 0x7c, 0x3, 0xff, 0x9a,

    /* U+0035 "5" */
    0xd, 0xff, 0xf8, 0xc0, 0x80, 0x47, 0xc0, 0x20,
    0xe, 0xef, 0x19, 0x1, 0x0, 0x7c, 0xc0, 0xcc,
    0xbc, 0xa3, 0x0, 0x10, 0x24, 0xa1, 0xae, 0x38,
    0x12, 0x22, 0xfb, 0x8e, 0x10, 0x8b, 0x76, 0x41,
    0x14, 0x28, 0x78, 0x7, 0xdc, 0xa, 0x1, 0xfe,
    0xcf, 0x70, 0xd, 0x80, 0xb6, 0x10, 0x80, 0x6,
    0x70, 0xe7, 0x30, 0xbe, 0xf9, 0x6, 0x50, 0xc8,
    0x31, 0x11, 0xd4, 0x80,

    /* U+0036 "6" */
    0x0, 0xc, 0x6f, 0xf5, 0x98, 0x4, 0x38, 0xe4,
    0x2, 0x98, 0xc0, 0xa, 0x24, 0xdf, 0xe7, 0x9,
    0x13, 0x41, 0xb2, 0x1, 0x8a, 0xa0, 0x58, 0x48,
    0xc5, 0xd9, 0xd1, 0x44, 0xc0, 0x1e, 0xe8, 0x88,
    0xf2, 0x6, 0x8, 0x2c, 0xfc, 0x21, 0xf0, 0x8,
    0x74, 0xc0, 0xf0, 0x9, 0x0, 0xe, 0x20, 0x10,
    0xa0, 0x1b, 0x0, 0x7f, 0xb0, 0x10, 0x3, 0xa,
    0x1, 0xb0, 0x95, 0x8, 0xd, 0x1, 0x20, 0xd0,
    0x2f, 0x74, 0x83, 0xe0, 0x4, 0xd5, 0x11, 0x9b,
    0xc8, 0x0,

    /* U+0037 "7" */
    0x2f, 0xff, 0xe8, 0x30, 0xf, 0xf0, 0xff, 0xfb,
    0x80, 0x18, 0x1, 0xf4, 0x2, 0x20, 0x3, 0xc4,
    0xc1, 0x0, 0x1f, 0x40, 0x29, 0x80, 0x78, 0xd4,
    0x20, 0x3, 0xe8, 0x6, 0x20, 0xf, 0x1a, 0x4,
    0x0, 0x7d, 0xe0, 0xc2, 0x1, 0xe4, 0x30, 0x80,
    0xf, 0xa0, 0x1c, 0x40, 0x3c, 0xa6, 0x30, 0x1,
    0xf4, 0x4, 0x80, 0x78,

    /* U+0038 "8" */
    0x0, 0x36, 0x77, 0xf4, 0x90, 0x5, 0x52, 0x60,
    0x42, 0xda, 0x60, 0x6a, 0x15, 0xdb, 0xc8, 0x1e,
    0xc, 0x4, 0xa0, 0x1, 0xf0, 0x20, 0x41, 0x24,
    0x0, 0xb8, 0x1c, 0x7, 0x4e, 0xf7, 0x3d, 0x5a,
    0x40, 0x38, 0x8c, 0x3, 0x8b, 0xd, 0xb7, 0xec,
    0x9a, 0xc2, 0x1, 0x64, 0x81, 0x3c, 0x10, 0xdc,
    0x30, 0x3, 0x11, 0x1, 0x4, 0x38, 0x3, 0x8c,
    0x6, 0xc1, 0xd0, 0x2, 0xa1, 0x7, 0x72, 0x5,
    0xf6, 0xfa, 0x85, 0x8, 0x5c, 0x98, 0x10, 0xb6,
    0xa8, 0x0,

    /* U+0039 "9" */
    0x0, 0x2d, 0xf7, 0xeb, 0x80, 0x6a, 0xa2, 0x8,
    0x8a, 0x30, 0x0, 0xca, 0x13, 0xfd, 0xa4, 0x72,
    0x14, 0xe, 0xc0, 0x2, 0xf0, 0x61, 0x10, 0x68,
    0x6, 0x20, 0x2, 0xb0, 0x68, 0x6, 0x30, 0x1,
    0x70, 0x3b, 0x84, 0x17, 0x40, 0x2, 0xac, 0x11,
    0xdf, 0x4a, 0xa0, 0x10, 0x9b, 0x53, 0x4a, 0xb6,
    0x3, 0x0, 0x25, 0x65, 0xa8, 0x18, 0x25, 0x7d,
    0x0, 0x67, 0x2, 0x1e, 0x5, 0x60, 0x3, 0x40,
    0x48, 0x23, 0x4, 0xff, 0xa4, 0x1d, 0x0, 0x13,
    0x46, 0x2, 0x75, 0x0, 0x0,

    /* U+003A ":" */
    0xb, 0xb0, 0xaa, 0x21, 0xd0, 0x88, 0x83, 0xba,
    0x20, 0xf, 0xfe, 0x2d, 0xd8, 0x55, 0x10, 0xe8,
    0x44, 0x40,

    /* U+003B ";" */
    0xb, 0xe5, 0x14, 0x1f, 0x16, 0x39, 0x9, 0xc3,
    0x0, 0xff, 0xe2, 0xd5, 0x98, 0xaa, 0x12, 0x81,
    0x89, 0x5, 0x87, 0x2, 0x1, 0x89, 0x80,

    /* U+003C "<" */
    0x0, 0xff, 0xe3, 0xa6, 0x10, 0x7, 0x93, 0x2c,
    0xc0, 0x39, 0x76, 0xcc, 0xa4, 0x80, 0xd, 0xb4,
    0x47, 0x5a, 0xc0, 0x7d, 0x24, 0x99, 0x85, 0x0,
    0x98, 0x41, 0x68, 0xc0, 0x39, 0x5c, 0x57, 0xa4,
    0x80, 0x3a, 0x3a, 0x5, 0xb6, 0xd0, 0x3, 0x9f,
    0xa4, 0x52, 0xf4, 0x40, 0x39, 0xba, 0x48, 0x86,
    0x1, 0xf3, 0x6d, 0x18,

    /* U+003D "=" */
    0xef, 0xff, 0xc6, 0x42, 0x3f, 0x83, 0x3b, 0xbf,
    0x18, 0x7, 0xfb, 0x3b, 0xbf, 0x19, 0x8, 0xfe,
    0x0,

    /* U+003E ">" */
    0x0, 0xff, 0x5b, 0x0, 0x7e, 0x79, 0xe7, 0x0,
    0xf4, 0x20, 0xc7, 0x40, 0x80, 0x49, 0x7a, 0xc2,
    0xfd, 0x2, 0x1, 0x14, 0xf3, 0x8b, 0xf3, 0x80,
    0x61, 0x88, 0x0, 0x34, 0x3, 0x3f, 0x48, 0x2c,
    0x1, 0x47, 0xc0, 0xae, 0xd1, 0x4e, 0xb8, 0x36,
    0xd1, 0x0, 0x14, 0x1f, 0xa4, 0x80, 0x34, 0xf4,
    0x8, 0x7, 0x80,

    /* U+003F "?" */
    0x0, 0x25, 0xf7, 0xec, 0x0, 0x4b, 0x68, 0x4,
    0x47, 0xc0, 0x5, 0x83, 0xf6, 0xe0, 0x1a, 0x89,
    0x1c, 0x0, 0xd, 0x3, 0x47, 0x30, 0x1, 0x98,
    0x38, 0x3, 0x86, 0xc8, 0x5c, 0x3, 0x1f, 0xa1,
    0xe0, 0x80, 0x6d, 0x16, 0xc2, 0x0, 0xc4, 0x22,
    0x90, 0xf, 0x99, 0x80, 0x1f, 0x14, 0xc0, 0x7,
    0xc5, 0x92, 0x1, 0xf5, 0x9b, 0x18, 0x7, 0xb4,
    0x4c, 0xc0, 0x10,

    /* U+0040 "@" */
    0x0, 0xc2, 0xd7, 0xdf, 0xee, 0xb6, 0x0, 0xfc,
    0xbd, 0x28, 0x68, 0x83, 0x49, 0xe4, 0x0, 0xe8,
    0xa0, 0x8e, 0xdb, 0xb6, 0xf4, 0xd, 0xb0, 0x4,
    0xae, 0x3a, 0xe2, 0x1, 0x85, 0xf4, 0x64, 0xc0,
    0x16, 0x14, 0x40, 0x51, 0x50, 0x53, 0x22, 0xa0,
    0x80, 0x51, 0x44, 0x2, 0x6b, 0xab, 0xeb, 0x20,
    0x21, 0xa1, 0x78, 0x70, 0x2, 0x82, 0xbf, 0x50,
    0x3, 0x58, 0x23, 0x3, 0x82, 0x8b, 0xa8, 0x15,
    0x0, 0x62, 0xe, 0x10, 0x30, 0xd0, 0xb0, 0x8,
    0x44, 0x1, 0x8, 0x6, 0x10, 0xf, 0xfe, 0x0,
    0x87, 0x88, 0x10, 0x70, 0x28, 0x6, 0x10, 0x8,
    0xc0, 0x98, 0x1c, 0x10, 0x28, 0x2, 0x70, 0x30,
    0x6, 0x82, 0x60, 0x78, 0x13, 0x1e, 0xcd, 0xc1,
    0x8d, 0xd2, 0x28, 0xb0, 0xa9, 0x84, 0xc0, 0x33,
    0x2f, 0x55, 0x10, 0xd4, 0x0, 0x90, 0xe2, 0x7,
    0xdf, 0xd4, 0x1a, 0xfe, 0x90, 0x9, 0xd4, 0xb5,
    0xc4, 0x3, 0x88, 0x40, 0x3d, 0x50, 0x11, 0xdb,
    0x76, 0xce, 0xd6, 0x0, 0xf9, 0xfa, 0x10, 0xd1,
    0x4, 0x47, 0x40, 0xc,

    /* U+0041 "A" */
    0x0, 0xe8, 0xff, 0x48, 0x7, 0xf9, 0x80, 0xe,
    0x1, 0xfc, 0x82, 0x68, 0x2a, 0x1, 0xfb, 0x42,
    0xf4, 0x38, 0x3, 0xf3, 0x2, 0xb8, 0x20, 0x80,
    0x79, 0x40, 0xc8, 0x50, 0x18, 0x3, 0xdc, 0x16,
    0x0, 0xe0, 0xa0, 0xe, 0x14, 0x6, 0x0, 0x28,
    0x91, 0x80, 0x66, 0x0, 0x66, 0xec, 0x21, 0x40,
    0x1a, 0x80, 0x4, 0x58, 0x0, 0xc0, 0x11, 0x90,
    0x77, 0xff, 0x8, 0x28, 0x2, 0x81, 0x4, 0x3,
    0x9c, 0x38, 0x0, 0xe1, 0xa0, 0x1e, 0xa0, 0x42,
    0x51, 0x7, 0x0, 0xf1, 0x88, 0x28,

    /* U+0042 "B" */
    0x6f, 0xff, 0x6b, 0x80, 0x78, 0x46, 0x2, 0x8c,
    0x0, 0xc5, 0xdd, 0x7d, 0x1, 0xa8, 0x7, 0xe5,
    0x40, 0xd0, 0xf, 0xe7, 0xe, 0x0, 0xf8, 0x64,
    0xc9, 0x80, 0x22, 0xff, 0xb9, 0x97, 0x40, 0x39,
    0x12, 0x30, 0x5c, 0x10, 0x8, 0xae, 0xec, 0xe3,
    0x35, 0x0, 0x7e, 0x1f, 0x4, 0x0, 0xff, 0xe0,
    0x8, 0x7, 0xc5, 0xe0, 0x42, 0x0, 0x2e, 0xeb,
    0xf4, 0xc2, 0x40, 0x30, 0x8c, 0x2, 0xb8, 0x80,

    /* U+0043 "C" */
    0x0, 0x8e, 0xb7, 0xfa, 0xd8, 0x3, 0xa3, 0x14,
    0x80, 0x52, 0x70, 0x40, 0x10, 0xe0, 0xd9, 0xfb,
    0x22, 0x7a, 0x4, 0xe1, 0x12, 0x60, 0x4d, 0x80,
    0x69, 0x40, 0x4e, 0x1, 0xc5, 0xa, 0x26, 0x14,
    0x1, 0xf3, 0xd2, 0xb0, 0x10, 0x7, 0xff, 0x2d,
    0x80, 0x80, 0x3f, 0xc6, 0x16, 0x1, 0xf3, 0xd2,
    0xd0, 0x1b, 0x0, 0x71, 0x42, 0x89, 0x38, 0x4c,
    0x8c, 0x9, 0xb0, 0xd, 0x2, 0x1c, 0x1b, 0x3f,
    0x64, 0x4f, 0x40, 0x28, 0xc5, 0x20, 0x14, 0x9c,
    0x10,

    /* U+0044 "D" */
    0x6f, 0xfe, 0xec, 0x60, 0xf, 0xf0, 0x9c, 0xe9,
    0x0, 0x62, 0xff, 0xd4, 0x44, 0xc1, 0x0, 0xfc,
    0xba, 0x43, 0x0, 0x1f, 0xe9, 0x7, 0x0, 0xff,
    0x20, 0x9, 0x80, 0x7f, 0x84, 0x1c, 0x3, 0xff,
    0x96, 0x20, 0xe0, 0x1f, 0xc8, 0x2, 0x60, 0x1f,
    0xd2, 0xe, 0x1, 0xf0, 0xae, 0x90, 0xc0, 0x4,
    0x5f, 0xf7, 0x51, 0x13, 0x4, 0x3, 0xe1, 0x49,
    0xd2, 0x0, 0x0,

    /* U+0045 "E" */
    0x6f, 0xff, 0xd8, 0x1, 0x8, 0xf9, 0xc0, 0x5,
    0xdd, 0xeb, 0x0, 0xff, 0xea, 0x17, 0xff, 0x90,
    0x2, 0x11, 0xf0, 0x4, 0x5d, 0xde, 0x40, 0xf,
    0xfe, 0xa1, 0x77, 0x7b, 0x0, 0x21, 0x1f, 0x80,

    /* U+0046 "F" */
    0x6f, 0xff, 0xd4, 0x1, 0x8, 0xf8, 0xc0, 0x5,
    0xdd, 0xe9, 0x0, 0xff, 0xea, 0x17, 0x77, 0x80,
    0x30, 0x8f, 0x80, 0x22, 0xff, 0xf0, 0x7, 0xff,
    0x9c,

    /* U+0047 "G" */
    0x0, 0x8e, 0xb7, 0xfb, 0x18, 0x3, 0xa3, 0x14,
    0x80, 0x4e, 0x74, 0x80, 0x10, 0xe0, 0xd9, 0xfd,
    0x22, 0x5e, 0x4, 0xe1, 0x12, 0x60, 0x2d, 0xe0,
    0x4d, 0x40, 0x6e, 0x1, 0xc3, 0xb8, 0x86, 0x16,
    0x1, 0xf1, 0x19, 0x30, 0x10, 0x6, 0xcd, 0xdd,
    0x40, 0x1f, 0x19, 0x16, 0x66, 0x1, 0x0, 0x6f,
    0xfa, 0x41, 0xcc, 0x2c, 0x3, 0xec, 0x2, 0xa0,
    0x37, 0x0, 0xe3, 0x50, 0xd2, 0x70, 0x89, 0x30,
    0x16, 0xd0, 0x44, 0x4, 0x30, 0x36, 0x7f, 0x48,
    0x9d, 0x0, 0x53, 0x8a, 0x40, 0x27, 0x38, 0x20,

    /* U+0048 "H" */
    0x6f, 0xd0, 0xf, 0xbf, 0xc8, 0x1, 0xff, 0xf7,
    0x2f, 0xff, 0x80, 0x3c, 0x23, 0xf0, 0x7, 0x17,
    0x77, 0xc0, 0x1f, 0xff, 0x80,

    /* U+0049 "I" */
    0x6f, 0xd0, 0xf, 0xfe, 0xd8,

    /* U+004A "J" */
    0x0, 0xf9, 0x7f, 0x80, 0x3f, 0xff, 0xe0, 0x1c,
    0x3f, 0xe1, 0x0, 0xf0, 0x80, 0x8, 0x2, 0x20,
    0x30, 0x30, 0xf1, 0x2, 0x90, 0x40, 0x80, 0x3e,
    0xe6, 0x88, 0xa0, 0x13, 0x14, 0x46, 0x6f, 0x10,

    /* U+004B "K" */
    0x6f, 0xd0, 0xe, 0x3f, 0xf5, 0x0, 0x7e, 0x2d,
    0x4, 0xa0, 0xf, 0x8b, 0x4, 0xec, 0x3, 0xe1,
    0xf1, 0x3c, 0x0, 0xfd, 0x84, 0x4d, 0x0, 0xfd,
    0x64, 0x4c, 0x10, 0xf, 0xa5, 0x1, 0x84, 0x3,
    0xe2, 0x62, 0x4, 0x70, 0xf, 0xc5, 0x92, 0x10,
    0x60, 0x1e, 0x1c, 0x16, 0x50, 0xd1, 0x0, 0xe3,
    0x10, 0x5, 0x88, 0xac, 0x3, 0xf8, 0x74, 0x15,
    0x80, 0x3f, 0x8d, 0xc2, 0x48, 0x3, 0xfa, 0xc,
    0x3c, 0x0,

    /* U+004C "L" */
    0x6f, 0xd0, 0xf, 0xff, 0xf8, 0x7, 0xff, 0x80,
    0xbb, 0xbc, 0xc0, 0x10, 0x8f, 0xc0,

    /* U+004D "M" */
    0x6f, 0xf8, 0x40, 0x3e, 0xdf, 0xf5, 0x0, 0x66,
    0x0, 0xf1, 0x90, 0x7, 0x8, 0x50, 0x7, 0xa4,
    0x4, 0x3, 0x29, 0x11, 0x0, 0x39, 0x41, 0xc0,
    0x33, 0xa8, 0x70, 0x6, 0x60, 0x41, 0x0, 0xeb,
    0x5, 0x10, 0xa, 0x83, 0x40, 0x3c, 0x64, 0xc,
    0x0, 0x23, 0x7, 0x10, 0xf, 0x58, 0x50, 0x2,
    0xc1, 0x44, 0x3, 0xe7, 0x2, 0x30, 0x70, 0xe0,
    0xf, 0xc2, 0xa1, 0x68, 0x24, 0x80, 0x1f, 0xd2,
    0xb, 0x81, 0x40, 0x1f, 0xe3, 0x22, 0x30, 0x30,
    0x7, 0xfd, 0x60, 0x2a, 0x20, 0x1f, 0xf3, 0x80,
    0x38, 0x3, 0xc0,

    /* U+004E "N" */
    0x6f, 0xf4, 0x0, 0x7a, 0xfe, 0x0, 0x27, 0x30,
    0xf, 0xfe, 0x7, 0x80, 0x7f, 0x90, 0xcc, 0xe0,
    0x1f, 0xcf, 0xe1, 0x4, 0x1, 0xf8, 0x4d, 0x43,
    0x80, 0x3f, 0xd6, 0x26, 0xe0, 0x1f, 0x18, 0xd,
    0x84, 0x10, 0x7, 0xf2, 0xa8, 0x24, 0x3, 0xfd,
    0x62, 0x8a, 0x1, 0xfc, 0x36, 0x16, 0x20, 0x1f,
    0xca, 0x82, 0xa0, 0x1f, 0xea, 0x0, 0xff, 0xe0,
    0xc, 0x80, 0x40,

    /* U+004F "O" */
    0x0, 0x8e, 0xb7, 0xfa, 0xd4, 0x3, 0xd1, 0x8a,
    0x40, 0x29, 0x58, 0x20, 0x13, 0xb8, 0x1b, 0x3f,
    0xa4, 0xf, 0x40, 0x5, 0x1, 0x12, 0x60, 0x2d,
    0xa0, 0x6e, 0x14, 0x6, 0xe0, 0x1c, 0x50, 0x14,
    0x6, 0x16, 0x1, 0xf2, 0x81, 0xb, 0x1, 0x0,
    0x7c, 0x40, 0x3, 0x0, 0xff, 0xe1, 0x30, 0x10,
    0x7, 0xc4, 0x0, 0x33, 0x5, 0x80, 0x7c, 0xa0,
    0x43, 0x40, 0x6c, 0x1, 0xc5, 0x1, 0x40, 0x4e,
    0x13, 0x23, 0x1, 0x6c, 0x3, 0x70, 0x4, 0x38,
    0x36, 0x7f, 0x48, 0x9e, 0x80, 0x68, 0xc5, 0x20,
    0x14, 0x9c, 0x10, 0x0,

    /* U+0050 "P" */
    0x6f, 0xfe, 0xec, 0x60, 0xe, 0x11, 0xc7, 0x36,
    0x1, 0x17, 0x75, 0xf2, 0x8, 0xc0, 0x1f, 0x33,
    0x3, 0x40, 0x3f, 0x78, 0x30, 0x7, 0xec, 0x6,
    0x0, 0xf0, 0xba, 0x87, 0x0, 0xb, 0xfe, 0xe8,
    0x5, 0x50, 0x4, 0x22, 0x22, 0x2d, 0x50, 0x2,
    0x2e, 0xe6, 0xea, 0x94, 0x3, 0xff, 0xc4,

    /* U+0051 "Q" */
    0x0, 0x8e, 0xb7, 0xfa, 0xd4, 0x3, 0xd1, 0x8a,
    0x40, 0x29, 0x58, 0x20, 0x13, 0xb8, 0x1b, 0x3f,
    0xa4, 0xf, 0x40, 0x5, 0x1, 0x12, 0x60, 0x2d,
    0xa0, 0x6e, 0x14, 0x6, 0xe0, 0x1c, 0x50, 0x14,
    0x6, 0x16, 0x1, 0xf2, 0x81, 0xb, 0x1, 0x0,
    0x7c, 0x40, 0x3, 0x0, 0xff, 0xe1, 0x30, 0x10,
    0x7, 0xc4, 0x0, 0x33, 0x5, 0x80, 0x4f, 0x46,
    0xa, 0x4, 0x34, 0x6, 0xc0, 0x5, 0x4d, 0x48,
    0xb, 0x2, 0x70, 0x99, 0x19, 0x40, 0xd8, 0x1b,
    0x0, 0x21, 0xc1, 0xb3, 0xe4, 0x2, 0xd0, 0xd,
    0x18, 0xa4, 0x2, 0x86, 0x12, 0x1, 0xc7, 0x5b,
    0xfd, 0x78, 0x4e, 0xa0,

    /* U+0052 "R" */
    0x6f, 0xfe, 0xec, 0x70, 0xf, 0x8, 0xe3, 0x8b,
    0x0, 0xc5, 0xdd, 0x7c, 0x82, 0x30, 0x7, 0xe6,
    0x60, 0x68, 0x7, 0xf7, 0x83, 0x0, 0x7f, 0x78,
    0x30, 0x7, 0xc2, 0xec, 0x1a, 0x1, 0x17, 0xfd,
    0xd0, 0xa, 0xc0, 0x18, 0x46, 0x0, 0x3d, 0x0,
    0x62, 0xee, 0x90, 0x10, 0x3, 0xfa, 0x40, 0xd4,
    0x3, 0xf1, 0x38, 0x58, 0x7, 0xf4, 0x8, 0xa0,
    0x3, 0xfa, 0x1, 0xc8,

    /* U+0053 "S" */
    0x0, 0x25, 0x77, 0xf5, 0xa8, 0x5, 0x16, 0xa2,
    0x2, 0x95, 0x40, 0x37, 0x7, 0xef, 0xf4, 0x82,
    0xaa, 0xc0, 0xe0, 0x40, 0xc, 0xe5, 0xbe, 0x2,
    0x1, 0xd1, 0xb0, 0xc2, 0x58, 0xa0, 0x1e, 0x1c,
    0x33, 0x57, 0xe4, 0x10, 0x4, 0x59, 0xb0, 0x66,
    0x7d, 0x80, 0xc, 0x4f, 0x9f, 0x20, 0xee, 0x11,
    0x0, 0x73, 0x48, 0x57, 0xf3, 0x80, 0x70, 0x80,
    0x18, 0x21, 0x84, 0x5, 0xe0, 0x16, 0xc, 0x27,
    0xbf, 0xa0, 0xe, 0x3, 0x24, 0xc4, 0x5, 0x27,
    0x0,

    /* U+0054 "T" */
    0x2f, 0xff, 0xf8, 0x8c, 0x47, 0x0, 0x42, 0x38,
    0x7, 0xbb, 0x30, 0x2f, 0x76, 0x20, 0xf, 0xff,
    0xf8, 0x7, 0xff, 0xe0,

    /* U+0055 "U" */
    0x6f, 0xd0, 0xf, 0xbf, 0xc6, 0x1, 0xff, 0xff,
    0x0, 0xff, 0xe8, 0x98, 0x10, 0x7, 0x88, 0x0,
    0x2e, 0x0, 0x50, 0xe, 0xb0, 0x12, 0x22, 0x5,
    0x39, 0x1, 0x4b, 0x4, 0x80, 0x28, 0xc2, 0x37,
    0xf5, 0x81, 0x5c, 0x0, 0x39, 0x26, 0x20, 0x29,
    0x74, 0x0,

    /* U+0056 "V" */
    0x5f, 0xf0, 0x80, 0x7d, 0xde, 0xea, 0x20, 0xc0,
    0x1e, 0x41, 0x5, 0x7, 0xb, 0x0, 0xf6, 0x81,
    0x90, 0x58, 0x19, 0x0, 0x73, 0x5, 0x0, 0x8,
    0xc2, 0x80, 0x32, 0x80, 0x18, 0x2, 0xa0, 0x60,
    0xd, 0xe0, 0xa0, 0x19, 0xc0, 0x50, 0x2, 0x50,
    0xe0, 0xc, 0x2a, 0x1c, 0x0, 0x60, 0x14, 0x0,
    0xee, 0x5, 0x0, 0x68, 0x30, 0x7, 0x90, 0x41,
    0x1, 0x2, 0x80, 0x3e, 0x60, 0xd5, 0x3, 0x20,
    0xf, 0xa8, 0x1f, 0xc2, 0x80, 0x3f, 0x11, 0x8a,
    0x83, 0x80, 0x7f, 0x50, 0x1, 0x44, 0x3, 0x0,

    /* U+0057 "W" */
    0x5f, 0xf0, 0x7, 0x2f, 0xf9, 0x80, 0x3b, 0xbd,
    0x90, 0x0, 0x60, 0x1b, 0x0, 0x18, 0x1, 0x8c,
    0x41, 0x4, 0xc1, 0x0, 0x32, 0x0, 0x10, 0x3,
    0x20, 0x11, 0x1, 0x2, 0xc0, 0x22, 0x28, 0xc4,
    0x80, 0x2c, 0x4, 0x0, 0x58, 0x18, 0x4, 0x80,
    0x8a, 0xa, 0x1, 0x20, 0x68, 0x0, 0xc0, 0x8,
    0x0, 0xc0, 0xcc, 0x6, 0x0, 0xc, 0x0, 0x80,
    0x12, 0x86, 0x0, 0x10, 0x11, 0x0, 0x80, 0xb,
    0x4, 0x0, 0xd8, 0x8, 0x6, 0x24, 0x22, 0x30,
    0x30, 0x40, 0xd0, 0xc, 0xe0, 0x60, 0x80, 0xa0,
    0x4, 0xb, 0x3, 0x4, 0x0, 0xc2, 0x40, 0x98,
    0x18, 0x0, 0xb0, 0x33, 0x1, 0x10, 0x3, 0x94,
    0xd, 0x41, 0x0, 0x6, 0x28, 0x80, 0x40, 0xf,
    0x60, 0x58, 0xa0, 0x6, 0x40, 0xa0, 0xd0, 0xf,
    0x20, 0x18, 0x68, 0x6, 0xc0, 0x20, 0x40, 0xf,
    0x90, 0x0, 0x80, 0x19, 0xc0, 0x8, 0x1, 0x80,

    /* U+0058 "X" */
    0xb, 0xfd, 0x0, 0xf5, 0xfe, 0x0, 0x28, 0x4a,
    0x0, 0x33, 0xa0, 0x70, 0x0, 0x6c, 0x1c, 0xc0,
    0x5, 0x1, 0x44, 0x1, 0x2b, 0x7, 0x0, 0x3c,
    0x15, 0x40, 0x1d, 0x24, 0x48, 0x72, 0x1b, 0x0,
    0xfb, 0x81, 0xe0, 0x34, 0x40, 0x3e, 0x37, 0x0,
    0x39, 0x80, 0x7f, 0x18, 0x1, 0x40, 0x3f, 0x9d,
    0x8, 0xa9, 0x0, 0xf8, 0xe0, 0x26, 0x40, 0xc8,
    0x1, 0xee, 0x6, 0x44, 0x30, 0x50, 0x80, 0x6a,
    0x22, 0x48, 0x2, 0x48, 0x68, 0x2, 0x65, 0xe,
    0x0, 0xdc, 0x8, 0xc0, 0x52, 0x10, 0x60, 0x18,
    0xe0, 0x24, 0x80,

    /* U+0059 "Y" */
    0x3f, 0xf3, 0x0, 0x79, 0xff, 0xc4, 0x6e, 0x10,
    0x20, 0x18, 0x60, 0x20, 0x82, 0x8, 0x60, 0x3,
    0x58, 0x13, 0x80, 0x52, 0xc, 0x60, 0x4, 0x50,
    0xe0, 0xc, 0x8a, 0x1c, 0x0, 0x90, 0x63, 0x0,
    0xeb, 0x12, 0x67, 0x21, 0x90, 0xf, 0xd, 0x84,
    0x48, 0x50, 0x7, 0xe5, 0x41, 0x12, 0xa0, 0x7,
    0xf4, 0x0, 0x20, 0x3, 0xfc, 0x20, 0x3, 0x0,
    0xff, 0xf8, 0x80,

    /* U+005A "Z" */
    0xdf, 0xff, 0xe9, 0x11, 0xfc, 0x0, 0xec, 0xee,
    0xf4, 0x81, 0x38, 0x7, 0x92, 0x3, 0xc0, 0x3c,
    0x34, 0x12, 0x40, 0x1e, 0xa1, 0x46, 0x0, 0xf3,
    0xa0, 0xd0, 0x7, 0x8e, 0x2, 0x84, 0x3, 0xdc,
    0xe, 0x80, 0x1e, 0x92, 0x38, 0x0, 0xf2, 0xb0,
    0x70, 0x7, 0x86, 0xc2, 0xc8, 0x3, 0xd6, 0x21,
    0x5d, 0xde, 0x96, 0x0, 0x8, 0xfc, 0x60,

    /* U+005B "[" */
    0xff, 0xc6, 0x0, 0x34, 0x10, 0x7, 0x59, 0x0,
    0x7f, 0xfd, 0xfa, 0xc8, 0x0, 0x68, 0x20,

    /* U+005C "\\" */
    0x48, 0x30, 0xc, 0x2f, 0x40, 0x19, 0x1, 0x0,
    0x30, 0x99, 0x8, 0x6, 0x40, 0x70, 0xd, 0x81,
    0x80, 0x19, 0x1, 0x0, 0x39, 0x4, 0x80, 0x36,
    0x2, 0x80, 0x64, 0xc, 0x0, 0xc6, 0x28, 0x1,
    0xc8, 0x8, 0x1, 0xb0, 0x30, 0x3, 0x20, 0x20,
    0x6, 0x22, 0x18, 0x80, 0x64, 0x4, 0x0, 0xd8,
    0x18, 0x1, 0x90, 0x10,

    /* U+005D "]" */
    0xdf, 0xf9, 0x5d, 0x4, 0x1, 0x56, 0x40, 0x1f,
    0xff, 0x79, 0xb2, 0x0, 0x22, 0x4, 0x0,

    /* U+005E "^" */
    0x0, 0xa3, 0xfc, 0x20, 0x18, 0x5c, 0x42, 0x40,
    0x34, 0x85, 0x1b, 0x88, 0x0, 0x5c, 0x92, 0x2,
    0x40, 0x12, 0x10, 0x8, 0x4e, 0x20, 0xc2, 0xa0,
    0xb, 0x9,

    /* U+005F "_" */
    0xdd, 0xfe, 0x32, 0x2f, 0xe7,

    /* U+0060 "`" */
    0x3e, 0xd0, 0x1, 0xb9, 0x30, 0x2, 0x4a, 0xc0,

    /* U+0061 "a" */
    0x0, 0x14, 0xf7, 0xf5, 0x18, 0x0, 0xb5, 0x80,
    0xc1, 0x70, 0xc2, 0xc1, 0x7b, 0x39, 0x82, 0x2,
    0x7e, 0x80, 0x2d, 0x5, 0x0, 0x85, 0x1e, 0x64,
    0x1, 0x16, 0x75, 0xc3, 0x8, 0x5, 0x86, 0x95,
    0xdf, 0xe0, 0x1, 0x8, 0x5a, 0x88, 0x30, 0x0,
    0xc0, 0x6, 0x0, 0x28, 0x0, 0xa, 0x86, 0x65,
    0xac, 0x1, 0x53, 0x89, 0x8c, 0x48, 0x0,

    /* U+0062 "b" */
    0x8f, 0x90, 0xf, 0xfe, 0xa9, 0x5f, 0xf5, 0x10,
    0x6, 0x2c, 0x42, 0x15, 0xc2, 0x0, 0x91, 0x1f,
    0xbc, 0x63, 0xc0, 0x10, 0xd0, 0x0, 0x78, 0xc,
    0x80, 0x8, 0x1, 0x88, 0x80, 0xe0, 0x3, 0x0,
    0xe1, 0x3, 0x0, 0x18, 0x7, 0x10, 0x18, 0x1,
    0x0, 0x31, 0x8, 0x38, 0x0, 0x64, 0x0, 0x3c,
    0x6, 0x40, 0x5, 0x7f, 0xde, 0x31, 0xe0, 0x8,
    0xb1, 0x8, 0x57, 0x8, 0x0,

    /* U+0063 "c" */
    0x0, 0x97, 0x3b, 0x98, 0xc0, 0x1a, 0x68, 0xc0,
    0x7, 0x34, 0x0, 0x56, 0xb, 0xee, 0x58, 0x2a,
    0x7, 0x3, 0xa0, 0x1, 0x2a, 0x58, 0x10, 0x2c,
    0x3, 0x2b, 0x10, 0x4, 0x20, 0x1f, 0xe1, 0x0,
    0xfc, 0x61, 0x60, 0x19, 0x5c, 0x82, 0x41, 0xd0,
    0x0, 0x77, 0xc, 0xa, 0xc1, 0x7d, 0xb8, 0x2c,
    0x80, 0x9, 0xa3, 0x12, 0x3a, 0x90,

    /* U+0064 "d" */
    0x0, 0xfc, 0x7f, 0xc0, 0x1f, 0xfc, 0xd7, 0xdf,
    0xd6, 0x0, 0xeb, 0x82, 0x13, 0x9a, 0x0, 0x99,
    0x2, 0xfb, 0x94, 0xc0, 0x15, 0x3, 0xa0, 0x1,
    0x58, 0x2, 0x30, 0xb0, 0xd, 0xa0, 0x1c, 0x20,
    0x19, 0xc0, 0x38, 0x40, 0x33, 0x0, 0x46, 0x16,
    0x1, 0xb0, 0x2, 0xa0, 0x74, 0x0, 0x2b, 0x0,
    0x4c, 0x81, 0x7d, 0xca, 0x70, 0xd, 0x70, 0x42,
    0x73, 0x40, 0x0,

    /* U+0065 "e" */
    0x0, 0x97, 0x3f, 0xd6, 0x80, 0x1a, 0x68, 0xc8,
    0x89, 0x70, 0x0, 0x56, 0x1c, 0xdd, 0x60, 0x39,
    0x87, 0x5, 0x98, 0x0, 0xdc, 0x28, 0x10, 0x3e,
    0x67, 0x18, 0x28, 0x4, 0xac, 0xd9, 0x0, 0x40,
    0x2d, 0xff, 0xf6, 0x81, 0x82, 0x80, 0x61, 0x10,
    0x2, 0x42, 0x10, 0x0, 0x39, 0xcc, 0xa, 0xc1,
    0x7d, 0x9c, 0x46, 0xc0, 0x9, 0xa3, 0x3, 0x28,
    0xc0,

    /* U+0066 "f" */
    0x0, 0x85, 0x5d, 0x84, 0x0, 0x5f, 0x51, 0x20,
    0x14, 0x9, 0x4c, 0x84, 0x0, 0x21, 0x6c, 0xc0,
    0xcf, 0x40, 0x9f, 0xd0, 0x54, 0x10, 0x24, 0x70,
    0x9b, 0x50, 0xbb, 0x50, 0x7, 0xff, 0xd4,

    /* U+0067 "g" */
    0x0, 0x9f, 0x7f, 0x58, 0xbf, 0xc0, 0xb, 0x82,
    0x13, 0x9a, 0x0, 0x99, 0x2, 0xbb, 0x96, 0xe0,
    0x15, 0x3, 0xa8, 0x1, 0x14, 0x2, 0x30, 0xc0,
    0xd, 0xe0, 0x1c, 0xc0, 0x19, 0x80, 0x38, 0x40,
    0x33, 0x80, 0x44, 0x16, 0x1, 0xb0, 0x2, 0xa0,
    0x74, 0x0, 0x23, 0x80, 0x4e, 0x61, 0x7b, 0xab,
    0x50, 0xd, 0x8e, 0x44, 0x38, 0x90, 0xe, 0x8d,
    0xfe, 0x77, 0x0, 0x81, 0xdc, 0x80, 0x43, 0xe0,
    0x80, 0x2a, 0xdf, 0x98, 0xe4, 0x1b, 0x2, 0xf7,
    0x23, 0x31, 0x3f, 0x88,

    /* U+0068 "h" */
    0x8f, 0x90, 0xf, 0xfe, 0x91, 0x5f, 0xf5, 0x8,
    0x4, 0x78, 0x80, 0x2b, 0x80, 0x12, 0xb7, 0xfa,
    0x80, 0x94, 0x0, 0x70, 0x0, 0x54, 0xd, 0x0,
    0x28, 0x6, 0x20, 0x10, 0xf, 0xff, 0x80,

    /* U+0069 "i" */
    0x17, 0x2a, 0x8e, 0xc0, 0x47, 0xf8, 0x87, 0xc8,
    0x7, 0xff, 0x48,

    /* U+006A "j" */
    0x0, 0xb, 0x90, 0x2, 0xa3, 0x80, 0x18, 0x8,
    0x0, 0x7f, 0x80, 0x4, 0xfc, 0x80, 0x7f, 0xfb,
    0x54, 0x39, 0x38, 0xc1, 0x44, 0x47, 0x84,

    /* U+006B "k" */
    0x8f, 0x90, 0xf, 0xfe, 0xaa, 0xff, 0x8c, 0x3,
    0x92, 0x82, 0xcc, 0x3, 0x1d, 0x85, 0x20, 0x6,
    0x3c, 0x9, 0x50, 0xc, 0xba, 0xc, 0xc0, 0xe,
    0x31, 0x5, 0x0, 0xfa, 0x84, 0xe4, 0x3, 0x99,
    0x68, 0x19, 0x40, 0x3c, 0x8e, 0x14, 0x40, 0x1e,
    0x83, 0xf, 0x0, 0xfb, 0x44, 0xa4,

    /* U+006C "l" */
    0x8f, 0x90, 0xf, 0xfe, 0xd8,

    /* U+006D "m" */
    0x8f, 0x74, 0xcf, 0xd4, 0x4, 0xcf, 0xe9, 0x0,
    0xd9, 0x60, 0x44, 0xb5, 0xb0, 0x31, 0x6b, 0x0,
    0x93, 0x31, 0xac, 0x15, 0x19, 0x90, 0x21, 0x0,
    0x10, 0xc0, 0x14, 0x0, 0x70, 0x1, 0x88, 0x30,
    0x0, 0x80, 0x21, 0x0, 0xf1, 0x80, 0x80, 0x7f,
    0xff, 0xc0, 0x3f, 0xf9, 0x20,

    /* U+006E "n" */
    0x8f, 0x83, 0xbf, 0xea, 0x10, 0x8, 0xb1, 0x8c,
    0x57, 0x0, 0x25, 0x9d, 0xcc, 0x1, 0x28, 0x0,
    0xd8, 0x0, 0x6a, 0x1a, 0x0, 0x50, 0xc, 0x60,
    0x20, 0x1f, 0xff, 0x0,

    /* U+006F "o" */
    0x0, 0x97, 0x3b, 0xf1, 0x80, 0x3a, 0x68, 0xc0,
    0x4e, 0x68, 0x2, 0x56, 0xa, 0xee, 0x58, 0x2b,
    0x0, 0x38, 0x1d, 0x40, 0x9, 0x1, 0x60, 0x4,
    0xb, 0x0, 0xca, 0x4, 0x1, 0x84, 0x3, 0x10,
    0x0, 0x40, 0x21, 0x0, 0xc4, 0x0, 0x10, 0x30,
    0xb0, 0xc, 0xa0, 0x40, 0x9, 0x7, 0x40, 0x1,
    0xc0, 0x58, 0x1, 0x58, 0x2f, 0x75, 0x80, 0xac,
    0x1, 0x4d, 0x19, 0x10, 0xe6, 0x80, 0x0,

    /* U+0070 "p" */
    0x8f, 0x83, 0xcf, 0xea, 0x20, 0xc, 0x78, 0x28,
    0xb, 0x84, 0x1, 0x23, 0xed, 0xf2, 0xf, 0x0,
    0x43, 0x0, 0x14, 0x81, 0x90, 0x1, 0x0, 0x31,
    0x10, 0x1c, 0x0, 0x60, 0x1c, 0x20, 0x60, 0x2,
    0x0, 0xe2, 0x3, 0x0, 0x20, 0x6, 0x31, 0x7,
    0x0, 0xa8, 0x0, 0x3e, 0x6, 0x40, 0x5, 0x4f,
    0xde, 0x31, 0xe0, 0x8, 0xf1, 0x8, 0x57, 0x8,
    0x3, 0x15, 0xff, 0x51, 0x0, 0x7f, 0xf5, 0xc0,

    /* U+0071 "q" */
    0x0, 0x9f, 0x7f, 0x58, 0xbf, 0x80, 0x17, 0x4,
    0x27, 0x36, 0x1, 0x32, 0x5, 0xf7, 0x29, 0x80,
    0x2a, 0x7, 0x40, 0x2, 0xb0, 0x4, 0x61, 0x60,
    0x1b, 0x40, 0x38, 0x40, 0x33, 0x80, 0x70, 0x80,
    0x66, 0x0, 0x8c, 0x2c, 0x3, 0x60, 0x5, 0x40,
    0xe8, 0x0, 0x56, 0x0, 0x99, 0x2, 0xfb, 0x94,
    0xc0, 0x1a, 0xe0, 0x84, 0xe6, 0x80, 0x39, 0xf7,
    0xf5, 0x80, 0x3f, 0xfb, 0x0,

    /* U+0072 "r" */
    0x8f, 0x85, 0xdf, 0x40, 0x2, 0x51, 0x10, 0x2,
    0x38, 0xfd, 0x40, 0x1, 0xb8, 0x7, 0x28, 0x7,
    0xff, 0x88,

    /* U+0073 "s" */
    0x0, 0x15, 0x77, 0xf4, 0x88, 0x0, 0xb5, 0x41,
    0x1, 0xbc, 0x42, 0xc1, 0x3a, 0xf9, 0x41, 0x0,
    0xc0, 0x80, 0x2a, 0xe5, 0xf, 0x6, 0xb7, 0x40,
    0xc, 0xb4, 0x49, 0x17, 0xf0, 0x1, 0x2e, 0xea,
    0x94, 0x1e, 0x0, 0x6, 0x4, 0xb5, 0x0, 0x81,
    0xb8, 0xe0, 0x16, 0x83, 0x84, 0x4, 0x6d, 0xf2,
    0x84, 0x2, 0xda, 0x1a, 0x2, 0xe9, 0x80,

    /* U+0074 "t" */
    0x1, 0x87, 0x0, 0xc4, 0xf0, 0x1, 0xfe, 0xcc,
    0x0, 0x3f, 0xc2, 0xa6, 0x0, 0x44, 0x4, 0xf8,
    0x2, 0xec, 0x20, 0x1f, 0xfd, 0x81, 0x0, 0x8,
    0x4, 0x44, 0xf, 0xd2, 0x0, 0x7a, 0x9, 0x30,

    /* U+0075 "u" */
    0x8f, 0x90, 0xd, 0x3f, 0x20, 0x1f, 0xff, 0x22,
    0x0, 0xca, 0x0, 0xd0, 0x45, 0x0, 0x39, 0x80,
    0x14, 0x82, 0xbf, 0xd0, 0xc0, 0x16, 0x28, 0x82,
    0x67, 0x0, 0x0,

    /* U+0076 "v" */
    0x5f, 0xe0, 0xe, 0x7f, 0xd0, 0x50, 0x14, 0x0,
    0xd6, 0x14, 0x0, 0x60, 0xe0, 0x8, 0x8c, 0x18,
    0x1, 0x40, 0xa0, 0x12, 0x82, 0x8, 0x0, 0xc8,
    0x14, 0x1, 0x41, 0xc0, 0x1a, 0x83, 0xc0, 0x88,
    0xa, 0x1, 0x98, 0x14, 0x14, 0x18, 0x3, 0x85,
    0x1, 0x2c, 0x28, 0x3, 0xdc, 0x1c, 0x64, 0x60,
    0x1e, 0x50, 0x50, 0xa0, 0xf, 0xcc, 0x0, 0x60,
    0xc,

    /* U+0077 "w" */
    0x4f, 0xf0, 0x6, 0xef, 0x80, 0x9, 0xbf, 0x81,
    0x0, 0x6, 0x0, 0x21, 0x4, 0x0, 0xb0, 0x1c,
    0x0, 0x80, 0x80, 0x4, 0x1, 0x30, 0x9, 0x3,
    0x40, 0x1a, 0x16, 0x0, 0xd0, 0x60, 0x40, 0x21,
    0x4, 0x0, 0x38, 0x18, 0x1, 0xe, 0xc3, 0x1,
    0x1, 0x40, 0x21, 0x30, 0x43, 0x4, 0x30, 0x40,
    0xd0, 0xc0, 0xc, 0x80, 0x68, 0x18, 0x8, 0x60,
    0xa0, 0xe0, 0x1a, 0xc3, 0x34, 0x10, 0x34, 0x18,
    0x4c, 0x40, 0x31, 0x8a, 0xa2, 0x0, 0x8, 0x16,
    0x16, 0x1, 0xe7, 0x11, 0x68, 0x0, 0x8a, 0x5,
    0x0, 0xf6, 0x80, 0x10, 0x2, 0x40, 0x12, 0x0,
    0x80,

    /* U+0078 "x" */
    0xd, 0xf8, 0x0, 0x93, 0xfc, 0x41, 0xc0, 0xe4,
    0x0, 0x90, 0x82, 0x3, 0x60, 0x90, 0x82, 0x37,
    0x0, 0xa4, 0x51, 0x5c, 0x38, 0x3, 0xa8, 0x28,
    0x20, 0x80, 0x39, 0x4, 0x0, 0xe0, 0x1e, 0x71,
    0x10, 0x48, 0x7, 0x14, 0x6, 0xb, 0x18, 0x6,
    0xe0, 0x72, 0x80, 0xe0, 0x9, 0xcc, 0xa0, 0x18,
    0xca, 0x40, 0xa0, 0x24, 0x2, 0xe0, 0x64,

    /* U+0079 "y" */
    0x5f, 0xe0, 0xe, 0x6f, 0xd0, 0x50, 0x14, 0x0,
    0xd4, 0x14, 0x0, 0x60, 0xe0, 0x8, 0x8c, 0x18,
    0x1, 0x40, 0xa0, 0x15, 0x2, 0x8, 0x0, 0xc8,
    0x14, 0x0, 0xa1, 0xc0, 0x1a, 0x83, 0x80, 0xc8,
    0x54, 0x3, 0x30, 0x20, 0x58, 0x38, 0x7, 0xa,
    0x2, 0xb0, 0x58, 0x7, 0xb8, 0x38, 0x4c, 0x80,
    0x3c, 0xa2, 0x81, 0x40, 0x1f, 0x9c, 0x0, 0xe0,
    0x1f, 0xe5, 0x10, 0xf, 0x85, 0xc2, 0x40, 0x3c,
    0x9b, 0xc2, 0xa6, 0x1, 0xec, 0x21, 0x6a, 0x0,
    0xf0,

    /* U+007A "z" */
    0x9f, 0xff, 0xb0, 0x47, 0xc0, 0x7, 0x8e, 0xed,
    0x60, 0x9, 0x0, 0xc5, 0x41, 0x44, 0x1, 0xbc,
    0x19, 0x40, 0x35, 0x11, 0xc8, 0x6, 0x65, 0xe,
    0x0, 0xc7, 0x21, 0x44, 0x1, 0xe, 0x83, 0x28,
    0x6, 0xb1, 0x7, 0xee, 0xe6, 0x0, 0x8, 0xf8,

    /* U+007B "{" */
    0x0, 0xc4, 0xca, 0x1, 0x46, 0xcf, 0x80, 0x9,
    0xc2, 0x20, 0x0, 0x40, 0x47, 0x20, 0x0, 0x81,
    0x80, 0x7f, 0xf1, 0xb8, 0x3c, 0x0, 0x28, 0xe0,
    0x60, 0x8, 0xb3, 0x94, 0x0, 0xc7, 0xc0, 0x14,
    0xe9, 0xba, 0x80, 0x44, 0xa1, 0xa0, 0x1b, 0xc0,
    0x3f, 0xf8, 0x22, 0x2, 0x1, 0x88, 0x1c, 0xc0,
    0x24, 0x31, 0xca, 0x0, 0xb2, 0x9b, 0x40,

    /* U+007C "|" */
    0x8f, 0x60, 0xf, 0xff, 0xc8,

    /* U+007D "}" */
    0x65, 0x10, 0xd, 0x75, 0xca, 0x1, 0x73, 0x5,
    0x80, 0x47, 0x24, 0x24, 0x1, 0x98, 0x18, 0x3,
    0xff, 0x8c, 0x20, 0x20, 0x1b, 0x42, 0x48, 0x2,
    0x77, 0x16, 0xb0, 0x4, 0x22, 0x0, 0xd0, 0xc7,
    0xac, 0x0, 0x30, 0x92, 0x0, 0xe1, 0x0, 0xff,
    0x9c, 0x1c, 0x2, 0x53, 0x2, 0x0, 0x6d, 0x3,
    0x8, 0x1, 0x1a, 0xe4, 0x2,

    /* U+007E "~" */
    0x3, 0xcf, 0xc4, 0x0, 0xd, 0x38, 0x69, 0x89,
    0xdb, 0x83, 0xae, 0xa0, 0xa7, 0x60, 0xc7, 0xc8,
    0x73, 0xaf, 0x81, 0xfa, 0x80, 0xca, 0x0,

    /* U+00A0 " " */

    /* U+00A1 "¡" */
    0x1d, 0xe2, 0x42, 0x15, 0x44, 0x98, 0x6e, 0xc2,
    0x1, 0xdf, 0xe1, 0x0, 0xf8, 0xc0, 0x3f, 0x8,
    0x7, 0xf8, 0x40, 0x38, 0x88, 0x0,

    /* U+00A2 "¢" */
    0x0, 0xea, 0x80, 0xf, 0xc6, 0xc6, 0x60, 0xe,
    0x2c, 0xc1, 0xa6, 0x60, 0x80, 0x3, 0x86, 0x72,
    0x20, 0xf0, 0x42, 0x44, 0xf1, 0x8e, 0xcc, 0x10,
    0x18, 0x24, 0x3, 0x67, 0x28, 0x8, 0x38, 0x7,
    0xff, 0x1c, 0x41, 0xc0, 0x30, 0x80, 0x4e, 0x12,
    0x1, 0xab, 0xd8, 0x20, 0x4f, 0x18, 0xed, 0x5,
    0xc0, 0x70, 0xce, 0x44, 0x1e, 0x8, 0x0, 0xb3,
    0x6, 0x99, 0x82, 0x0, 0xe3, 0x63, 0x30, 0x4,

    /* U+00A3 "£" */
    0x0, 0x9b, 0x3f, 0xac, 0xc0, 0x35, 0x49, 0x80,
    0xa6, 0x28, 0x1, 0x14, 0x2f, 0xfd, 0x1, 0x40,
    0xc, 0x6, 0x40, 0x3, 0xb3, 0x8, 0x4, 0x4,
    0x3, 0x4c, 0x88, 0x4, 0x3, 0xfb, 0xdc, 0x1f,
    0xff, 0x0, 0x4c, 0x60, 0x4c, 0xd8, 0x2, 0x9b,
    0x7, 0x99, 0xc0, 0x18, 0x40, 0x3f, 0xf8, 0xa2,
    0x62, 0x1a, 0x32, 0x1, 0xaf, 0x13, 0xd0, 0x77,
    0xbb, 0x28, 0x38, 0x4, 0x23, 0xe9, 0x20,

    /* U+00A4 "¤" */
    0x0, 0xff, 0xe0, 0xa7, 0x19, 0xab, 0xbf, 0x64,
    0x5b, 0x88, 0x45, 0x98, 0x52, 0x50, 0x6e, 0x90,
    0x2, 0xb8, 0x1e, 0xe5, 0x6d, 0x88, 0x51, 0x3,
    0x16, 0x10, 0x4, 0x94, 0x1c, 0xa, 0x36, 0x1,
    0xe4, 0x42, 0x81, 0x2, 0x80, 0x7c, 0x60, 0x40,
    0x1f, 0xfc, 0x12, 0x5, 0x0, 0xf9, 0x0, 0x94,
    0x60, 0x3, 0xc8, 0x6c, 0x0, 0x51, 0xc2, 0x0,
    0x92, 0x83, 0xc1, 0xd0, 0x4f, 0x72, 0xf6, 0xc0,
    0x12, 0x8a, 0x9f, 0x88, 0x48, 0xf, 0xf8, 0x88,

    /* U+00A5 "¥" */
    0x7f, 0xe0, 0xe, 0xcf, 0x97, 0x11, 0x28, 0x4,
    0x66, 0x8, 0x9, 0x8, 0x0, 0xa0, 0x18, 0x41,
    0xc4, 0x90, 0x9, 0x2, 0x0, 0x28, 0x8, 0x8,
    0x6, 0x10, 0x9, 0x84, 0xd5, 0x41, 0x0, 0x10,
    0x93, 0x5, 0x2, 0x98, 0x80, 0x2b, 0x5c, 0x2,
    0x5d, 0xa0, 0x4, 0x55, 0x10, 0xe, 0xa9, 0x0,
    0x2, 0x77, 0x10, 0x3b, 0xc4, 0x0, 0xad, 0xd3,
    0x2, 0x6e, 0xa8, 0x1, 0x15, 0x44, 0x3, 0xaa,
    0x40, 0x0, 0xd5, 0x46, 0xc, 0xaa, 0x30, 0xf,
    0xfe, 0x0,

    /* U+00A6 "¦" */
    0x1f, 0xe0, 0xf, 0xfe, 0x18, 0xab, 0x85, 0x48,
    0x7, 0xd5, 0x22, 0xae, 0x1, 0xff, 0xc3,

    /* U+00A7 "§" */
    0x0, 0x36, 0xff, 0x48, 0x80, 0x53, 0x22, 0x30,
    0x6d, 0x0, 0x98, 0x37, 0x39, 0xd, 0x40, 0x31,
    0x0, 0x26, 0x48, 0x0, 0x40, 0x90, 0x1, 0x30,
    0x80, 0x28, 0x93, 0x94, 0x3, 0x1f, 0xfb, 0x6e,
    0x34, 0xc0, 0x10, 0x24, 0xb, 0xb5, 0x8a, 0xc,
    0xe, 0x1, 0x3a, 0xd0, 0xa8, 0x46, 0x20, 0x6,
    0x28, 0x30, 0x3b, 0xb5, 0x28, 0x10, 0x64, 0x88,
    0x22, 0x9d, 0x88, 0x1, 0xba, 0x0, 0xa, 0x80,
    0x1c, 0xfa, 0x2c, 0x60, 0x72, 0xc0, 0x2, 0x70,
    0x40, 0x16, 0x84, 0x3, 0x70, 0x20, 0x27, 0x1b,
    0xfc, 0x14, 0x50, 0x4, 0x5a, 0xa2, 0xd5, 0x80,
    0x0,

    /* U+00A8 "¨" */
    0x5, 0x40, 0x2, 0x28, 0x25, 0x58, 0x8a, 0xe9,
    0x14, 0x8c, 0x44, 0x62, 0xa0,

    /* U+00A9 "©" */
    0x0, 0xe6, 0xbd, 0xd5, 0xb8, 0x80, 0x7c, 0x9d,
    0x28, 0x44, 0x48, 0xe7, 0x0, 0xe5, 0xb1, 0x5b,
    0xef, 0xc7, 0x8, 0x90, 0x8, 0xa8, 0x26, 0x86,
    0xee, 0x9d, 0x16, 0x60, 0x2, 0x1, 0xda, 0xa8,
    0xa8, 0xfe, 0x1a, 0x10, 0x0, 0x51, 0x86, 0x53,
    0xdf, 0x81, 0xe3, 0x41, 0x54, 0x4, 0xa, 0xd,
    0x20, 0x78, 0x50, 0xd0, 0xd1, 0x3, 0x2, 0x20,
    0x80, 0x4f, 0x20, 0x40, 0x22, 0x3, 0x2, 0x20,
    0x80, 0x51, 0x0, 0x10, 0x15, 0x4, 0xa, 0xd,
    0x20, 0x87, 0x20, 0xf0, 0xd1, 0x41, 0x66, 0x29,
    0xef, 0xb8, 0xd9, 0x28, 0x20, 0x40, 0x4a, 0x55,
    0x15, 0x1f, 0xc3, 0xc2, 0x4, 0xe, 0x2, 0xe5,
    0xea, 0xe5, 0xfc, 0x91, 0xc0, 0x27, 0xa0, 0x6d,
    0xfe, 0xe4, 0x8b, 0x58, 0x7, 0x2f, 0x41, 0x80,
    0x93, 0x6c, 0x80, 0x40,

    /* U+00AA "ª" */
    0x0, 0x46, 0xff, 0x40, 0x5, 0x8e, 0xe8, 0x57,
    0xa0, 0x7, 0xdd, 0x3d, 0x8a, 0x80, 0xc, 0x62,
    0xb4, 0x40, 0x3, 0xb4, 0x7b, 0x24, 0x0, 0x42,
    0x7b, 0x74, 0x20, 0x3, 0x3, 0x43, 0xe8, 0x4,
    0x74, 0x6f, 0x50, 0x60, 0x0,

    /* U+00AB "«" */
    0x0, 0xd3, 0xf8, 0xd, 0xfc, 0x20, 0x13, 0x30,
    0x75, 0x24, 0x34, 0x40, 0x9, 0x21, 0x87, 0x61,
    0x46, 0x0, 0x3b, 0xb, 0x3c, 0x8, 0x50, 0xb,
    0x81, 0x92, 0xc4, 0xdc, 0x3, 0x48, 0x31, 0xc0,
    0x1a, 0x80, 0x64, 0x90, 0xd3, 0xb0, 0xa3, 0x0,
    0xcc, 0xc1, 0xd4, 0x90, 0xd1, 0x0, 0xd2, 0x87,
    0x4c, 0xe3, 0xa0, 0x1d, 0x7b, 0x1, 0x1b, 0xc0,

    /* U+00AC "¬" */
    0xac, 0xcf, 0x99, 0xcc, 0xfe, 0xed, 0xff, 0xe9,
    0x0, 0xff, 0xe2, 0xab, 0xe0,

    /* U+00AE "®" */
    0x0, 0xf0, 0x80, 0x7f, 0x15, 0x7f, 0x7e, 0x20,
    0x7, 0x26, 0xbc, 0x54, 0x85, 0xc0, 0x4, 0x56,
    0x9a, 0xea, 0xd9, 0xe, 0xc0, 0xb, 0x1b, 0x5f,
    0xee, 0x23, 0xac, 0x0, 0x1d, 0x80, 0xcb, 0x9a,
    0x42, 0x44, 0xc0, 0x78, 0x3, 0xe2, 0x7, 0x1,
    0xe0, 0x1, 0x6b, 0xc0, 0x10, 0x38, 0x22, 0x80,
    0xb, 0x4f, 0x2, 0x80, 0xc2, 0x4a, 0x12, 0xc3,
    0xb8, 0x8c, 0xe0, 0x3, 0x87, 0x92, 0x20, 0xf5,
    0xa4, 0x0, 0x4f, 0x6d, 0x7b, 0x8f, 0x16, 0x1,
    0xc9, 0xba, 0xbc, 0xe7, 0x0, 0x80,

    /* U+00AF "¯" */
    0x8, 0x8e, 0x31, 0x77, 0xe5,

    /* U+00B0 "°" */
    0x0, 0x34, 0xb8, 0x80, 0x36, 0x5a, 0x3c, 0xa0,
    0xa3, 0xe8, 0x60, 0xc5, 0xc1, 0x4d, 0x4, 0x44,
    0x2, 0x44, 0x90, 0xca, 0xf1, 0x93, 0xb2, 0x53,
    0xa5,

    /* U+00B1 "±" */
    0x0, 0xc9, 0xf4, 0x1, 0xff, 0xce, 0x1f, 0xfa,
    0xc1, 0x7f, 0xe6, 0x12, 0x28, 0x40, 0x4, 0x51,
    0x86, 0xed, 0x40, 0xbb, 0xb2, 0x80, 0x7f, 0xf0,
    0xd6, 0xa4, 0x3, 0xbb, 0xaf, 0xbd, 0xee, 0x94,
    0x47, 0xfc, 0x60,

    /* U+00B2 "²" */
    0x9, 0xef, 0xd7, 0xa, 0x64, 0x80, 0x86, 0xc8,
    0xa7, 0xe0, 0xc6, 0x70, 0x4, 0x7, 0x80, 0xb,
    0x52, 0x14, 0x17, 0x4e, 0xdc, 0x26, 0x81, 0xf2,
    0x1d, 0x0, 0xc, 0xee, 0x80,

    /* U+00B3 "³" */
    0x0, 0x46, 0xff, 0x48, 0x5, 0x2e, 0xce, 0xad,
    0x40, 0xb, 0xdb, 0x9e, 0x0, 0xc4, 0x47, 0xea,
    0x5a, 0x0, 0xcd, 0x90, 0xb8, 0x0, 0x77, 0x9,
    0xb8, 0x99, 0x6, 0x46, 0x46, 0x9, 0x10, 0x2d,
    0xc9, 0xc9, 0xb0, 0x0,

    /* U+00B4 "´" */
    0x2, 0xec, 0x0, 0x40, 0xc0, 0x12, 0xb2, 0x0,

    /* U+00B5 "µ" */
    0x8f, 0x90, 0xd, 0x1f, 0x20, 0x1f, 0xff, 0x92,
    0x0, 0xc4, 0x1, 0xc8, 0x60, 0x2, 0x50, 0xe,
    0x1c, 0xbb, 0x69, 0x83, 0x48, 0x1, 0xdc, 0xaa,
    0x6c, 0x71, 0x70, 0xa, 0x3b, 0x92, 0x11, 0xdc,
    0x0, 0xff, 0xea, 0x80,

    /* U+00B6 "¶" */
    0x0, 0xa3, 0x7f, 0xf9, 0x80, 0x75, 0xc8, 0x0,
    0x42, 0x1, 0x41, 0x0, 0x4b, 0xae, 0x1, 0x38,
    0x7, 0xf8, 0x40, 0x3f, 0xc4, 0x1, 0xfe, 0x50,
    0xf, 0xf4, 0x18, 0x7, 0xfb, 0x25, 0xc, 0x80,
    0x3e, 0x6b, 0xc8, 0x0, 0xff, 0xf2, 0x0,

    /* U+00B7 "·" */
    0xb, 0xb0, 0xaa, 0x21, 0xd0, 0x88, 0x80,

    /* U+00B8 "¸" */
    0x1, 0x10, 0x5, 0x6e, 0x1, 0x34, 0x50, 0x3,
    0x29, 0x4c, 0xdf, 0x64, 0x43, 0xde, 0xd1,

    /* U+00B9 "¹" */
    0x1a, 0xff, 0xf, 0x20, 0x80, 0x1f, 0x88, 0x1,
    0x0, 0x1f, 0xfc, 0xc0,

    /* U+00BA "º" */
    0x0, 0x2e, 0x7f, 0x59, 0x0, 0x1e, 0x89, 0x91,
    0x1a, 0x41, 0x1, 0x93, 0x54, 0x8, 0x30, 0x42,
    0x0, 0x28, 0x20, 0x7, 0xf1, 0x82, 0x8, 0x1,
    0x41, 0x42, 0x3, 0xe6, 0xa8, 0x12, 0xf, 0x44,
    0xc8, 0x8d, 0x20,

    /* U+00BB "»" */
    0xc, 0xf9, 0xa, 0xfb, 0x0, 0xed, 0x16, 0x65,
    0x1a, 0x48, 0x6, 0x1c, 0x9, 0x4d, 0x16, 0x70,
    0xc, 0x56, 0x16, 0x78, 0x10, 0xa0, 0x19, 0x18,
    0x3c, 0xa4, 0x28, 0x40, 0x23, 0x60, 0x91, 0x80,
    0x81, 0x0, 0xe, 0x84, 0xa6, 0x8b, 0x38, 0x5,
    0xa2, 0xcc, 0xa3, 0x49, 0x0, 0xa8, 0xd2, 0x61,
    0x4a, 0xc0, 0x34, 0x6d, 0x85, 0x6e, 0x0, 0x60,

    /* U+00BC "¼" */
    0x5, 0xff, 0x30, 0x7, 0x9b, 0xd4, 0x0, 0x74,
    0x80, 0x1f, 0x14, 0xaa, 0x80, 0x3, 0x7e, 0x1,
    0xf7, 0xd, 0x80, 0x44, 0x80, 0x1f, 0x41, 0xd0,
    0x80, 0x7f, 0xc6, 0xee, 0x40, 0xf, 0xfe, 0x7,
    0x14, 0x0, 0x7f, 0xf0, 0x28, 0xbc, 0x0, 0xae,
    0x80, 0x1f, 0x2a, 0xa0, 0x80, 0xaa, 0x34, 0x2,
    0x4f, 0x61, 0xb4, 0x70, 0x4, 0x88, 0x7, 0xea,
    0xa, 0x0, 0x22, 0x2c, 0x3, 0xe6, 0x4b, 0x10,
    0x4, 0x9a, 0x80, 0x78, 0xa5, 0x54, 0x0, 0x72,
    0x91, 0x3, 0x0, 0xdc, 0x36, 0x1, 0x60, 0x57,
    0x2, 0xc8, 0x2, 0xe, 0x84, 0x2, 0x8b, 0xb5,
    0x2, 0x58, 0x3, 0x30, 0x80, 0x18, 0xd1, 0xb,
    0x72, 0x40,

    /* U+00BD "½" */
    0x1, 0x89, 0x30, 0xf, 0x14, 0xa0, 0x4, 0x3e,
    0xec, 0xa0, 0x1e, 0xe7, 0x50, 0x9, 0x52, 0x80,
    0x3e, 0x73, 0xa1, 0x0, 0x92, 0x84, 0x3, 0xc5,
    0xc, 0x80, 0x1f, 0xfc, 0x1e, 0x19, 0x0, 0xff,
    0xe0, 0xc1, 0xd0, 0x7, 0xff, 0x4, 0xdd, 0x90,
    0x0, 0x20, 0x1f, 0xee, 0x19, 0x7, 0xfe, 0xe2,
    0x80, 0x4b, 0x48, 0x10, 0x54, 0x5, 0x9, 0x27,
    0x40, 0x10, 0xa9, 0x1b, 0xb2, 0x1, 0xe5, 0x32,
    0x81, 0x0, 0x77, 0xc, 0x80, 0x4, 0xc4, 0x4c,
    0x64, 0x1, 0xa0, 0xa8, 0x3, 0xda, 0x3c, 0x1,
    0x8d, 0xd9, 0x0, 0x3a, 0xce, 0x88, 0x3, 0x71,
    0x48, 0x7, 0x52, 0x33, 0x90, 0x5, 0x5, 0x20,
    0x1c, 0x6a, 0xd, 0xba, 0x40, 0x6, 0x5a, 0x0,
    0x71, 0x55, 0x72, 0x80,

    /* U+00BE "¾" */
    0x0, 0xff, 0xe1, 0x8, 0x6, 0x2c, 0xff, 0x58,
    0x7, 0xdb, 0x80, 0x1a, 0x42, 0x9d, 0x1c, 0x3,
    0xa8, 0xbc, 0x3, 0x5e, 0x2e, 0x80, 0x79, 0x55,
    0x4, 0x1, 0xc3, 0xf4, 0x8e, 0x1, 0xd, 0xa3,
    0x80, 0x78, 0x72, 0x12, 0x40, 0x2a, 0x1a, 0x0,
    0xfc, 0x6e, 0x2e, 0x0, 0x64, 0xa1, 0x0, 0xf6,
    0x59, 0xa8, 0xa8, 0x14, 0xaa, 0x80, 0x2, 0x20,
    0xa, 0x93, 0x28, 0xa4, 0x38, 0x6c, 0x0, 0xbd,
    0xc2, 0x0, 0x37, 0x66, 0x34, 0x9c, 0xe8, 0x40,
    0x6c, 0x3, 0xc2, 0x66, 0x3, 0x86, 0x40, 0x4,
    0x3, 0x80, 0x7f, 0x71, 0x48, 0x0, 0xda, 0x3c,
    0x3, 0xf4, 0x97, 0x0, 0x5c, 0x4e, 0x0, 0x10,
    0xe, 0x46, 0x83, 0x0, 0x11, 0x5d, 0x1, 0x84,
    0x1, 0xd, 0x1b, 0x80, 0x45, 0x77, 0x28, 0x49,
    0x0, 0x6a, 0xd0, 0xe, 0x44, 0xa2, 0xd8, 0x0,

    /* U+00BF "¿" */
    0x0, 0xcb, 0xd6, 0x1, 0xf7, 0x8a, 0x10, 0x7,
    0xa4, 0xd8, 0x80, 0x3c, 0x79, 0x20, 0x1f, 0xb,
    0xa8, 0x7, 0xc9, 0x1c, 0x1, 0xf7, 0x1, 0x0,
    0x70, 0xda, 0x5, 0x80, 0x62, 0xf4, 0x2c, 0x20,
    0xd, 0x2, 0x58, 0x60, 0x1c, 0xa1, 0x22, 0x1,
    0xff, 0xc0, 0x8f, 0xa0, 0x40, 0xf0, 0x1, 0x30,
    0x60, 0x40, 0x27, 0xee, 0x84, 0xd8, 0xf, 0x54,
    0x48, 0x8f, 0x80,

    /* U+00C0 "À" */
    0x0, 0xc9, 0xd6, 0x1, 0xff, 0x22, 0xa1, 0x80,
    0x7f, 0xd4, 0x10, 0x1, 0xff, 0xf, 0xd8, 0x7,
    0xff, 0x36, 0x3f, 0xd2, 0x1, 0xfe, 0x60, 0x3,
    0x80, 0x7f, 0x20, 0x9a, 0xa, 0x80, 0x7e, 0xd0,
    0xbd, 0xe, 0x0, 0xfc, 0xc0, 0xae, 0x8, 0x20,
    0x1e, 0x50, 0x32, 0x14, 0x6, 0x0, 0xf7, 0x5,
    0x80, 0x38, 0x28, 0x3, 0x85, 0x1, 0x80, 0xa,
    0x24, 0x60, 0x19, 0x80, 0x19, 0xbb, 0x8, 0x50,
    0x6, 0xa0, 0x1, 0x16, 0x0, 0x30, 0x4, 0x64,
    0x1d, 0xff, 0xc2, 0xa, 0x0, 0xa0, 0x41, 0x0,
    0xe7, 0xe, 0x0, 0x38, 0x68, 0x7, 0xa8, 0x10,
    0x94, 0x41, 0xc0, 0x3c, 0x62, 0xa,

    /* U+00C1 "Á" */
    0x0, 0xfa, 0x79, 0x80, 0x3f, 0xc2, 0xc6, 0xc0,
    0x1f, 0xe8, 0xe, 0x0, 0xff, 0xa7, 0xcc, 0x3,
    0xff, 0x99, 0x1f, 0xe9, 0x0, 0xff, 0x30, 0x1,
    0xc0, 0x3f, 0x90, 0x4d, 0x5, 0x40, 0x3f, 0x68,
    0x5e, 0x87, 0x0, 0x7e, 0x60, 0x57, 0x4, 0x10,
    0xf, 0x28, 0x19, 0xa, 0x3, 0x0, 0x7b, 0x82,
    0xc0, 0x1c, 0x14, 0x1, 0xc2, 0x80, 0xc0, 0x5,
    0x12, 0x30, 0xc, 0xc0, 0xc, 0xdd, 0x84, 0x28,
    0x3, 0x50, 0x0, 0x8b, 0x0, 0x18, 0x2, 0x32,
    0xe, 0xff, 0xe1, 0x5, 0x0, 0x50, 0x20, 0x80,
    0x73, 0x87, 0x0, 0x1c, 0x34, 0x3, 0xd4, 0x8,
    0x4a, 0x20, 0xe0, 0x1e, 0x31, 0x5,

    /* U+00C2 "Â" */
    0x0, 0xe4, 0xff, 0x30, 0x7, 0xf1, 0x59, 0xac,
    0xa0, 0x7, 0xc3, 0x83, 0xd4, 0x54, 0x40, 0x1e,
    0x1e, 0xe1, 0x6, 0xf1, 0x0, 0x7f, 0xf2, 0xa3,
    0xfd, 0x20, 0x1f, 0xe6, 0x0, 0x38, 0x7, 0xf2,
    0x9, 0xa0, 0xa8, 0x7, 0xed, 0xb, 0xd0, 0xe0,
    0xf, 0xcc, 0xa, 0xe0, 0x82, 0x1, 0xe5, 0x3,
    0x21, 0x40, 0x60, 0xf, 0x70, 0x58, 0x3, 0x82,
    0x80, 0x38, 0x50, 0x18, 0x0, 0xa2, 0x46, 0x1,
    0x98, 0x1, 0x9b, 0xb0, 0x85, 0x0, 0x6a, 0x0,
    0x11, 0x60, 0x3, 0x0, 0x46, 0x41, 0xdf, 0xfc,
    0x20, 0xa0, 0xa, 0x4, 0x10, 0xe, 0x70, 0xe0,
    0x3, 0x86, 0x80, 0x7a, 0x81, 0x9, 0x44, 0x1c,
    0x3, 0xc6, 0x20, 0xa0,

    /* U+00C3 "Ã" */
    0x0, 0xf0, 0x8e, 0x0, 0xfd, 0x3f, 0xdd, 0x60,
    0x7, 0xea, 0xbb, 0xb3, 0x40, 0x3f, 0x1a, 0x24,
    0x60, 0x1f, 0xfc, 0xc8, 0xff, 0x48, 0x7, 0xf9,
    0x80, 0xe, 0x1, 0xfc, 0x82, 0x68, 0x2a, 0x1,
    0xfb, 0x42, 0xf4, 0x38, 0x3, 0xf3, 0x2, 0xb8,
    0x20, 0x80, 0x79, 0x40, 0xc8, 0x50, 0x18, 0x3,
    0xdc, 0x16, 0x0, 0xe0, 0xa0, 0xe, 0x14, 0x6,
    0x0, 0x28, 0x91, 0x80, 0x66, 0x0, 0x66, 0xec,
    0x21, 0x40, 0x1a, 0x80, 0x4, 0x58, 0x0, 0xc0,
    0x11, 0x90, 0x77, 0xff, 0x8, 0x28, 0x2, 0x81,
    0x4, 0x3, 0x9c, 0x38, 0x0, 0xe1, 0xa0, 0x1e,
    0xa0, 0x42, 0x51, 0x7, 0x0, 0xf1, 0x88, 0x28,

    /* U+00C4 "Ä" */
    0x0, 0xca, 0x80, 0x3, 0x50, 0xf, 0x8a, 0xac,
    0x83, 0x29, 0x40, 0x3c, 0x64, 0x50, 0x20, 0xb8,
    0x7, 0x87, 0x74, 0x0, 0xbe, 0x20, 0xf, 0xfe,
    0x54, 0x7f, 0xa4, 0x3, 0xfc, 0xc0, 0x7, 0x0,
    0xfe, 0x41, 0x34, 0x15, 0x0, 0xfd, 0xa1, 0x7a,
    0x1c, 0x1, 0xf9, 0x81, 0x5c, 0x10, 0x40, 0x3c,
    0xa0, 0x64, 0x28, 0xc, 0x1, 0xee, 0xb, 0x0,
    0x70, 0x50, 0x7, 0xa, 0x3, 0x0, 0x14, 0x48,
    0xc0, 0x33, 0x0, 0x33, 0x76, 0x10, 0xa0, 0xd,
    0x40, 0x2, 0x2c, 0x0, 0x60, 0x8, 0xc8, 0x3b,
    0xff, 0x84, 0x14, 0x1, 0x40, 0x82, 0x1, 0xce,
    0x1c, 0x0, 0x70, 0xd0, 0xf, 0x50, 0x21, 0x28,
    0x83, 0x80, 0x78, 0xc4, 0x14,

    /* U+00C5 "Å" */
    0x0, 0xff, 0xe3, 0xb7, 0x7c, 0x0, 0x7f, 0x24,
    0xca, 0x9d, 0x80, 0x3f, 0x60, 0xba, 0x9e, 0x0,
    0x7e, 0xd1, 0x42, 0x32, 0x0, 0xfc, 0xad, 0x7a,
    0x90, 0x1, 0xfd, 0x3b, 0xab, 0x0, 0xff, 0x46,
    0xea, 0x40, 0x3f, 0xcc, 0x0, 0x70, 0xf, 0xe4,
    0x13, 0x41, 0x50, 0xf, 0xda, 0x17, 0xa1, 0xc0,
    0x1f, 0x98, 0x15, 0xc1, 0x4, 0x3, 0xca, 0x6,
    0x42, 0x80, 0xc0, 0x1e, 0xe0, 0xb0, 0x7, 0x5,
    0x0, 0x70, 0xa0, 0x30, 0x1, 0x44, 0x8c, 0x3,
    0x30, 0x3, 0x37, 0x61, 0xa, 0x0, 0xd4, 0x0,
    0x22, 0xc0, 0x6, 0x0, 0x8c, 0x83, 0xbf, 0xf8,
    0x41, 0x40, 0x14, 0x8, 0x20, 0x1c, 0xe1, 0xc0,
    0x7, 0xd, 0x0, 0xf5, 0x2, 0x12, 0x88, 0x38,
    0x7, 0x8c, 0x41, 0x40,

    /* U+00C6 "Æ" */
    0x0, 0xfb, 0xbf, 0xff, 0xd8, 0x1, 0xe7, 0x12,
    0x60, 0x0, 0x8f, 0x9c, 0x3, 0xd2, 0x11, 0xa0,
    0x5d, 0xde, 0xb0, 0xe, 0x71, 0x25, 0x0, 0xff,
    0xe1, 0xc8, 0x40, 0x7, 0xff, 0xd, 0x84, 0x94,
    0x3, 0xff, 0x87, 0x61, 0x0, 0x18, 0xbf, 0xfc,
    0x80, 0x12, 0x91, 0x14, 0x3, 0x84, 0x7c, 0x1,
    0xa0, 0xf, 0x32, 0x90, 0x2e, 0xef, 0x20, 0x1,
    0x48, 0x4, 0xce, 0x20, 0xf, 0xfa, 0x42, 0x3f,
    0xf5, 0x80, 0x7f, 0x90, 0xc1, 0x80, 0x3f, 0xf8,
    0x70, 0xc, 0x20, 0x1e, 0x2e, 0xef, 0x62, 0x18,
    0x58, 0x7, 0xe1, 0x1f, 0x80,

    /* U+00C7 "Ç" */
    0x0, 0x8e, 0xb7, 0xfa, 0xd8, 0x3, 0xa3, 0x14,
    0x80, 0x52, 0x70, 0x40, 0x10, 0xe0, 0xd9, 0xfb,
    0x22, 0x7a, 0x4, 0xe1, 0x12, 0x60, 0x4d, 0x80,
    0x69, 0x40, 0x4e, 0x1, 0xc5, 0xa, 0x26, 0x14,
    0x1, 0xf3, 0xd2, 0xb0, 0x10, 0x7, 0xff, 0x2d,
    0x80, 0x80, 0x3f, 0xc6, 0x16, 0x1, 0xf3, 0xd2,
    0xd0, 0x1b, 0x0, 0x71, 0x42, 0x89, 0x38, 0x4c,
    0x8c, 0x9, 0xb0, 0xd, 0x2, 0x1c, 0x1b, 0x3f,
    0x64, 0x4f, 0x40, 0x28, 0xc5, 0x20, 0x2, 0x4e,
    0x8, 0x6, 0x3a, 0xd0, 0xbb, 0x30, 0x7, 0xe1,
    0x5a, 0xb0, 0xf, 0xe1, 0xb7, 0x40, 0xf, 0xe8,
    0xe7, 0x80, 0xc,

    /* U+00C8 "È" */
    0x0, 0x1f, 0x68, 0x7, 0xc6, 0xe4, 0xc0, 0x1f,
    0x49, 0x58, 0x7, 0xed, 0xd0, 0x7, 0xff, 0x9,
    0xbf, 0xff, 0x60, 0x4, 0x23, 0xe7, 0x0, 0x17,
    0x77, 0xac, 0x3, 0xff, 0xa8, 0x5f, 0xfe, 0x40,
    0x8, 0x47, 0xc0, 0x11, 0x77, 0x79, 0x0, 0x3f,
    0xfa, 0x85, 0xdd, 0xec, 0x0, 0x84, 0x7e,

    /* U+00C9 "É" */
    0x0, 0xe6, 0xe9, 0x0, 0xfa, 0x2, 0x0, 0x3c,
    0xc3, 0x62, 0x1, 0xe6, 0xf5, 0x0, 0xff, 0xe0,
    0xb7, 0xff, 0xec, 0x0, 0x84, 0x7c, 0xe0, 0x2,
    0xee, 0xf5, 0x80, 0x7f, 0xf5, 0xb, 0xff, 0xc8,
    0x1, 0x8, 0xf8, 0x2, 0x2e, 0xef, 0x20, 0x7,
    0xff, 0x50, 0xbb, 0xbd, 0x80, 0x10, 0x8f, 0xc0,

    /* U+00CA "Ê" */
    0x0, 0x8b, 0xfd, 0x20, 0x1c, 0x38, 0x2c, 0xd0,
    0x6, 0xd1, 0xd9, 0x49, 0x30, 0xb, 0x3c, 0xc2,
    0xfc, 0xc0, 0x3f, 0xe6, 0xff, 0xfd, 0x80, 0x10,
    0x8f, 0x9c, 0x0, 0x5d, 0xde, 0xb0, 0xf, 0xfe,
    0xa1, 0x7f, 0xf9, 0x0, 0x21, 0x1f, 0x0, 0x45,
    0xdd, 0xe4, 0x0, 0xff, 0xea, 0x17, 0x77, 0xb0,
    0x2, 0x11, 0xf8,

    /* U+00CB "Ë" */
    0x0, 0x1a, 0x80, 0x9, 0x80, 0x21, 0xca, 0x40,
    0xf9, 0x70, 0x0, 0x98, 0xb0, 0x20, 0x18, 0x5,
    0x9c, 0x41, 0x3e, 0x80, 0x1f, 0xf3, 0x7f, 0xfe,
    0xc0, 0x8, 0x47, 0xce, 0x0, 0x2e, 0xef, 0x58,
    0x7, 0xff, 0x50, 0xbf, 0xfc, 0x80, 0x10, 0x8f,
    0x80, 0x22, 0xee, 0xf2, 0x0, 0x7f, 0xf5, 0xb,
    0xbb, 0xd8, 0x1, 0x8, 0xfc,

    /* U+00CC "Ì" */
    0x9e, 0x60, 0x81, 0xb0, 0x19, 0x25, 0x6, 0xf5,
    0x0, 0xe6, 0xfd, 0x0, 0xff, 0xf4, 0x0,

    /* U+00CD "Í" */
    0x0, 0x6f, 0x10, 0x39, 0x49, 0x4, 0x93, 0x80,
    0x3b, 0x40, 0x3e, 0x6f, 0xd0, 0xf, 0xff, 0xb8,

    /* U+00CE "Î" */
    0x0, 0x57, 0xf1, 0x0, 0x4e, 0xae, 0x1e, 0x0,
    0x58, 0x48, 0xa2, 0xb0, 0x5f, 0xb0, 0x4f, 0xb0,
    0xf, 0xf9, 0xbf, 0x40, 0x3f, 0xff, 0xe0, 0x1f,
    0xfd, 0x40,

    /* U+00CF "Ï" */
    0x6, 0x20, 0x2, 0x98, 0x44, 0xf0, 0x2d, 0x60,
    0x60, 0x20, 0x38, 0xa0, 0x27, 0xc0, 0x17, 0x58,
    0x7, 0xfc, 0xdf, 0xa0, 0x1f, 0xff, 0xf0, 0xf,
    0xfe, 0xa0,

    /* U+00D0 "Ð" */
    0x0, 0x7f, 0xf7, 0x6c, 0x90, 0x7, 0xf8, 0x49,
    0xb5, 0xc0, 0x3d, 0x7f, 0xf6, 0xb0, 0x43, 0x0,
    0x7f, 0x14, 0xc0, 0x48, 0x7, 0xfc, 0xe4, 0xc,
    0x1, 0xff, 0x20, 0x7e, 0x78, 0x2, 0xff, 0xdc,
    0x1, 0x70, 0x12, 0x28, 0x0, 0x55, 0x4e, 0x1,
    0xe8, 0xa0, 0x5, 0x55, 0x20, 0x17, 0x1, 0x0,
    0x7f, 0xc8, 0x1e, 0x1, 0xfe, 0x72, 0x6, 0x0,
    0xfc, 0x73, 0x1, 0x20, 0x1d, 0x7f, 0xf6, 0x30,
    0x43, 0x0, 0x7e, 0x12, 0x7d, 0x70, 0x0,

    /* U+00D1 "Ñ" */
    0x0, 0xe1, 0x1c, 0x1, 0xf1, 0x77, 0x72, 0x80,
    0x78, 0xea, 0xee, 0xd5, 0x0, 0xf0, 0xa2, 0x62,
    0x0, 0xff, 0xe2, 0xb7, 0xfa, 0x0, 0x3d, 0x7f,
    0x0, 0x13, 0x98, 0x7, 0xff, 0x3, 0xc0, 0x3f,
    0xc8, 0x66, 0x70, 0xf, 0xe7, 0xf0, 0x82, 0x0,
    0xfc, 0x26, 0xa1, 0xc0, 0x1f, 0xeb, 0x13, 0x70,
    0xf, 0x8c, 0x6, 0xc2, 0x8, 0x3, 0xf9, 0x54,
    0x12, 0x1, 0xfe, 0xb1, 0x45, 0x0, 0xfe, 0x1b,
    0xb, 0x10, 0xf, 0xe5, 0x41, 0x50, 0xf, 0xf5,
    0x0, 0x7f, 0xf0, 0x6, 0x40, 0x20,

    /* U+00D2 "Ò" */
    0x0, 0xd7, 0xec, 0x1, 0xff, 0x50, 0x58, 0x7,
    0xfc, 0x32, 0x68, 0x1, 0xff, 0x37, 0x20, 0x7,
    0xff, 0x2c, 0xeb, 0x7f, 0xad, 0x40, 0x3d, 0x18,
    0xa4, 0x2, 0x95, 0x82, 0x1, 0x3b, 0x81, 0xb3,
    0xfa, 0x40, 0xf4, 0x0, 0x50, 0x11, 0x26, 0x2,
    0xda, 0x6, 0xe1, 0x40, 0x6e, 0x1, 0xc5, 0x1,
    0x40, 0x61, 0x60, 0x1f, 0x28, 0x10, 0xb0, 0x10,
    0x7, 0xc4, 0x0, 0x30, 0xf, 0xfe, 0x13, 0x1,
    0x0, 0x7c, 0x40, 0x3, 0x30, 0x58, 0x7, 0xca,
    0x4, 0x34, 0x6, 0xc0, 0x1c, 0x50, 0x14, 0x4,
    0xe1, 0x32, 0x30, 0x16, 0xc0, 0x37, 0x0, 0x43,
    0x83, 0x67, 0xf4, 0x89, 0xe8, 0x6, 0x8c, 0x52,
    0x1, 0x49, 0xc1, 0x0, 0x0,

    /* U+00D3 "Ó" */
    0x0, 0xf0, 0xff, 0x84, 0x3, 0xfd, 0x21, 0x22,
    0x1, 0xfe, 0x55, 0x30, 0x7, 0xfd, 0xb4, 0x1,
    0xff, 0xcb, 0x3a, 0xdf, 0xeb, 0x50, 0xf, 0x46,
    0x29, 0x0, 0xa5, 0x60, 0x80, 0x4e, 0xe0, 0x6c,
    0xfe, 0x90, 0x3d, 0x0, 0x14, 0x4, 0x49, 0x80,
    0xb6, 0x81, 0xb8, 0x50, 0x1b, 0x80, 0x71, 0x40,
    0x50, 0x18, 0x58, 0x7, 0xca, 0x4, 0x2c, 0x4,
    0x1, 0xf1, 0x0, 0xc, 0x3, 0xff, 0x84, 0xc0,
    0x40, 0x1f, 0x10, 0x0, 0xcc, 0x16, 0x1, 0xf2,
    0x81, 0xd, 0x1, 0xb0, 0x7, 0x14, 0x5, 0x1,
    0x38, 0x4c, 0x8c, 0x5, 0xb0, 0xd, 0xc0, 0x10,
    0xe0, 0xd9, 0xfd, 0x22, 0x7a, 0x1, 0xa3, 0x14,
    0x80, 0x52, 0x70, 0x40, 0x0,

    /* U+00D4 "Ô" */
    0x0, 0xea, 0xfe, 0x10, 0xf, 0xe8, 0x57, 0x1d,
    0x0, 0xfc, 0xce, 0xb1, 0x47, 0x40, 0x1f, 0x37,
    0xd0, 0x2f, 0xd0, 0x7, 0xff, 0x24, 0xeb, 0x7f,
    0xad, 0x40, 0x3d, 0x18, 0xa4, 0x2, 0x95, 0x82,
    0x1, 0x3b, 0x81, 0xb3, 0xfa, 0x40, 0xf4, 0x0,
    0x50, 0x11, 0x26, 0x2, 0xda, 0x6, 0xe1, 0x40,
    0x6e, 0x1, 0xc5, 0x1, 0x40, 0x61, 0x60, 0x1f,
    0x28, 0x10, 0xb0, 0x10, 0x7, 0xc4, 0x0, 0x30,
    0xf, 0xfe, 0x13, 0x1, 0x0, 0x7c, 0x40, 0x3,
    0x30, 0x58, 0x7, 0xca, 0x4, 0x34, 0x6, 0xc0,
    0x1c, 0x50, 0x14, 0x4, 0xe1, 0x32, 0x30, 0x16,
    0xc0, 0x37, 0x0, 0x43, 0x83, 0x67, 0xf4, 0x89,
    0xe8, 0x6, 0x8c, 0x52, 0x1, 0x49, 0xc1, 0x0,
    0x0,

    /* U+00D5 "Õ" */
    0x0, 0xfe, 0x10, 0xf, 0xd7, 0xf6, 0x79, 0x0,
    0x1f, 0x1a, 0x40, 0x61, 0xd0, 0x7, 0xc5, 0x6f,
    0x7b, 0xa3, 0x0, 0xf8, 0x50, 0x0, 0x44, 0x0,
    0xff, 0xe5, 0x1d, 0x6f, 0xf5, 0xa8, 0x7, 0xa3,
    0x14, 0x80, 0x52, 0xb0, 0x40, 0x27, 0x70, 0x36,
    0x7f, 0x48, 0x1e, 0x80, 0xa, 0x2, 0x24, 0xc0,
    0x5b, 0x40, 0xdc, 0x28, 0xd, 0xc0, 0x38, 0xa0,
    0x28, 0xc, 0x2c, 0x3, 0xe5, 0x2, 0x16, 0x2,
    0x0, 0xf8, 0x80, 0x6, 0x1, 0xff, 0xc2, 0x60,
    0x20, 0xf, 0x88, 0x0, 0x66, 0xb, 0x0, 0xf9,
    0x40, 0x86, 0x80, 0xd8, 0x3, 0x8a, 0x2, 0x80,
    0x9c, 0x26, 0x46, 0x2, 0xd8, 0x6, 0xe0, 0x8,
    0x70, 0x6c, 0xfe, 0x91, 0x3d, 0x0, 0xd1, 0x8a,
    0x40, 0x29, 0x38, 0x20, 0x0,

    /* U+00D6 "Ö" */
    0x0, 0x97, 0xe0, 0xf, 0xa8, 0x3, 0xec, 0x4,
    0x5, 0x15, 0x0, 0xfa, 0x27, 0x81, 0xa7, 0x0,
    0x3e, 0x16, 0x20, 0x3, 0x18, 0x7, 0xff, 0x24,
    0xeb, 0x7f, 0xad, 0x40, 0x3d, 0x18, 0xa4, 0x2,
    0x95, 0x82, 0x1, 0x3b, 0x81, 0xb3, 0xfa, 0x40,
    0xf4, 0x0, 0x50, 0x11, 0x26, 0x2, 0xda, 0x6,
    0xe1, 0x40, 0x6e, 0x1, 0xc5, 0x1, 0x40, 0x61,
    0x60, 0x1f, 0x28, 0x10, 0xb0, 0x10, 0x7, 0xc4,
    0x0, 0x30, 0xf, 0xfe, 0x13, 0x1, 0x0, 0x7c,
    0x40, 0x3, 0x30, 0x58, 0x7, 0xca, 0x4, 0x34,
    0x6, 0xc0, 0x1c, 0x50, 0x14, 0x4, 0xe1, 0x32,
    0x30, 0x16, 0xc0, 0x37, 0x0, 0x43, 0x83, 0x67,
    0xf4, 0x89, 0xe8, 0x6, 0x8c, 0x52, 0x1, 0x49,
    0xc1, 0x0, 0x0,

    /* U+00D7 "×" */
    0x0, 0x18, 0x7, 0x88, 0x1, 0x58, 0x80, 0x1b,
    0x30, 0x41, 0xa1, 0x68, 0x0, 0xc3, 0x23, 0x7,
    0x80, 0xb5, 0xc3, 0x36, 0x88, 0x1, 0xe0, 0x28,
    0xcd, 0xa2, 0x1, 0x98, 0x40, 0x12, 0x20, 0x18,
    0x74, 0x44, 0x14, 0x80, 0x10, 0xe9, 0x9b, 0xe0,
    0x2d, 0x0, 0x1a, 0x66, 0xc1, 0x78, 0xb, 0x30,
    0x83, 0xc0, 0x9, 0xe1, 0x4c, 0x13, 0x0, 0x39,
    0xe8, 0x0,

    /* U+00D8 "Ø" */
    0x0, 0xff, 0x84, 0x3, 0x8e, 0xb7, 0xfa, 0xd6,
    0x3c, 0xc0, 0x28, 0xc5, 0x20, 0x14, 0xa7, 0x33,
    0x0, 0x1d, 0xc0, 0xd9, 0xfc, 0xe0, 0x3, 0x0,
    0x14, 0x4, 0x49, 0x80, 0x98, 0x0, 0x5c, 0x28,
    0xd, 0xc0, 0x27, 0x47, 0x80, 0xa0, 0x30, 0xb0,
    0x8, 0xe0, 0xe1, 0x40, 0x85, 0x80, 0x80, 0x3,
    0xa3, 0xa0, 0x40, 0x3, 0x0, 0xea, 0x1a, 0x10,
    0xe, 0x60, 0x20, 0x74, 0x74, 0x0, 0x10, 0x0,
    0xcc, 0x16, 0x70, 0x70, 0x1, 0x28, 0x10, 0xd0,
    0x1e, 0xf, 0x0, 0x45, 0x1, 0x40, 0x4e, 0x1,
    0x8, 0xb, 0x60, 0x1b, 0x80, 0x3c, 0x0, 0x39,
    0xfd, 0x22, 0x7a, 0x1, 0x59, 0xda, 0x90, 0xa,
    0x4e, 0x8, 0x5, 0x9a, 0x95, 0xbf, 0xd6, 0xc0,
    0x18,

    /* U+00D9 "Ù" */
    0x0, 0x87, 0xbc, 0x80, 0x3f, 0x86, 0xc2, 0xc0,
    0x3f, 0xca, 0xa7, 0x10, 0xf, 0xf5, 0x70, 0x80,
    0x7f, 0xf1, 0x9b, 0xf4, 0x3, 0xef, 0xf1, 0x80,
    0x7f, 0xff, 0xc0, 0x3f, 0xfa, 0x26, 0x4, 0x1,
    0xe2, 0x0, 0xb, 0x80, 0x14, 0x3, 0xac, 0x4,
    0x88, 0x81, 0x4e, 0x40, 0x52, 0xc1, 0x20, 0xa,
    0x30, 0x8d, 0xfd, 0x60, 0x57, 0x0, 0xe, 0x49,
    0x88, 0xa, 0x5d, 0x0, 0x0,

    /* U+00DA "Ú" */
    0x0, 0xf2, 0xfe, 0x0, 0x7f, 0xa4, 0x38, 0x3,
    0xf8, 0xca, 0x48, 0x3, 0xf8, 0xf9, 0x80, 0x3f,
    0xf8, 0xcd, 0xfa, 0x1, 0xf7, 0xf8, 0xc0, 0x3f,
    0xff, 0xe0, 0x1f, 0xfd, 0x13, 0x2, 0x0, 0xf1,
    0x0, 0x5, 0xc0, 0xa, 0x1, 0xd6, 0x2, 0x44,
    0x40, 0xa7, 0x20, 0x29, 0x60, 0x90, 0x5, 0x18,
    0x46, 0xfe, 0xb0, 0x2b, 0x80, 0x7, 0x24, 0xc4,
    0x5, 0x2e, 0x80, 0x0,

    /* U+00DB "Û" */
    0x0, 0xc3, 0xbf, 0x60, 0x1f, 0xda, 0x4e, 0x92,
    0x1, 0xf5, 0x1c, 0xc3, 0x34, 0x1, 0xea, 0xf6,
    0x9, 0xf6, 0x0, 0xff, 0xe2, 0x37, 0xe8, 0x7,
    0xdf, 0xe3, 0x0, 0xff, 0xff, 0x80, 0x7f, 0xf4,
    0x4c, 0x8, 0x3, 0xc4, 0x0, 0x17, 0x0, 0x28,
    0x7, 0x58, 0x9, 0x11, 0x2, 0x9c, 0x80, 0xa5,
    0x82, 0x40, 0x14, 0x61, 0x1b, 0xfa, 0xc0, 0xae,
    0x0, 0x1c, 0x93, 0x10, 0x14, 0xba, 0x0, 0x0,

    /* U+00DC "Ü" */
    0x0, 0xa7, 0xd0, 0x1b, 0xd8, 0x3, 0xc8, 0x6,
    0x18, 0x18, 0x1, 0xef, 0x97, 0xb, 0x9b, 0x0,
    0xf1, 0x30, 0x0, 0x58, 0x40, 0x3f, 0xf8, 0x8d,
    0xfa, 0x1, 0xf7, 0xf8, 0xc0, 0x3f, 0xff, 0xe0,
    0x1f, 0xfd, 0x13, 0x2, 0x0, 0xf1, 0x0, 0x5,
    0xc0, 0xa, 0x1, 0xd6, 0x2, 0x44, 0x40, 0xa7,
    0x20, 0x29, 0x60, 0x90, 0x5, 0x18, 0x46, 0xfe,
    0xb0, 0x2b, 0x80, 0x7, 0x24, 0xc4, 0x5, 0x2e,
    0x80, 0x0,

    /* U+00DD "Ý" */
    0x0, 0xfa, 0xb9, 0x40, 0x3f, 0xc6, 0xab, 0x0,
    0x7f, 0xa4, 0x28, 0x3, 0xfe, 0xaf, 0x10, 0xf,
    0xfe, 0x39, 0xff, 0x98, 0x3, 0xcf, 0xfe, 0x23,
    0x70, 0x81, 0x0, 0xc3, 0x1, 0x4, 0x10, 0x43,
    0x0, 0x1a, 0xc0, 0x9c, 0x2, 0x90, 0x63, 0x0,
    0x22, 0x87, 0x0, 0x64, 0x50, 0xe0, 0x4, 0x83,
    0x18, 0x7, 0x58, 0x93, 0x39, 0xc, 0x80, 0x78,
    0x6c, 0x22, 0x42, 0x80, 0x3f, 0x2a, 0x8, 0x95,
    0x0, 0x3f, 0xa0, 0x1, 0x0, 0x1f, 0xe1, 0x0,
    0x18, 0x7, 0xff, 0xc4,

    /* U+00DE "Þ" */
    0x7f, 0xc0, 0xf, 0xfe, 0x49, 0xee, 0xd6, 0xe2,
    0x1, 0xc4, 0x52, 0x47, 0x90, 0x4, 0x7f, 0xf6,
    0x20, 0xf8, 0x7, 0xc7, 0x40, 0x46, 0x1, 0xf0,
    0x98, 0x38, 0x7, 0xe3, 0x7, 0x0, 0xf1, 0xd8,
    0x11, 0x80, 0xf, 0xfe, 0xc4, 0x1f, 0x0, 0xc4,
    0x52, 0x47, 0x90, 0x4, 0x7b, 0xb5, 0xb8, 0x80,
    0x7f, 0xf3, 0x0,

    /* U+00DF "ß" */
    0x0, 0x36, 0x7f, 0xb6, 0x0, 0x34, 0xc8, 0xc0,
    0x4, 0xfa, 0x0, 0x26, 0x7, 0xff, 0x58, 0x13,
    0x83, 0x81, 0x40, 0x1, 0x18, 0x34, 0xc, 0x4,
    0x3, 0x18, 0x10, 0x7, 0xca, 0xa1, 0x90, 0xe,
    0x7f, 0xa2, 0xc1, 0x0, 0xe1, 0x20, 0x2d, 0x50,
    0xe, 0x6d, 0xf9, 0xa, 0x20, 0xf, 0x99, 0x1,
    0x40, 0x3f, 0x8, 0x78, 0x7, 0xca, 0xa0, 0xd0,
    0xc, 0xfd, 0xf4, 0x8, 0xa0, 0x1b, 0xc4, 0xa,
    0x2c, 0x0,

    /* U+00E0 "à" */
    0x0, 0xb7, 0xd0, 0x3, 0xee, 0xf, 0x0, 0xf8,
    0xe1, 0x48, 0x3, 0xe7, 0xe2, 0x0, 0xe2, 0x9e,
    0xfe, 0xa3, 0x0, 0x16, 0xb0, 0x18, 0x2e, 0x18,
    0x58, 0x2f, 0x67, 0x30, 0x40, 0x4f, 0xd0, 0x5,
    0xa0, 0xa0, 0x10, 0xa3, 0xcc, 0x80, 0x22, 0xce,
    0xb8, 0x61, 0x0, 0xb0, 0xd2, 0xbb, 0xfc, 0x0,
    0x21, 0xb, 0x51, 0x6, 0x0, 0x18, 0x0, 0xc0,
    0x5, 0x0, 0x1, 0x50, 0xcc, 0xb5, 0x80, 0x2a,
    0x71, 0x31, 0x89, 0x0, 0x0,

    /* U+00E1 "á" */
    0x0, 0xe3, 0xfe, 0x0, 0xfa, 0x42, 0x80, 0x3c,
    0x28, 0xe8, 0x1, 0xe1, 0xe8, 0x0, 0xe2, 0x9e,
    0xfe, 0xa3, 0x0, 0x16, 0xb0, 0x18, 0x2e, 0x18,
    0x58, 0x2f, 0x67, 0x30, 0x40, 0x4f, 0xd0, 0x5,
    0xa0, 0xa0, 0x10, 0xa3, 0xcc, 0x80, 0x22, 0xce,
    0xb8, 0x61, 0x0, 0xb0, 0xd2, 0xbb, 0xfc, 0x0,
    0x21, 0xb, 0x51, 0x6, 0x0, 0x18, 0x0, 0xc0,
    0x5, 0x0, 0x1, 0x50, 0xcc, 0xb5, 0x80, 0x2a,
    0x71, 0x31, 0x89, 0x0, 0x0,

    /* U+00E2 "â" */
    0x0, 0xc9, 0xa, 0x1, 0xe4, 0xb6, 0xa4, 0x0,
    0xc5, 0x45, 0xe7, 0x64, 0x1, 0x3b, 0x78, 0xf3,
    0xb8, 0x2, 0x58, 0x20, 0x28, 0x50, 0x8, 0xa7,
    0xbf, 0xa8, 0xc0, 0x5, 0xac, 0x6, 0xb, 0x86,
    0x16, 0xb, 0xd9, 0xcc, 0x10, 0x13, 0xf4, 0x1,
    0x68, 0x28, 0x4, 0x28, 0xf3, 0x20, 0x8, 0xb3,
    0xae, 0x18, 0x40, 0x2c, 0x34, 0xae, 0xff, 0x0,
    0x8, 0x42, 0xd4, 0x41, 0x80, 0x6, 0x0, 0x30,
    0x1, 0x40, 0x0, 0x54, 0x33, 0x2d, 0x60, 0xa,
    0x9c, 0x4c, 0x62, 0x40, 0x0,

    /* U+00E3 "ã" */
    0x0, 0x91, 0xd0, 0x1d, 0x0, 0x24, 0xb8, 0xbf,
    0x80, 0xc, 0xd5, 0xfb, 0x78, 0x80, 0x11, 0x28,
    0x12, 0x18, 0x6, 0x29, 0xef, 0xea, 0x30, 0x1,
    0x6b, 0x1, 0x82, 0xe1, 0x85, 0x82, 0xf6, 0x73,
    0x4, 0x4, 0xfd, 0x0, 0x5a, 0xa, 0x1, 0xa,
    0x3c, 0xc8, 0x2, 0x2c, 0xeb, 0x86, 0x10, 0xb,
    0xd, 0x2b, 0xbf, 0xc0, 0x2, 0x10, 0xb5, 0x10,
    0x60, 0x1, 0x80, 0xc, 0x0, 0x50, 0x0, 0x15,
    0xc, 0xcb, 0x58, 0x2, 0xa7, 0x13, 0x18, 0x90,
    0x0,

    /* U+00E4 "ä" */
    0x0, 0x13, 0x88, 0xb, 0x90, 0x5, 0x31, 0x61,
    0x31, 0xe0, 0x16, 0xf, 0x86, 0xa, 0x80, 0x4f,
    0xca, 0x9, 0xd0, 0x1, 0x14, 0xf7, 0xf5, 0x18,
    0x0, 0xb5, 0x80, 0xc1, 0x70, 0xc2, 0xc1, 0x7b,
    0x39, 0x82, 0x2, 0x7e, 0x80, 0x2d, 0x5, 0x0,
    0x85, 0x1e, 0x64, 0x1, 0x16, 0x75, 0xc3, 0x8,
    0x5, 0x86, 0x95, 0xdf, 0xe0, 0x1, 0x8, 0x5a,
    0x88, 0x30, 0x0, 0xc0, 0x6, 0x0, 0x28, 0x0,
    0xa, 0x86, 0x65, 0xac, 0x1, 0x53, 0x89, 0x8c,
    0x48, 0x0,

    /* U+00E5 "å" */
    0x0, 0xff, 0xe0, 0x8e, 0x7e, 0x98, 0x7, 0x68,
    0x5b, 0x68, 0x7, 0x1d, 0x27, 0x89, 0x0, 0x62,
    0xd1, 0xd0, 0x20, 0xd, 0xcb, 0xcd, 0x40, 0x1c,
    0x7d, 0x9e, 0xa0, 0x18, 0xa7, 0xb3, 0xa8, 0xc0,
    0x5, 0xac, 0x6, 0xb, 0x86, 0x16, 0xb, 0xd9,
    0xcc, 0x10, 0x13, 0xf4, 0x1, 0x68, 0x28, 0x4,
    0x28, 0xf3, 0x20, 0x8, 0xb3, 0xae, 0x18, 0x40,
    0x2c, 0x34, 0xae, 0xff, 0x0, 0x8, 0x42, 0xd4,
    0x41, 0x80, 0x6, 0x0, 0x30, 0x1, 0x40, 0x0,
    0x54, 0x33, 0x2d, 0x60, 0xa, 0x9c, 0x4c, 0x62,
    0x40, 0x0,

    /* U+00E6 "æ" */
    0x0, 0x14, 0xf7, 0xf5, 0x8, 0x46, 0xff, 0x48,
    0x80, 0x47, 0xac, 0x6, 0xb, 0x98, 0x73, 0x30,
    0x37, 0x90, 0x2, 0xc1, 0x7b, 0x39, 0x88, 0xdb,
    0xb3, 0x98, 0x78, 0x1, 0x1f, 0x40, 0x16, 0x80,
    0xc8, 0x5, 0x22, 0x64, 0x1, 0x23, 0xcc, 0xbc,
    0x1, 0x33, 0xc0, 0x7, 0x3, 0xeb, 0x86, 0x62,
    0x0, 0xb3, 0x70, 0x81, 0x86, 0x8a, 0xef, 0xfa,
    0xc1, 0x3f, 0xfe, 0x62, 0x10, 0xa2, 0x0, 0x10,
    0x20, 0x80, 0x63, 0x10, 0x30, 0x2, 0x0, 0xe,
    0x0, 0x14, 0x20, 0x6, 0xce, 0x11, 0x28, 0x5e,
    0xeb, 0x6, 0x89, 0x3b, 0x7a, 0x42, 0x44, 0x29,
    0xc8, 0x80, 0xba, 0xb8, 0xe4, 0x40, 0x4b, 0x60,

    /* U+00E7 "ç" */
    0x0, 0x97, 0x3b, 0x98, 0xc0, 0x1a, 0x68, 0xc0,
    0x7, 0x34, 0x0, 0x56, 0xb, 0xee, 0x58, 0x2a,
    0x7, 0x3, 0xa0, 0x1, 0x2a, 0x58, 0x10, 0x2c,
    0x3, 0x2b, 0x10, 0x4, 0x20, 0x1f, 0xe1, 0x0,
    0xfc, 0x61, 0x60, 0x19, 0x5c, 0x82, 0x41, 0xd0,
    0x0, 0x77, 0xc, 0xa, 0xc1, 0x7d, 0xb8, 0x2c,
    0x80, 0x9, 0xa3, 0x12, 0x3a, 0x90, 0xc, 0xb8,
    0xcb, 0xca, 0x1, 0xf7, 0xe, 0x98, 0x7, 0xcd,
    0x0, 0xc0, 0x1e, 0x1e, 0xc4, 0x40, 0x0,

    /* U+00E8 "è" */
    0x0, 0x9f, 0xe8, 0x3, 0xf3, 0x9a, 0x90, 0x7,
    0xee, 0x1a, 0x0, 0xfc, 0x5d, 0x0, 0x1f, 0x2e,
    0x7f, 0xad, 0x0, 0x34, 0xd1, 0x91, 0x12, 0xe0,
    0x0, 0xac, 0x39, 0xba, 0xc0, 0x73, 0xe, 0xb,
    0x30, 0x1, 0xb8, 0x50, 0x20, 0x7c, 0xce, 0x30,
    0x50, 0x9, 0x59, 0xb2, 0x0, 0x80, 0x5b, 0xff,
    0xed, 0x3, 0x5, 0x0, 0xc2, 0x20, 0x4, 0x84,
    0x20, 0x0, 0x73, 0x98, 0x15, 0x82, 0xfb, 0x38,
    0x8d, 0x80, 0x13, 0x46, 0x6, 0x51, 0x80,

    /* U+00E9 "é" */
    0x0, 0xf6, 0xfa, 0x0, 0x7c, 0x84, 0xa8, 0x1,
    0xf7, 0x15, 0x80, 0x7e, 0xad, 0x10, 0xf, 0x2e,
    0x7f, 0xad, 0x0, 0x34, 0xd1, 0x91, 0x12, 0xe0,
    0x0, 0xac, 0x39, 0xba, 0xc0, 0x73, 0xe, 0xb,
    0x30, 0x1, 0xb8, 0x50, 0x20, 0x7c, 0xce, 0x30,
    0x50, 0x9, 0x59, 0xb2, 0x0, 0x80, 0x5b, 0xff,
    0xed, 0x3, 0x5, 0x0, 0xc2, 0x20, 0x4, 0x84,
    0x20, 0x0, 0x73, 0x98, 0x15, 0x82, 0xfb, 0x38,
    0x8d, 0x80, 0x13, 0x46, 0x6, 0x51, 0x80,

    /* U+00EA "ê" */
    0x0, 0xc3, 0xe, 0x1, 0xfb, 0x1a, 0x28, 0x3,
    0xd6, 0x55, 0xa, 0xe0, 0x18, 0x8e, 0x91, 0xe4,
    0x4, 0x2, 0x28, 0x50, 0x3, 0x38, 0x80, 0x65,
    0xcf, 0xf5, 0xa0, 0x6, 0x9a, 0x32, 0x22, 0x5c,
    0x0, 0x15, 0x87, 0x37, 0x58, 0xe, 0x61, 0xc1,
    0x66, 0x0, 0x37, 0xa, 0x4, 0xf, 0x99, 0xc6,
    0xa, 0x1, 0x2b, 0x36, 0x40, 0x10, 0xb, 0x7f,
    0xfd, 0xa0, 0x60, 0xa0, 0x18, 0x44, 0x0, 0x90,
    0x84, 0x0, 0xe, 0x73, 0x2, 0xb0, 0x5f, 0x67,
    0x11, 0xb0, 0x2, 0x68, 0xc0, 0xca, 0x30, 0x0,

    /* U+00EB "ë" */
    0x0, 0x99, 0x0, 0xa, 0xa0, 0xc, 0xb3, 0x60,
    0x55, 0x43, 0x0, 0x9c, 0x50, 0x8, 0xc8, 0x80,
    0x11, 0x75, 0x80, 0x33, 0x44, 0x3, 0x2e, 0x7f,
    0xad, 0x0, 0x34, 0xd1, 0x91, 0x12, 0xe0, 0x0,
    0xac, 0x39, 0xba, 0xc0, 0x73, 0xe, 0xb, 0x30,
    0x1, 0xb8, 0x50, 0x20, 0x7c, 0xce, 0x30, 0x50,
    0x9, 0x59, 0xb2, 0x0, 0x80, 0x5b, 0xff, 0xed,
    0x3, 0x5, 0x0, 0xc2, 0x20, 0x4, 0x84, 0x20,
    0x0, 0x73, 0x98, 0x15, 0x82, 0xfb, 0x38, 0x8d,
    0x80, 0x13, 0x46, 0x6, 0x51, 0x80,

    /* U+00EC "ì" */
    0xd, 0xf3, 0x0, 0x70, 0x40, 0x0, 0xdd, 0x48,
    0x1, 0x1c, 0x40, 0x8, 0xf9, 0x0, 0xff, 0xf3,
    0x0,

    /* U+00ED "í" */
    0x3, 0xfd, 0x0, 0x40, 0x70, 0x12, 0xb9, 0x81,
    0x74, 0x0, 0x23, 0xe4, 0x3, 0xff, 0xd0,

    /* U+00EE "î" */
    0x1, 0xdf, 0xd1, 0x1, 0xc3, 0xc3, 0xc1, 0x45,
    0xc3, 0xc5, 0x45, 0x82, 0x2, 0x85, 0x0, 0x47,
    0xc8, 0x7, 0xff, 0xf0,

    /* U+00EF "ï" */
    0x27, 0x10, 0x17, 0x2e, 0x88, 0x4, 0x43, 0xac,
    0x70, 0x34, 0x51, 0xf9, 0x41, 0x3a, 0x0, 0x11,
    0xf2, 0x1, 0xff, 0xfc,

    /* U+00F0 "ð" */
    0x0, 0x99, 0x40, 0x21, 0x0, 0xea, 0xa5, 0x9c,
    0x72, 0x0, 0x6c, 0x74, 0xc5, 0xb4, 0x0, 0xd2,
    0xe6, 0x24, 0xe0, 0x1e, 0xbc, 0xc0, 0x68, 0x7,
    0x41, 0xc3, 0xc8, 0xc8, 0x4, 0xbd, 0xf, 0x54,
    0x26, 0x10, 0x3a, 0x9, 0xfe, 0x52, 0x7, 0x9,
    0x7, 0x60, 0x19, 0x30, 0xc0, 0x40, 0xb0, 0xd,
    0x40, 0x20, 0x20, 0x40, 0x18, 0x81, 0xc0, 0x23,
    0x0, 0xc2, 0xe, 0x6, 0x8, 0x1, 0xb0, 0x30,
    0x28, 0x20, 0xc0, 0xa, 0xc0, 0xa0, 0xca, 0x39,
    0xbd, 0x41, 0x24, 0x0, 0xa9, 0x32, 0x4, 0xb6,
    0x0,

    /* U+00F1 "ñ" */
    0x0, 0xb, 0xb1, 0x1b, 0x80, 0x6d, 0x89, 0xdc,
    0xc0, 0x6, 0x9d, 0xfc, 0xbb, 0x0, 0x65, 0x20,
    0x34, 0x0, 0xa3, 0xe0, 0xef, 0xfa, 0x84, 0x2,
    0x2c, 0x63, 0x15, 0xc0, 0x9, 0x67, 0x73, 0x0,
    0x4a, 0x0, 0x36, 0x0, 0x1a, 0x86, 0x80, 0x14,
    0x3, 0x18, 0x8, 0x7, 0xff, 0xc0,

    /* U+00F2 "ò" */
    0x0, 0x97, 0xf0, 0x3, 0xf9, 0x50, 0xcc, 0x1,
    0xfd, 0x45, 0x40, 0x1f, 0xc3, 0xb2, 0x1, 0xf9,
    0x73, 0xbf, 0x18, 0x3, 0xa6, 0x8c, 0x4, 0xe6,
    0x80, 0x25, 0x60, 0xae, 0xe5, 0x82, 0xb0, 0x3,
    0x81, 0xd4, 0x0, 0x90, 0x16, 0x0, 0x40, 0xb0,
    0xc, 0xa0, 0x40, 0x18, 0x40, 0x31, 0x0, 0x4,
    0x2, 0x10, 0xc, 0x40, 0x1, 0x3, 0xb, 0x0,
    0xca, 0x4, 0x0, 0x90, 0x74, 0x0, 0x1c, 0x5,
    0x80, 0x15, 0x82, 0xf7, 0x58, 0xa, 0xc0, 0x14,
    0xd1, 0x91, 0xe, 0x68, 0x0,

    /* U+00F3 "ó" */
    0x0, 0xf5, 0xfb, 0x0, 0x7e, 0x24, 0x43, 0x0,
    0x7e, 0xa1, 0x90, 0xf, 0xe8, 0xe2, 0x0, 0xf9,
    0x73, 0xbf, 0x18, 0x3, 0xa6, 0x8c, 0x4, 0xe6,
    0x80, 0x25, 0x60, 0xae, 0xe5, 0x82, 0xb0, 0x3,
    0x81, 0xd4, 0x0, 0x90, 0x16, 0x0, 0x40, 0xb0,
    0xc, 0xa0, 0x40, 0x18, 0x40, 0x31, 0x0, 0x4,
    0x2, 0x10, 0xc, 0x40, 0x1, 0x3, 0xb, 0x0,
    0xca, 0x4, 0x0, 0x90, 0x74, 0x0, 0x1c, 0x5,
    0x80, 0x15, 0x82, 0xf7, 0x58, 0xa, 0xc0, 0x14,
    0xd1, 0x91, 0xe, 0x68, 0x0,

    /* U+00F4 "ô" */
    0x0, 0xc2, 0xee, 0x10, 0xf, 0xd5, 0x10, 0xd0,
    0xf, 0xa5, 0x26, 0x8e, 0x40, 0x38, 0x45, 0x2c,
    0xb2, 0x22, 0x0, 0xc3, 0xc, 0x0, 0x68, 0x10,
    0xe, 0x5c, 0xef, 0xc6, 0x0, 0xe9, 0xa3, 0x1,
    0x39, 0xa0, 0x9, 0x58, 0x2b, 0xb9, 0x60, 0xac,
    0x0, 0xe0, 0x75, 0x0, 0x24, 0x5, 0x80, 0x10,
    0x2c, 0x3, 0x28, 0x10, 0x6, 0x10, 0xc, 0x40,
    0x1, 0x0, 0x84, 0x3, 0x10, 0x0, 0x40, 0xc2,
    0xc0, 0x32, 0x81, 0x0, 0x24, 0x1d, 0x0, 0x7,
    0x1, 0x60, 0x5, 0x60, 0xbd, 0xd6, 0x2, 0xb0,
    0x5, 0x34, 0x64, 0x43, 0x9a, 0x0, 0x0,

    /* U+00F5 "õ" */
    0x0, 0x85, 0xd8, 0x8d, 0xc0, 0x3d, 0xb1, 0x3b,
    0x96, 0x1, 0xe9, 0xdf, 0xca, 0xc0, 0xf, 0x29,
    0x1, 0xa8, 0x7, 0xcb, 0x9d, 0xf8, 0xc0, 0x1d,
    0x34, 0x60, 0x27, 0x34, 0x1, 0x2b, 0x5, 0x77,
    0x2c, 0x15, 0x80, 0x1c, 0xe, 0xa0, 0x4, 0x80,
    0xb0, 0x2, 0x5, 0x80, 0x65, 0x2, 0x0, 0xc2,
    0x1, 0x88, 0x0, 0x20, 0x10, 0x80, 0x62, 0x0,
    0x8, 0x18, 0x58, 0x6, 0x50, 0x20, 0x4, 0x83,
    0xa0, 0x0, 0xe0, 0x2c, 0x0, 0xac, 0x17, 0xba,
    0xc0, 0x56, 0x0, 0xa6, 0x8c, 0x88, 0x73, 0x40,
    0x0,

    /* U+00F6 "ö" */
    0x0, 0x95, 0x0, 0x8, 0xc0, 0x1c, 0x75, 0x64,
    0x37, 0x2a, 0x1, 0x88, 0x86, 0x42, 0x84, 0xe0,
    0x18, 0x77, 0x0, 0x17, 0xa4, 0x1, 0xcb, 0x9d,
    0xf8, 0xc0, 0x1d, 0x34, 0x60, 0x27, 0x34, 0x1,
    0x2b, 0x5, 0x77, 0x2c, 0x15, 0x80, 0x1c, 0xe,
    0xa0, 0x4, 0x80, 0xb0, 0x2, 0x5, 0x80, 0x65,
    0x2, 0x0, 0xc2, 0x1, 0x88, 0x0, 0x20, 0x10,
    0x80, 0x62, 0x0, 0x8, 0x18, 0x58, 0x6, 0x50,
    0x20, 0x4, 0x83, 0xa0, 0x0, 0xe0, 0x2c, 0x0,
    0xac, 0x17, 0xba, 0xc0, 0x56, 0x0, 0xa6, 0x8c,
    0x88, 0x73, 0x40, 0x0,

    /* U+00F7 "÷" */
    0x0, 0xcb, 0xf4, 0x1, 0xfb, 0x81, 0x40, 0x3f,
    0x41, 0xc0, 0x7, 0xe3, 0xc7, 0x0, 0xee, 0xef,
    0xe5, 0x1, 0x1f, 0xe3, 0xf, 0xff, 0xe6, 0x0,
    0xc7, 0x8e, 0x1, 0xfa, 0xe, 0x0, 0x3f, 0x70,
    0x28, 0x6,

    /* U+00F8 "ø" */
    0x0, 0xff, 0x8, 0x6, 0x5c, 0xef, 0xc6, 0x7f,
    0x10, 0x4, 0xd1, 0x80, 0x9c, 0xc4, 0x88, 0x2b,
    0x5, 0x77, 0x20, 0x0, 0x20, 0xe, 0x7, 0x50,
    0x29, 0x0, 0x58, 0x1, 0x2, 0xc0, 0x7c, 0xb0,
    0x8, 0x3, 0x8, 0x69, 0xe9, 0x80, 0x4, 0x2,
    0x1a, 0x3c, 0x12, 0x0, 0x8, 0x18, 0x62, 0xd9,
    0x2, 0x81, 0x0, 0x24, 0x0, 0xa8, 0x7, 0x1,
    0x60, 0x1, 0x0, 0x2e, 0xeb, 0x1, 0x58, 0x1,
    0x4b, 0x46, 0x44, 0x39, 0xa0, 0xb, 0x29, 0x73,
    0xfd, 0x8c, 0x1, 0x0,

    /* U+00F9 "ù" */
    0x0, 0x37, 0xd8, 0x7, 0xcc, 0x88, 0x30, 0xf,
    0xa8, 0xa8, 0x3, 0xe1, 0xd9, 0x0, 0xd1, 0xf2,
    0x1, 0xa7, 0xe4, 0x3, 0xff, 0xe4, 0x40, 0x19,
    0x40, 0x1a, 0x8, 0xa0, 0x7, 0x30, 0x2, 0x90,
    0x57, 0xfa, 0x18, 0x2, 0xc5, 0x10, 0x4c, 0xe0,
    0x0,

    /* U+00FA "ú" */
    0x0, 0xeb, 0xf6, 0x0, 0xf1, 0xa2, 0x18, 0x3,
    0xd4, 0x54, 0x1, 0xf4, 0xe8, 0x80, 0x51, 0xf2,
    0x1, 0xa7, 0xe4, 0x3, 0xff, 0xe4, 0x40, 0x19,
    0x40, 0x1a, 0x8, 0xa0, 0x7, 0x30, 0x2, 0x90,
    0x57, 0xfa, 0x18, 0x2, 0xc5, 0x10, 0x4c, 0xe0,
    0x0,

    /* U+00FB "û" */
    0x0, 0x85, 0xdc, 0x20, 0x1e, 0xa8, 0x85, 0x0,
    0x74, 0xa4, 0xd2, 0x48, 0x4, 0x22, 0x96, 0x59,
    0x11, 0x0, 0x6, 0x18, 0x0, 0xd0, 0x21, 0x1f,
    0x20, 0x1a, 0x7e, 0x40, 0x3f, 0xfe, 0x44, 0x1,
    0x94, 0x1, 0xa0, 0x8a, 0x0, 0x73, 0x0, 0x29,
    0x5, 0x7f, 0xa1, 0x80, 0x2c, 0x51, 0x4, 0xce,
    0x0, 0x0,

    /* U+00FC "ü" */
    0x0, 0x2a, 0x0, 0x11, 0x80, 0x24, 0xab, 0x11,
    0x5c, 0xa0, 0x1, 0x48, 0xc4, 0x46, 0x4a, 0x0,
    0x1d, 0xc0, 0x6, 0x68, 0x84, 0x7c, 0x80, 0x69,
    0xf9, 0x0, 0xff, 0xf9, 0x10, 0x6, 0x50, 0x6,
    0x82, 0x28, 0x1, 0xcc, 0x0, 0xa4, 0x15, 0xfe,
    0x86, 0x0, 0xb1, 0x44, 0x13, 0x38, 0x0,

    /* U+00FD "ý" */
    0x0, 0xf7, 0x79, 0x0, 0x7e, 0x71, 0x82, 0x0,
    0xfd, 0x68, 0xe0, 0x1f, 0xd9, 0x60, 0x1c, 0xbf,
    0xc0, 0x1c, 0xdf, 0xa0, 0xa0, 0x28, 0x1, 0xa8,
    0x28, 0x0, 0xc1, 0xc0, 0x11, 0x18, 0x30, 0x2,
    0x81, 0x40, 0x2a, 0x4, 0x10, 0x1, 0x90, 0x28,
    0x1, 0x43, 0x80, 0x35, 0x7, 0x1, 0x90, 0xa8,
    0x6, 0x60, 0x40, 0xb0, 0x70, 0xe, 0x14, 0x5,
    0x60, 0xb0, 0xf, 0x70, 0x70, 0x99, 0x0, 0x79,
    0x45, 0x2, 0x80, 0x3f, 0x38, 0x1, 0xc0, 0x3f,
    0xca, 0x20, 0x1f, 0xb, 0x84, 0x80, 0x79, 0x37,
    0x85, 0x4c, 0x3, 0xd8, 0x42, 0xd4, 0x1, 0xe0,

    /* U+00FE "þ" */
    0x8f, 0x90, 0xf, 0xfe, 0xa9, 0x5f, 0xf5, 0x10,
    0x6, 0x2c, 0x42, 0x15, 0xc2, 0x0, 0x91, 0x1f,
    0xbc, 0x63, 0xc0, 0x10, 0xd0, 0x0, 0x78, 0xc,
    0x80, 0x8, 0x1, 0x88, 0x80, 0xe0, 0x3, 0x0,
    0xe1, 0x3, 0x0, 0x18, 0x7, 0x10, 0x18, 0x1,
    0x0, 0x31, 0x8, 0x38, 0x0, 0x64, 0x0, 0x3c,
    0x6, 0x40, 0x5, 0x7f, 0xde, 0x31, 0xe0, 0x8,
    0xf1, 0x8, 0x57, 0x8, 0x3, 0x15, 0xff, 0x51,
    0x0, 0x7f, 0xf5, 0xc0,

    /* U+00FF "ÿ" */
    0x0, 0x9c, 0x80, 0xc, 0x80, 0x1d, 0x10, 0xf0,
    0x59, 0xb0, 0xe, 0xc1, 0x50, 0x71, 0x40, 0xe,
    0x4e, 0x80, 0x2e, 0xb0, 0x9, 0x7f, 0x80, 0x39,
    0xbf, 0x41, 0x40, 0x50, 0x3, 0x50, 0x50, 0x1,
    0x83, 0x80, 0x22, 0x30, 0x60, 0x5, 0x2, 0x80,
    0x54, 0x8, 0x20, 0x3, 0x20, 0x50, 0x2, 0x87,
    0x0, 0x6a, 0xe, 0x3, 0x21, 0x50, 0xc, 0xc0,
    0x81, 0x60, 0xe0, 0x1c, 0x28, 0xa, 0xc1, 0x60,
    0x1e, 0xe0, 0xe1, 0x32, 0x0, 0xf2, 0x8a, 0x5,
    0x0, 0x7e, 0x70, 0x3, 0x80, 0x7f, 0x94, 0x40,
    0x3e, 0x17, 0x9, 0x0, 0xf2, 0x6f, 0xa, 0x98,
    0x7, 0xb0, 0x85, 0xa8, 0x3, 0xc0,

    /* U+0100 "Ā" */
    0x0, 0xd5, 0xff, 0xb4, 0x3, 0xf7, 0xbb, 0xea,
    0x0, 0xfc, 0xb1, 0x19, 0xc0, 0x3f, 0xf9, 0x71,
    0xfe, 0x90, 0xf, 0xf3, 0x0, 0x1c, 0x3, 0xf9,
    0x4, 0xd0, 0x54, 0x3, 0xf6, 0x85, 0xe8, 0x70,
    0x7, 0xe6, 0x5, 0x70, 0x41, 0x0, 0xf2, 0x81,
    0x90, 0xa0, 0x30, 0x7, 0xb8, 0x2c, 0x1, 0xc1,
    0x40, 0x1c, 0x28, 0xc, 0x0, 0x51, 0x23, 0x0,
    0xcc, 0x0, 0xcd, 0xd8, 0x42, 0x80, 0x35, 0x0,
    0x8, 0xb0, 0x1, 0x80, 0x23, 0x20, 0xef, 0xfe,
    0x10, 0x50, 0x5, 0x2, 0x8, 0x7, 0x38, 0x70,
    0x1, 0xc3, 0x40, 0x3d, 0x40, 0x84, 0xa2, 0xe,
    0x1, 0xe3, 0x10, 0x50,

    /* U+0101 "ā" */
    0x0, 0x1f, 0xff, 0x20, 0x4, 0x4e, 0xfc, 0xc0,
    0x10, 0xc4, 0x71, 0x0, 0x45, 0x3d, 0xfd, 0x46,
    0x0, 0x2d, 0x60, 0x30, 0x5c, 0x30, 0xb0, 0x5e,
    0xce, 0x60, 0x80, 0x9f, 0xa0, 0xb, 0x41, 0x40,
    0x21, 0x47, 0x99, 0x0, 0x45, 0x9d, 0x70, 0xc2,
    0x1, 0x61, 0xa5, 0x77, 0xf8, 0x0, 0x42, 0x16,
    0xa2, 0xc, 0x0, 0x30, 0x1, 0x80, 0xa, 0x0,
    0x2, 0xa1, 0x99, 0x6b, 0x0, 0x54, 0xe2, 0x63,
    0x12, 0x0,

    /* U+0102 "Ă" */
    0x0, 0xdd, 0x20, 0x6, 0xf0, 0xf, 0xce, 0xe4,
    0x3b, 0x40, 0xf, 0xd0, 0x57, 0x81, 0x20, 0x1f,
    0x87, 0x37, 0x34, 0x80, 0x3f, 0xc4, 0x60, 0x1f,
    0xf4, 0x7f, 0xa4, 0x3, 0xfc, 0xc0, 0x7, 0x0,
    0xfe, 0x41, 0x34, 0x15, 0x0, 0xfd, 0xa1, 0x7a,
    0x1c, 0x1, 0xf9, 0x81, 0x5c, 0x10, 0x40, 0x3c,
    0xa0, 0x64, 0x28, 0xc, 0x1, 0xee, 0xb, 0x0,
    0x70, 0x50, 0x7, 0xa, 0x3, 0x0, 0x14, 0x48,
    0xc0, 0x33, 0x0, 0x33, 0x76, 0x10, 0xa0, 0xd,
    0x40, 0x2, 0x2c, 0x0, 0x60, 0x8, 0xc8, 0x3b,
    0xff, 0x84, 0x14, 0x1, 0x40, 0x82, 0x1, 0xce,
    0x1c, 0x0, 0x70, 0xd0, 0xf, 0x50, 0x21, 0x28,
    0x83, 0x80, 0x78, 0xc4, 0x14,

    /* U+0103 "ă" */
    0x0, 0x13, 0x0, 0x4a, 0x60, 0x13, 0x4b, 0x8b,
    0x53, 0x0, 0x48, 0xf1, 0xd2, 0xca, 0x1, 0xa3,
    0xb3, 0xa4, 0x3, 0xc2, 0x62, 0x1, 0xc5, 0x3d,
    0xfd, 0x46, 0x0, 0x2d, 0x60, 0x30, 0x5c, 0x30,
    0xb0, 0x5e, 0xce, 0x60, 0x80, 0x9f, 0xa0, 0xb,
    0x41, 0x40, 0x21, 0x47, 0x99, 0x0, 0x45, 0x9d,
    0x70, 0xc2, 0x1, 0x61, 0xa5, 0x77, 0xf8, 0x0,
    0x42, 0x16, 0xa2, 0xc, 0x0, 0x30, 0x1, 0x80,
    0xa, 0x0, 0x2, 0xa1, 0x99, 0x6b, 0x0, 0x54,
    0xe2, 0x63, 0x12, 0x0,

    /* U+0104 "Ą" */
    0x0, 0xe8, 0xff, 0x48, 0x7, 0xfc, 0xc0, 0x7,
    0x0, 0xff, 0x20, 0x9a, 0xa, 0x80, 0x7f, 0x68,
    0x5e, 0x87, 0x0, 0x7f, 0x30, 0x2b, 0x82, 0x8,
    0x7, 0xca, 0x6, 0x42, 0x80, 0xc0, 0x1f, 0x70,
    0x58, 0x3, 0x82, 0x80, 0x3c, 0x28, 0xc, 0x0,
    0x51, 0x23, 0x0, 0xe6, 0x0, 0x66, 0xec, 0x21,
    0x40, 0x1d, 0x40, 0x2, 0x2c, 0x0, 0x60, 0xc,
    0x64, 0x1d, 0xff, 0xc2, 0xa, 0x1, 0x50, 0x20,
    0x80, 0x73, 0x87, 0x0, 0x4e, 0x1a, 0x1, 0xea,
    0x4, 0x20, 0x51, 0x7, 0x0, 0xf1, 0x80, 0x28,
    0x17, 0xfc, 0x20, 0x1e, 0x40, 0x2a, 0x0, 0xff,
    0xa8, 0x3c, 0x80, 0x3f, 0xe1, 0x9, 0x90, 0x7,
    0xfd, 0x44, 0x8a, 0x20,

    /* U+0105 "ą" */
    0x0, 0x14, 0xf7, 0xf5, 0x18, 0x4, 0x5a, 0xc0,
    0x60, 0xb8, 0x60, 0xb, 0x5, 0xec, 0xe6, 0x8,
    0x0, 0x4f, 0xd0, 0x5, 0xa0, 0xa0, 0x18, 0x51,
    0xe6, 0x40, 0x18, 0xb3, 0xae, 0x18, 0x40, 0x36,
    0x1a, 0x57, 0x7f, 0x80, 0x22, 0x10, 0xb5, 0x10,
    0x60, 0x8, 0xc0, 0x6, 0x0, 0x28, 0x0, 0x85,
    0x43, 0x32, 0xd6, 0x0, 0xd4, 0xe2, 0x63, 0x1c,
    0x2, 0x1, 0x47, 0x7e, 0xad, 0x17, 0x0, 0x7d,
    0x1, 0x2, 0x1, 0xfd, 0x14, 0x20, 0x1e, 0x83,
    0x27, 0x50,

    /* U+0106 "Ć" */
    0x0, 0xf0, 0xff, 0x8, 0x7, 0xf4, 0x85, 0x88,
    0x7, 0xf2, 0xac, 0x1, 0xfe, 0xda, 0x0, 0xff,
    0xe4, 0x9d, 0x6f, 0xf5, 0xb0, 0x7, 0x46, 0x29,
    0x0, 0xa4, 0xe0, 0x80, 0x21, 0xc1, 0xb3, 0xf6,
    0x44, 0xf4, 0x9, 0xc2, 0x24, 0xc0, 0x9b, 0x0,
    0xd2, 0x80, 0x9c, 0x3, 0x8a, 0x14, 0x4c, 0x28,
    0x3, 0xe7, 0xa5, 0x60, 0x20, 0xf, 0xfe, 0x5b,
    0x1, 0x0, 0x7f, 0x8c, 0x2c, 0x3, 0xe7, 0xa5,
    0xa0, 0x36, 0x0, 0xe2, 0x85, 0x12, 0x70, 0x99,
    0x18, 0x13, 0x60, 0x1a, 0x4, 0x38, 0x36, 0x7e,
    0xc8, 0x9e, 0x80, 0x51, 0x8a, 0x40, 0x29, 0x38,
    0x20,

    /* U+0107 "ć" */
    0x0, 0xf5, 0xfb, 0x0, 0x7c, 0x48, 0x86, 0x0,
    0xfa, 0x86, 0x40, 0x3f, 0x47, 0x10, 0x7, 0x97,
    0x3b, 0x98, 0xc0, 0x1a, 0x68, 0xc0, 0x7, 0x34,
    0x0, 0x56, 0xb, 0xee, 0x58, 0x2a, 0x7, 0x3,
    0xa0, 0x1, 0x2a, 0x58, 0x10, 0x2c, 0x3, 0x2b,
    0x10, 0x4, 0x20, 0x1f, 0xe1, 0x0, 0xfc, 0x61,
    0x60, 0x19, 0x5c, 0x82, 0x41, 0xd0, 0x0, 0x77,
    0xc, 0xa, 0xc1, 0x7d, 0xb8, 0x2c, 0x80, 0x9,
    0xa3, 0x12, 0x3a, 0x90,

    /* U+0108 "Ĉ" */
    0x0, 0xeb, 0xfe, 0x10, 0xf, 0xd0, 0x8e, 0x3a,
    0x1, 0xf3, 0x3a, 0xc5, 0x1d, 0x0, 0x79, 0xbe,
    0x81, 0x7e, 0x80, 0x3f, 0xf8, 0xe7, 0x5b, 0xfd,
    0x6c, 0x1, 0xd1, 0x8a, 0x40, 0x29, 0x38, 0x20,
    0x8, 0x70, 0x6c, 0xfd, 0x91, 0x3d, 0x2, 0x70,
    0x89, 0x30, 0x26, 0xc0, 0x34, 0xa0, 0x27, 0x0,
    0xe2, 0x85, 0x13, 0xa, 0x0, 0xf9, 0xe9, 0x58,
    0x8, 0x3, 0xff, 0x96, 0xc0, 0x40, 0x1f, 0xe3,
    0xb, 0x0, 0xf9, 0xe9, 0x68, 0xd, 0x80, 0x38,
    0xa1, 0x44, 0x9c, 0x26, 0x46, 0x4, 0xd8, 0x6,
    0x81, 0xe, 0xd, 0x9f, 0xb2, 0x27, 0xa0, 0x14,
    0x62, 0x90, 0xa, 0x4e, 0x8, 0x0,

    /* U+0109 "ĉ" */
    0x0, 0xc2, 0xee, 0x10, 0xf, 0xaa, 0x21, 0xa0,
    0x1e, 0x94, 0x9a, 0x39, 0x0, 0xc2, 0x29, 0x65,
    0x91, 0x10, 0x4, 0x30, 0xc0, 0x6, 0x81, 0x0,
    0xcb, 0x9d, 0xcc, 0x60, 0xd, 0x34, 0x60, 0x3,
    0x9a, 0x0, 0x2b, 0x5, 0xf7, 0x2c, 0x15, 0x3,
    0x81, 0xd0, 0x0, 0x95, 0x2c, 0x8, 0x16, 0x1,
    0x95, 0x88, 0x2, 0x10, 0xf, 0xf0, 0x80, 0x7e,
    0x30, 0xb0, 0xc, 0xae, 0x41, 0x20, 0xe8, 0x0,
    0x3b, 0x86, 0x5, 0x60, 0xbe, 0xdc, 0x16, 0x40,
    0x4, 0xd1, 0x89, 0x1d, 0x48, 0x0,

    /* U+010A "Ċ" */
    0x0, 0xe5, 0xfa, 0x0, 0xff, 0x60, 0x20, 0x7,
    0xfa, 0x21, 0xa0, 0x1f, 0xe1, 0x73, 0x0, 0xff,
    0xe4, 0x9d, 0x6f, 0xf5, 0xb0, 0x7, 0x46, 0x29,
    0x0, 0xa4, 0xe0, 0x80, 0x21, 0xc1, 0xb3, 0xf6,
    0x44, 0xf4, 0x9, 0xc2, 0x24, 0xc0, 0x9b, 0x0,
    0xd2, 0x80, 0x9c, 0x3, 0x8a, 0x14, 0x4c, 0x28,
    0x3, 0xe7, 0xa5, 0x60, 0x20, 0xf, 0xfe, 0x5b,
    0x1, 0x0, 0x7f, 0x8c, 0x2c, 0x3, 0xe7, 0xa5,
    0xa0, 0x36, 0x0, 0xe2, 0x85, 0x12, 0x70, 0x99,
    0x18, 0x13, 0x60, 0x1a, 0x4, 0x38, 0x36, 0x7e,
    0xc8, 0x9e, 0x80, 0x51, 0x8a, 0x40, 0x29, 0x38,
    0x20,

    /* U+010B "ċ" */
    0x0, 0xe5, 0x50, 0x7, 0xe3, 0xaa, 0x20, 0x7,
    0xc4, 0x22, 0x60, 0xf, 0x87, 0xb8, 0x40, 0x1e,
    0x5c, 0xee, 0x63, 0x0, 0x69, 0xa3, 0x0, 0x1c,
    0xd0, 0x1, 0x58, 0x2f, 0xb9, 0x60, 0xa8, 0x1c,
    0xe, 0x80, 0x4, 0xa9, 0x60, 0x40, 0xb0, 0xc,
    0xac, 0x40, 0x10, 0x80, 0x7f, 0x84, 0x3, 0xf1,
    0x85, 0x80, 0x65, 0x72, 0x9, 0x7, 0x40, 0x1,
    0xdc, 0x30, 0x2b, 0x5, 0xf6, 0xe0, 0xb2, 0x0,
    0x26, 0x8c, 0x48, 0xea, 0x40,

    /* U+010C "Č" */
    0x0, 0x97, 0xe8, 0x17, 0xec, 0x3, 0xca, 0xeb,
    0x14, 0x76, 0x1, 0xf4, 0x2b, 0x8e, 0x80, 0x7f,
    0x57, 0xf0, 0x80, 0x7f, 0xf2, 0xe, 0xb7, 0xfa,
    0xd8, 0x3, 0xa3, 0x14, 0x80, 0x52, 0x70, 0x40,
    0x10, 0xe0, 0xd9, 0xfb, 0x22, 0x7a, 0x4, 0xe1,
    0x12, 0x60, 0x4d, 0x80, 0x69, 0x40, 0x4e, 0x1,
    0xc5, 0xa, 0x26, 0x14, 0x1, 0xf3, 0xd2, 0xb0,
    0x10, 0x7, 0xff, 0x2d, 0x80, 0x80, 0x3f, 0xc6,
    0x16, 0x1, 0xf3, 0xd2, 0xd0, 0x1b, 0x0, 0x71,
    0x42, 0x89, 0x38, 0x4c, 0x8c, 0x9, 0xb0, 0xd,
    0x2, 0x1c, 0x1b, 0x3f, 0x64, 0x4f, 0x40, 0x28,
    0xc5, 0x20, 0x14, 0x9c, 0x10,

    /* U+010D "č" */
    0x0, 0xb, 0xb0, 0x1, 0xa0, 0x80, 0x21, 0xf9,
    0x65, 0x92, 0x20, 0x6, 0x84, 0x9a, 0x3a, 0x0,
    0xf5, 0xc4, 0x34, 0x3, 0xf3, 0xb8, 0x40, 0x3c,
    0xb9, 0xdc, 0xc6, 0x0, 0xd3, 0x46, 0x0, 0x39,
    0xa0, 0x2, 0xb0, 0x5f, 0x72, 0xc1, 0x50, 0x38,
    0x1d, 0x0, 0x9, 0x52, 0xc0, 0x81, 0x60, 0x19,
    0x58, 0x80, 0x21, 0x0, 0xff, 0x8, 0x7, 0xe3,
    0xb, 0x0, 0xca, 0xe4, 0x12, 0xe, 0x80, 0x3,
    0xb8, 0x60, 0x56, 0xb, 0xed, 0xc1, 0x64, 0x0,
    0x4d, 0x18, 0x91, 0xd4, 0x80,

    /* U+010E "Ď" */
    0x1, 0xee, 0x8, 0xbb, 0x84, 0x1, 0xc3, 0xa3,
    0x54, 0x1d, 0x20, 0xf, 0x1d, 0x22, 0x28, 0xc0,
    0x3f, 0x2f, 0xf9, 0x40, 0x3f, 0xf8, 0xed, 0xff,
    0xdd, 0x8c, 0x1, 0xfe, 0x13, 0x9d, 0x20, 0xc,
    0x5f, 0xfa, 0x88, 0x98, 0x20, 0x1f, 0x97, 0x48,
    0x60, 0x3, 0xfd, 0x20, 0xe0, 0x1f, 0xe4, 0x1,
    0x30, 0xf, 0xf0, 0x83, 0x80, 0x7f, 0xf2, 0xc4,
    0x1c, 0x3, 0xf9, 0x0, 0x4c, 0x3, 0xfa, 0x41,
    0xc0, 0x3e, 0x15, 0xd2, 0x18, 0x0, 0x8b, 0xfe,
    0xea, 0x22, 0x60, 0x80, 0x7c, 0x29, 0x3a, 0x40,
    0x0,

    /* U+010F "ď" */
    0x0, 0xff, 0xe0, 0x45, 0x88, 0x7, 0xff, 0x1,
    0x10, 0x20, 0x1f, 0x8f, 0xf8, 0x0, 0x40, 0x1f,
    0xfc, 0x26, 0x0, 0xff, 0xe0, 0xe5, 0x80, 0x67,
    0xdf, 0xd6, 0x0, 0xfe, 0xb8, 0x21, 0x39, 0xa0,
    0xf, 0x99, 0x2, 0xfb, 0x94, 0xc0, 0x1f, 0x50,
    0x3a, 0x0, 0x15, 0x80, 0x3e, 0x30, 0xb0, 0xd,
    0xa0, 0x1f, 0xc2, 0x1, 0x9c, 0x3, 0xf8, 0x40,
    0x33, 0x0, 0x7c, 0x61, 0x60, 0x1b, 0x0, 0x3e,
    0xa0, 0x74, 0x0, 0x2b, 0x0, 0x7c, 0xc8, 0x17,
    0xdc, 0xa7, 0x0, 0xfd, 0x70, 0x42, 0x73, 0x40,
    0x1e,

    /* U+0110 "Đ" */
    0x0, 0x7f, 0xf7, 0x6c, 0x90, 0x7, 0xf8, 0x49,
    0xb5, 0xc0, 0x3d, 0x7f, 0xf6, 0xb0, 0x43, 0x0,
    0x7f, 0x14, 0xc0, 0x48, 0x7, 0xfc, 0xe4, 0xc,
    0x1, 0xff, 0x20, 0x7e, 0x78, 0x2, 0xff, 0xdc,
    0x1, 0x70, 0x12, 0x28, 0x0, 0x55, 0x4e, 0x1,
    0xe8, 0xa0, 0x5, 0x55, 0x20, 0x17, 0x1, 0x0,
    0x7f, 0xc8, 0x1e, 0x1, 0xfe, 0x72, 0x6, 0x0,
    0xfc, 0x73, 0x1, 0x20, 0x1d, 0x7f, 0xf6, 0x30,
    0x43, 0x0, 0x7e, 0x12, 0x7d, 0x70, 0x0,

    /* U+0111 "đ" */
    0x0, 0xf1, 0x11, 0xbf, 0xc4, 0x1, 0xe4, 0xdd,
    0x48, 0x3, 0x50, 0x3, 0x96, 0xa8, 0xc0, 0xa,
    0x50, 0x9, 0xf7, 0xa0, 0xe8, 0x5, 0x44, 0x1,
    0x70, 0x42, 0x73, 0x40, 0x1c, 0xc8, 0x17, 0xdc,
    0xa6, 0x0, 0xea, 0x7, 0x40, 0x2, 0xb0, 0x7,
    0x18, 0x58, 0x6, 0xd0, 0xf, 0x84, 0x3, 0x38,
    0x7, 0xc2, 0x1, 0x98, 0x3, 0x8c, 0x2c, 0x3,
    0x60, 0x7, 0x50, 0x3a, 0x0, 0x15, 0x80, 0x39,
    0x90, 0x2f, 0xb9, 0x4e, 0x1, 0xeb, 0x82, 0x13,
    0x9a, 0x0, 0xc0,

    /* U+0112 "Ē" */
    0x0, 0x47, 0xff, 0x0, 0x6c, 0x77, 0xe0, 0xc,
    0x91, 0x1c, 0x1, 0xff, 0xc0, 0x6f, 0xff, 0xd8,
    0x1, 0x8, 0xf9, 0xc0, 0x5, 0xdd, 0xeb, 0x0,
    0xff, 0xea, 0x17, 0xff, 0x90, 0x2, 0x11, 0xf0,
    0x4, 0x5d, 0xde, 0x40, 0xf, 0xfe, 0xa1, 0x77,
    0x7b, 0x0, 0x21, 0x1f, 0x80,

    /* U+0113 "ē" */
    0x0, 0xb7, 0xff, 0x50, 0x7, 0x5b, 0xbe, 0xf0,
    0xe, 0x68, 0x8c, 0xa0, 0x1c, 0xb9, 0xfe, 0xb4,
    0x0, 0xd3, 0x46, 0x44, 0x4b, 0x80, 0x2, 0xb0,
    0xe6, 0xeb, 0x1, 0xcc, 0x38, 0x2c, 0xc0, 0x6,
    0xe1, 0x40, 0x81, 0xf3, 0x38, 0xc1, 0x40, 0x25,
    0x66, 0xc8, 0x2, 0x1, 0x6f, 0xff, 0xb4, 0xc,
    0x14, 0x3, 0x8, 0x80, 0x12, 0x10, 0x80, 0x1,
    0xce, 0x60, 0x56, 0xb, 0xec, 0xe2, 0x36, 0x0,
    0x4d, 0x18, 0x19, 0x46, 0x0,

    /* U+0114 "Ĕ" */
    0x0, 0x5d, 0x80, 0x9, 0xe6, 0x1, 0x6a, 0x29,
    0x40, 0x98, 0x4, 0xcb, 0x5a, 0x5a, 0x1, 0xd5,
    0xb9, 0xc6, 0x1, 0xe2, 0x30, 0xc, 0xdf, 0xff,
    0xb0, 0x2, 0x11, 0xf3, 0x80, 0xb, 0xbb, 0xd6,
    0x1, 0xff, 0xd4, 0x2f, 0xff, 0x20, 0x4, 0x23,
    0xe0, 0x8, 0xbb, 0xbc, 0x80, 0x1f, 0xfd, 0x42,
    0xee, 0xf6, 0x0, 0x42, 0x3f, 0x0,

    /* U+0115 "ĕ" */
    0x0, 0xa0, 0xc0, 0x8, 0xe0, 0x1c, 0xbe, 0x47,
    0x38, 0x1, 0xdc, 0x5b, 0x81, 0x40, 0x1c, 0x7d,
    0x98, 0xd1, 0x0, 0xf8, 0xcc, 0x1, 0xf2, 0xe7,
    0xfa, 0xd0, 0x3, 0x4d, 0x19, 0x11, 0x2e, 0x0,
    0xa, 0xc3, 0x9b, 0xac, 0x7, 0x30, 0xe0, 0xb3,
    0x0, 0x1b, 0x85, 0x2, 0x7, 0xcc, 0xe3, 0x5,
    0x0, 0x95, 0x9b, 0x20, 0x8, 0x5, 0xbf, 0xfe,
    0xd0, 0x30, 0x50, 0xc, 0x22, 0x0, 0x48, 0x42,
    0x0, 0x7, 0x39, 0x81, 0x58, 0x2f, 0xb3, 0x88,
    0xd8, 0x1, 0x34, 0x60, 0x65, 0x18, 0x0,

    /* U+0116 "Ė" */
    0x0, 0xc8, 0xe0, 0x1f, 0xae, 0x20, 0x1, 0xf2,
    0xe, 0x0, 0x7d, 0x7c, 0x80, 0x1f, 0xfc, 0x16,
    0xff, 0xfd, 0x80, 0x10, 0x8f, 0x9c, 0x0, 0x5d,
    0xde, 0xb0, 0xf, 0xfe, 0xa1, 0x7f, 0xf9, 0x0,
    0x21, 0x1f, 0x0, 0x45, 0xdd, 0xe4, 0x0, 0xff,
    0xea, 0x17, 0x77, 0xb0, 0x2, 0x11, 0xf8,

    /* U+0117 "ė" */
    0x0, 0xe6, 0x50, 0xf, 0xcb, 0x34, 0x60, 0x1f,
    0x38, 0x91, 0x0, 0x3e, 0x2e, 0xd1, 0x0, 0xf2,
    0xe7, 0xfa, 0xd0, 0x3, 0x4d, 0x19, 0x11, 0x2e,
    0x0, 0xa, 0xc3, 0x9b, 0xac, 0x7, 0x30, 0xe0,
    0xb3, 0x0, 0x1b, 0x85, 0x2, 0x7, 0xcc, 0xe3,
    0x5, 0x0, 0x95, 0x9b, 0x20, 0x8, 0x5, 0xbf,
    0xfe, 0xd0, 0x30, 0x50, 0xc, 0x22, 0x0, 0x48,
    0x42, 0x0, 0x7, 0x39, 0x81, 0x58, 0x2f, 0xb3,
    0x88, 0xd8, 0x1, 0x34, 0x60, 0x65, 0x18, 0x0,

    /* U+0118 "Ę" */
    0x6f, 0xff, 0xd8, 0x1, 0x84, 0x7c, 0xe0, 0x11,
    0x77, 0x7a, 0xc0, 0x3f, 0xf9, 0xa5, 0xdd, 0xe4,
    0x0, 0xc2, 0x3e, 0x0, 0xc5, 0xff, 0xe4, 0x0,
    0xff, 0xf1, 0x97, 0x77, 0xb0, 0x3, 0x8, 0xfc,
    0xd, 0xff, 0xda, 0x22, 0xe0, 0xf, 0xa0, 0x68,
    0xc0, 0x3e, 0x10, 0x8a, 0x0, 0xfa, 0xc, 0xce,
    0x60,

    /* U+0119 "ę" */
    0x0, 0x97, 0x3f, 0xd6, 0x80, 0x1a, 0x68, 0xc8,
    0x89, 0x70, 0x0, 0x56, 0x1c, 0xdd, 0x60, 0x39,
    0x87, 0x5, 0x98, 0x0, 0xdc, 0x28, 0x10, 0x3e,
    0x67, 0x18, 0x28, 0x4, 0xac, 0xd9, 0x0, 0x40,
    0x2d, 0xff, 0xf6, 0x81, 0x82, 0x80, 0x61, 0x10,
    0x2, 0x42, 0x10, 0x0, 0x39, 0xd4, 0xa, 0xc1,
    0x7d, 0x9c, 0x41, 0x0, 0x9, 0xa3, 0x3, 0x0,
    0x39, 0x0, 0x4b, 0x9d, 0xa0, 0x50, 0x1, 0xf5,
    0x85, 0x0, 0x7e, 0x10, 0xaa, 0x10, 0x7, 0xa5,
    0x9, 0x1c,

    /* U+011A "Ě" */
    0x0, 0x5f, 0x98, 0x5f, 0xa0, 0x5, 0x45, 0xb2,
    0x92, 0x80, 0x10, 0xf8, 0xb3, 0x40, 0x1c, 0x5f,
    0xe9, 0x0, 0xff, 0xe0, 0xb7, 0xff, 0xec, 0x0,
    0x84, 0x7c, 0xe0, 0x2, 0xee, 0xf5, 0x80, 0x7f,
    0xf5, 0xb, 0xff, 0xc8, 0x1, 0x8, 0xf8, 0x2,
    0x2e, 0xef, 0x20, 0x7, 0xff, 0x50, 0xbb, 0xbd,
    0x80, 0x10, 0x8f, 0xc0,

    /* U+011B "ě" */
    0x0, 0x14, 0x28, 0x1, 0x9c, 0x40, 0x22, 0x25,
    0x23, 0xcf, 0x88, 0x6, 0xa3, 0xa8, 0x58, 0x0,
    0xf6, 0xb4, 0x50, 0x7, 0xc3, 0xe, 0x1, 0xf2,
    0xe7, 0xfa, 0xd0, 0x3, 0x4d, 0x19, 0x11, 0x2e,
    0x0, 0xa, 0xc3, 0x9b, 0xac, 0x7, 0x30, 0xe0,
    0xb3, 0x0, 0x1b, 0x85, 0x2, 0x7, 0xcc, 0xe3,
    0x5, 0x0, 0x95, 0x9b, 0x20, 0x8, 0x5, 0xbf,
    0xfe, 0xd0, 0x30, 0x50, 0xc, 0x22, 0x0, 0x48,
    0x42, 0x0, 0x7, 0x39, 0x81, 0x58, 0x2f, 0xb3,
    0x88, 0xd8, 0x1, 0x34, 0x60, 0x65, 0x18, 0x0,

    /* U+011C "Ĝ" */
    0x0, 0xeb, 0xfd, 0x10, 0xf, 0xd2, 0x8e, 0x54,
    0x1, 0xf3, 0xb3, 0x22, 0x52, 0x40, 0x3c, 0xff,
    0x20, 0xdf, 0x20, 0x1f, 0xfc, 0x73, 0xad, 0xfe,
    0xc6, 0x0, 0xe8, 0xc5, 0x20, 0x13, 0x9d, 0x20,
    0x4, 0x38, 0x36, 0x7f, 0x48, 0x97, 0x81, 0x38,
    0x44, 0x98, 0xb, 0x78, 0x13, 0x50, 0x1b, 0x80,
    0x70, 0xee, 0x21, 0x85, 0x80, 0x7c, 0x46, 0x4c,
    0x4, 0x1, 0xb3, 0x77, 0x50, 0x7, 0xc6, 0x45,
    0x99, 0x80, 0x40, 0x1b, 0xfe, 0x90, 0x73, 0xb,
    0x0, 0xfb, 0x0, 0xa8, 0xd, 0xc0, 0x38, 0xd4,
    0x34, 0x9c, 0x22, 0x4c, 0x5, 0xb4, 0x11, 0x1,
    0xc, 0xd, 0x9f, 0xd2, 0x27, 0x40, 0x14, 0xe2,
    0x90, 0x9, 0xce, 0x8, 0x0,

    /* U+011D "ĝ" */
    0x0, 0xc2, 0xee, 0x10, 0xf, 0xb6, 0x21, 0x40,
    0x1e, 0xa3, 0xa9, 0x49, 0x0, 0xc4, 0x49, 0x56,
    0x9e, 0x10, 0x8, 0xa1, 0x80, 0xc, 0xe2, 0x1,
    0x9f, 0x7f, 0x58, 0xbf, 0xc0, 0xb, 0x82, 0x13,
    0x9a, 0x0, 0x99, 0x2, 0xbb, 0x96, 0xe0, 0x15,
    0x3, 0xa8, 0x1, 0x14, 0x2, 0x30, 0xc0, 0xd,
    0xe0, 0x1c, 0xc0, 0x19, 0x80, 0x38, 0x40, 0x33,
    0x80, 0x44, 0x16, 0x1, 0xb0, 0x2, 0xa0, 0x74,
    0x0, 0x23, 0x80, 0x4e, 0x61, 0x7b, 0xab, 0x50,
    0xd, 0x8e, 0x44, 0x38, 0x90, 0xe, 0x8d, 0xfe,
    0x77, 0x0, 0x81, 0xdc, 0x80, 0x43, 0xe0, 0x80,
    0x2a, 0xdf, 0x98, 0xe4, 0x1b, 0x2, 0xf7, 0x23,
    0x31, 0x3f, 0x88,

    /* U+011E "Ğ" */
    0x0, 0x97, 0xc4, 0x1, 0xd0, 0x1, 0xe4, 0xb,
    0x27, 0x1c, 0x0, 0xf0, 0xd2, 0xec, 0x3a, 0x0,
    0x7c, 0xbd, 0x9d, 0x0, 0x1f, 0xc2, 0x62, 0x1,
    0xf8, 0xeb, 0x7f, 0xb1, 0x80, 0x3a, 0x31, 0x48,
    0x4, 0xe7, 0x48, 0x1, 0xe, 0xd, 0x9f, 0xd2,
    0x25, 0xe0, 0x4e, 0x11, 0x26, 0x2, 0xde, 0x4,
    0xd4, 0x6, 0xe0, 0x1c, 0x3b, 0x88, 0x61, 0x60,
    0x1f, 0x11, 0x93, 0x1, 0x0, 0x6c, 0xdd, 0xd4,
    0x1, 0xf1, 0x91, 0x66, 0x60, 0x10, 0x6, 0xff,
    0xa4, 0x1c, 0xc2, 0xc0, 0x3e, 0xc0, 0x2a, 0x3,
    0x70, 0xe, 0x35, 0xd, 0x27, 0x8, 0x93, 0x1,
    0x6d, 0x4, 0x40, 0x43, 0x3, 0x67, 0xf4, 0x89,
    0xd0, 0x5, 0x38, 0xa4, 0x2, 0x73, 0x82, 0x0,

    /* U+011F "ğ" */
    0x0, 0x9c, 0xc0, 0x6, 0xe0, 0x1d, 0x7e, 0x47,
    0xd6, 0x1, 0xdc, 0x3b, 0x81, 0xc0, 0x1c, 0x5b,
    0x98, 0xd2, 0x0, 0xf8, 0xcc, 0x1, 0xf3, 0xef,
    0xeb, 0x17, 0xf8, 0x1, 0x70, 0x42, 0x73, 0x40,
    0x13, 0x20, 0x57, 0x72, 0xdc, 0x2, 0xa0, 0x75,
    0x0, 0x22, 0x80, 0x46, 0x18, 0x1, 0xbc, 0x3,
    0x98, 0x3, 0x30, 0x7, 0x8, 0x6, 0x70, 0x8,
    0x82, 0xc0, 0x36, 0x0, 0x54, 0xe, 0x80, 0x4,
    0x70, 0x9, 0xcc, 0x2f, 0x75, 0x6a, 0x1, 0xb1,
    0xc8, 0x87, 0x12, 0x1, 0xd1, 0xbf, 0xce, 0xe0,
    0x10, 0x3b, 0x90, 0x8, 0x7c, 0x10, 0x5, 0x5b,
    0xf3, 0x1c, 0x83, 0x60, 0x5e, 0xe4, 0x66, 0x27,
    0xf1,

    /* U+0120 "Ġ" */
    0x0, 0xe6, 0xf9, 0x0, 0xff, 0x60, 0x38, 0x7,
    0xfa, 0xe3, 0x40, 0x3f, 0xc2, 0xe6, 0x1, 0xff,
    0xc9, 0x3a, 0xdf, 0xec, 0x60, 0xe, 0x8c, 0x52,
    0x1, 0x39, 0xd2, 0x0, 0x43, 0x83, 0x67, 0xf4,
    0x89, 0x78, 0x13, 0x84, 0x49, 0x80, 0xb7, 0x81,
    0x35, 0x1, 0xb8, 0x7, 0xe, 0xe2, 0x18, 0x58,
    0x7, 0xc4, 0x64, 0xc0, 0x40, 0x1b, 0x37, 0x75,
    0x0, 0x7c, 0x64, 0x59, 0x98, 0x4, 0x1, 0xbf,
    0xe9, 0x7, 0x30, 0xb0, 0xf, 0xb0, 0xa, 0x80,
    0xdc, 0x3, 0x8d, 0x43, 0x49, 0xc2, 0x24, 0xc0,
    0x5b, 0x41, 0x10, 0x10, 0xc0, 0xd9, 0xfd, 0x22,
    0x74, 0x1, 0x4e, 0x29, 0x0, 0x9c, 0xe0, 0x80,

    /* U+0121 "ġ" */
    0x0, 0xe5, 0x50, 0x7, 0xe4, 0xaa, 0x20, 0x7,
    0xca, 0x22, 0x50, 0xf, 0x87, 0xb8, 0x20, 0x1e,
    0x7d, 0xfd, 0x62, 0xff, 0x0, 0x2e, 0x8, 0x4e,
    0x68, 0x2, 0x64, 0xa, 0xee, 0x5b, 0x80, 0x54,
    0xe, 0xa0, 0x4, 0x50, 0x8, 0xc3, 0x0, 0x37,
    0x80, 0x73, 0x0, 0x66, 0x0, 0xe1, 0x0, 0xce,
    0x1, 0x10, 0x58, 0x6, 0xc0, 0xa, 0x81, 0xd0,
    0x0, 0x8e, 0x1, 0x39, 0x85, 0xee, 0xad, 0x40,
    0x36, 0x39, 0x10, 0xe2, 0x40, 0x3a, 0x37, 0xf9,
    0xdc, 0x2, 0x7, 0x72, 0x1, 0xf, 0x82, 0x0,
    0xab, 0x7e, 0x63, 0x90, 0x6c, 0xb, 0xdc, 0x8c,
    0xc4, 0xfe, 0x20,

    /* U+0122 "Ģ" */
    0x0, 0x8e, 0xb7, 0xfb, 0x18, 0x3, 0xa3, 0x14,
    0x80, 0x4e, 0x74, 0x80, 0x10, 0xe0, 0xd9, 0xfd,
    0x22, 0x5e, 0x4, 0xe1, 0x12, 0x60, 0x2d, 0xe0,
    0x4d, 0x40, 0x6e, 0x1, 0xc3, 0xb8, 0x86, 0x16,
    0x1, 0xf1, 0x19, 0x30, 0x10, 0x6, 0xcd, 0xdd,
    0x40, 0x1f, 0x19, 0x16, 0x66, 0x1, 0x0, 0x6f,
    0xfa, 0x41, 0xcc, 0x2c, 0x3, 0xec, 0x2, 0xa0,
    0x37, 0x0, 0xe3, 0x50, 0xd2, 0x70, 0x89, 0x30,
    0x16, 0xd0, 0x44, 0x4, 0x30, 0x36, 0x7f, 0x48,
    0x9d, 0x0, 0x53, 0x8a, 0x40, 0x27, 0x38, 0x20,
    0x18, 0xeb, 0x7f, 0xb1, 0x80, 0x3f, 0x4f, 0xb0,
    0x7, 0xf9, 0x1, 0xc0, 0x3f, 0x84, 0x94, 0x40,
    0x3f, 0x8d, 0xa4, 0x3, 0xc0,

    /* U+0123 "ģ" */
    0x0, 0xf4, 0x10, 0x7, 0xe6, 0x77, 0x0, 0x7e,
    0xa0, 0x50, 0xf, 0xc2, 0x40, 0x1f, 0xd5, 0x60,
    0x1f, 0xce, 0xc0, 0x1f, 0x3e, 0xfe, 0xb1, 0x7f,
    0x80, 0x17, 0x4, 0x27, 0x34, 0x1, 0x32, 0x5,
    0x77, 0x2d, 0xc0, 0x2a, 0x7, 0x50, 0x2, 0x28,
    0x4, 0x61, 0x80, 0x1b, 0xc0, 0x39, 0x80, 0x33,
    0x0, 0x70, 0x80, 0x67, 0x0, 0x88, 0x2c, 0x3,
    0x60, 0x5, 0x40, 0xe8, 0x0, 0x47, 0x0, 0x9c,
    0xc2, 0xf7, 0x56, 0xa0, 0x1b, 0x1c, 0x88, 0x71,
    0x20, 0x1d, 0x1b, 0xfc, 0xee, 0x1, 0x3, 0xb9,
    0x0, 0x87, 0xc1, 0x0, 0x55, 0xbf, 0x31, 0xc8,
    0x36, 0x5, 0xee, 0x46, 0x62, 0x7f, 0x10,

    /* U+0124 "Ĥ" */
    0x0, 0xc3, 0xbf, 0x60, 0x1f, 0xd4, 0x4e, 0x92,
    0x1, 0xf4, 0xa4, 0xc3, 0x34, 0x1, 0xe9, 0xf6,
    0x9, 0xf6, 0x0, 0xff, 0xe2, 0x37, 0xe8, 0x7,
    0xdf, 0xe4, 0x0, 0xff, 0xfb, 0x97, 0xff, 0xc0,
    0x1e, 0x11, 0xf8, 0x3, 0x8b, 0xbb, 0xe0, 0xf,
    0xff, 0xc0,

    /* U+0125 "ĥ" */
    0x0, 0x6f, 0xe0, 0x7, 0xeb, 0x27, 0x3a, 0x0,
    0xf4, 0x24, 0x44, 0xae, 0x1, 0xd1, 0xee, 0xf,
    0xee, 0x1, 0xff, 0xc7, 0x8f, 0x90, 0xf, 0xfe,
    0xc1, 0x5f, 0xf5, 0x8, 0x7, 0x1e, 0x20, 0xa,
    0xe0, 0x7, 0x2b, 0x7f, 0xa8, 0x9, 0x40, 0x31,
    0xc0, 0x1, 0x50, 0x34, 0x3, 0x28, 0x6, 0x20,
    0x10, 0xf, 0xff, 0xe0,

    /* U+0126 "Ħ" */
    0x0, 0x7f, 0x90, 0x3, 0xd1, 0xf6, 0x1, 0xff,
    0xc4, 0x18, 0x0, 0x74, 0x47, 0x90, 0x15, 0xcd,
    0xc0, 0xa, 0xef, 0xe3, 0x1, 0xa2, 0xf0, 0x5,
    0xff, 0xf9, 0xc1, 0x34, 0x3, 0xff, 0x8f, 0x7f,
    0xfe, 0x70, 0xf, 0x84, 0x7e, 0x0, 0xfd, 0x5d,
    0xde, 0x70, 0xf, 0xff, 0xf8, 0x4,

    /* U+0127 "ħ" */
    0x2b, 0xfb, 0x22, 0x8, 0x6, 0xd4, 0x4, 0xdd,
    0x40, 0x6, 0xa1, 0x1, 0xaa, 0x80, 0x32, 0xb0,
    0x3b, 0xbb, 0x3a, 0x84, 0x3, 0x1e, 0x20, 0xa,
    0xe0, 0x6, 0x56, 0xff, 0x50, 0x12, 0x80, 0x47,
    0x0, 0x5, 0x40, 0xd0, 0x9, 0x40, 0x31, 0x0,
    0x80, 0x7f, 0xfd, 0x80,

    /* U+0128 "Ĩ" */
    0x0, 0x8, 0xfb, 0x7b, 0xb4, 0x84, 0xdd, 0xd9,
    0x2, 0x89, 0x8c, 0x3, 0xfc, 0xdf, 0xa0, 0x1f,
    0xff, 0xf0, 0xf, 0xfe, 0x30,

    /* U+0129 "ĩ" */
    0x4, 0x74, 0x7, 0x44, 0x5c, 0x5f, 0xc0, 0x35,
    0x7e, 0xd6, 0xa1, 0x28, 0x12, 0x90, 0x5, 0x1f,
    0x20, 0x1f, 0xff, 0xc0,

    /* U+012A "Ī" */
    0xf, 0xfe, 0x70, 0x77, 0xe3, 0x8, 0x8e, 0x40,
    0xf, 0xe6, 0xfd, 0x0, 0xff, 0xff, 0x80, 0x7f,
    0xf1, 0x80,

    /* U+012B "ī" */
    0x3f, 0xfe, 0x42, 0x77, 0xe6, 0x18, 0x8e, 0x20,
    0x4, 0x7c, 0x80, 0x7f, 0xff, 0x0,

    /* U+012C "Ĭ" */
    0x3f, 0x30, 0x6, 0x59, 0x8c, 0x12, 0x9e, 0x86,
    0xae, 0xd3, 0x30, 0xf, 0xb3, 0x64, 0x3, 0x19,
    0x0, 0x66, 0xfd, 0x0, 0xff, 0xff, 0x80, 0x7f,
    0xf1, 0x80,

    /* U+012D "ĭ" */
    0x6f, 0x52, 0x5f, 0x66, 0x2d, 0x6d, 0x2b, 0x5,
    0x76, 0x6d, 0x0, 0x42, 0x64, 0x1, 0xa3, 0xe4,
    0x3, 0xff, 0xf8,

    /* U+012E "Į" */
    0x6, 0xfd, 0x0, 0xff, 0xf9, 0x8, 0x4, 0x52,
    0x3c, 0x10, 0x34, 0x60, 0x21, 0x14, 0x12, 0x66,
    0x73,

    /* U+012F "į" */
    0x0, 0xb, 0x90, 0x5, 0x51, 0xc0, 0x16, 0x2,
    0x0, 0x4f, 0xf0, 0x1, 0x47, 0xc8, 0x7, 0xff,
    0xb4, 0x80, 0x32, 0x29, 0xc0, 0x2, 0x83, 0x44,
    0x0, 0x21, 0x50, 0x0, 0xa2, 0x44, 0x0,

    /* U+0130 "İ" */
    0x7, 0x40, 0x88, 0x58, 0x60, 0xa0, 0x27, 0x58,
    0x7, 0x37, 0xe8, 0x7, 0xff, 0xa4,

    /* U+0131 "ı" */
    0x8f, 0x90, 0xf, 0xfe, 0x90,

    /* U+0132 "Ĳ" */
    0x6f, 0xd0, 0xf, 0xee, 0xf5, 0x0, 0xff, 0xff,
    0x80, 0x7f, 0xf9, 0xa7, 0xa0, 0x3, 0xff, 0x80,
    0x62, 0x40, 0x18, 0x40, 0x40, 0x3b, 0x1, 0x48,
    0x0, 0xc0, 0x5, 0x0, 0xe6, 0x30, 0xdb, 0xc9,
    0x8, 0x10, 0xf, 0x63, 0x92, 0x19, 0xa9, 0xc0,

    /* U+0133 "ĳ" */
    0x17, 0x20, 0x0, 0xb9, 0x54, 0x70, 0x2, 0xa3,
    0xf0, 0x10, 0x1, 0x80, 0x8f, 0xf0, 0x0, 0x7f,
    0x98, 0xf9, 0x0, 0x47, 0xd0, 0x7, 0xff, 0xfc,
    0x3, 0xa3, 0xe4, 0x3, 0xfc, 0x80, 0x40, 0x12,
    0x71, 0x85, 0x0, 0x61, 0x3b, 0x20,

    /* U+0134 "Ĵ" */
    0x0, 0xfa, 0x7f, 0xc4, 0x1, 0xf9, 0x9a, 0x1f,
    0x10, 0xf, 0x24, 0xa4, 0xe9, 0x50, 0x7, 0x93,
    0xec, 0xf, 0xec, 0x3, 0xff, 0x92, 0xbf, 0xc0,
    0x1f, 0xff, 0xf0, 0xf, 0xfe, 0xa0, 0xff, 0x84,
    0x3, 0xf8, 0x40, 0x4, 0x1, 0x10, 0x18, 0x6,
    0x30, 0xf1, 0x2, 0x90, 0x40, 0xd, 0x0, 0x7d,
    0xcd, 0x11, 0x40, 0x6, 0x4c, 0x51, 0x19, 0xbc,
    0x40, 0x20,

    /* U+0135 "ĵ" */
    0x1, 0xdf, 0xd1, 0x1, 0xc3, 0xc3, 0xc1, 0x45,
    0xc3, 0xc5, 0x45, 0x82, 0x2, 0x85, 0x0, 0x4f,
    0xc8, 0x7, 0xff, 0xfc, 0x3, 0xca, 0x1c, 0x0,
    0x4e, 0x30, 0x50, 0x0, 0x88, 0xf0, 0x80, 0x0,

    /* U+0136 "Ķ" */
    0x6f, 0xd0, 0xe, 0x3f, 0xf5, 0x0, 0x7e, 0x2d,
    0x4, 0xa0, 0xf, 0x8b, 0x4, 0xec, 0x3, 0xe1,
    0xf1, 0x3c, 0x0, 0xfd, 0x84, 0x4d, 0x0, 0xfd,
    0x64, 0x4c, 0x10, 0xf, 0xa5, 0x1, 0x84, 0x3,
    0xe2, 0x62, 0x4, 0x70, 0xf, 0xc5, 0x92, 0x10,
    0x60, 0x1e, 0x1c, 0x16, 0x50, 0xd1, 0x0, 0xe3,
    0x10, 0x5, 0x88, 0xac, 0x3, 0xf8, 0x74, 0x15,
    0x80, 0x3f, 0x8d, 0xc2, 0x48, 0x3, 0xfa, 0xc,
    0x3c, 0x1b, 0xf4, 0x3, 0xd9, 0xfa, 0x1, 0xc7,
    0xf8, 0x1, 0xfe, 0x40, 0xb0, 0xf, 0xf6, 0x83,
    0x0, 0x7f, 0x8a, 0x4, 0x3, 0xc0,

    /* U+0137 "ķ" */
    0x8f, 0x90, 0xf, 0xfe, 0xaa, 0xff, 0x8c, 0x3,
    0x92, 0x82, 0xcc, 0x3, 0x1d, 0x85, 0x20, 0x6,
    0x3c, 0x9, 0x50, 0xc, 0xba, 0xc, 0xc0, 0xe,
    0x31, 0x5, 0x0, 0xfa, 0x84, 0xe4, 0x3, 0x99,
    0x68, 0x19, 0x40, 0x3c, 0x8e, 0x14, 0x40, 0x1e,
    0x83, 0xf, 0x0, 0xfb, 0x44, 0xa6, 0x3e, 0x40,
    0x21, 0xef, 0x90, 0x9, 0xbe, 0x40, 0x3e, 0xc0,
    0xa0, 0xf, 0x90, 0x8c, 0x3, 0xe7, 0x80, 0xe,

    /* U+0138 "ĸ" */
    0x8f, 0x90, 0x9, 0x3f, 0xca, 0x1, 0xc3, 0x40,
    0xea, 0x1, 0xd4, 0x29, 0x0, 0x1c, 0xc8, 0x34,
    0x1, 0xc5, 0x21, 0xa2, 0x1, 0x9b, 0x42, 0xc,
    0x3, 0x8d, 0x2, 0xc0, 0x3c, 0xb6, 0x66, 0xa0,
    0xf, 0xb4, 0x56, 0x0, 0x3c, 0x3a, 0xe, 0xa0,
    0x1e, 0x39, 0xa, 0x30,

    /* U+0139 "Ĺ" */
    0x0, 0x6f, 0x10, 0x7, 0x9c, 0xa4, 0x80, 0x3d,
    0x26, 0xe0, 0x1f, 0x76, 0x0, 0x7f, 0xf1, 0x5b,
    0xf4, 0x3, 0xff, 0xfe, 0x1, 0xff, 0xe0, 0x2e,
    0xef, 0x30, 0x4, 0x23, 0xf0,

    /* U+013A "ĺ" */
    0x2, 0xec, 0x0, 0x40, 0xc0, 0x12, 0xa9, 0x0,
    0xbe, 0x80, 0x3e, 0x8f, 0x90, 0xf, 0xff, 0xb8,

    /* U+013B "Ļ" */
    0x6f, 0xd0, 0xf, 0xff, 0xf8, 0x7, 0xff, 0x80,
    0xbb, 0xbc, 0xc0, 0x10, 0x8f, 0xcd, 0xff, 0xf9,
    0xc0, 0x22, 0xfd, 0x0, 0xf9, 0x2, 0x80, 0x3e,
    0xc0, 0x50, 0xf, 0xb6, 0x8, 0x3, 0x0,

    /* U+013C "ļ" */
    0x8, 0xf9, 0x0, 0xff, 0xf4, 0xc7, 0xc8, 0x57,
    0xa8, 0x20, 0x28, 0x89, 0x40, 0xda, 0x40,

    /* U+013D "Ľ" */
    0x0, 0xec, 0xf1, 0x0, 0x37, 0xe8, 0x4, 0x22,
    0x0, 0xfc, 0x40, 0x1f, 0x92, 0xc0, 0x3f, 0x43,
    0x80, 0x7f, 0xff, 0xc0, 0x3f, 0xc5, 0xdd, 0xe6,
    0x0, 0x84, 0x7e,

    /* U+013E "ľ" */
    0x0, 0x87, 0xf2, 0x3e, 0x40, 0xc, 0x1, 0xc4,
    0x1, 0xa, 0x60, 0x6, 0xb4, 0x0, 0xff, 0xf8,
    0x0,

    /* U+013F "Ŀ" */
    0x6f, 0xd0, 0xf, 0xfe, 0xf2, 0xb0, 0x7, 0xc7,
    0x52, 0xa0, 0x1e, 0x22, 0xb, 0x80, 0x78, 0x77,
    0x88, 0x3, 0xff, 0xc0, 0x5d, 0xde, 0x60, 0x8,
    0x47, 0xe0,

    /* U+0140 "ŀ" */
    0x8f, 0x90, 0xf, 0xfe, 0xc4, 0x61, 0x80, 0x42,
    0xe7, 0x20, 0x10, 0xa0, 0x78, 0x6, 0xbf, 0x50,
    0xf, 0xfe, 0xb8,

    /* U+0141 "Ł" */
    0x0, 0x5f, 0xc0, 0x7, 0xff, 0x69, 0xc0, 0x3f,
    0x97, 0xa0, 0x3, 0xf3, 0xd0, 0xb8, 0x7, 0x12,
    0x0, 0x17, 0xa0, 0x3, 0x36, 0x80, 0x16, 0x84,
    0x3, 0xbc, 0x80, 0x4, 0x1, 0xf5, 0xea, 0x0,
    0x7f, 0x10, 0x7, 0xff, 0x3d, 0xfb, 0xbc, 0x20,
    0x1c, 0x23, 0xe0,

    /* U+0142 "ł" */
    0x0, 0x47, 0xc8, 0x7, 0xff, 0x24, 0xc4, 0x3,
    0x36, 0x18, 0xb, 0x80, 0x1c, 0x87, 0xc0, 0x9,
    0x0, 0x6a, 0x80, 0x40, 0x2, 0xb3, 0x0, 0xff,
    0xed, 0x80,

    /* U+0143 "Ń" */
    0x0, 0xf1, 0x76, 0x80, 0x7f, 0xac, 0x60, 0x3,
    0xf8, 0x59, 0x54, 0x1, 0xfc, 0x3f, 0x40, 0x1f,
    0xfc, 0x66, 0xff, 0x40, 0x7, 0xaf, 0xe0, 0x2,
    0x73, 0x0, 0xff, 0xe0, 0x78, 0x7, 0xf9, 0xc,
    0xce, 0x1, 0xfc, 0xfe, 0x10, 0x40, 0x1f, 0x84,
    0xd4, 0x38, 0x3, 0xfd, 0x62, 0x6e, 0x1, 0xf1,
    0x80, 0xd8, 0x41, 0x0, 0x7f, 0x2a, 0x82, 0x40,
    0x3f, 0xd6, 0x28, 0xa0, 0x1f, 0xc3, 0x61, 0x62,
    0x1, 0xfc, 0xa8, 0x2a, 0x1, 0xfe, 0xa0, 0xf,
    0xfe, 0x0, 0xc8, 0x4,

    /* U+0144 "ń" */
    0x0, 0xeb, 0xf6, 0x0, 0xf1, 0xa2, 0x18, 0x3,
    0xd4, 0x54, 0x1, 0xf4, 0xe8, 0x80, 0x51, 0xf0,
    0x77, 0xfd, 0x42, 0x1, 0x16, 0x31, 0x8a, 0xe0,
    0x4, 0xb3, 0xb9, 0x80, 0x25, 0x0, 0x1b, 0x0,
    0xd, 0x43, 0x40, 0xa, 0x1, 0x8c, 0x4, 0x3,
    0xff, 0xe0,

    /* U+0145 "Ņ" */
    0x6f, 0xf4, 0x0, 0x7a, 0xfe, 0x0, 0x27, 0x30,
    0xf, 0xfe, 0x7, 0x80, 0x7f, 0x90, 0xcc, 0xe0,
    0x1f, 0xcf, 0xe1, 0x4, 0x1, 0xf8, 0x4d, 0x43,
    0x80, 0x3f, 0xd6, 0x26, 0xe0, 0x1f, 0x18, 0xd,
    0x84, 0x10, 0x7, 0xf2, 0xa8, 0x24, 0x3, 0xfd,
    0x62, 0x8a, 0x1, 0xfc, 0x36, 0x16, 0x20, 0x1f,
    0xca, 0x82, 0xa0, 0x1f, 0xea, 0x0, 0xff, 0xe0,
    0xc, 0x80, 0x4d, 0xfc, 0x1, 0xe6, 0xff, 0x40,
    0x7, 0x4f, 0xb0, 0x7, 0xf9, 0x1, 0xc0, 0x3f,
    0x84, 0x94, 0x40, 0x3f, 0x8d, 0xa4, 0x3, 0xc0,

    /* U+0146 "ņ" */
    0x8f, 0x83, 0xbf, 0xea, 0x10, 0x8, 0xb1, 0x8c,
    0x57, 0x0, 0x25, 0x9d, 0xcc, 0x1, 0x28, 0x0,
    0xd8, 0x0, 0x6a, 0x1a, 0x0, 0x50, 0xc, 0x60,
    0x20, 0x1f, 0xff, 0x8, 0xf9, 0x0, 0xd3, 0xf2,
    0x1, 0x17, 0xe8, 0x7, 0xc8, 0xa, 0x1, 0xf7,
    0x85, 0x0, 0x7d, 0xd0, 0x40, 0x18,

    /* U+0147 "Ň" */
    0x0, 0x9b, 0xe0, 0x1b, 0xe4, 0x3, 0xcc, 0xc7,
    0x89, 0x39, 0x0, 0xfa, 0x4d, 0xcb, 0x40, 0x3f,
    0xb3, 0xf4, 0x40, 0x3f, 0xf8, 0xad, 0xfe, 0x80,
    0xf, 0x5f, 0xc0, 0x4, 0xe6, 0x1, 0xff, 0xc0,
    0xf0, 0xf, 0xf2, 0x19, 0x9c, 0x3, 0xf9, 0xfc,
    0x20, 0x80, 0x3f, 0x9, 0xa8, 0x70, 0x7, 0xfa,
    0xc4, 0xdc, 0x3, 0xe3, 0x1, 0xb0, 0x82, 0x0,
    0xfe, 0x55, 0x4, 0x80, 0x7f, 0xac, 0x51, 0x40,
    0x3f, 0x86, 0xc2, 0xc4, 0x3, 0xf9, 0x50, 0x54,
    0x3, 0xfd, 0x40, 0x1f, 0xfc, 0x1, 0x90, 0x8,

    /* U+0148 "ň" */
    0x1, 0xde, 0x22, 0x76, 0x88, 0x0, 0x70, 0xf3,
    0xcf, 0x4, 0x2, 0x1c, 0x9a, 0xc1, 0x0, 0xe1,
    0x77, 0x8, 0x5, 0x1f, 0x7, 0x7f, 0xd4, 0x20,
    0x11, 0x63, 0x18, 0xae, 0x0, 0x4b, 0x3b, 0x98,
    0x2, 0x50, 0x1, 0xb0, 0x0, 0xd4, 0x34, 0x0,
    0xa0, 0x18, 0xc0, 0x40, 0x3f, 0xfe, 0x0,

    /* U+014A "Ŋ" */
    0x6f, 0xf4, 0x0, 0x7a, 0xfe, 0x0, 0x27, 0x30,
    0xf, 0xfe, 0x7, 0x80, 0x7f, 0x90, 0xcc, 0xe0,
    0x1f, 0xcf, 0xe1, 0x4, 0x1, 0xf8, 0x4d, 0x43,
    0x80, 0x3f, 0xd6, 0x26, 0xe0, 0x1f, 0x18, 0xd,
    0x84, 0x10, 0x7, 0xf2, 0xa8, 0x24, 0x3, 0xfd,
    0x62, 0x8a, 0x1, 0xfc, 0x36, 0x16, 0x20, 0x1f,
    0xca, 0x82, 0xa0, 0x1f, 0xea, 0x0, 0xff, 0xe0,
    0xc, 0x80, 0x5, 0xbf, 0x80, 0x3c, 0xca, 0x1,
    0xff, 0xc0, 0x10, 0xf, 0xf4, 0xf2, 0x6, 0x0,
    0x7f, 0x8, 0x9d, 0x40,

    /* U+014B "ŋ" */
    0x8f, 0x83, 0xbf, 0xea, 0x10, 0x8, 0xb1, 0x8c,
    0x57, 0x0, 0x25, 0x9d, 0xcc, 0x1, 0x28, 0x0,
    0xd8, 0x0, 0x6a, 0x1a, 0x0, 0x50, 0xc, 0x60,
    0x20, 0x1f, 0xff, 0x8, 0xf9, 0x0, 0xff, 0xe1,
    0x18, 0x8, 0x7, 0x4f, 0x28, 0x68, 0x7, 0x84,
    0x50, 0xa0,

    /* U+014C "Ō" */
    0x0, 0xd1, 0x1c, 0x60, 0x1f, 0xb, 0xbf, 0x28,
    0x7, 0xc3, 0xff, 0xcc, 0x1, 0xff, 0xd7, 0x3a,
    0xdf, 0xeb, 0x50, 0xf, 0x46, 0x29, 0x0, 0xa5,
    0x60, 0x80, 0x4e, 0xe0, 0x6c, 0xfe, 0x90, 0x3d,
    0x0, 0x14, 0x4, 0x49, 0x80, 0xb6, 0x81, 0xb8,
    0x50, 0x1b, 0x80, 0x71, 0x40, 0x50, 0x18, 0x58,
    0x7, 0xca, 0x4, 0x2c, 0x4, 0x1, 0xf1, 0x0,
    0xc, 0x3, 0xff, 0x84, 0xc0, 0x40, 0x1f, 0x10,
    0x0, 0xcc, 0x16, 0x1, 0xf2, 0x81, 0xd, 0x1,
    0xb0, 0x7, 0x14, 0x5, 0x1, 0x38, 0x4c, 0x8c,
    0x5, 0xb0, 0xd, 0xc0, 0x10, 0xe0, 0xd9, 0xfd,
    0x22, 0x7a, 0x1, 0xa3, 0x14, 0x80, 0x52, 0x70,
    0x40, 0x0,

    /* U+014D "ō" */
    0x0, 0xaf, 0xff, 0x60, 0x7, 0xb9, 0xdf, 0x50,
    0x7, 0x96, 0x23, 0x30, 0x7, 0x97, 0x3b, 0xf1,
    0x80, 0x3a, 0x68, 0xc0, 0x4e, 0x68, 0x2, 0x56,
    0xa, 0xee, 0x58, 0x2b, 0x0, 0x38, 0x1d, 0x40,
    0x9, 0x1, 0x60, 0x4, 0xb, 0x0, 0xca, 0x4,
    0x1, 0x84, 0x3, 0x10, 0x0, 0x40, 0x21, 0x0,
    0xc4, 0x0, 0x10, 0x30, 0xb0, 0xc, 0xa0, 0x40,
    0x9, 0x7, 0x40, 0x1, 0xc0, 0x58, 0x1, 0x58,
    0x2f, 0x75, 0x80, 0xac, 0x1, 0x4d, 0x19, 0x10,
    0xe6, 0x80, 0x0,

    /* U+014E "Ŏ" */
    0x0, 0x93, 0xc8, 0x1, 0xb4, 0x1, 0xf2, 0x4,
    0x93, 0x17, 0x80, 0x7e, 0xb4, 0xd9, 0x65, 0x0,
    0xfc, 0x9f, 0x9d, 0x20, 0x1f, 0xf1, 0x88, 0x7,
    0xf1, 0xd6, 0xff, 0x5a, 0x80, 0x7a, 0x31, 0x48,
    0x5, 0x2b, 0x4, 0x2, 0x77, 0x3, 0x67, 0xf4,
    0x81, 0xe8, 0x0, 0xa0, 0x22, 0x4c, 0x5, 0xb4,
    0xd, 0xc2, 0x80, 0xdc, 0x3, 0x8a, 0x2, 0x80,
    0xc2, 0xc0, 0x3e, 0x50, 0x21, 0x60, 0x20, 0xf,
    0x88, 0x0, 0x60, 0x1f, 0xfc, 0x26, 0x2, 0x0,
    0xf8, 0x80, 0x6, 0x60, 0xb0, 0xf, 0x94, 0x8,
    0x68, 0xd, 0x80, 0x38, 0xa0, 0x28, 0x9, 0xc2,
    0x64, 0x60, 0x2d, 0x80, 0x6e, 0x0, 0x87, 0x6,
    0xcf, 0xe9, 0x13, 0xd0, 0xd, 0x18, 0xa4, 0x2,
    0x93, 0x82, 0x0,

    /* U+014F "ŏ" */
    0x0, 0x9c, 0xc0, 0x6, 0xe0, 0x1e, 0xbe, 0x32,
    0xfa, 0x0, 0xf7, 0x6, 0x69, 0x78, 0x7, 0x8b,
    0x73, 0x1c, 0x40, 0x1f, 0x8c, 0xc0, 0x1f, 0x97,
    0x3b, 0xf1, 0x80, 0x3a, 0x68, 0xc0, 0x4e, 0x68,
    0x2, 0x56, 0xa, 0xee, 0x58, 0x2b, 0x0, 0x38,
    0x1d, 0x40, 0x9, 0x1, 0x60, 0x4, 0xb, 0x0,
    0xca, 0x4, 0x1, 0x84, 0x3, 0x10, 0x0, 0x40,
    0x21, 0x0, 0xc4, 0x0, 0x10, 0x30, 0xb0, 0xc,
    0xa0, 0x40, 0x9, 0x7, 0x40, 0x1, 0xc0, 0x58,
    0x1, 0x58, 0x2f, 0x75, 0x80, 0xac, 0x1, 0x4d,
    0x19, 0x10, 0xe6, 0x80, 0x0,

    /* U+0150 "Ő" */
    0x0, 0xd5, 0xec, 0x1d, 0xe6, 0x1, 0xf2, 0x93,
    0x40, 0xc9, 0x80, 0x79, 0x46, 0x45, 0x54, 0xc0,
    0x1f, 0x2f, 0x20, 0xed, 0x0, 0x7f, 0xf2, 0x8e,
    0xb7, 0xfa, 0xd4, 0x3, 0xd1, 0x8a, 0x40, 0x29,
    0x58, 0x20, 0x13, 0xb8, 0x1b, 0x3f, 0xa4, 0xf,
    0x40, 0x5, 0x1, 0x12, 0x60, 0x2d, 0xa0, 0x6e,
    0x14, 0x6, 0xe0, 0x1c, 0x50, 0x14, 0x6, 0x16,
    0x1, 0xf2, 0x81, 0xb, 0x1, 0x0, 0x7c, 0x40,
    0x3, 0x0, 0xff, 0xe1, 0x30, 0x10, 0x7, 0xc4,
    0x0, 0x33, 0x5, 0x80, 0x7c, 0xa0, 0x43, 0x40,
    0x6c, 0x1, 0xc5, 0x1, 0x40, 0x4e, 0x13, 0x23,
    0x1, 0x6c, 0x3, 0x70, 0x4, 0x38, 0x36, 0x7f,
    0x48, 0x9e, 0x80, 0x68, 0xc5, 0x20, 0x14, 0x9c,
    0x10, 0x0,

    /* U+0151 "ő" */
    0x0, 0x93, 0xf0, 0x27, 0xe0, 0x3, 0xb8, 0x3c,
    0x98, 0xe0, 0x3, 0x91, 0x4e, 0xcb, 0x40, 0x3d,
    0xd4, 0x13, 0xa2, 0x1, 0xe5, 0xce, 0xfc, 0x60,
    0xe, 0x9a, 0x30, 0x13, 0x9a, 0x0, 0x95, 0x82,
    0xbb, 0x96, 0xa, 0xc0, 0xe, 0x7, 0x50, 0x2,
    0x40, 0x58, 0x1, 0x2, 0xc0, 0x32, 0x81, 0x0,
    0x61, 0x0, 0xc4, 0x0, 0x10, 0x8, 0x40, 0x31,
    0x0, 0x4, 0xc, 0x2c, 0x3, 0x28, 0x10, 0x2,
    0x41, 0xd0, 0x0, 0x70, 0x16, 0x0, 0x56, 0xb,
    0xdd, 0x60, 0x2b, 0x0, 0x53, 0x46, 0x44, 0x39,
    0xa0, 0x0,

    /* U+0152 "Œ" */
    0x0, 0x8e, 0x77, 0xff, 0xfe, 0xe0, 0x4, 0x63,
    0x10, 0x8c, 0x0, 0x11, 0xf1, 0x3, 0xb8, 0x1f,
    0xba, 0xa0, 0x7, 0x77, 0xb0, 0xa0, 0x2a, 0x4,
    0x3, 0xff, 0x80, 0xa0, 0x6a, 0x1, 0xff, 0xc2,
    0xc0, 0xb0, 0xf, 0xfe, 0x1b, 0x1, 0x0, 0x7e,
    0xff, 0xf3, 0x0, 0x7f, 0xc2, 0x3e, 0x36, 0x2,
    0x0, 0xfd, 0xdd, 0xe5, 0xc0, 0xb0, 0xf, 0xfe,
    0x1a, 0x81, 0xb0, 0x7, 0xff, 0x8, 0xa0, 0x26,
    0x4, 0x3, 0xff, 0x82, 0xee, 0x7, 0xef, 0xea,
    0x0, 0x77, 0x7b, 0x40, 0x11, 0x8c, 0x40, 0x22,
    0x0, 0x8, 0xf8, 0x80,

    /* U+0153 "œ" */
    0x0, 0x97, 0x3b, 0xf1, 0x80, 0x9, 0x7d, 0xf8,
    0xc0, 0x1a, 0x68, 0xc0, 0x4e, 0x69, 0xad, 0x0,
    0x4e, 0x68, 0x0, 0xac, 0x15, 0xdc, 0xb0, 0x59,
    0xa, 0xee, 0x68, 0xab, 0x7, 0x3, 0xa8, 0x1,
    0x20, 0x0, 0xea, 0x0, 0x2b, 0xa, 0x4, 0xb,
    0x0, 0xca, 0x0, 0x49, 0x9d, 0xe0, 0x40, 0x10,
    0x80, 0x62, 0x0, 0x1b, 0x36, 0x50, 0x10, 0x8,
    0x40, 0x31, 0x0, 0x27, 0xff, 0xe0, 0x30, 0xb0,
    0xc, 0xa0, 0xf, 0x0, 0xc2, 0x40, 0x9, 0x7,
    0x40, 0x1, 0xc0, 0x1, 0x98, 0x0, 0x1a, 0xd9,
    0x5, 0x60, 0xbd, 0xd6, 0x2, 0xc0, 0x4f, 0x6f,
    0x20, 0xd8, 0x2, 0x68, 0xc8, 0x87, 0x34, 0xf6,
    0x80, 0x44, 0x7f, 0x20,

    /* U+0154 "Ŕ" */
    0x0, 0xe4, 0xeb, 0x0, 0xfe, 0x81, 0x80, 0xf,
    0xc6, 0x67, 0x30, 0xf, 0xc7, 0xf0, 0x1, 0xff,
    0xc5, 0x6f, 0xfe, 0xec, 0x70, 0xf, 0x8, 0xe3,
    0x8b, 0x0, 0xc5, 0xdd, 0x7c, 0x82, 0x30, 0x7,
    0xe6, 0x60, 0x68, 0x7, 0xf7, 0x83, 0x0, 0x7f,
    0x78, 0x30, 0x7, 0xc2, 0xec, 0x1a, 0x1, 0x17,
    0xfd, 0xd0, 0xa, 0xc0, 0x18, 0x46, 0x0, 0x3d,
    0x0, 0x62, 0xee, 0x90, 0x10, 0x3, 0xfa, 0x40,
    0xd4, 0x3, 0xf1, 0x38, 0x58, 0x7, 0xf4, 0x8,
    0xa0, 0x3, 0xfa, 0x1, 0xc8,

    /* U+0155 "ŕ" */
    0x0, 0x9f, 0xe8, 0x3, 0x48, 0xd8, 0x4, 0xa1,
    0x62, 0x1, 0x2f, 0x28, 0x2, 0x3e, 0x17, 0x7d,
    0x0, 0x9, 0x44, 0x40, 0x8, 0xe3, 0xf5, 0x0,
    0x6, 0xe0, 0x1c, 0xa0, 0x1f, 0xfe, 0x20,

    /* U+0156 "Ŗ" */
    0x6f, 0xfe, 0xec, 0x70, 0xf, 0x8, 0xe3, 0x8b,
    0x0, 0xc5, 0xdd, 0x7c, 0x82, 0x30, 0x7, 0xe6,
    0x60, 0x68, 0x7, 0xf7, 0x83, 0x0, 0x7f, 0x78,
    0x30, 0x7, 0xc2, 0xec, 0x1a, 0x1, 0x17, 0xfd,
    0xd0, 0xa, 0xc0, 0x18, 0x46, 0x0, 0x3d, 0x0,
    0x62, 0xee, 0x90, 0x10, 0x3, 0xfa, 0x40, 0xd4,
    0x3, 0xf1, 0x38, 0x58, 0x7, 0xf4, 0x8, 0xa0,
    0x3, 0xfa, 0x1, 0xc9, 0xbf, 0x40, 0x39, 0xbf,
    0xc4, 0x1, 0xa3, 0xe0, 0x3, 0xf8, 0xc2, 0x80,
    0x3f, 0x90, 0xc8, 0x3, 0xf0, 0xb4, 0x0, 0x78,

    /* U+0157 "ŗ" */
    0x8, 0xf8, 0x5d, 0xf4, 0x0, 0x92, 0x88, 0x80,
    0x18, 0xe3, 0xf5, 0x0, 0x23, 0x70, 0xf, 0x28,
    0x7, 0xff, 0xa6, 0x3e, 0x40, 0x3a, 0xbd, 0x80,
    0x39, 0x1, 0x80, 0x30, 0x89, 0x40, 0x38, 0xda,
    0x40, 0x38,

    /* U+0158 "Ř" */
    0x0, 0x4f, 0xa8, 0x4f, 0xb8, 0x7, 0x49, 0xd4,
    0x33, 0x1c, 0x3, 0xda, 0x2e, 0x92, 0x1, 0xf0,
    0xf7, 0xd8, 0x7, 0xff, 0x15, 0xbf, 0xfb, 0xb1,
    0xc0, 0x3c, 0x23, 0x8e, 0x2c, 0x3, 0x17, 0x75,
    0xf2, 0x8, 0xc0, 0x1f, 0x99, 0x81, 0xa0, 0x1f,
    0xde, 0xc, 0x1, 0xfd, 0xe0, 0xc0, 0x1f, 0xb,
    0xb0, 0x68, 0x4, 0x5f, 0xf7, 0x40, 0x2b, 0x0,
    0x61, 0x18, 0x0, 0xf4, 0x1, 0x8b, 0xba, 0x40,
    0x40, 0xf, 0xe9, 0x3, 0x50, 0xf, 0xc4, 0xe1,
    0x60, 0x1f, 0xd0, 0x22, 0x80, 0xf, 0xe8, 0x7,
    0x20,

    /* U+0159 "ř" */
    0xa, 0xf5, 0xc, 0xf4, 0xa, 0x5a, 0xc3, 0xb4,
    0x0, 0x54, 0x26, 0x20, 0x6, 0x78, 0x30, 0xa,
    0x3e, 0x17, 0x7d, 0x0, 0x24, 0xa2, 0x20, 0x6,
    0x38, 0xfd, 0x40, 0x8, 0xdc, 0x3, 0xca, 0x1,
    0xff, 0xe8,

    /* U+015A "Ś" */
    0x0, 0xe4, 0xfd, 0x0, 0xfd, 0x1, 0xc0, 0x1f,
    0x11, 0x20, 0xc0, 0x3e, 0x2e, 0x70, 0xf, 0xfe,
    0x2a, 0x57, 0x7f, 0x5a, 0x80, 0x51, 0x6a, 0x20,
    0x29, 0x54, 0x3, 0x70, 0x7e, 0xff, 0x48, 0x2a,
    0xac, 0xe, 0x4, 0x0, 0xce, 0x5b, 0xe0, 0x20,
    0x1d, 0x1b, 0xc, 0x25, 0x8a, 0x1, 0xe1, 0xc3,
    0x35, 0x7e, 0x41, 0x0, 0x45, 0x9b, 0x6, 0x67,
    0xd8, 0x0, 0xc4, 0xf9, 0xf2, 0xe, 0xe1, 0x10,
    0x7, 0x34, 0x85, 0x7f, 0x38, 0x7, 0x8, 0x1,
    0x82, 0x18, 0x40, 0x5e, 0x1, 0x60, 0xc2, 0x7b,
    0xfa, 0x0, 0xe0, 0x32, 0x4c, 0x40, 0x52, 0x70,
    0x0,

    /* U+015B "ś" */
    0x0, 0xe4, 0xfd, 0x0, 0xfb, 0xc3, 0x80, 0x3c,
    0x4b, 0x6, 0x1, 0xe2, 0xe7, 0x0, 0xe2, 0xae,
    0xfe, 0x91, 0x0, 0x16, 0xa8, 0x20, 0x37, 0x88,
    0x58, 0x27, 0x5f, 0x28, 0x20, 0x18, 0x10, 0x5,
    0x5c, 0xa1, 0xe0, 0xd6, 0xe8, 0x1, 0x96, 0x89,
    0x22, 0xfe, 0x0, 0x25, 0xdd, 0x52, 0x83, 0xc0,
    0x0, 0xc0, 0x96, 0xa0, 0x10, 0x37, 0x1c, 0x2,
    0xd0, 0x70, 0x80, 0x8d, 0xbe, 0x50, 0x80, 0x5b,
    0x43, 0x40, 0x5d, 0x30,

    /* U+015C "Ŝ" */
    0x0, 0x87, 0x7f, 0x4, 0x3, 0x8b, 0xc3, 0xb,
    0x44, 0x3, 0x23, 0x79, 0xea, 0x28, 0x6, 0x68,
    0x20, 0x38, 0x40, 0xf, 0xfe, 0x1a, 0x57, 0x7f,
    0x5a, 0x80, 0x51, 0x6a, 0x20, 0x29, 0x54, 0x3,
    0x70, 0x7e, 0xff, 0x48, 0x2a, 0xac, 0xe, 0x4,
    0x0, 0xce, 0x5b, 0xe0, 0x20, 0x1d, 0x1b, 0xc,
    0x25, 0x8a, 0x1, 0xe1, 0xc3, 0x35, 0x7e, 0x41,
    0x0, 0x45, 0x9b, 0x6, 0x67, 0xd8, 0x0, 0xc4,
    0xf9, 0xf2, 0xe, 0xe1, 0x10, 0x7, 0x34, 0x85,
    0x7f, 0x38, 0x7, 0x8, 0x1, 0x82, 0x18, 0x40,
    0x5e, 0x1, 0x60, 0xc2, 0x7b, 0xfa, 0x0, 0xe0,
    0x32, 0x4c, 0x40, 0x52, 0x70, 0x0,

    /* U+015D "ŝ" */
    0x0, 0xcb, 0x8, 0x1, 0xe4, 0xa6, 0xb4, 0x0,
    0xc7, 0x65, 0xe5, 0x44, 0x1, 0x2b, 0xf8, 0xfb,
    0x38, 0x4, 0xd0, 0x40, 0x50, 0xa0, 0x11, 0x57,
    0x7f, 0x48, 0x80, 0xb, 0x54, 0x10, 0x1b, 0xc4,
    0x2c, 0x13, 0xaf, 0x94, 0x10, 0xc, 0x8, 0x2,
    0xae, 0x50, 0xf0, 0x6b, 0x74, 0x0, 0xcb, 0x44,
    0x91, 0x7f, 0x0, 0x12, 0xee, 0xa9, 0x41, 0xe0,
    0x0, 0x60, 0x4b, 0x50, 0x8, 0x1b, 0x8e, 0x1,
    0x68, 0x38, 0x40, 0x46, 0xdf, 0x28, 0x40, 0x2d,
    0xa1, 0xa0, 0x2e, 0x98,

    /* U+015E "Ş" */
    0x0, 0x25, 0x77, 0xf5, 0xa8, 0x5, 0x16, 0xa2,
    0x2, 0x95, 0x40, 0x37, 0x7, 0xef, 0xf4, 0x82,
    0xaa, 0xc0, 0xe0, 0x40, 0xc, 0xe5, 0xbe, 0x2,
    0x1, 0xd1, 0xb0, 0xc2, 0x58, 0xa0, 0x1e, 0x1c,
    0x33, 0x57, 0xe4, 0x10, 0x4, 0x59, 0xb0, 0x66,
    0x7d, 0x80, 0xc, 0x4f, 0x9f, 0x20, 0xee, 0x11,
    0x0, 0x73, 0x48, 0x57, 0xf3, 0x80, 0x70, 0x80,
    0x18, 0x21, 0x84, 0x5, 0xe0, 0x16, 0xc, 0x27,
    0xbf, 0xa0, 0xe, 0x3, 0x24, 0xc0, 0x2, 0x93,
    0x80, 0x13, 0x66, 0x85, 0x5b, 0x0, 0x7c, 0xd5,
    0x40, 0xf, 0x8a, 0x15, 0x80, 0x3e, 0xae, 0x59,
    0x0, 0x80,

    /* U+015F "ş" */
    0x0, 0x15, 0x77, 0xf4, 0x88, 0x0, 0xb5, 0x41,
    0x1, 0xbc, 0x42, 0xc1, 0x3a, 0xf9, 0x41, 0x0,
    0xc0, 0x80, 0x2a, 0xe5, 0xf, 0x6, 0xb7, 0x40,
    0xc, 0xb4, 0x49, 0x17, 0xf0, 0x1, 0x2e, 0xea,
    0x94, 0x1e, 0x0, 0x6, 0x4, 0xb5, 0x0, 0x81,
    0xb8, 0xe0, 0x16, 0x83, 0x84, 0x4, 0x6d, 0xf2,
    0x84, 0x2, 0xda, 0x1a, 0x2, 0xe9, 0x80, 0x12,
    0xf0, 0x36, 0x88, 0x3, 0xcb, 0xb4, 0x1, 0xe2,
    0xb5, 0x60, 0xf, 0x57, 0x2c, 0x80, 0x0,

    /* U+0160 "Š" */
    0x0, 0x4f, 0xb0, 0x3f, 0xc0, 0x6, 0x92, 0x95,
    0x83, 0x80, 0xe, 0xf0, 0xa1, 0xd0, 0xf, 0x16,
    0x56, 0x88, 0x7, 0xc6, 0xa6, 0x1, 0xe4, 0xae,
    0xfe, 0xc7, 0x0, 0xa2, 0xd4, 0x40, 0x4e, 0x34,
    0x4d, 0xc1, 0xfb, 0xfd, 0x84, 0x49, 0xb0, 0x38,
    0x10, 0x1, 0xe6, 0xcf, 0x80, 0x80, 0x70, 0x90,
    0xb0, 0x96, 0x28, 0x7, 0x87, 0xc, 0xd5, 0xf9,
    0x4, 0x1, 0x16, 0x6c, 0x19, 0x9f, 0x60, 0x3,
    0x13, 0xe7, 0xc8, 0x3b, 0x8d, 0x4, 0x3, 0x34,
    0x85, 0x75, 0xc8, 0x7, 0x8, 0x2, 0x81, 0xdc,
    0x20, 0x2f, 0x0, 0xae, 0x81, 0x1d, 0xfd, 0x0,
    0x70, 0x17, 0x26, 0x20, 0x29, 0x38, 0x0,

    /* U+0161 "š" */
    0x0, 0x2c, 0x10, 0x14, 0x28, 0x4, 0xee, 0xe1,
    0xf7, 0x70, 0x4, 0x56, 0x7e, 0x56, 0x40, 0x19,
    0x29, 0xad, 0x0, 0x3c, 0xb0, 0x80, 0x1c, 0x55,
    0xdf, 0xd2, 0x20, 0x2, 0xd5, 0x4, 0x6, 0xf1,
    0xb, 0x4, 0xeb, 0xe5, 0x4, 0x3, 0x2, 0x0,
    0xab, 0x94, 0x3c, 0x1a, 0xdd, 0x0, 0x32, 0xd1,
    0x24, 0x5f, 0xc0, 0x4, 0xbb, 0xaa, 0x50, 0x78,
    0x0, 0x18, 0x12, 0xd4, 0x2, 0x6, 0xe3, 0x80,
    0x5a, 0xe, 0x10, 0x11, 0xb7, 0xca, 0x10, 0xb,
    0x68, 0x68, 0xb, 0xa6,

    /* U+0162 "Ţ" */
    0x2f, 0xff, 0xf8, 0x8c, 0x47, 0x0, 0x42, 0x38,
    0x7, 0xbb, 0x30, 0x2f, 0x76, 0x20, 0xf, 0xff,
    0xf8, 0x7, 0xff, 0xc8, 0x40, 0x3f, 0xd2, 0x12,
    0x1, 0xfe, 0x24, 0xc9, 0x0, 0xfe, 0x2a, 0x44,
    0x0, 0x7f, 0x4f, 0x25, 0x80, 0x60,

    /* U+0163 "ţ" */
    0x1, 0x87, 0x0, 0xc4, 0xf0, 0x1, 0xfe, 0xcc,
    0x0, 0x3f, 0xc2, 0xa6, 0x0, 0x44, 0x4, 0xf8,
    0x2, 0xec, 0x20, 0x1f, 0xfd, 0x81, 0x0, 0x8,
    0x4, 0x44, 0xf, 0xd2, 0x0, 0x79, 0x9, 0x30,
    0x0, 0xa4, 0x75, 0x0, 0x32, 0x6b, 0x80, 0x4b,
    0x65, 0xa0, 0x16, 0x70, 0x48,

    /* U+0164 "Ť" */
    0x0, 0x9f, 0xe0, 0x1f, 0xe4, 0x3, 0xce, 0xae,
    0xe8, 0x49, 0x0, 0xfa, 0x8e, 0xa, 0xc0, 0x3f,
    0xb3, 0xf4, 0x3, 0xff, 0x8c, 0x5f, 0xff, 0xf1,
    0x18, 0x8e, 0x0, 0x84, 0x70, 0xf, 0x76, 0x60,
    0x5e, 0xec, 0x40, 0x1f, 0xff, 0xf0, 0xf, 0xff,
    0xc0,

    /* U+0165 "ť" */
    0x0, 0xee, 0xf0, 0xf, 0x8c, 0x0, 0x53, 0x0,
    0x6, 0x0, 0xb, 0x38, 0x3e, 0x0, 0x7a, 0x58,
    0x33, 0x0, 0xf, 0xf0, 0x82, 0x98, 0x1, 0x10,
    0x0, 0x9f, 0x0, 0x5d, 0x84, 0x3, 0xff, 0xbc,
    0x20, 0x1, 0x0, 0xc4, 0x40, 0xfd, 0x20, 0xb,
    0xd0, 0x49, 0x80,

    /* U+0166 "Ŧ" */
    0x2f, 0xff, 0xf8, 0x8c, 0x47, 0x0, 0x42, 0x38,
    0x7, 0xbb, 0x30, 0x2f, 0x76, 0x20, 0xf, 0xfe,
    0xec, 0x7f, 0x98, 0x17, 0xfd, 0x20, 0x1b, 0x55,
    0x40, 0x12, 0xab, 0xc0, 0x32, 0xd5, 0x18, 0x16,
    0xa8, 0xc0, 0x1f, 0xff, 0x70,

    /* U+0167 "ŧ" */
    0x1, 0x87, 0x0, 0xc4, 0xf0, 0x1, 0xfe, 0xcc,
    0x0, 0x3f, 0xc2, 0xa6, 0x0, 0x44, 0x4, 0xf8,
    0x2, 0xec, 0x2f, 0x0, 0x9, 0x90, 0xda, 0x0,
    0x19, 0x81, 0x98, 0x0, 0x7f, 0x84, 0x3, 0xff,
    0x86, 0x20, 0x1, 0x0, 0x88, 0x81, 0xfa, 0x40,
    0xf, 0x41, 0x26,

    /* U+0168 "Ũ" */
    0x0, 0xfc, 0x20, 0x1f, 0xf, 0x7c, 0x1f, 0x28,
    0x7, 0xa4, 0x25, 0x70, 0x54, 0x3, 0xd5, 0xad,
    0xb9, 0xe0, 0x1f, 0x11, 0x80, 0xc, 0x40, 0x3f,
    0xf8, 0xad, 0xfa, 0x1, 0xf7, 0xf8, 0xc0, 0x3f,
    0xff, 0xe0, 0x1f, 0xfd, 0x13, 0x2, 0x0, 0xf1,
    0x0, 0x5, 0xc0, 0xa, 0x1, 0xd6, 0x2, 0x44,
    0x40, 0xa7, 0x20, 0x29, 0x60, 0x90, 0x5, 0x18,
    0x46, 0xfe, 0xb0, 0x2b, 0x80, 0x7, 0x24, 0xc4,
    0x5, 0x2e, 0x80, 0x0,

    /* U+0169 "ũ" */
    0x0, 0xb, 0xb1, 0x1b, 0x80, 0x6d, 0x89, 0xdc,
    0xc0, 0x6, 0x9d, 0xfc, 0xbb, 0x0, 0x65, 0x20,
    0x34, 0x0, 0xa3, 0xe4, 0x3, 0x4f, 0xc8, 0x7,
    0xff, 0xc8, 0x80, 0x32, 0x80, 0x34, 0x11, 0x40,
    0xe, 0x60, 0x5, 0x20, 0xaf, 0xf4, 0x30, 0x5,
    0x8a, 0x20, 0x99, 0xc0, 0x0,

    /* U+016A "Ū" */
    0x0, 0x8a, 0x23, 0x84, 0x3, 0xce, 0xfe, 0x30,
    0xf, 0x2f, 0xff, 0x10, 0x7, 0xff, 0x45, 0xbf,
    0x40, 0x3e, 0xff, 0x18, 0x7, 0xff, 0xfc, 0x3,
    0xff, 0xa2, 0x60, 0x40, 0x1e, 0x20, 0x0, 0xb8,
    0x1, 0x40, 0x3a, 0xc0, 0x48, 0x88, 0x14, 0xe4,
    0x5, 0x2c, 0x12, 0x0, 0xa3, 0x8, 0xdf, 0xd6,
    0x5, 0x70, 0x0, 0xe4, 0x98, 0x80, 0xa5, 0xd0,
    0x0,

    /* U+016B "ū" */
    0x0, 0x5f, 0xfe, 0xc0, 0xd, 0xae, 0xfa, 0x80,
    0x33, 0x44, 0x66, 0x0, 0x47, 0xc8, 0x6, 0x9f,
    0x90, 0xf, 0xff, 0x91, 0x0, 0x65, 0x0, 0x68,
    0x22, 0x80, 0x1c, 0xc0, 0xa, 0x41, 0x5f, 0xe8,
    0x60, 0xb, 0x14, 0x41, 0x33, 0x80, 0x0,

    /* U+016C "Ŭ" */
    0x0, 0xa3, 0x80, 0x3, 0xea, 0x1, 0xec, 0x17,
    0x2b, 0x4, 0x0, 0xf2, 0x3c, 0x6a, 0xd0, 0x80,
    0x7d, 0x1d, 0x9c, 0xa0, 0x1f, 0xc2, 0x62, 0x1,
    0xcd, 0xfa, 0x1, 0xf7, 0xf8, 0xc0, 0x3f, 0xff,
    0xe0, 0x1f, 0xfd, 0x13, 0x2, 0x0, 0xf1, 0x0,
    0x5, 0xc0, 0xa, 0x1, 0xd6, 0x2, 0x44, 0x40,
    0xa7, 0x20, 0x29, 0x60, 0x90, 0x5, 0x18, 0x46,
    0xfe, 0xb0, 0x2b, 0x80, 0x7, 0x24, 0xc4, 0x5,
    0x2e, 0x80, 0x0,

    /* U+016D "ŭ" */
    0x0, 0x39, 0x80, 0xd, 0xc0, 0x35, 0xf1, 0x97,
    0x58, 0x6, 0xe0, 0xcd, 0xe, 0x0, 0xc5, 0xb9,
    0x8d, 0x20, 0xf, 0x19, 0x80, 0x34, 0x7c, 0x80,
    0x69, 0xf9, 0x0, 0xff, 0xf9, 0x10, 0x6, 0x50,
    0x6, 0x82, 0x28, 0x1, 0xcc, 0x0, 0xa4, 0x15,
    0xfe, 0x86, 0x0, 0xb1, 0x44, 0x13, 0x38, 0x0,

    /* U+016E "Ů" */
    0x0, 0xff, 0xe2, 0x96, 0xfd, 0x88, 0x7, 0xec,
    0x6b, 0x6a, 0x0, 0xf8, 0x87, 0xd2, 0xd0, 0x3,
    0xe2, 0xd, 0x1d, 0x20, 0xf, 0xd6, 0xdc, 0xbe,
    0x1, 0xf9, 0x3b, 0x78, 0x80, 0x33, 0x7e, 0x80,
    0x4, 0x80, 0x2f, 0xf1, 0x80, 0x7f, 0xff, 0xc0,
    0x3f, 0xfa, 0x26, 0x4, 0x1, 0xe2, 0x0, 0xb,
    0x80, 0x14, 0x3, 0xac, 0x4, 0x88, 0x81, 0x4e,
    0x40, 0x52, 0xc1, 0x20, 0xa, 0x30, 0x8d, 0xfd,
    0x60, 0x57, 0x0, 0xe, 0x49, 0x88, 0xa, 0x5d,
    0x0, 0x0,

    /* U+016F "ů" */
    0x0, 0xff, 0xe0, 0xbf, 0xf9, 0xc0, 0x39, 0x62,
    0x65, 0xa, 0x1, 0xb0, 0x99, 0x87, 0x80, 0x1b,
    0xc8, 0xce, 0xf0, 0xc, 0xcb, 0x98, 0x56, 0x0,
    0xea, 0xdd, 0x50, 0x5, 0x1f, 0x20, 0x44, 0x9,
    0xf9, 0x0, 0xff, 0xf9, 0x10, 0x6, 0x50, 0x6,
    0x82, 0x28, 0x1, 0xcc, 0x0, 0xa4, 0x15, 0xfe,
    0x86, 0x0, 0xb1, 0x44, 0x13, 0x38, 0x0,

    /* U+0170 "Ű" */
    0x0, 0xdd, 0xe6, 0x6f, 0xd1, 0x0, 0xe4, 0x16,
    0x3f, 0xe, 0x10, 0xe, 0xd1, 0x84, 0x29, 0x30,
    0xf, 0x4f, 0xa, 0x73, 0x0, 0x7f, 0xf1, 0x5b,
    0xf4, 0x3, 0xef, 0xf1, 0x80, 0x7f, 0xff, 0xc0,
    0x3f, 0xfa, 0x26, 0x4, 0x1, 0xe2, 0x0, 0xb,
    0x80, 0x14, 0x3, 0xac, 0x4, 0x88, 0x81, 0x4e,
    0x40, 0x52, 0xc1, 0x20, 0xa, 0x30, 0x8d, 0xfd,
    0x60, 0x57, 0x0, 0xe, 0x49, 0x88, 0xa, 0x5d,
    0x0, 0x0,

    /* U+0171 "ű" */
    0x0, 0x27, 0xe0, 0x4f, 0xc0, 0x5, 0xc1, 0xe4,
    0xc7, 0x0, 0x12, 0x31, 0xc1, 0x68, 0x6, 0xe9,
    0xa, 0xd1, 0x0, 0x47, 0xc8, 0x6, 0x9f, 0x90,
    0xf, 0xff, 0x91, 0x0, 0x65, 0x0, 0x68, 0x22,
    0x80, 0x1c, 0xc0, 0xa, 0x41, 0x5f, 0xe8, 0x60,
    0xb, 0x14, 0x41, 0x33, 0x80, 0x0,

    /* U+0172 "Ų" */
    0x6f, 0xd0, 0xf, 0xbf, 0xc6, 0x1, 0xff, 0xff,
    0x0, 0xff, 0xe8, 0x98, 0x10, 0x7, 0x88, 0x0,
    0xee, 0x0, 0x28, 0x7, 0x58, 0x1, 0x9, 0x2,
    0x9c, 0x80, 0xa5, 0x80, 0x35, 0x18, 0x46, 0xfe,
    0xb0, 0x3, 0xc0, 0x3, 0x92, 0x62, 0x1, 0x27,
    0x80, 0x73, 0x64, 0x83, 0x7d, 0x80, 0x7c, 0x70,
    0x72, 0x1, 0xfc, 0xe0, 0x74, 0xc0, 0x1f, 0x91,
    0xc5, 0x3c, 0x3, 0x0,

    /* U+0173 "ų" */
    0x8f, 0x90, 0xd, 0x3f, 0x20, 0x1f, 0xff, 0x92,
    0x0, 0xca, 0x1, 0x68, 0x22, 0x80, 0x1c, 0xc0,
    0x25, 0x20, 0xaf, 0xf4, 0x30, 0x6, 0xc5, 0x10,
    0x4c, 0x30, 0x30, 0x0, 0xd7, 0x7d, 0xaa, 0xd4,
    0x1, 0xf4, 0x5, 0x0, 0x7e, 0x10, 0xb9, 0x0,
    0xfa, 0x89, 0x14, 0x0,

    /* U+0174 "Ŵ" */
    0x0, 0xfc, 0xbf, 0xe5, 0x0, 0xff, 0xe1, 0x9d,
    0x1a, 0x51, 0x80, 0x7f, 0xf0, 0x47, 0x47, 0x68,
    0x74, 0x40, 0x3f, 0xf8, 0x3, 0xdc, 0x11, 0x77,
    0x4, 0x3, 0xff, 0x9c, 0xbf, 0xe0, 0xe, 0x5f,
    0xf3, 0x0, 0x77, 0x7b, 0x20, 0x0, 0xc0, 0x36,
    0x0, 0x30, 0x3, 0x18, 0x82, 0x9, 0x82, 0x0,
    0x64, 0x0, 0x20, 0x6, 0x40, 0x22, 0x2, 0x5,
    0x80, 0x44, 0x51, 0x89, 0x0, 0x58, 0x8, 0x0,
    0xb0, 0x30, 0x9, 0x1, 0x14, 0x14, 0x2, 0x40,
    0xd0, 0x1, 0x80, 0x10, 0x1, 0x81, 0x98, 0xc,
    0x0, 0x18, 0x1, 0x0, 0x25, 0xc, 0x0, 0x20,
    0x22, 0x1, 0x0, 0x16, 0x8, 0x1, 0xb0, 0x10,
    0xc, 0x48, 0x44, 0x60, 0x60, 0x81, 0xa0, 0x19,
    0xc0, 0xc1, 0x1, 0x40, 0x8, 0x16, 0x6, 0x8,
    0x1, 0x84, 0x81, 0x30, 0x30, 0x1, 0x60, 0x66,
    0x2, 0x20, 0x7, 0x28, 0x1a, 0x82, 0x0, 0xc,
    0x51, 0x0, 0x80, 0x1e, 0xc0, 0xb1, 0x40, 0xc,
    0x81, 0x41, 0xa0, 0x1e, 0x40, 0x30, 0xd0, 0xd,
    0x80, 0x40, 0x80, 0x1f, 0x20, 0x1, 0x0, 0x33,
    0x80, 0x10, 0x3, 0x0,

    /* U+0175 "ŵ" */
    0x0, 0xf1, 0xff, 0xa8, 0x3, 0xff, 0x80, 0x78,
    0x76, 0xb4, 0x1, 0xff, 0x24, 0x62, 0x59, 0x18,
    0x7, 0xf9, 0xdc, 0x0, 0x48, 0x30, 0xe, 0x4f,
    0xf0, 0x6, 0xef, 0x80, 0x9, 0xbf, 0x81, 0x0,
    0x6, 0x0, 0x21, 0x4, 0x0, 0xb0, 0x1c, 0x0,
    0x80, 0x80, 0x4, 0x1, 0x30, 0x9, 0x3, 0x40,
    0x1a, 0x16, 0x0, 0xd0, 0x60, 0x40, 0x21, 0x4,
    0x0, 0x38, 0x18, 0x1, 0xe, 0xc3, 0x1, 0x1,
    0x40, 0x21, 0x30, 0x43, 0x4, 0x30, 0x40, 0xd0,
    0xc0, 0xc, 0x80, 0x68, 0x18, 0x8, 0x60, 0xa0,
    0xe0, 0x1a, 0xc3, 0x34, 0x10, 0x34, 0x18, 0x4c,
    0x40, 0x31, 0x8a, 0xa2, 0x0, 0x8, 0x16, 0x16,
    0x1, 0xe7, 0x11, 0x68, 0x0, 0x8a, 0x5, 0x0,
    0xf6, 0x80, 0x10, 0x2, 0x40, 0x12, 0x0, 0x80,

    /* U+0176 "Ŷ" */
    0x0, 0xe3, 0xcc, 0x10, 0x7, 0xf0, 0xe8, 0x97,
    0x88, 0x7, 0xec, 0x1f, 0xd2, 0xa0, 0xf, 0x86,
    0x74, 0x8f, 0x3c, 0x40, 0x3c, 0x28, 0x40, 0x3,
    0x41, 0x0, 0x8f, 0xfc, 0xc0, 0x1e, 0x7f, 0xf1,
    0x1b, 0x84, 0x8, 0x6, 0x18, 0x8, 0x20, 0x82,
    0x18, 0x0, 0xd6, 0x4, 0xe0, 0x14, 0x83, 0x18,
    0x1, 0x14, 0x38, 0x3, 0x22, 0x87, 0x0, 0x24,
    0x18, 0xc0, 0x3a, 0xc4, 0x99, 0xc8, 0x64, 0x3,
    0xc3, 0x61, 0x12, 0x14, 0x1, 0xf9, 0x50, 0x44,
    0xa8, 0x1, 0xfd, 0x0, 0x8, 0x0, 0xff, 0x8,
    0x0, 0xc0, 0x3f, 0xfe, 0x20,

    /* U+0177 "ŷ" */
    0x0, 0xc7, 0xe, 0x1, 0xf8, 0x75, 0xa2, 0x0,
    0x1f, 0x60, 0xe3, 0x3a, 0x80, 0x71, 0xad, 0x94,
    0xc1, 0x0, 0x71, 0xc2, 0x0, 0x1d, 0xc0, 0x12,
    0xff, 0x0, 0x73, 0x7e, 0x82, 0x80, 0xa0, 0x6,
    0xa0, 0xa0, 0x3, 0x7, 0x0, 0x44, 0x60, 0xc0,
    0xa, 0x5, 0x0, 0xa8, 0x10, 0x40, 0x6, 0x40,
    0xa0, 0x5, 0xe, 0x0, 0xd4, 0x1c, 0x6, 0x42,
    0xa0, 0x19, 0x81, 0x2, 0xc1, 0xc0, 0x38, 0x50,
    0x15, 0x82, 0xc0, 0x3d, 0xc1, 0xc2, 0x64, 0x1,
    0xe5, 0x14, 0xa, 0x0, 0xfc, 0xe0, 0x7, 0x0,
    0xff, 0x28, 0x80, 0x7c, 0x2e, 0x12, 0x1, 0xe4,
    0xde, 0x15, 0x30, 0xf, 0x61, 0xb, 0x50, 0x7,
    0x80,

    /* U+0178 "Ÿ" */
    0x0, 0xca, 0x60, 0x4, 0x50, 0xf, 0x92, 0xb0,
    0xa, 0xe8, 0xc0, 0x3c, 0xc2, 0x60, 0x46, 0x44,
    0x0, 0xf1, 0x76, 0x0, 0x33, 0x44, 0x3, 0xff,
    0x8a, 0x7f, 0xe6, 0x0, 0xf3, 0xff, 0x88, 0xdc,
    0x20, 0x40, 0x30, 0xc0, 0x41, 0x4, 0x10, 0xc0,
    0x6, 0xb0, 0x27, 0x0, 0xa4, 0x18, 0xc0, 0x8,
    0xa1, 0xc0, 0x19, 0x14, 0x38, 0x1, 0x20, 0xc6,
    0x1, 0xd6, 0x24, 0xce, 0x43, 0x20, 0x1e, 0x1b,
    0x8, 0x90, 0xa0, 0xf, 0xca, 0x82, 0x25, 0x40,
    0xf, 0xe8, 0x0, 0x40, 0x7, 0xf8, 0x40, 0x6,
    0x1, 0xff, 0xf1,

    /* U+0179 "Ź" */
    0x0, 0xe4, 0xeb, 0x0, 0xfd, 0xe3, 0x0, 0x1f,
    0x1a, 0x39, 0x80, 0x7c, 0x7f, 0x0, 0x1f, 0xfc,
    0x3d, 0xff, 0xfe, 0x91, 0x1f, 0xc0, 0xe, 0xce,
    0xef, 0x48, 0x13, 0x80, 0x79, 0x20, 0x3c, 0x3,
    0xc3, 0x41, 0x24, 0x1, 0xea, 0x14, 0x60, 0xf,
    0x3a, 0xd, 0x0, 0x78, 0xe0, 0x28, 0x40, 0x3d,
    0xc0, 0xe8, 0x1, 0xe9, 0x23, 0x80, 0xf, 0x2b,
    0x7, 0x0, 0x78, 0x6c, 0x2c, 0x80, 0x3d, 0x62,
    0x15, 0xdd, 0xe9, 0x60, 0x0, 0x8f, 0xc6,

    /* U+017A "ź" */
    0x0, 0xc7, 0xfa, 0x1, 0xe8, 0xe, 0x0, 0xe2,
    0x57, 0x30, 0xe, 0x2e, 0x80, 0xa, 0x7f, 0xfe,
    0xc1, 0x1f, 0x0, 0x1e, 0x3b, 0xb5, 0x80, 0x24,
    0x3, 0x15, 0x5, 0x10, 0x6, 0xf0, 0x65, 0x0,
    0xd4, 0x47, 0x20, 0x19, 0x94, 0x38, 0x3, 0x1c,
    0x85, 0x10, 0x4, 0x3a, 0xc, 0xa0, 0x1a, 0xc4,
    0x1f, 0xbb, 0x98, 0x0, 0x23, 0xe0,

    /* U+017B "Ż" */
    0x0, 0xc4, 0xe2, 0x1, 0xfb, 0xe2, 0x80, 0x3f,
    0x28, 0x68, 0x7, 0xe8, 0xf6, 0x0, 0xff, 0xe1,
    0xef, 0xff, 0xf4, 0x88, 0xfe, 0x0, 0x76, 0x77,
    0x7a, 0x40, 0x9c, 0x3, 0xc9, 0x1, 0xe0, 0x1e,
    0x1a, 0x9, 0x20, 0xf, 0x50, 0xa3, 0x0, 0x79,
    0xd0, 0x68, 0x3, 0xc7, 0x1, 0x42, 0x1, 0xee,
    0x7, 0x40, 0xf, 0x49, 0x1c, 0x0, 0x79, 0x58,
    0x38, 0x3, 0xc3, 0x61, 0x64, 0x1, 0xeb, 0x10,
    0xae, 0xef, 0x4b, 0x0, 0x4, 0x7e, 0x30,

    /* U+017C "ż" */
    0x0, 0x85, 0xc8, 0x3, 0xd5, 0x1c, 0x1, 0xec,
    0x4, 0x0, 0xf3, 0xfc, 0x0, 0x53, 0xff, 0xf6,
    0x8, 0xf8, 0x0, 0xf1, 0xdd, 0xac, 0x1, 0x20,
    0x18, 0xa8, 0x28, 0x80, 0x37, 0x83, 0x28, 0x6,
    0xa2, 0x39, 0x0, 0xcc, 0xa1, 0xc0, 0x18, 0xe4,
    0x28, 0x80, 0x21, 0xd0, 0x65, 0x0, 0xd6, 0x20,
    0xfd, 0xdc, 0xc0, 0x1, 0x1f, 0x0,

    /* U+017D "Ž" */
    0x0, 0x4f, 0xb0, 0x4f, 0xb8, 0x6, 0x94, 0x98,
    0x66, 0x38, 0x7, 0x51, 0x3a, 0x48, 0x7, 0x87,
    0x7e, 0xc0, 0x3f, 0xf8, 0x7b, 0xff, 0xfd, 0x22,
    0x3f, 0x80, 0x1d, 0x9d, 0xde, 0x90, 0x27, 0x0,
    0xf2, 0x40, 0x78, 0x7, 0x86, 0x82, 0x48, 0x3,
    0xd4, 0x28, 0xc0, 0x1e, 0x74, 0x1a, 0x0, 0xf1,
    0xc0, 0x50, 0x80, 0x7b, 0x81, 0xd0, 0x3, 0xd2,
    0x47, 0x0, 0x1e, 0x56, 0xe, 0x0, 0xf0, 0xd8,
    0x59, 0x0, 0x7a, 0xc4, 0x2b, 0xbb, 0xd2, 0xc0,
    0x1, 0x1f, 0x8c,

    /* U+017E "ž" */
    0x6, 0xf9, 0x9, 0xf7, 0x0, 0x34, 0xb6, 0x34,
    0x38, 0x4, 0xd4, 0x94, 0xe0, 0x1c, 0xb0, 0xa0,
    0x14, 0xff, 0xfd, 0x82, 0x3e, 0x0, 0x3c, 0x77,
    0x6b, 0x0, 0x48, 0x6, 0x2a, 0xa, 0x20, 0xd,
    0xe0, 0xca, 0x1, 0xa8, 0x8e, 0x40, 0x33, 0x28,
    0x70, 0x6, 0x39, 0xa, 0x20, 0x8, 0x74, 0x19,
    0x40, 0x35, 0x88, 0x3f, 0x77, 0x30, 0x0, 0x47,
    0xc0,

    /* U+017F "ſ" */
    0x0, 0x23, 0xb1, 0x6, 0x5c, 0x4b, 0x30, 0xc2,
    0x25, 0x38, 0x15, 0xd8, 0x2, 0x30, 0xf, 0xff,
    0x98,

    /* U+2014 "—" */
    0xdd, 0xff, 0xe4, 0x11, 0x7f, 0xf2, 0x0,

    /* U+2026 "…" */
    0xb, 0xb0, 0x80, 0x55, 0x82, 0x1, 0x56, 0x12,
    0xa2, 0x1c, 0x0, 0x8a, 0x6c, 0x0, 0x35, 0x3a,
    0x42, 0x22, 0x0, 0x14, 0x85, 0x40, 0x6, 0x61,
    0xb0,

    /* U+F001 "" */
    0x0, 0xff, 0xe3, 0x18, 0x80, 0x7f, 0xf0, 0x85,
    0x6b, 0xb3, 0x0, 0x1f, 0xf1, 0x3e, 0x75, 0x28,
    0x81, 0x0, 0x7e, 0x49, 0xed, 0x83, 0x0, 0xff,
    0x92, 0xfe, 0xd8, 0x40, 0x3f, 0xf8, 0x56, 0x80,
    0x1f, 0xfd, 0x4, 0x96, 0x0, 0xff, 0xe0, 0x8b,
    0x57, 0xdb, 0x8, 0x7, 0xf8, 0xe3, 0x3a, 0x54,
    0x3, 0xff, 0x82, 0xf8, 0xe6, 0x1, 0xff, 0xff,
    0x0, 0xf8, 0x5e, 0xec, 0xa0, 0x1f, 0xfc, 0x21,
    0xf8, 0x44, 0x10, 0x6, 0x13, 0x20, 0xf, 0x98,
    0x40, 0x3c, 0x57, 0xd9, 0xa0, 0x1f, 0x18, 0x7,
    0x8f, 0xd0, 0x3, 0xfc, 0x92, 0x20, 0x12, 0xe9,
    0x0, 0x7b, 0xc0, 0x39, 0xbb, 0x75, 0xf4, 0x30,
    0x1, 0xc4, 0xc0, 0x1f, 0x11, 0x0, 0x27, 0xd7,
    0x55, 0x4e, 0x88, 0x7, 0xff, 0x0,

    /* U+F008 "" */
    0xc4, 0x3, 0xff, 0xff, 0xe0, 0x20, 0x26, 0x1c,
    0xe7, 0x0, 0x4, 0x7f, 0x0, 0x27, 0x24, 0xc1,
    0xd1, 0xc1, 0x7b, 0xbf, 0x28, 0x32, 0x38, 0x3,
    0xa2, 0x40, 0x3f, 0xc6, 0x1f, 0x1c, 0x1, 0x9c,
    0x3, 0xff, 0x80, 0x20, 0x1a, 0xfe, 0xc0, 0x3f,
    0xf8, 0x15, 0xf6, 0x0, 0x8b, 0x80, 0x77, 0xfe,
    0x40, 0x7b, 0x80, 0x1, 0xa2, 0x0, 0xa2, 0x3f,
    0x10, 0x62, 0x18, 0x0, 0xd1, 0x0, 0x51, 0x1f,
    0x88, 0x31, 0xc, 0x1, 0x17, 0x0, 0xef, 0xfc,
    0x80, 0xf7, 0x0, 0xb, 0xfb, 0x0, 0xff, 0xe0,
    0x57, 0xd8, 0x6, 0x70, 0xf, 0xfe, 0x0, 0x80,
    0x6e, 0x89, 0x0, 0xff, 0x18, 0x7c, 0x70, 0x1,
    0xd1, 0xc1, 0x7b, 0xbf, 0x28, 0x32, 0x38, 0x1c,
    0xe7, 0x0, 0x4, 0x7f, 0x0, 0x27, 0x24, 0xc0,

    /* U+F00B "" */
    0x0, 0xff, 0xe4, 0x6f, 0xfe, 0xa0, 0xcf, 0xff,
    0xfb, 0x48, 0x3, 0x38, 0x10, 0x7, 0xfc, 0x40,
    0x1f, 0xfd, 0xc3, 0x0, 0xc8, 0x8, 0x1, 0xff,
    0x1e, 0x7f, 0xe9, 0xa, 0xff, 0xff, 0xb3, 0x1f,
    0xfa, 0x42, 0xff, 0xff, 0xec, 0x30, 0xc, 0x80,
    0xa0, 0x1f, 0xf1, 0x80, 0x7f, 0xf7, 0xc, 0x3,
    0x38, 0x28, 0x7, 0xfc, 0x79, 0xff, 0xa8, 0x2f,
    0xff, 0xfe, 0xcc, 0x7f, 0xe9, 0xa, 0xff, 0xff,
    0xac, 0xc0, 0x32, 0x2, 0x0, 0x7f, 0xc8, 0x1,
    0xff, 0xdc, 0x20, 0xc, 0xe0, 0x40, 0x1f, 0xf1,
    0x6f, 0xfe, 0xa0, 0xcf, 0xff, 0xfb, 0x40,

    /* U+F00C "" */
    0x0, 0xff, 0xe2, 0x27, 0x30, 0x7, 0xff, 0x11,
    0x2c, 0x65, 0xc0, 0x3f, 0xf8, 0x49, 0x60, 0x14,
    0x0, 0x7f, 0xf0, 0x52, 0xc0, 0x34, 0x80, 0x7f,
    0xf0, 0x12, 0xc0, 0x34, 0xb0, 0x37, 0x20, 0x7,
    0xc9, 0x60, 0x1a, 0x58, 0x1e, 0x46, 0xd0, 0x3,
    0x92, 0xc0, 0x34, 0xb0, 0x2, 0x0, 0x2b, 0x40,
    0x9, 0x2c, 0x3, 0x4b, 0x0, 0x52, 0x1, 0xad,
    0x1, 0x2c, 0x3, 0x4b, 0x0, 0x66, 0x90, 0xd,
    0x71, 0x60, 0x1a, 0x98, 0x3, 0xcd, 0x40, 0x19,
    0xc0, 0x35, 0x28, 0x7, 0xe5, 0xa0, 0xf, 0xa9,
    0x40, 0x3f, 0xcb, 0x40, 0x1d, 0x4a, 0x1, 0xff,
    0xc0, 0x5a, 0x0, 0xa9, 0x40, 0x3f, 0xf8, 0x4b,
    0x43, 0x4a, 0x1, 0xfe,

    /* U+F00D "" */
    0x6, 0x70, 0xf, 0x86, 0x10, 0x22, 0x62, 0xc0,
    0x38, 0x71, 0xed, 0x1c, 0x0, 0x96, 0x1, 0xe,
    0x10, 0x3, 0xe0, 0x2, 0x4b, 0x1, 0xc2, 0x0,
    0xbd, 0xdc, 0x1, 0x25, 0xe1, 0x0, 0x56, 0x81,
    0xe, 0x1, 0x21, 0x0, 0x56, 0x80, 0x14, 0x38,
    0x7, 0xad, 0x0, 0x3a, 0x44, 0x3, 0x1a, 0x0,
    0x70, 0xe0, 0x80, 0x63, 0xb0, 0xc, 0x38, 0x40,
    0x1e, 0x4b, 0x0, 0xe, 0x10, 0x5, 0x6e, 0x1,
    0x25, 0x86, 0x90, 0x5, 0x69, 0xe, 0x1, 0x24,
    0x88, 0x5, 0x68, 0x0, 0x87, 0x0, 0xde, 0x21,
    0x68, 0x1, 0xa1, 0xc0, 0xe4, 0xbb, 0x88, 0x1,
    0xe8, 0xec, 0x0,

    /* U+F011 "" */
    0x0, 0xfc, 0x4c, 0xa0, 0x1f, 0xfc, 0x5f, 0x9a,
    0x30, 0xf, 0xfe, 0x3, 0x20, 0x7, 0x38, 0x1,
    0xc8, 0x3, 0xeb, 0x9a, 0x10, 0xf, 0x4c, 0x61,
    0x80, 0x75, 0x20, 0xa, 0x0, 0x79, 0xc0, 0x74,
    0x40, 0x25, 0x50, 0x1, 0x14, 0x3, 0xd6, 0x0,
    0x1a, 0x0, 0xa0, 0x0, 0x96, 0x1, 0xf2, 0xd0,
    0x1, 0x10, 0x8, 0x40, 0x9, 0x0, 0xfe, 0x54,
    0x0, 0x70, 0x60, 0x1, 0x8, 0x3, 0xfd, 0xe0,
    0x5, 0x3, 0x0, 0x60, 0x7, 0xfc, 0xa0, 0x10,
    0x80, 0x42, 0x1, 0xff, 0x8, 0x4, 0x60, 0x10,
    0x80, 0x65, 0x23, 0x50, 0xf, 0x8c, 0xc0, 0xd,
    0x0, 0xd1, 0xb8, 0x20, 0x12, 0x0, 0x43, 0x80,
    0x5, 0x10, 0xf, 0xf7, 0x0, 0x10, 0x10, 0x40,
    0x14, 0x1, 0xfc, 0x8a, 0x0, 0xe0, 0x4, 0x0,
    0x12, 0x40, 0x3e, 0x4b, 0x0, 0x1a, 0x80, 0x19,
    0x40, 0xd, 0xaa, 0x20, 0x3, 0x9b, 0x0, 0xb8,
    0x3, 0x52, 0x0, 0xa, 0xbb, 0xfd, 0x8c, 0x1,
    0x59, 0x0, 0x75, 0xb8, 0x7, 0xf1, 0x6a, 0x0,
    0x7d, 0x1a, 0xc2, 0x1, 0x92, 0x74, 0x80, 0x3f,
    0x8a, 0x7b, 0x9b, 0xdf, 0x6c, 0x1, 0xe0,

    /* U+F013 "" */
    0x0, 0xfe, 0x22, 0x0, 0x7f, 0xf1, 0x1b, 0xf7,
    0x5e, 0xc0, 0x1f, 0xfc, 0x2e, 0x0, 0xdc, 0x1,
    0xfe, 0x10, 0x1, 0x18, 0x6, 0x32, 0x0, 0x8,
    0x7, 0x47, 0x43, 0xea, 0x0, 0x64, 0xd7, 0x9e,
    0x80, 0x9, 0x1c, 0x1e, 0x0, 0x3f, 0x43, 0x3,
    0xa0, 0x2, 0x0, 0x3f, 0xf8, 0x90, 0x4, 0x60,
    0x1e, 0x38, 0x81, 0x80, 0x78, 0xc8, 0x90, 0x1,
    0xcb, 0x8e, 0xec, 0x50, 0xe, 0x82, 0x7, 0x90,
    0xd, 0x60, 0x1a, 0xc0, 0x34, 0xb8, 0x4, 0x20,
    0x10, 0x88, 0x3, 0x8, 0x80, 0x21, 0x0, 0xc2,
    0x1, 0x8, 0x80, 0x30, 0x88, 0x2, 0x10, 0x9,
    0xe4, 0x3, 0x58, 0x6, 0xb0, 0xd, 0x2e, 0x5,
    0x0, 0x1c, 0xb8, 0xee, 0xc5, 0x0, 0xe8, 0x22,
    0x18, 0x7, 0x8e, 0x20, 0x60, 0x1e, 0x32, 0x8,
    0x0, 0xff, 0xe2, 0x40, 0x1, 0x1c, 0x1a, 0x0,
    0x3f, 0x43, 0x83, 0xa0, 0x5, 0x1d, 0x2f, 0xc8,
    0x1, 0x93, 0x9e, 0x3a, 0x0, 0x38, 0x40, 0x2,
    0x60, 0x18, 0xc4, 0x0, 0x20, 0x1f, 0xee, 0x0,
    0xdc, 0x1, 0xff, 0xc2, 0x6f, 0xdd, 0x7b, 0x0,
    0x7c,

    /* U+F015 "" */
    0x0, 0xff, 0x23, 0x8, 0x4, 0xce, 0xc0, 0x1f,
    0xfc, 0x19, 0xb9, 0xf2, 0x0, 0x4c, 0x48, 0x7,
    0xfc, 0x36, 0xc0, 0x1, 0xd5, 0x10, 0x8, 0x40,
    0x3f, 0x8b, 0x10, 0xd, 0xc0, 0x15, 0x20, 0x1f,
    0xfc, 0x4, 0xd2, 0x5, 0xc8, 0xb1, 0x7, 0x0,
    0xff, 0x9e, 0xc0, 0x11, 0x51, 0xaf, 0x84, 0x1,
    0xff, 0x54, 0x0, 0x29, 0xad, 0xcb, 0x1f, 0x50,
    0x2, 0x50, 0xc, 0x38, 0xa0, 0x3a, 0xf8, 0x80,
    0x15, 0x3d, 0xb8, 0x2, 0xd8, 0x0, 0x7e, 0x60,
    0x7e, 0xd8, 0x40, 0x1d, 0x15, 0x14, 0x0, 0x99,
    0x6, 0x88, 0x36, 0x3d, 0x88, 0x7, 0xcb, 0x89,
    0x82, 0xc, 0xca, 0x8, 0x99, 0x80, 0x3f, 0xc7,
    0xe1, 0xe6, 0x66, 0x4f, 0x73, 0x60, 0xf, 0xfe,
    0x0, 0xc0, 0xe6, 0x0, 0x33, 0x80, 0x7f, 0xf0,
    0x9c, 0x3, 0xff, 0x82, 0xff, 0xee, 0x10, 0xf,
    0xfe, 0x37, 0x0, 0x4, 0x3, 0xff, 0xde, 0xc0,
    0x1c, 0x40, 0x11, 0x0, 0x66, 0x0, 0xf8, 0xbf,
    0xf9, 0x0, 0x2c, 0xff, 0xd4, 0x1, 0x80,

    /* U+F019 "" */
    0x0, 0xfc, 0xac, 0xc5, 0x0, 0xff, 0xe1, 0xbd,
    0x4c, 0xa9, 0xc0, 0x3f, 0xf8, 0x5e, 0x1, 0xbc,
    0x3, 0xff, 0xfe, 0x1, 0xff, 0xd7, 0x7e, 0xe9,
    0xc0, 0x33, 0xf7, 0x4e, 0x1, 0xe2, 0x11, 0x80,
    0x3c, 0x23, 0x10, 0x7, 0x96, 0x40, 0x3f, 0xd2,
    0xa0, 0x1f, 0x35, 0x0, 0x7e, 0xa6, 0x0, 0xfe,
    0x5a, 0x0, 0xf5, 0x28, 0x7, 0xfc, 0xb4, 0x1,
    0xa9, 0x40, 0x3c, 0xf5, 0x5d, 0x29, 0x60, 0xb,
    0x49, 0xaa, 0xe7, 0x85, 0x5e, 0x6c, 0x6c, 0xc3,
    0x63, 0x2a, 0xf4, 0x0, 0x7c, 0x5b, 0x54, 0xd2,
    0x0, 0xff, 0xe2, 0x33, 0x0, 0x3f, 0xf9, 0x49,
    0xe1, 0x6e, 0x1, 0xff, 0xc3, 0x4e, 0xa, 0x70,
    0x7, 0x5d, 0xff, 0xf0, 0x6a, 0xea, 0xed, 0xc0,

    /* U+F01C "" */
    0x0, 0xc7, 0xbf, 0xff, 0xf4, 0x80, 0x7e, 0x1d,
    0x20, 0xf, 0xf9, 0xa0, 0x3, 0xeb, 0x10, 0x67,
    0x7f, 0xe2, 0x7, 0x30, 0xe, 0x55, 0x2, 0xcc,
    0x47, 0xf7, 0x80, 0x38, 0x3, 0xd, 0x80, 0xd8,
    0x7, 0xf8, 0x9c, 0xa, 0x0, 0x2b, 0x10, 0xb1,
    0x0, 0xff, 0xa0, 0x81, 0xcc, 0x15, 0x40, 0xaa,
    0x0, 0xff, 0xe0, 0xf0, 0x3, 0x82, 0x0, 0x7,
    0x11, 0x38, 0x7, 0x8e, 0x22, 0xb2, 0x2, 0x52,
    0x0, 0x33, 0xbd, 0x8, 0x1, 0xde, 0xef, 0x88,
    0x0, 0x40, 0x1f, 0xa0, 0x3, 0x29, 0x80, 0x7d,
    0xe0, 0x1f, 0x8f, 0xff, 0x50, 0x7, 0xff, 0xac,
    0x40, 0x3f, 0xf9, 0x3d, 0x62, 0x1, 0xff, 0xc7,
    0x46,

    /* U+F021 "" */
    0x0, 0xfe, 0x11, 0x0, 0x79, 0xee, 0x80, 0x38,
    0x5f, 0x3f, 0xb9, 0xf6, 0xa0, 0x16, 0x22, 0x80,
    0x67, 0xe8, 0x30, 0xc, 0x95, 0xca, 0x1, 0xf5,
    0x40, 0x4, 0x48, 0x81, 0x0, 0xd, 0x48, 0x80,
    0x69, 0x50, 0x2, 0xee, 0xae, 0xdd, 0x88, 0x0,
    0x65, 0x0, 0x95, 0x80, 0x13, 0x44, 0x1, 0x8e,
    0xe8, 0x3, 0xd0, 0x0, 0x96, 0x0, 0xe7, 0xba,
    0xc3, 0x0, 0xc6, 0x40, 0x6c, 0x1, 0xeb, 0x45,
    0x63, 0x0, 0xc8, 0x0, 0xa0, 0xf, 0x9c, 0x3,
    0xf3, 0xff, 0x98, 0x3, 0xeb, 0xff, 0xfc, 0x1,
    0xff, 0xdc, 0xff, 0xfd, 0x60, 0x1f, 0x37, 0xf9,
    0x80, 0x3f, 0x38, 0x7, 0xd4, 0x0, 0x50, 0xc,
    0x6c, 0xaa, 0xb0, 0xf, 0x39, 0x81, 0x18, 0x6,
    0x3c, 0xaa, 0x38, 0x7, 0x34, 0x0, 0x20, 0x3,
    0xd5, 0x66, 0x1, 0x8e, 0xe4, 0x0, 0xca, 0x1,
    0x2b, 0x0, 0x13, 0x3a, 0xed, 0xb8, 0x80, 0x5,
    0x90, 0xc, 0x33, 0x44, 0x0, 0x14, 0x41, 0x0,
    0x51, 0x40, 0x1f, 0x2e, 0xd2, 0x0, 0x63, 0x7e,
    0x70, 0xc, 0xa9, 0x80, 0x12, 0xdf, 0xf7, 0x3f,
    0x20, 0x40, 0x38,

    /* U+F026 "" */
    0x0, 0xfe, 0x10, 0xf, 0x8b, 0xbc, 0x3, 0xc5,
    0x82, 0x20, 0xe, 0x2c, 0x10, 0x2, 0x3b, 0xec,
    0x10, 0xa, 0xe2, 0x30, 0x80, 0x7f, 0xfa, 0x88,
    0x3, 0xfb, 0x7f, 0xf3, 0x0, 0x7f, 0x4b, 0x0,
    0x7f, 0x4b, 0x0, 0x7f, 0x4b, 0xb0,

    /* U+F027 "" */
    0x0, 0xfd, 0x12, 0x1, 0xff, 0xc0, 0x97, 0x60,
    0xf, 0xfa, 0x58, 0x3, 0xff, 0x81, 0x2c, 0x1,
    0xfb, 0x7f, 0xf3, 0x0, 0x79, 0xcc, 0x8, 0x3,
    0xfc, 0x31, 0x88, 0x1, 0xff, 0xd, 0x4, 0x0,
    0x7f, 0xf0, 0x14, 0xc, 0x3, 0xff, 0x80, 0x80,
    0x40, 0x1f, 0xf0, 0xd8, 0x40, 0x7, 0xfc, 0x2f,
    0x4b, 0x71, 0x18, 0x40, 0x3d, 0xa, 0x8, 0xef,
    0xb0, 0x40, 0x3f, 0xf8, 0x25, 0x82, 0x1, 0xff,
    0xc1, 0x2c, 0x11, 0x0, 0x7f, 0xf0, 0xb, 0xfc,
    0x1, 0xc0,

    /* U+F028 "" */
    0x0, 0xff, 0xe2, 0x3d, 0x90, 0x7, 0xff, 0x4,
    0x40, 0x3d, 0xc9, 0x86, 0x1, 0xfe, 0x2e, 0xf0,
    0xf, 0x4b, 0xe, 0x10, 0x7, 0xe2, 0xc1, 0x10,
    0x6, 0x87, 0x9, 0x70, 0xf0, 0xf, 0x8b, 0x4,
    0x3, 0xcd, 0x16, 0x10, 0x64, 0xc0, 0x8e, 0xfb,
    0x4, 0x3, 0xec, 0x24, 0x80, 0xf0, 0xb0, 0xb8,
    0x8c, 0x20, 0x1e, 0x74, 0x2c, 0x7, 0x13, 0x31,
    0x18, 0x7, 0xfc, 0x31, 0x68, 0x2e, 0xc, 0x16,
    0xa, 0x1, 0xff, 0xd, 0x4, 0x5, 0x86, 0x81,
    0x87, 0x80, 0x7f, 0xf0, 0x14, 0xc, 0x4, 0x4,
    0x3, 0xff, 0x88, 0xa0, 0x60, 0x20, 0x20, 0x20,
    0x1f, 0xfc, 0x11, 0xa0, 0x80, 0xb0, 0xd0, 0x20,
    0xf2, 0x0, 0xff, 0xc, 0x5a, 0x13, 0x83, 0x5,
    0x82, 0xef, 0xfe, 0x60, 0xf, 0x3a, 0x16, 0x3,
    0x89, 0x98, 0x8c, 0x3, 0xa5, 0x80, 0x3e, 0xc1,
    0x48, 0xf, 0xb, 0x0, 0xfa, 0x58, 0x3, 0xcd,
    0x16, 0x10, 0x64, 0xc0, 0x1f, 0xa5, 0xd8, 0x3,
    0x43, 0x84, 0x38, 0x78, 0x7, 0xfa, 0x24, 0x3,
    0xd2, 0xe1, 0x84, 0x1, 0xff, 0xc6, 0xe4, 0xd3,
    0x0, 0x80,

    /* U+F03E "" */
    0x5e, 0xff, 0xff, 0xe2, 0x72, 0xd8, 0x80, 0x7f,
    0xf1, 0x6, 0xc4, 0x1, 0x38, 0xe0, 0x1f, 0xfc,
    0x11, 0x0, 0x4b, 0x1c, 0x28, 0x7, 0xff, 0xd,
    0x40, 0x2d, 0x0, 0xf2, 0x8, 0x7, 0xd6, 0x1,
    0x58, 0x7, 0x35, 0xe8, 0x80, 0x79, 0xe9, 0xf0,
    0xc0, 0x33, 0x48, 0x1e, 0x88, 0x7, 0x96, 0x0,
    0x39, 0xa4, 0x2, 0x3d, 0x10, 0xf, 0x36, 0x48,
    0x1, 0xa4, 0x3, 0x8d, 0x80, 0x39, 0xa4, 0x1a,
    0x5a, 0x40, 0x3f, 0xf8, 0x9, 0x20, 0x13, 0x48,
    0x7, 0xff, 0x4, 0xc0, 0x3f, 0xf8, 0xe9, 0x11,
    0xff, 0xc2, 0x40, 0x0, 0x81, 0xbb, 0xff, 0xf0,
    0x8c, 0x6, 0xc4, 0x3, 0xff, 0x88, 0x36,

    /* U+F043 "" */
    0x0, 0xf2, 0x10, 0x7, 0xfc, 0x77, 0xa2, 0x1,
    0xfe, 0x90, 0x3, 0x80, 0x7f, 0xa, 0x80, 0x28,
    0x3, 0xfa, 0x40, 0x23, 0x40, 0xf, 0x85, 0xc0,
    0x34, 0x0, 0x7d, 0x60, 0x1c, 0x6c, 0x1, 0xc8,
    0xa0, 0x1e, 0x92, 0x0, 0x86, 0x80, 0x3f, 0x70,
    0x5, 0x42, 0x1, 0xf8, 0xdc, 0xd, 0x0, 0x3f,
    0xd0, 0x32, 0x1, 0xff, 0xc0, 0x74, 0x0, 0xff,
    0xe0, 0x60, 0x82, 0xc8, 0x7, 0xf0, 0x88, 0xd,
    0xc0, 0x3f, 0x85, 0x41, 0xc5, 0x80, 0x3f, 0x6f,
    0x0, 0xcc, 0xa0, 0xc0, 0x3c, 0xaa, 0x30, 0x6b,
    0x4c, 0x60, 0xc, 0xe4, 0x1a, 0x40, 0x99, 0xec,
    0x1, 0x2c, 0x0, 0x7, 0x58, 0x3, 0xd1, 0x40,
    0x1d, 0x3d, 0x51, 0xb, 0xf7, 0x0, 0x80,

    /* U+F048 "" */
    0x47, 0x60, 0xf, 0x85, 0x87, 0xe2, 0x44, 0x3,
    0x8b, 0x26, 0x80, 0x3f, 0x16, 0x10, 0x38, 0x7,
    0xc7, 0x82, 0x1, 0xfc, 0x98, 0x20, 0x1f, 0xcb,
    0x60, 0x1f, 0xe6, 0xa0, 0xf, 0xf4, 0x48, 0x7,
    0xfc, 0xc0, 0x1f, 0xfd, 0xab, 0x10, 0xf, 0xf9,
    0x70, 0x80, 0x3f, 0xe2, 0xc3, 0x0, 0xff, 0x87,
    0xc, 0x3, 0xff, 0x81, 0x88, 0x1, 0xff, 0xc0,
    0xb5, 0x0, 0x84, 0x3, 0xf5, 0x38, 0x5d, 0x7f,
    0x84, 0x3, 0xd1, 0xee,

    /* U+F04B "" */
    0x6, 0x50, 0xf, 0xfe, 0x1d, 0xcd, 0x69, 0x80,
    0x7f, 0xf0, 0x50, 0x0, 0x59, 0x42, 0x1, 0xff,
    0xc4, 0x5e, 0x70, 0xf, 0xfe, 0x2c, 0x6a, 0x0,
    0x7f, 0xf1, 0xa, 0xec, 0x40, 0x1f, 0xfc, 0x44,
    0xd8, 0x0, 0xff, 0xe2, 0xbf, 0x28, 0x7, 0xff,
    0x10, 0x6a, 0xc8, 0x3, 0xff, 0x88, 0x9a, 0x40,
    0x1f, 0xfc, 0x54, 0x0, 0xff, 0xe2, 0xa0, 0x7,
    0xff, 0xd, 0x34, 0x80, 0x3f, 0xf8, 0x25, 0x56,
    0x40, 0x1f, 0xfc, 0x17, 0xd5, 0x0, 0xff, 0xe0,
    0xae, 0xc0, 0x7, 0xff, 0x4, 0xae, 0x88, 0x3,
    0xff, 0x83, 0x1a, 0x80, 0x1f, 0xfc, 0x15, 0xe7,
    0x0, 0xff, 0x20, 0x0, 0xb2, 0x84, 0x3, 0xfe,
    0xb9, 0xad, 0x30, 0xf, 0xfe, 0x8,

    /* U+F04C "" */
    0x6, 0x77, 0xc6, 0x1, 0x99, 0xdf, 0x18, 0x5c,
    0xc4, 0x6c, 0x30, 0x5, 0xcc, 0x46, 0xc3, 0x40,
    0xf, 0x20, 0x1, 0x0, 0x3c, 0x80, 0x1f, 0x78,
    0x7, 0xf7, 0x80, 0x7f, 0xff, 0xc0, 0x3f, 0xff,
    0xe0, 0x1f, 0xff, 0x61, 0x0, 0xf7, 0x0, 0x4,
    0x3, 0xdd, 0x0, 0x1c, 0x6e, 0x0, 0x80, 0xe,
    0x37, 0x6f, 0xfe, 0xc1, 0x0, 0x37, 0xff, 0x60,
    0x80,

    /* U+F04D "" */
    0x5, 0x77, 0xff, 0xe1, 0x18, 0x5d, 0x44, 0x7f,
    0xf0, 0xb0, 0xd0, 0x3, 0xff, 0x88, 0x80, 0x1f,
    0xfc, 0x5f, 0x0, 0xff, 0xff, 0x80, 0x7f, 0xff,
    0xc0, 0x3f, 0xfe, 0xc2, 0x1, 0xff, 0xc4, 0xe8,
    0x0, 0xff, 0xe1, 0x9b, 0xb7, 0xff, 0xff, 0xf,
    0x4,

    /* U+F051 "" */
    0x5, 0x20, 0xf, 0x95, 0xd9, 0x95, 0xa8, 0x1,
    0xe9, 0x89, 0xe0, 0x5, 0xb0, 0x7, 0x8, 0x7,
    0xa5, 0xc0, 0x3f, 0xf8, 0x11, 0x0, 0xf, 0xfe,
    0x3, 0xc8, 0x7, 0xff, 0x1, 0xac, 0x3, 0xff,
    0x80, 0x98, 0x1, 0xff, 0xc0, 0x32, 0x0, 0xff,
    0xec, 0xd1, 0x0, 0x7f, 0xad, 0x40, 0x3f, 0x87,
    0x10, 0x3, 0xf8, 0x70, 0xc0, 0x3f, 0x8b, 0x8,
    0x3, 0xde, 0x0, 0x2c, 0x20, 0xf, 0x90, 0x13,
    0x4, 0x3, 0x84, 0x0, 0x7f, 0x62, 0x1, 0xec,
    0xff, 0x0,

    /* U+F052 "" */
    0x0, 0xfe, 0x21, 0x0, 0xff, 0xe2, 0x56, 0xf2,
    0x0, 0x7f, 0xf0, 0xa9, 0x40, 0x16, 0x60, 0x1f,
    0xfc, 0x8, 0x50, 0xd, 0xa4, 0x1, 0xfe, 0x77,
    0x0, 0x70, 0xe0, 0x80, 0x7e, 0x68, 0x0, 0xf8,
    0x70, 0x40, 0x3c, 0xb2, 0x1, 0xfc, 0x5a, 0x1,
    0xc9, 0x40, 0x1f, 0xf1, 0xd8, 0x4, 0x76, 0x1,
    0xff, 0xc1, 0x4a, 0x0, 0x70, 0x7, 0xff, 0xd,
    0x54, 0x6, 0x1, 0xff, 0xc4, 0x30, 0xb0, 0xf,
    0xfe, 0x19, 0xb0, 0x2f, 0xff, 0xff, 0xf, 0x0,
    0x13, 0xff, 0xff, 0xc3, 0xe2, 0x6, 0x0, 0xff,
    0xe1, 0x8a, 0x80, 0x7f, 0xf1, 0xbc, 0x3, 0xff,
    0x8d, 0xe0, 0x80, 0x1f, 0xfc, 0x44, 0xb, 0xff,
    0xff, 0xe2, 0x18,

    /* U+F053 "" */
    0x0, 0xff, 0xe3, 0x2f, 0xc0, 0x7, 0xcb, 0x40,
    0xe8, 0x1, 0xcb, 0x40, 0x1, 0x60, 0xc, 0xb4,
    0x0, 0x1c, 0x20, 0x9, 0x68, 0x0, 0x3a, 0x40,
    0x12, 0xd0, 0x0, 0x74, 0xc0, 0x25, 0xa0, 0x0,
    0xe9, 0x80, 0x4b, 0x40, 0x1, 0xd3, 0x0, 0xd0,
    0x1, 0x59, 0x80, 0x74, 0x80, 0x56, 0x60, 0x1c,
    0x96, 0x0, 0x1d, 0x30, 0xe, 0x4b, 0x0, 0xe,
    0x98, 0x7, 0x25, 0x80, 0x7, 0x4c, 0x3, 0x92,
    0x80, 0x3, 0xa6, 0x1, 0xcb, 0x40, 0x1, 0xd2,
    0x0, 0xe5, 0xa0, 0x0, 0xb0, 0x7, 0x96, 0x81,
    0xd0, 0x3, 0xe5, 0xf8, 0x0,

    /* U+F054 "" */
    0x0, 0xff, 0x8b, 0x6c, 0x3, 0xf7, 0x12, 0x60,
    0x7, 0xca, 0x0, 0x3c, 0x0, 0xf4, 0xb0, 0x0,
    0xf0, 0x3, 0xd2, 0xc0, 0x3, 0xc0, 0xf, 0x4b,
    0x0, 0xf, 0x0, 0x3d, 0x2c, 0x0, 0x3c, 0x0,
    0xf4, 0xb0, 0x0, 0xf0, 0x3, 0xd2, 0x40, 0x3,
    0x60, 0xe, 0x92, 0x0, 0x1b, 0x0, 0x69, 0x60,
    0x1, 0xe0, 0x6, 0x96, 0x0, 0x1e, 0x0, 0x69,
    0x60, 0x1, 0xe0, 0x6, 0x96, 0x0, 0x1e, 0x0,
    0x69, 0x60, 0x1, 0xe0, 0x7, 0x28, 0x0, 0xf0,
    0x3, 0xdc, 0x49, 0x80, 0x1f, 0x16, 0xd8, 0x7,
    0xe0,

    /* U+F067 "" */
    0x0, 0xf8, 0x95, 0x40, 0x1f, 0xfc, 0x3d, 0xaa,
    0x40, 0x7, 0xff, 0x4, 0x80, 0x22, 0x0, 0xff,
    0xff, 0x80, 0x63, 0x77, 0xea, 0x0, 0x99, 0xdf,
    0x98, 0x36, 0x23, 0x9c, 0x2, 0x38, 0x8e, 0x96,
    0x10, 0xf, 0xfe, 0x27, 0x10, 0x7, 0xff, 0x13,
    0x72, 0xef, 0xa8, 0x2, 0x4b, 0xbe, 0xc5, 0x14,
    0x4e, 0x70, 0x8, 0x51, 0x38, 0xc0, 0x3f, 0xfe,
    0x26, 0x1, 0x18, 0x7, 0xff, 0x4, 0x48, 0x1,
    0xe0, 0x1f, 0xfc, 0x2d, 0xd7, 0x30, 0x7, 0xc0,

    /* U+F068 "" */
    0x49, 0x9f, 0xfe, 0x1c, 0x5, 0xb3, 0x7f, 0xf0,
    0xdd, 0xc0, 0x1f, 0xfc, 0x63, 0x0, 0xff, 0xe2,
    0x1e, 0x6e, 0xff, 0xf0, 0xf9, 0x0,

    /* U+F06E "" */
    0x0, 0xf9, 0xab, 0x7f, 0xdd, 0x90, 0x60, 0x1f,
    0xfc, 0x8, 0xf9, 0x52, 0x1, 0x11, 0xbe, 0x61,
    0x0, 0x3f, 0x1e, 0xb8, 0x1, 0xb7, 0xfb, 0xe8,
    0x80, 0xee, 0x40, 0x3c, 0x98, 0x40, 0xa, 0x92,
    0x22, 0x92, 0xe1, 0x80, 0x1a, 0xc0, 0x31, 0xd8,
    0x4, 0xea, 0x0, 0x5a, 0xd9, 0x1d, 0x10, 0x2,
    0x58, 0x0, 0x74, 0x3, 0x40, 0x5, 0xe0, 0x6,
    0x71, 0x60, 0x9, 0x20, 0x2c, 0x40, 0x24, 0x2,
    0x22, 0xb8, 0x5, 0x21, 0x60, 0x19, 0xc9, 0x40,
    0x30, 0x82, 0xed, 0x0, 0x61, 0x1, 0x0, 0xe5,
    0x60, 0xc, 0x20, 0x40, 0x1e, 0x30, 0x10, 0xe,
    0x58, 0x10, 0x9, 0x1, 0x4c, 0x3, 0xa4, 0x10,
    0x3, 0x39, 0xe, 0x80, 0x68, 0xd, 0x50, 0x0,
    0xd2, 0x8c, 0x80, 0x49, 0x0, 0x3, 0xb0, 0x9,
    0xd4, 0x6b, 0xfb, 0x8a, 0x3a, 0x20, 0x4, 0xb0,
    0xc, 0x98, 0x40, 0xa, 0x92, 0x1, 0x5, 0xc3,
    0x0, 0x35, 0x80, 0x78, 0xf6, 0x0, 0xd, 0xbf,
    0xdf, 0x44, 0x7, 0x72, 0x1, 0xfc, 0xff, 0x4a,
    0x42, 0x31, 0xbe, 0x61, 0x0, 0x38,

    /* U+F070 "" */
    0x0, 0x30, 0x7, 0xff, 0x32, 0xe7, 0x4, 0x3,
    0xff, 0x94, 0xe0, 0x7e, 0x80, 0x1f, 0xfc, 0x9c,
    0x60, 0x1b, 0x70, 0x2, 0x46, 0x77, 0xf6, 0xca,
    0x0, 0x7f, 0xa6, 0x80, 0x11, 0x7d, 0x6e, 0x62,
    0x31, 0x35, 0xf3, 0x0, 0x7f, 0x2e, 0x90, 0x20,
    0x81, 0xdf, 0xf7, 0xd9, 0x80, 0xcd, 0x88, 0x7,
    0xe2, 0xd4, 0x0, 0xa9, 0x0, 0xc5, 0x31, 0x80,
    0x9, 0xe4, 0x1, 0xfd, 0x70, 0x0, 0x99, 0x26,
    0x75, 0x4, 0x98, 0x0, 0x70, 0x40, 0x3a, 0xec,
    0x0, 0x7c, 0x10, 0x6a, 0x0, 0x2d, 0x4, 0x0,
    0x43, 0x40, 0x19, 0x91, 0x1a, 0x60, 0x7e, 0x60,
    0x20, 0x12, 0x8a, 0x0, 0x64, 0x50, 0xb, 0x40,
    0x5, 0x8c, 0x3, 0x8e, 0x1, 0xc4, 0x2, 0x1,
    0xbc, 0x2, 0xd0, 0xd, 0x20, 0x14, 0x50, 0x6,
    0x10, 0x10, 0xd, 0xe0, 0x13, 0x18, 0x6, 0x40,
    0x9, 0x74, 0x80, 0x19, 0x0, 0x19, 0x54, 0x1,
    0xb4, 0x40, 0x28, 0x0, 0xc5, 0xaa, 0x2, 0xe0,
    0x11, 0x58, 0x7, 0xe, 0x8, 0x0, 0xe4, 0x3,
    0xaa, 0x40, 0x31, 0x60, 0x80, 0x78, 0xbc, 0xc0,
    0xd, 0x88, 0x1, 0x9b, 0x4, 0x2, 0x30, 0xf,
    0xc3, 0x92, 0x20, 0x77, 0xfd, 0xc3, 0x3, 0xf4,
    0x2, 0xd5, 0x0, 0xfe, 0x6e, 0xa6, 0x21, 0x10,
    0x79, 0x0, 0xdb, 0x80, 0x2a, 0x40, 0x3f, 0xcb,
    0x3b, 0xdf, 0xd8, 0x40, 0x14, 0x58, 0x83, 0x58,
    0x7, 0xff, 0x25, 0x3c, 0xc0, 0x40, 0x3f, 0xf9,
    0x43, 0x93, 0x40,

    /* U+F071 "" */
    0x0, 0xff, 0x9e, 0x8c, 0x3, 0xff, 0x91, 0x10,
    0x5d, 0x10, 0xf, 0xfe, 0x31, 0x38, 0x0, 0x60,
    0x3, 0xff, 0x8d, 0x0, 0x19, 0x8c, 0x3, 0xff,
    0x88, 0x8a, 0x1, 0xd0, 0x1, 0xff, 0xc4, 0x80,
    0xf, 0x22, 0x80, 0x7f, 0xf0, 0x98, 0xc0, 0x3e,
    0x80, 0xf, 0xfe, 0x14, 0x0, 0x17, 0x75, 0x60,
    0x2, 0x70, 0xf, 0xfe, 0x4, 0x8, 0x0, 0xc8,
    0x8a, 0x1, 0x40, 0x80, 0x7f, 0x89, 0xc0, 0x23,
    0x0, 0x18, 0x6, 0x80, 0xf, 0xf4, 0x0, 0x61,
    0x0, 0x8, 0x6, 0x62, 0x0, 0xfc, 0x6a, 0x1,
    0x9c, 0x0, 0xe0, 0x1d, 0x20, 0x1f, 0xbc, 0x3,
    0x84, 0x0, 0x20, 0x1c, 0x88, 0x0, 0xf3, 0x18,
    0x7, 0x14, 0xcc, 0x1, 0xe9, 0x0, 0xf4, 0x0,
    0x7d, 0x96, 0xe0, 0x1e, 0x27, 0x0, 0xd0, 0x20,
    0x1e, 0x65, 0x2a, 0x0, 0xfa, 0x44, 0x0, 0x2e,
    0x1, 0xf0, 0x80, 0x4, 0x3, 0xe1, 0x80, 0x5,
    0x80, 0x7e, 0x74, 0x1a, 0x0, 0xfc, 0xc4, 0xa,
    0x1, 0xfd, 0x7c, 0xa0, 0x1f, 0xca, 0x8, 0x1,
    0xff, 0xc9, 0x30, 0xa9, 0x77, 0xff, 0xe3, 0xda,
    0x0,

    /* U+F074 "" */
    0x0, 0xff, 0xe1, 0xa1, 0x80, 0x7f, 0xf1, 0xaf,
    0x14, 0x3, 0xff, 0x8f, 0x4a, 0x1d, 0xff, 0x98,
    0x3, 0x87, 0x3f, 0xc0, 0x15, 0x28, 0x80, 0x69,
    0x50, 0xd, 0xa6, 0x1, 0xea, 0x0, 0xf5, 0x28,
    0x2, 0xcc, 0x3, 0xe8, 0xdd, 0xb0, 0x80, 0x1a,
    0x12, 0x80, 0x8, 0xd0, 0xa, 0x1c, 0x8a, 0x3f,
    0x14, 0x87, 0x60, 0x3, 0x39, 0x0, 0x21, 0xc0,
    0x38, 0xb6, 0xda, 0x0, 0xb, 0x20, 0x8, 0x97,
    0x0, 0xf8, 0xd2, 0x40, 0x9, 0x40, 0x13, 0xb0,
    0x7, 0xe3, 0xb0, 0x1, 0x59, 0x80, 0x4e, 0xc0,
    0x1f, 0x16, 0x80, 0x7, 0xf, 0x24, 0x1, 0x13,
    0x0, 0x2, 0x28, 0xfc, 0x40, 0x70, 0xf4, 0x19,
    0xc8, 0x0, 0xf0, 0x1b, 0xb6, 0x10, 0x3, 0x48,
    0xa0, 0x4, 0x68, 0x4, 0xee, 0x0, 0xf5, 0x18,
    0x3, 0xc, 0x3, 0xe9, 0x10, 0xd, 0x2a, 0x1,
    0xb4, 0xc0, 0x3d, 0x5d, 0xff, 0x98, 0x3, 0x87,
    0x3f, 0xc0, 0x15, 0xa0, 0x7, 0xff, 0x16, 0x90,
    0x3, 0xff, 0x89, 0x78, 0xa0, 0x0,

    /* U+F077 "" */
    0x0, 0xfd, 0x28, 0x1, 0xff, 0xc3, 0xc6, 0xb5,
    0x0, 0xff, 0xe0, 0xe1, 0x80, 0x29, 0x40, 0x3f,
    0xec, 0x30, 0xd, 0x4a, 0x1, 0xfd, 0x86, 0x0,
    0x51, 0x0, 0x52, 0x80, 0x7d, 0x86, 0x0, 0x6a,
    0xd1, 0x0, 0x52, 0x80, 0x76, 0x18, 0x1, 0xa4,
    0xf, 0x44, 0x1, 0x4a, 0x1, 0x61, 0x80, 0x1a,
    0x40, 0x23, 0xd1, 0x0, 0x52, 0x85, 0x18, 0x1,
    0xa4, 0x3, 0x8f, 0x44, 0x1, 0x45, 0xa0, 0x6,
    0x90, 0xf, 0x8f, 0x44, 0x4, 0xde, 0x62, 0x40,
    0x3f, 0x8f, 0x1b, 0x4,

    /* U+F078 "" */
    0x6, 0x70, 0xf, 0xf8, 0xa4, 0x81, 0xe6, 0x24,
    0x3, 0xf8, 0xb1, 0xb0, 0x78, 0x0, 0xd2, 0x1,
    0xf1, 0xe0, 0x80, 0x9c, 0xa0, 0x1, 0xa4, 0x3,
    0x8f, 0x44, 0x1, 0x44, 0x16, 0x80, 0x6, 0x90,
    0x8, 0xf4, 0x40, 0x14, 0xa0, 0x15, 0xa0, 0x1,
    0xa4, 0xf, 0x44, 0x1, 0x4a, 0x1, 0xd6, 0x80,
    0x6, 0xad, 0x10, 0x5, 0x28, 0x7, 0xd6, 0x80,
    0x5, 0x10, 0x5, 0x28, 0x7, 0xf5, 0xa0, 0x6,
    0xa5, 0x0, 0xff, 0xad, 0x0, 0x14, 0xa0, 0x1f,
    0xfc, 0x1b, 0x6b, 0x50, 0xf, 0x80,

    /* U+F079 "" */
    0x0, 0xd3, 0x82, 0x1, 0xff, 0xca, 0xa6, 0x3c,
    0x10, 0x2, 0xc4, 0x7f, 0x84, 0x3, 0xd4, 0xa0,
    0x2, 0xc2, 0xb, 0x77, 0xff, 0x80, 0x3a, 0x94,
    0x3, 0x16, 0x15, 0x8, 0x7, 0xff, 0xa, 0x14,
    0xc, 0x0, 0x60, 0x3e, 0x9d, 0xff, 0xee, 0x0,
    0xfb, 0xc0, 0xf8, 0x1, 0x50, 0x2, 0x1, 0xff,
    0xc4, 0x7c, 0xc1, 0x80, 0x4f, 0x98, 0x0, 0xff,
    0xe2, 0x98, 0x7, 0x8c, 0x3, 0xff, 0xdc, 0x7a,
    0xe0, 0x18, 0xf5, 0xc0, 0x3f, 0xf8, 0x92, 0x50,
    0xc0, 0xf, 0xd2, 0x80, 0xf, 0xb6, 0x23, 0xe3,
    0x81, 0x8, 0x0, 0x30, 0x84, 0x80, 0x7c, 0x8e,
    0xff, 0x60, 0x60, 0x80, 0x74, 0xb0, 0x6, 0x12,
    0x0, 0xfe, 0x10, 0x2c, 0x10, 0xa, 0x58, 0x3,
    0xdb, 0xff, 0xfd, 0xc4, 0x5, 0x82, 0x12, 0xc0,
    0x1f, 0xfc, 0x92, 0xfc, 0x60, 0xc,

    /* U+F07B "" */
    0x5e, 0xff, 0xf4, 0x80, 0x7f, 0xd6, 0x20, 0x1e,
    0x69, 0x0, 0xff, 0x8, 0x7, 0xe6, 0xa8, 0x8f,
    0x98, 0x3, 0xfe, 0x57, 0x7f, 0xa6, 0xc0, 0x3f,
    0xf8, 0xe8, 0x1, 0xff, 0xff, 0x0, 0xff, 0xff,
    0x80, 0x7f, 0x84, 0x3, 0xff, 0x8c, 0x36, 0x20,
    0x1f, 0xfc, 0x41, 0xb0,

    /* U+F093 "" */
    0x0, 0xfe, 0x31, 0x0, 0xff, 0xe2, 0xb6, 0x60,
    0x40, 0x3f, 0xf8, 0x6d, 0x20, 0x58, 0x20, 0x1f,
    0xfc, 0x16, 0x90, 0x8, 0xb0, 0x40, 0x3f, 0xe6,
    0x90, 0xe, 0x2c, 0x10, 0xf, 0xe6, 0x90, 0xf,
    0x8b, 0x4, 0x3, 0xe6, 0x90, 0xf, 0xe2, 0xc1,
    0x0, 0xf5, 0x80, 0x7f, 0xc4, 0xe0, 0x1e, 0xde,
    0xe9, 0x0, 0x35, 0x77, 0x4c, 0x1, 0xf0, 0x8c,
    0x1, 0xc2, 0x38, 0x3, 0xff, 0xfe, 0x1, 0xfc,
    0xf5, 0x5c, 0x40, 0x1e, 0x2a, 0xae, 0x78, 0x55,
    0xea, 0x99, 0x44, 0x25, 0x29, 0x57, 0xa0, 0x3,
    0xcf, 0x22, 0x0, 0x1b, 0x70, 0xf, 0xfe, 0xa,
    0x44, 0x64, 0x0, 0xff, 0xe4, 0x27, 0x85, 0xb8,
    0x7, 0xff, 0xd, 0x38, 0x29, 0xc0, 0x1d, 0x77,
    0xff, 0xc1, 0xab, 0xab, 0xb7, 0x0,

    /* U+F095 "" */
    0x0, 0xff, 0xe1, 0xa3, 0x10, 0x7, 0xff, 0x14,
    0x6e, 0x77, 0xad, 0x40, 0x3f, 0xf8, 0x4c, 0x1,
    0xa, 0x50, 0x7, 0xff, 0xa, 0x40, 0x3f, 0xf8,
    0xea, 0x20, 0x1c, 0x40, 0x1f, 0xfc, 0x1e, 0x0,
    0xf3, 0x0, 0x7f, 0xf0, 0x74, 0x3, 0xc6, 0x1,
    0xff, 0xc1, 0x6a, 0x0, 0xec, 0x0, 0xff, 0xe1,
    0x2d, 0x0, 0x42, 0x80, 0x1f, 0xfc, 0x3e, 0x0,
    0x9c, 0x3, 0xff, 0x86, 0x88, 0x0, 0xac, 0x3,
    0xff, 0x84, 0x54, 0x1, 0x39, 0x0, 0x78, 0x4c,
    0x3, 0x87, 0xc4, 0x0, 0x50, 0x1, 0xc5, 0x3d,
    0x8e, 0x1, 0x1f, 0x90, 0x5, 0xc0, 0x19, 0x2f,
    0x58, 0x1, 0x8, 0xf, 0x82, 0x1, 0x51, 0x80,
    0x6a, 0x40, 0xe, 0xae, 0x80, 0xd, 0x4a, 0x1,
    0xc4, 0x1, 0xe1, 0x10, 0x4, 0x36, 0xa0, 0x1e,
    0x40, 0xf, 0xf2, 0x7a, 0x0, 0x7d, 0x80, 0x1f,
    0x8a, 0xac, 0x40, 0x3f, 0x28, 0x7, 0xa, 0xde,
    0xa8, 0x7, 0xf8, 0x6a, 0x26, 0xf7, 0xa9, 0x0,
    0x3f, 0xe0,

    /* U+F0C4 "" */
    0x0, 0x12, 0xa0, 0x7, 0xff, 0xa, 0x76, 0xaf,
    0x8c, 0x3, 0xc9, 0x54, 0x50, 0x76, 0x0, 0x87,
    0x40, 0x3a, 0x2d, 0x55, 0x4b, 0x20, 0x59, 0x0,
    0x2c, 0x1, 0x43, 0x80, 0x48, 0xa2, 0xa, 0x6e,
    0x0, 0x10, 0x4, 0x38, 0x4, 0x96, 0x4, 0xc,
    0xf4, 0x0, 0x20, 0x87, 0x0, 0x92, 0xc0, 0x10,
    0x3, 0xa, 0x0, 0x89, 0x70, 0x9, 0x2c, 0x2,
    0x5a, 0x10, 0xc, 0x4c, 0x1, 0x25, 0x80, 0x72,
    0xf7, 0x28, 0x3, 0xc9, 0x60, 0x1f, 0x85, 0x50,
    0x3, 0xa4, 0x3, 0xf1, 0x2c, 0xa0, 0x7, 0x78,
    0x80, 0x7a, 0x76, 0x98, 0x3, 0xc5, 0x82, 0x1,
    0x9d, 0x80, 0x39, 0x24, 0x2, 0x2c, 0x10, 0xa,
    0x40, 0xb2, 0x0, 0x1c, 0xd4, 0x1, 0x16, 0x8,
    0x0, 0x41, 0x4d, 0xc0, 0x4, 0xb, 0x40, 0x11,
    0x60, 0x81, 0x3, 0x3d, 0x0, 0x8, 0x0, 0xb4,
    0x1, 0x16, 0xc, 0x0, 0xc2, 0x81, 0xa8, 0x4,
    0xb6, 0x1, 0x12, 0xaa, 0x84, 0x0, 0x9a, 0x1,
    0xc9, 0xd3, 0x2d, 0x40, 0x5e, 0xe7, 0xd8, 0x80,
    0x78, 0x59, 0x84, 0x0,

    /* U+F0C5 "" */
    0x0, 0xe8, 0xbb, 0xf2, 0x84, 0x80, 0x7e, 0x74,
    0x4f, 0x68, 0xb5, 0x80, 0x7f, 0xf1, 0x52, 0xc0,
    0x3f, 0xf8, 0xa9, 0x10, 0xcc, 0x48, 0x7, 0xf0,
    0xff, 0xd0, 0xe6, 0x65, 0x0, 0xfc, 0xaa, 0x44,
    0x8c, 0x3, 0xff, 0x80, 0x55, 0x77, 0x48, 0x7,
    0xff, 0xfc, 0x3, 0xff, 0xfe, 0x1, 0xff, 0xc3,
    0x20, 0x40, 0xf, 0xfb, 0x40, 0x21, 0x9a, 0xff,
    0xff, 0x9c, 0x3, 0x37, 0x7f, 0xfa, 0x0, 0x3f,
    0xf8, 0xbe, 0x1, 0xd4, 0xef, 0xfe, 0x86, 0x0,
    0xe0,

    /* U+F0C7 "" */
    0x6, 0x77, 0xff, 0x30, 0x7, 0x5c, 0xc4, 0x7f,
    0xa7, 0x44, 0x2, 0x40, 0xf, 0xfe, 0x1, 0x68,
    0x80, 0x66, 0xff, 0xfd, 0xc4, 0x7, 0xa2, 0x1,
    0x8, 0x7, 0xe1, 0x60, 0x1, 0xe8, 0x7, 0xff,
    0x14, 0xcc, 0x1, 0xff, 0xc5, 0x70, 0xf, 0xfe,
    0x42, 0xc4, 0x7f, 0x28, 0x7, 0xc4, 0xef, 0xfc,
    0x20, 0x1f, 0xfd, 0x11, 0xbf, 0xd3, 0x0, 0xff,
    0xe0, 0xc2, 0x1, 0x70, 0x7, 0xff, 0x4, 0x80,
    0x22, 0x0, 0xff, 0xe0, 0xf0, 0x4, 0xc0, 0x1f,
    0xfc, 0x15, 0xc8, 0xa9, 0x0, 0xf8, 0x40, 0x3c,
    0x6e, 0xa0, 0x1f, 0x3c, 0x0, 0x7f, 0xf0, 0xd4,
    0xdb, 0xff, 0xff, 0x87, 0x40,

    /* U+F0C9 "" */
    0x0, 0xff, 0xe3, 0x77, 0xff, 0xff, 0x11, 0x84,
    0x3, 0xff, 0x89, 0xca, 0x67, 0xff, 0xc4, 0xca,
    0xcc, 0xff, 0xe2, 0x20, 0x7, 0xff, 0x63, 0x37,
    0x7f, 0xf8, 0x8a, 0x64, 0x5f, 0xfc, 0x4d, 0x20,
    0xf, 0xfe, 0x26, 0xeb, 0xff, 0xff, 0x88, 0xa0,
    0x1f, 0xfd, 0x8a, 0xcc, 0xff, 0xe2, 0x22, 0x99,
    0xff, 0xf1, 0x30, 0x40, 0x3f, 0xf8, 0x9d, 0xcf,
    0xff, 0xfe, 0x23, 0x0,

    /* U+F0E0 "" */
    0x5e, 0xff, 0xff, 0xe2, 0x72, 0xd8, 0x80, 0x7f,
    0xf1, 0x6, 0xc4, 0x3, 0xff, 0x8c, 0x30, 0x1,
    0xff, 0xc6, 0x87, 0xc1, 0x0, 0xff, 0xe1, 0xe,
    0x3f, 0x7, 0xa0, 0x7, 0xff, 0x1, 0x3c, 0x38,
    0x71, 0xae, 0x0, 0x3f, 0xd1, 0x6d, 0x82, 0x0,
    0x8b, 0x6c, 0x20, 0xf, 0x16, 0x35, 0xc0, 0x7,
    0x27, 0xbe, 0xa8, 0x6, 0x5d, 0x7f, 0x40, 0xf,
    0x86, 0xe2, 0xa8, 0x44, 0xaa, 0x45, 0x88, 0x7,
    0xf9, 0xf1, 0xf7, 0x4f, 0x8e, 0x1, 0xff, 0xc1,
    0x3d, 0xdc, 0x60, 0x1f, 0xfc, 0x42, 0x20, 0x7,
    0xf0, 0x80, 0x7f, 0xf1, 0x86, 0xc4, 0x3, 0xff,
    0x88, 0x36,

    /* U+F0E7 "" */
    0x0, 0xa, 0x27, 0x84, 0x3, 0xd5, 0x77, 0xf0,
    0x7, 0x94, 0x3, 0xc4, 0x1, 0xe1, 0x0, 0xf5,
    0x80, 0x71, 0x0, 0x78, 0x8c, 0x3, 0x98, 0x3,
    0xca, 0x1, 0xe2, 0x0, 0xf6, 0x0, 0x7b, 0x80,
    0x3d, 0x7f, 0xf9, 0x40, 0x80, 0x3f, 0xe1, 0x7,
    0x0, 0xff, 0x22, 0x0, 0x80, 0x3f, 0xd2, 0x0,
    0x40, 0xf, 0xe6, 0x20, 0x5, 0xff, 0xe7, 0x0,
    0x86, 0x0, 0x3f, 0x20, 0x5, 0x2, 0x1, 0xf8,
    0xc0, 0x4, 0xc0, 0x1f, 0x8c, 0x2, 0x90, 0xf,
    0xe4, 0x0, 0x2a, 0x0, 0x7f, 0x60, 0x2, 0x0,
    0x3f, 0xc8, 0xe, 0x40, 0x1f, 0xc4, 0x3, 0x0,
    0x1f, 0xe2, 0x6a, 0x0, 0xf8,

    /* U+F0EA "" */
    0x0, 0xe6, 0x71, 0x0, 0xff, 0xa, 0x25, 0x73,
    0x1e, 0x89, 0x18, 0x7, 0xbe, 0xee, 0x46, 0xb1,
    0xbb, 0xb1, 0x0, 0x38, 0x40, 0x30, 0xb8, 0x7,
    0x8, 0x7, 0xf9, 0xf0, 0x3, 0xff, 0x8a, 0xae,
    0xfe, 0x0, 0xff, 0x4d, 0x44, 0x71, 0x0, 0x7f,
    0x9b, 0x3f, 0xf9, 0x47, 0x88, 0x3, 0xf1, 0x0,
    0x7c, 0x38, 0x40, 0x1f, 0xfc, 0x41, 0xc2, 0x0,
    0xff, 0xe0, 0x8a, 0x21, 0x54, 0x1, 0xff, 0xc0,
    0xd0, 0xbb, 0x9c, 0x3, 0xff, 0x80, 0xff, 0xfa,
    0x80, 0x3f, 0xfd, 0x46, 0x1, 0xff, 0xc5, 0xcf,
    0xfc, 0x1, 0xff, 0xeb, 0x94, 0x4f, 0xf7, 0x0,

    /* U+F0F3 "" */
    0x0, 0xfc, 0x62, 0x1, 0xff, 0xc3, 0x5c, 0xc0,
    0x7, 0xff, 0xf, 0x0, 0x84, 0x3, 0xff, 0x80,
    0xfc, 0xc0, 0xe, 0xb2, 0x0, 0xfe, 0xa8, 0x10,
    0xc, 0x9a, 0x60, 0x1f, 0x42, 0x80, 0x7e, 0xd1,
    0x0, 0xe1, 0x70, 0xf, 0xe1, 0x90, 0xe, 0x40,
    0xf, 0xf9, 0x40, 0x38, 0x80, 0x3f, 0xe2, 0x0,
    0xef, 0x0, 0xff, 0xe2, 0x88, 0x7, 0xff, 0x0,
    0x40, 0x32, 0x0, 0x7f, 0xf0, 0x10, 0x2, 0x12,
    0x0, 0xff, 0xe0, 0x60, 0x5, 0x0, 0x1f, 0xfc,
    0x16, 0x10, 0x56, 0x0, 0xff, 0xe1, 0x60, 0x58,
    0x7, 0xff, 0xc, 0x99, 0xc0, 0x3f, 0xf8, 0x62,
    0xb3, 0xff, 0xff, 0xc3, 0xe3, 0x0, 0xf5, 0x7f,
    0xe2, 0x0, 0xff, 0xe0, 0x48, 0x4, 0xa4, 0x1,
    0xff, 0xc0, 0x3d, 0x8a, 0xa0, 0x7, 0xc0,

    /* U+F11C "" */
    0x5e, 0xff, 0xff, 0xe3, 0xd8, 0x58, 0x80, 0x7f,
    0xf1, 0xd1, 0x84, 0xd, 0xdc, 0xa, 0xea, 0xe,
    0xe4, 0x7, 0x70, 0x23, 0xb8, 0x1, 0xc0, 0x4,
    0x88, 0x7, 0x47, 0x4, 0x43, 0x86, 0x20, 0x3d,
    0x10, 0x0, 0xff, 0xe1, 0x98, 0x80, 0x4, 0xc0,
    0x3e, 0x7f, 0xf0, 0x5f, 0xd8, 0x7f, 0xa4, 0x3f,
    0xc1, 0x3f, 0xe0, 0xf, 0x9a, 0xe4, 0x26, 0xdc,
    0x2e, 0xc8, 0x8b, 0xb0, 0x7, 0xf7, 0xa2, 0x1,
    0x11, 0xa0, 0x88, 0x33, 0x22, 0x4, 0x3, 0xf7,
    0xa2, 0x1, 0x11, 0xa0, 0x88, 0x33, 0x22, 0x4,
    0x3, 0xf3, 0x5c, 0x84, 0xdb, 0x85, 0xd9, 0x11,
    0x76, 0x0, 0xf9, 0xff, 0xc1, 0x7f, 0xff, 0xc1,
    0x3f, 0xe0, 0xf, 0xfe, 0x38, 0x98, 0x7, 0xc9,
    0x10, 0xe, 0x88, 0xfe, 0x1e, 0x88, 0x0, 0x42,
    0x6, 0xee, 0x5, 0x77, 0xfe, 0x4, 0x77, 0x0,
    0x3a, 0xc4, 0x3, 0xff, 0x8e, 0x8c,

    /* U+F124 "" */
    0x0, 0xff, 0xe3, 0x2b, 0x0, 0x7f, 0xf1, 0x45,
    0xfa, 0xa6, 0x80, 0x3f, 0xf8, 0x43, 0x1d, 0x2,
    0x0, 0x50, 0xf, 0xfe, 0x1, 0x57, 0x38, 0x7,
    0x28, 0x7, 0xf9, 0x2f, 0x54, 0x3, 0xe9, 0x0,
    0xfc, 0xb9, 0x68, 0x1, 0xf9, 0xc, 0x3, 0xcd,
    0xb4, 0x60, 0x1f, 0xef, 0x0, 0xc3, 0x1d, 0x24,
    0x1, 0xff, 0x12, 0x0, 0x4b, 0xce, 0x20, 0x1f,
    0xfc, 0x18, 0x0, 0xd6, 0x1, 0xff, 0xc3, 0x15,
    0x0, 0xc6, 0x1, 0xff, 0xc3, 0x90, 0xe, 0xf5,
    0x33, 0xf1, 0x0, 0x7c, 0xe0, 0x1c, 0x55, 0x99,
    0xe9, 0x0, 0xf3, 0x80, 0x7f, 0xf2, 0x64, 0x3,
    0xff, 0x90, 0xc2, 0x1, 0xff, 0xc8, 0xb0, 0xf,
    0xfe, 0x42, 0x10, 0x7, 0xff, 0x22, 0x0, 0x3f,
    0xf8, 0x8e, 0x1, 0x19, 0x80, 0x3f, 0xf8, 0x86,
    0x20, 0x8, 0x0, 0xff, 0xe3, 0x64, 0x62, 0x0,
    0x7e,

    /* U+F15B "" */
    0x24, 0x4f, 0x8c, 0xc, 0x3, 0x6d, 0xdf, 0xde,
    0x18, 0xc0, 0x1f, 0xfc, 0x29, 0x60, 0xf, 0xfe,
    0x14, 0xb0, 0x7, 0xff, 0xa, 0x58, 0x3, 0xfc,
    0x89, 0xb4, 0x3, 0xf1, 0xd, 0xdf, 0x0, 0x7e,
    0x1e, 0xff, 0xe0, 0xf, 0xff, 0xf8, 0x7, 0xff,
    0xfc, 0x3, 0xff, 0xa4, 0xe8, 0x9f, 0xfc, 0x17,

    /* U+F1EB "" */
    0x0, 0xff, 0x11, 0xa1, 0x90, 0x7, 0xff, 0x10,
    0xe3, 0x3f, 0x72, 0xf3, 0x7f, 0x20, 0xc0, 0x3f,
    0xcd, 0xb8, 0xe6, 0x1, 0xf1, 0xbe, 0x6b, 0x0,
    0x78, 0xf6, 0x48, 0x3, 0xc2, 0x1, 0xe2, 0x9d,
    0x30, 0xa, 0x30, 0x80, 0x24, 0x8d, 0xff, 0x77,
    0xfb, 0x61, 0x0, 0x22, 0xc8, 0xa, 0x70, 0x9,
    0x76, 0xdc, 0x80, 0x38, 0x9e, 0xf5, 0x40, 0x27,
    0xa1, 0x0, 0x16, 0x51, 0x0, 0x7f, 0xc5, 0x58,
    0x40, 0x1, 0xb4, 0x5c, 0x30, 0x9, 0x67, 0x7b,
    0xfb, 0x65, 0x40, 0x23, 0xc5, 0x4b, 0xb, 0xa1,
    0x0, 0x36, 0xd3, 0x10, 0x80, 0x93, 0x56, 0xb0,
    0x0, 0x6a, 0xc0, 0x38, 0x6e, 0x48, 0x3, 0xf8,
    0xa6, 0xc4, 0x3, 0xf4, 0xa0, 0x4, 0xb5, 0x9b,
    0x94, 0xa0, 0x12, 0x48, 0x7, 0xe8, 0x30, 0x4e,
    0xa5, 0x32, 0x35, 0xae, 0x40, 0x38, 0x0, 0xfe,
    0xcb, 0xb0, 0x80, 0x7c, 0x37, 0x6c, 0x0, 0xff,
    0x90, 0x2, 0x19, 0xd9, 0x10, 0x9, 0x0, 0x3f,
    0xf8, 0x96, 0xc4, 0xd6, 0x1, 0xff, 0xc8, 0x50,
    0x9, 0x40, 0x3f, 0xf9, 0x6, 0x1, 0x18, 0x7,
    0xff, 0x23, 0xc4, 0x7, 0xc0, 0x3f, 0xf9, 0x7,
    0xdd, 0x18, 0x7, 0xf8,

    /* U+F240 "" */
    0x17, 0x88, 0xff, 0xe4, 0x30, 0x3, 0x61, 0xdf,
    0xff, 0x91, 0x30, 0x6, 0x1, 0xff, 0xca, 0x40,
    0x9, 0xff, 0xff, 0xf8, 0xc6, 0x7, 0xa0, 0x12,
    0x7f, 0xff, 0xf1, 0x0, 0x31, 0x0, 0x7f, 0xf2,
    0x65, 0x0, 0x3f, 0xf9, 0x6a, 0x60, 0x1f, 0xfe,
    0x4c, 0x70, 0xe, 0x4f, 0xff, 0xfe, 0x20, 0x7,
    0xc9, 0x11, 0xff, 0xc6, 0x20, 0x2b, 0x10, 0x37,
    0x7f, 0xfe, 0x30, 0x83, 0xa5, 0x8, 0x7, 0xff,
    0x20, 0xe0, 0x0,

    /* U+F241 "" */
    0x17, 0x88, 0xff, 0xe4, 0x30, 0x3, 0x61, 0xdf,
    0xff, 0x91, 0x30, 0x6, 0x1, 0xff, 0xca, 0x40,
    0x9, 0xff, 0xff, 0xf8, 0xc6, 0x7, 0xa0, 0x10,
    0xff, 0xff, 0xf0, 0x18, 0x3, 0xe2, 0x0, 0xff,
    0xe4, 0xca, 0x0, 0x7f, 0xf2, 0xd4, 0xc0, 0x3f,
    0xfc, 0x98, 0xe0, 0x1c, 0x3f, 0xff, 0xfc, 0x6,
    0x0, 0xff, 0x24, 0x47, 0xff, 0x18, 0x80, 0xac,
    0x40, 0xdd, 0xff, 0xf8, 0xc2, 0xe, 0x94, 0x20,
    0x1f, 0xfc, 0x83, 0x80,

    /* U+F242 "" */
    0x17, 0x88, 0xff, 0xe4, 0x30, 0x3, 0x61, 0xdf,
    0xff, 0x91, 0x30, 0x6, 0x1, 0xff, 0xca, 0x40,
    0x9, 0xff, 0xff, 0xf8, 0xc6, 0x7, 0xa0, 0x10,
    0xff, 0xfe, 0xa0, 0xf, 0xf8, 0x80, 0x3f, 0xf9,
    0x32, 0x80, 0x1f, 0xfc, 0xb5, 0x30, 0xf, 0xff,
    0x26, 0x38, 0x7, 0xf, 0xff, 0xea, 0x0, 0xff,
    0xe1, 0x24, 0x47, 0xff, 0x18, 0x80, 0xac, 0x40,
    0xdd, 0xff, 0xf8, 0xc2, 0xe, 0x94, 0x20, 0x1f,
    0xfc, 0x83, 0x80,

    /* U+F243 "" */
    0x17, 0x88, 0xff, 0xe4, 0x30, 0x3, 0x61, 0xdf,
    0xff, 0x91, 0x30, 0x6, 0x1, 0xff, 0xca, 0x40,
    0x9, 0xff, 0xff, 0xf8, 0xc6, 0x7, 0xa0, 0x10,
    0xff, 0xee, 0x0, 0xff, 0xe1, 0x90, 0x7, 0xff,
    0x26, 0x50, 0x3, 0xff, 0x96, 0xa6, 0x1, 0xff,
    0xe4, 0xc7, 0x0, 0xe1, 0xff, 0xdc, 0x1, 0xff,
    0xc6, 0x48, 0x8f, 0xfe, 0x31, 0x1, 0x58, 0x81,
    0xbb, 0xff, 0xf1, 0x84, 0x1d, 0x28, 0x40, 0x3f,
    0xf9, 0x7, 0x0,

    /* U+F244 "" */
    0x17, 0x88, 0xff, 0xe4, 0x30, 0x3, 0x61, 0xdf,
    0xff, 0x91, 0x30, 0x6, 0x1, 0xff, 0xca, 0x40,
    0x9, 0xff, 0xff, 0xf8, 0xc6, 0x7, 0xa0, 0x1f,
    0xfc, 0xc2, 0x0, 0xff, 0xe4, 0xca, 0x0, 0x7f,
    0xf2, 0xd4, 0xc0, 0x3f, 0xfc, 0x98, 0xe0, 0x1f,
    0xfd, 0x14, 0x88, 0xff, 0xe3, 0x10, 0x15, 0x88,
    0x1b, 0xbf, 0xff, 0x18, 0x41, 0xd2, 0x84, 0x3,
    0xff, 0x90, 0x70, 0x0,

    /* U+F287 "" */
    0x0, 0xff, 0xe1, 0x8, 0x7, 0xff, 0x33, 0x3b,
    0x84, 0x1, 0xff, 0xc7, 0x7c, 0xd3, 0x1, 0xb0,
    0xf, 0xfe, 0x34, 0xc3, 0xb0, 0x7, 0xff, 0x24,
    0x9a, 0x2e, 0xca, 0x7, 0x0, 0x1f, 0xf1, 0x90,
    0x6, 0xb1, 0x70, 0x5, 0x7e, 0x8, 0x7, 0xf1,
    0x6e, 0x6c, 0x80, 0x5, 0xa0, 0x3, 0xfc, 0x38,
    0x60, 0x17, 0x10, 0x1, 0x98, 0x7a, 0xa, 0x67,
    0xfe, 0x43, 0xc9, 0x10, 0x30, 0xd, 0x38, 0x61,
    0x99, 0xff, 0x50, 0x1, 0xb0, 0xc, 0x3, 0x4e,
    0x65, 0x62, 0x59, 0x9f, 0xa8, 0x0, 0xb8, 0x1c,
    0x40, 0x6, 0x61, 0x9c, 0x96, 0x40, 0x67, 0xf2,
    0x1e, 0x50, 0x81, 0x6e, 0x6c, 0x80, 0x72, 0x94,
    0x80, 0x7c, 0x38, 0x60, 0x1c, 0x64, 0x1, 0xf5,
    0xa9, 0x85, 0x7f, 0xce, 0x1, 0xff, 0xc5, 0x63,
    0xda, 0x40, 0xb, 0xc0, 0x3f, 0xf8, 0xd8, 0xc2,
    0x1, 0xff, 0xcc, 0x8b, 0x40, 0xb, 0xc0, 0x3f,
    0xf9, 0x37, 0xbb, 0x38, 0x7, 0x80,

    /* U+F293 "" */
    0x0, 0xf1, 0xa1, 0x88, 0x7, 0xf1, 0xdf, 0xe5,
    0xe7, 0x71, 0xc0, 0x3c, 0xd8, 0x80, 0x5, 0x0,
    0xc, 0x58, 0x6, 0x49, 0x0, 0xd6, 0xc0, 0x12,
    0x40, 0x5, 0x20, 0x1e, 0x95, 0x0, 0x9c, 0x40,
    0xc8, 0x3, 0xea, 0x40, 0x9, 0xc1, 0x0, 0x4,
    0xe0, 0x13, 0x32, 0xcc, 0x1, 0x81, 0xa0, 0x5,
    0x88, 0x0, 0x52, 0x3e, 0x0, 0x70, 0x60, 0x3,
    0xbd, 0x20, 0x78, 0x1a, 0x0, 0x20, 0x10, 0xa,
    0x1d, 0x85, 0x4b, 0x4, 0x3, 0x18, 0x6, 0x86,
    0x0, 0x69, 0x0, 0x7f, 0xca, 0x0, 0xb0, 0xf,
    0x18, 0x6, 0xc3, 0x1, 0x77, 0x0, 0x70, 0x80,
    0x58, 0x76, 0x2e, 0xe8, 0x60, 0xc, 0xa0, 0x9,
    0x3b, 0x43, 0x9, 0xb, 0x0, 0x10, 0x78, 0x2,
    0x71, 0x0, 0x7, 0x85, 0x80, 0x7, 0x7, 0x0,
    0x8c, 0x2, 0x50, 0xc1, 0x0, 0x78, 0xb, 0x0,
    0x78, 0xb0, 0x40, 0x2, 0xa0, 0x9, 0x20, 0xc,
    0xd8, 0x20, 0x15, 0x80, 0x6c, 0x50, 0xa, 0xc4,
    0x2, 0x95, 0x0, 0xc3, 0x5b, 0xa, 0x88, 0x6a,
    0xf6, 0x0, 0x80,

    /* U+F2ED "" */
    0x0, 0xe2, 0xab, 0xbc, 0xe0, 0x1e, 0x57, 0x7d,
    0xca, 0x89, 0xa1, 0xdf, 0x8a, 0xa2, 0x31, 0x80,
    0x7a, 0x23, 0x94, 0x40, 0x3f, 0xf8, 0x83, 0xdf,
    0xff, 0xfc, 0x46, 0x6, 0x88, 0xff, 0xe1, 0x10,
    0x2, 0x9d, 0xff, 0xf8, 0x4c, 0x1, 0xff, 0xcb,
    0x88, 0x0, 0x31, 0x0, 0x78, 0x40, 0x3f, 0x8,
    0x80, 0x2, 0x20, 0x0, 0x80, 0x7f, 0xff, 0xc0,
    0x3f, 0xfe, 0x2, 0x20, 0x0, 0x88, 0x0, 0x20,
    0x1e, 0x70, 0x4, 0x40, 0x1, 0x88, 0x3, 0xc2,
    0x0, 0x70, 0x6, 0x0, 0x7f, 0xf0, 0x44, 0xc0,
    0xf, 0x50, 0xef, 0xfe, 0x8c, 0x0, 0x0,

    /* U+F304 "" */
    0x0, 0xff, 0xe1, 0x8b, 0x20, 0x7, 0xff, 0x14,
    0x72, 0x6e, 0x0, 0x3f, 0xf8, 0x63, 0xe4, 0x0,
    0x78, 0x0, 0xff, 0xe1, 0x30, 0x80, 0x67, 0x80,
    0xf, 0xf8, 0x65, 0xdc, 0x1, 0xce, 0x1, 0xfe,
    0x1f, 0x6b, 0x87, 0x0, 0xc6, 0x1, 0xfc, 0x3e,
    0x20, 0x97, 0xe, 0x0, 0x1e, 0x0, 0xfc, 0x3e,
    0x20, 0x12, 0x5c, 0x38, 0xf9, 0x0, 0x7c, 0x3e,
    0x20, 0x1c, 0x97, 0x1e, 0x20, 0x1f, 0xf, 0x88,
    0x7, 0xca, 0x22, 0x0, 0xf8, 0x7c, 0x40, 0x3e,
    0x1c, 0x10, 0xf, 0x87, 0xc4, 0x3, 0xe1, 0xc2,
    0x0, 0xf8, 0x7c, 0x40, 0x3e, 0x1c, 0x20, 0xf,
    0x87, 0xc4, 0x3, 0xe1, 0xc2, 0x0, 0xf8, 0x7c,
    0x40, 0x3e, 0x1c, 0x20, 0xf, 0xd2, 0x20, 0x1f,
    0xe, 0x10, 0x7, 0xf1, 0x0, 0x7c, 0x38, 0x40,
    0x1f, 0xe6, 0x0, 0xf0, 0xe1, 0x0, 0x7f, 0xc4,
    0x1, 0xc3, 0x84, 0x1, 0xff, 0xc0, 0x10, 0xc,
    0x38, 0x40, 0x1f, 0xfc, 0x1a, 0x8a, 0xce, 0xe1,
    0x0, 0x7f, 0xf0, 0x40,

    /* U+F55A "" */
    0x0, 0xf3, 0x77, 0xff, 0xff, 0xe, 0xc8, 0x3,
    0xa2, 0x44, 0x3, 0xff, 0x86, 0x92, 0x1, 0xa1,
    0xc0, 0x3f, 0xf8, 0xc8, 0x1, 0x43, 0x80, 0x79,
    0xe8, 0x3, 0x53, 0x80, 0x7e, 0x87, 0x0, 0xf2,
    0x42, 0xd8, 0x2, 0xd6, 0x10, 0x3, 0xd0, 0xe0,
    0x1f, 0x22, 0x1, 0x2e, 0xc8, 0x8, 0x80, 0xe,
    0x87, 0x0, 0xfe, 0xb4, 0x4, 0x40, 0x25, 0x80,
    0x79, 0xc0, 0x3f, 0xea, 0x10, 0xa, 0x80, 0x3e,
    0x70, 0xf, 0xfa, 0x84, 0x2, 0xa0, 0xf, 0xa1,
    0xc0, 0x3f, 0xad, 0x1, 0x10, 0x9, 0x60, 0x1f,
    0x43, 0x80, 0x7c, 0x88, 0x4, 0xbb, 0x20, 0x22,
    0x0, 0x3e, 0x87, 0x0, 0xf2, 0x42, 0xd8, 0x2,
    0xd6, 0x10, 0x3, 0xf4, 0x38, 0x7, 0x9e, 0x80,
    0x35, 0x38, 0x7, 0xfa, 0x1c, 0x3, 0xff, 0x8c,
    0x80, 0x1d, 0x12, 0x20, 0x1f, 0xfc, 0x33, 0x90,

    /* U+F7C2 "" */
    0x0, 0xc5, 0x11, 0xf3, 0x98, 0x6, 0x2c, 0x77,
    0xfa, 0x31, 0x80, 0x3, 0xe2, 0x1, 0xfd, 0x0,
    0x38, 0x53, 0xe3, 0x5e, 0x53, 0xee, 0x2, 0x2c,
    0x20, 0xf, 0xfe, 0x6, 0x90, 0x7, 0xff, 0x4,
    0xc0, 0x3f, 0xf8, 0xd3, 0xe3, 0x5e, 0x53, 0xee,
    0x1, 0xff, 0xff, 0x0, 0xff, 0xff, 0x80, 0x7f,
    0xf1, 0x5, 0x80, 0x3f, 0xf8, 0x2d, 0x30, 0xa8,
    0x9f, 0xcb, 0x30,

    /* U+F8A2 "" */
    0x0, 0xff, 0xe3, 0xb8, 0x7, 0xff, 0x1e, 0xa0,
    0x40, 0x38, 0x40, 0x3f, 0xea, 0x50, 0xf, 0x57,
    0x18, 0x7, 0xf9, 0x40, 0x3d, 0x6a, 0xc, 0x1,
    0xff, 0xc4, 0xc4, 0x0, 0xff, 0xe2, 0x8e, 0x18,
    0x5, 0x37, 0x7f, 0xe0, 0xd, 0xa6, 0x1, 0x8d,
    0x13, 0xfc, 0x1, 0x94, 0x3, 0xff, 0x8e, 0x32,
    0xc0, 0x19, 0xa6, 0x7f, 0xf8, 0x16, 0x0, 0x97,
    0x0, 0xb1, 0x9b, 0xff, 0x80, 0x80, 0x14, 0x40,
    0x3, 0xff, 0x90, 0xf4, 0x68, 0x1, 0xff, 0xc2
};


/*---------------------
 *  GLYPH DESCRIPTION
 *--------------------*/

static const lv_font_fmt_txt_glyph_dsc_t glyph_dsc[] = {
    {.bitmap_index = 0, .adv_w = 0, .box_w = 0, .box_h = 0, .ofs_x = 0, .ofs_y = 0} /* id = 0 reserved */,
    {.bitmap_index = 0, .adv_w = 85, .box_w = 0, .box_h = 0, .ofs_x = 0, .ofs_y = 0},
    {.bitmap_index = 0, .adv_w = 97, .box_w = 4, .box_h = 14, .ofs_x = 1, .ofs_y = 0},
    {.bitmap_index = 23, .adv_w = 158, .box_w = 6, .box_h = 6, .ofs_x = 2, .ofs_y = 8},
    {.bitmap_index = 41, .adv_w = 204, .box_w = 13, .box_h = 14, .ofs_x = 0, .ofs_y = 0},
    {.bitmap_index = 124, .adv_w = 207, .box_w = 11, .box_h = 19, .ofs_x = 1, .ofs_y = -2},
    {.bitmap_index = 211, .adv_w = 318, .box_w = 16, .box_h = 14, .ofs_x = 2, .ofs_y = 0},
    {.bitmap_index = 315, .adv_w = 209, .box_w = 13, .box_h = 14, .ofs_x = 0, .ofs_y = 0},
    {.bitmap_index = 397, .adv_w = 100, .box_w = 3, .box_h = 6, .ofs_x = 2, .ofs_y = 8},
    {.bitmap_index = 407, .adv_w = 118, .box_w = 6, .box_h = 19, .ofs_x = 1, .ofs_y = -3},
    {.bitmap_index = 459, .adv_w = 118, .box_w = 6, .box_h = 19, .ofs_x = 0, .ofs_y = -3},
    {.bitmap_index = 514, .adv_w = 167, .box_w = 9, .box_h = 9, .ofs_x = 1, .ofs_y = 5},
    {.bitmap_index = 554, .adv_w = 214, .box_w = 11, .box_h = 10, .ofs_x = 1, .ofs_y = 1},
    {.bitmap_index = 581, .adv_w = 97, .box_w = 4, .box_h = 6, .ofs_x = 1, .ofs_y = -4},
    {.bitmap_index = 593, .adv_w = 148, .box_w = 7, .box_h = 2, .ofs_x = 1, .ofs_y = 5},
    {.bitmap_index = 598, .adv_w = 97, .box_w = 4, .box_h = 3, .ofs_x = 1, .ofs_y = 0},
    {.bitmap_index = 605, .adv_w = 118, .box_w = 7, .box_h = 18, .ofs_x = 0, .ofs_y = -2},
    {.bitmap_index = 659, .adv_w = 207, .box_w = 11, .box_h = 14, .ofs_x = 1, .ofs_y = 0},
    {.bitmap_index = 728, .adv_w = 133, .box_w = 7, .box_h = 14, .ofs_x = 0, .ofs_y = 0},
    {.bitmap_index = 748, .adv_w = 197, .box_w = 11, .box_h = 14, .ofs_x = 1, .ofs_y = 0},
    {.bitmap_index = 812, .adv_w = 201, .box_w = 11, .box_h = 14, .ofs_x = 1, .ofs_y = 0},
    {.bitmap_index = 884, .adv_w = 210, .box_w = 12, .box_h = 14, .ofs_x = 1, .ofs_y = 0},
    {.bitmap_index = 937, .adv_w = 193, .box_w = 10, .box_h = 14, .ofs_x = 1, .ofs_y = 0},
    {.bitmap_index = 997, .adv_w = 202, .box_w = 11, .box_h = 14, .ofs_x = 1, .ofs_y = 0},
    {.bitmap_index = 1071, .adv_w = 183, .box_w = 11, .box_h = 14, .ofs_x = 0, .ofs_y = 0},
    {.bitmap_index = 1123, .adv_w = 201, .box_w = 11, .box_h = 14, .ofs_x = 1, .ofs_y = 0},
    {.bitmap_index = 1197, .adv_w = 202, .box_w = 11, .box_h = 14, .ofs_x = 1, .ofs_y = 0},
    {.bitmap_index = 1274, .adv_w = 97, .box_w = 4, .box_h = 11, .ofs_x = 1, .ofs_y = 0},
    {.bitmap_index = 1292, .adv_w = 101, .box_w = 4, .box_h = 14, .ofs_x = 1, .ofs_y = -4},
    {.bitmap_index = 1315, .adv_w = 214, .box_w = 11, .box_h = 12, .ofs_x = 1, .ofs_y = 0},
    {.bitmap_index = 1367, .adv_w = 214, .box_w = 10, .box_h = 6, .ofs_x = 2, .ofs_y = 3},
    {.bitmap_index = 1384, .adv_w = 214, .box_w = 10, .box_h = 12, .ofs_x = 2, .ofs_y = 0},
    {.bitmap_index = 1435, .adv_w = 169, .box_w = 10, .box_h = 14, .ofs_x = 0, .ofs_y = 0},
    {.bitmap_index = 1494, .adv_w = 314, .box_w = 18, .box_h = 18, .ofs_x = 1, .ofs_y = -4},
    {.bitmap_index = 1642, .adv_w = 227, .box_w = 14, .box_h = 14, .ofs_x = 0, .ofs_y = 0},
    {.bitmap_index = 1720, .adv_w = 210, .box_w = 12, .box_h = 14, .ofs_x = 1, .ofs_y = 0},
    {.bitmap_index = 1784, .adv_w = 235, .box_w = 13, .box_h = 14, .ofs_x = 1, .ofs_y = 0},
    {.bitmap_index = 1857, .adv_w = 231, .box_w = 13, .box_h = 14, .ofs_x = 1, .ofs_y = 0},
    {.bitmap_index = 1916, .adv_w = 193, .box_w = 10, .box_h = 14, .ofs_x = 1, .ofs_y = 0},
    {.bitmap_index = 1948, .adv_w = 189, .box_w = 10, .box_h = 14, .ofs_x = 1, .ofs_y = 0},
    {.bitmap_index = 1973, .adv_w = 239, .box_w = 13, .box_h = 14, .ofs_x = 1, .ofs_y = 0},
    {.bitmap_index = 2053, .adv_w = 238, .box_w = 13, .box_h = 14, .ofs_x = 1, .ofs_y = 0},
    {.bitmap_index = 2074, .adv_w = 87, .box_w = 3, .box_h = 14, .ofs_x = 1, .ofs_y = 0},
    {.bitmap_index = 2079, .adv_w = 184, .box_w = 10, .box_h = 14, .ofs_x = 0, .ofs_y = 0},
    {.bitmap_index = 2111, .adv_w = 220, .box_w = 13, .box_h = 14, .ofs_x = 1, .ofs_y = 0},
    {.bitmap_index = 2177, .adv_w = 181, .box_w = 10, .box_h = 14, .ofs_x = 1, .ofs_y = 0},
    {.bitmap_index = 2191, .adv_w = 292, .box_w = 16, .box_h = 14, .ofs_x = 1, .ofs_y = 0},
    {.bitmap_index = 2274, .adv_w = 242, .box_w = 13, .box_h = 14, .ofs_x = 1, .ofs_y = 0},
    {.bitmap_index = 2333, .adv_w = 245, .box_w = 14, .box_h = 14, .ofs_x = 1, .ofs_y = 0},
    {.bitmap_index = 2417, .adv_w = 205, .box_w = 11, .box_h = 14, .ofs_x = 1, .ofs_y = 0},
    {.bitmap_index = 2464, .adv_w = 246, .box_w = 14, .box_h = 15, .ofs_x = 1, .ofs_y = -1},
    {.bitmap_index = 2556, .adv_w = 207, .box_w = 12, .box_h = 14, .ofs_x = 1, .ofs_y = 0},
    {.bitmap_index = 2616, .adv_w = 207, .box_w = 11, .box_h = 14, .ofs_x = 1, .ofs_y = 0},
    {.bitmap_index = 2689, .adv_w = 209, .box_w = 13, .box_h = 14, .ofs_x = 0, .ofs_y = 0},
    {.bitmap_index = 2709, .adv_w = 237, .box_w = 13, .box_h = 14, .ofs_x = 1, .ofs_y = 0},
    {.bitmap_index = 2751, .adv_w = 227, .box_w = 14, .box_h = 14, .ofs_x = 0, .ofs_y = 0},
    {.bitmap_index = 2831, .adv_w = 321, .box_w = 20, .box_h = 14, .ofs_x = 0, .ofs_y = 0},
    {.bitmap_index = 2959, .adv_w = 224, .box_w = 14, .box_h = 14, .ofs_x = 0, .ofs_y = 0},
    {.bitmap_index = 3042, .adv_w = 223, .box_w = 14, .box_h = 14, .ofs_x = 0, .ofs_y = 0},
    {.bitmap_index = 3101, .adv_w = 205, .box_w = 11, .box_h = 14, .ofs_x = 1, .ofs_y = 0},
    {.bitmap_index = 3156, .adv_w = 118, .box_w = 5, .box_h = 18, .ofs_x = 2, .ofs_y = -3},
    {.bitmap_index = 3171, .adv_w = 118, .box_w = 7, .box_h = 18, .ofs_x = 0, .ofs_y = -2},
    {.bitmap_index = 3223, .adv_w = 118, .box_w = 5, .box_h = 18, .ofs_x = 1, .ofs_y = -3},
    {.bitmap_index = 3238, .adv_w = 153, .box_w = 9, .box_h = 6, .ofs_x = 0, .ofs_y = 8},
    {.bitmap_index = 3264, .adv_w = 148, .box_w = 10, .box_h = 2, .ofs_x = 0, .ofs_y = -2},
    {.bitmap_index = 3269, .adv_w = 108, .box_w = 5, .box_h = 3, .ofs_x = 1, .ofs_y = 12},
    {.bitmap_index = 3277, .adv_w = 182, .box_w = 10, .box_h = 11, .ofs_x = 0, .ofs_y = 0},
    {.bitmap_index = 3332, .adv_w = 198, .box_w = 11, .box_h = 14, .ofs_x = 1, .ofs_y = 0},
    {.bitmap_index = 3393, .adv_w = 185, .box_w = 11, .box_h = 11, .ofs_x = 0, .ofs_y = 0},
    {.bitmap_index = 3447, .adv_w = 198, .box_w = 11, .box_h = 14, .ofs_x = 0, .ofs_y = 0},
    {.bitmap_index = 3506, .adv_w = 188, .box_w = 11, .box_h = 11, .ofs_x = 0, .ofs_y = 0},
    {.bitmap_index = 3563, .adv_w = 121, .box_w = 8, .box_h = 15, .ofs_x = 0, .ofs_y = 0},
    {.bitmap_index = 3594, .adv_w = 198, .box_w = 11, .box_h = 15, .ofs_x = 0, .ofs_y = -4},
    {.bitmap_index = 3670, .adv_w = 193, .box_w = 10, .box_h = 14, .ofs_x = 1, .ofs_y = 0},
    {.bitmap_index = 3701, .adv_w = 81, .box_w = 3, .box_h = 15, .ofs_x = 1, .ofs_y = 0},
    {.bitmap_index = 3712, .adv_w = 81, .box_w = 5, .box_h = 19, .ofs_x = -1, .ofs_y = -4},
    {.bitmap_index = 3735, .adv_w = 179, .box_w = 10, .box_h = 14, .ofs_x = 1, .ofs_y = 0},
    {.bitmap_index = 3781, .adv_w = 81, .box_w = 3, .box_h = 14, .ofs_x = 1, .ofs_y = 0},
    {.bitmap_index = 3786, .adv_w = 284, .box_w = 16, .box_h = 11, .ofs_x = 1, .ofs_y = 0},
    {.bitmap_index = 3831, .adv_w = 193, .box_w = 10, .box_h = 11, .ofs_x = 1, .ofs_y = 0},
    {.bitmap_index = 3859, .adv_w = 193, .box_w = 12, .box_h = 11, .ofs_x = 0, .ofs_y = 0},
    {.bitmap_index = 3922, .adv_w = 198, .box_w = 11, .box_h = 15, .ofs_x = 1, .ofs_y = -4},
    {.bitmap_index = 3986, .adv_w = 198, .box_w = 11, .box_h = 15, .ofs_x = 0, .ofs_y = -4},
    {.bitmap_index = 4047, .adv_w = 124, .box_w = 7, .box_h = 11, .ofs_x = 1, .ofs_y = 0},
    {.bitmap_index = 4065, .adv_w = 172, .box_w = 10, .box_h = 11, .ofs_x = 0, .ofs_y = 0},
    {.bitmap_index = 4120, .adv_w = 109, .box_w = 7, .box_h = 14, .ofs_x = 0, .ofs_y = 0},
    {.bitmap_index = 4152, .adv_w = 193, .box_w = 10, .box_h = 11, .ofs_x = 1, .ofs_y = 0},
    {.bitmap_index = 4179, .adv_w = 184, .box_w = 12, .box_h = 11, .ofs_x = 0, .ofs_y = 0},
    {.bitmap_index = 4236, .adv_w = 265, .box_w = 17, .box_h = 11, .ofs_x = 0, .ofs_y = 0},
    {.bitmap_index = 4325, .adv_w = 178, .box_w = 11, .box_h = 11, .ofs_x = 0, .ofs_y = 0},
    {.bitmap_index = 4380, .adv_w = 184, .box_w = 12, .box_h = 15, .ofs_x = 0, .ofs_y = -4},
    {.bitmap_index = 4453, .adv_w = 179, .box_w = 9, .box_h = 11, .ofs_x = 1, .ofs_y = 0},
    {.bitmap_index = 4493, .adv_w = 141, .box_w = 7, .box_h = 19, .ofs_x = 1, .ofs_y = -4},
    {.bitmap_index = 4548, .adv_w = 111, .box_w = 3, .box_h = 24, .ofs_x = 2, .ofs_y = -5},
    {.bitmap_index = 4553, .adv_w = 141, .box_w = 7, .box_h = 19, .ofs_x = 1, .ofs_y = -4},
    {.bitmap_index = 4606, .adv_w = 214, .box_w = 11, .box_h = 4, .ofs_x = 1, .ofs_y = 4},
    {.bitmap_index = 4629, .adv_w = 85, .box_w = 0, .box_h = 0, .ofs_x = 0, .ofs_y = 0},
    {.bitmap_index = 4629, .adv_w = 97, .box_w = 4, .box_h = 15, .ofs_x = 1, .ofs_y = -4},
    {.bitmap_index = 4651, .adv_w = 185, .box_w = 11, .box_h = 14, .ofs_x = 0, .ofs_y = 0},
    {.bitmap_index = 4715, .adv_w = 198, .box_w = 11, .box_h = 14, .ofs_x = 1, .ofs_y = 0},
    {.bitmap_index = 4778, .adv_w = 236, .box_w = 13, .box_h = 13, .ofs_x = 1, .ofs_y = 0},
    {.bitmap_index = 4850, .adv_w = 178, .box_w = 11, .box_h = 14, .ofs_x = 0, .ofs_y = 0},
    {.bitmap_index = 4924, .adv_w = 94, .box_w = 3, .box_h = 17, .ofs_x = 1, .ofs_y = -3},
    {.bitmap_index = 4939, .adv_w = 182, .box_w = 10, .box_h = 18, .ofs_x = 1, .ofs_y = -4},
    {.bitmap_index = 5028, .adv_w = 193, .box_w = 8, .box_h = 3, .ofs_x = 2, .ofs_y = 13},
    {.bitmap_index = 5041, .adv_w = 293, .box_w = 16, .box_h = 15, .ofs_x = 1, .ofs_y = 0},
    {.bitmap_index = 5157, .adv_w = 146, .box_w = 9, .box_h = 8, .ofs_x = 0, .ofs_y = 7},
    {.bitmap_index = 5194, .adv_w = 195, .box_w = 12, .box_h = 10, .ofs_x = 0, .ofs_y = 1},
    {.bitmap_index = 5250, .adv_w = 214, .box_w = 9, .box_h = 5, .ofs_x = 2, .ofs_y = 3},
    {.bitmap_index = 5263, .adv_w = 213, .box_w = 13, .box_h = 13, .ofs_x = 0, .ofs_y = 3},
    {.bitmap_index = 5341, .adv_w = 149, .box_w = 7, .box_h = 2, .ofs_x = 1, .ofs_y = 13},
    {.bitmap_index = 5346, .adv_w = 146, .box_w = 7, .box_h = 7, .ofs_x = 1, .ofs_y = 8},
    {.bitmap_index = 5371, .adv_w = 214, .box_w = 11, .box_h = 10, .ofs_x = 1, .ofs_y = 1},
    {.bitmap_index = 5406, .adv_w = 143, .box_w = 7, .box_h = 8, .ofs_x = 1, .ofs_y = 9},
    {.bitmap_index = 5435, .adv_w = 145, .box_w = 9, .box_h = 8, .ofs_x = 0, .ofs_y = 9},
    {.bitmap_index = 5471, .adv_w = 108, .box_w = 5, .box_h = 3, .ofs_x = 1, .ofs_y = 12},
    {.bitmap_index = 5479, .adv_w = 192, .box_w = 11, .box_h = 15, .ofs_x = 1, .ofs_y = -4},
    {.bitmap_index = 5515, .adv_w = 192, .box_w = 11, .box_h = 14, .ofs_x = 0, .ofs_y = 0},
    {.bitmap_index = 5554, .adv_w = 97, .box_w = 4, .box_h = 3, .ofs_x = 1, .ofs_y = 5},
    {.bitmap_index = 5561, .adv_w = 96, .box_w = 5, .box_h = 6, .ofs_x = 1, .ofs_y = -5},
    {.bitmap_index = 5576, .adv_w = 100, .box_w = 5, .box_h = 8, .ofs_x = 1, .ofs_y = 9},
    {.bitmap_index = 5588, .adv_w = 155, .box_w = 9, .box_h = 8, .ofs_x = 0, .ofs_y = 7},
    {.bitmap_index = 5623, .adv_w = 195, .box_w = 12, .box_h = 10, .ofs_x = 0, .ofs_y = 1},
    {.bitmap_index = 5679, .adv_w = 261, .box_w = 16, .box_h = 15, .ofs_x = 0, .ofs_y = -1},
    {.bitmap_index = 5777, .adv_w = 275, .box_w = 17, .box_h = 16, .ofs_x = 0, .ofs_y = -1},
    {.bitmap_index = 5885, .adv_w = 286, .box_w = 18, .box_h = 16, .ofs_x = 0, .ofs_y = -1},
    {.bitmap_index = 6005, .adv_w = 169, .box_w = 10, .box_h = 15, .ofs_x = 0, .ofs_y = -4},
    {.bitmap_index = 6064, .adv_w = 227, .box_w = 14, .box_h = 19, .ofs_x = 0, .ofs_y = 0},
    {.bitmap_index = 6158, .adv_w = 227, .box_w = 14, .box_h = 19, .ofs_x = 0, .ofs_y = 0},
    {.bitmap_index = 6252, .adv_w = 227, .box_w = 14, .box_h = 19, .ofs_x = 0, .ofs_y = 0},
    {.bitmap_index = 6352, .adv_w = 227, .box_w = 14, .box_h = 19, .ofs_x = 0, .ofs_y = 0},
    {.bitmap_index = 6448, .adv_w = 227, .box_w = 14, .box_h = 19, .ofs_x = 0, .ofs_y = 0},
    {.bitmap_index = 6549, .adv_w = 227, .box_w = 14, .box_h = 21, .ofs_x = 0, .ofs_y = 0},
    {.bitmap_index = 6657, .adv_w = 321, .box_w = 19, .box_h = 14, .ofs_x = 0, .ofs_y = 0},
    {.bitmap_index = 6742, .adv_w = 235, .box_w = 13, .box_h = 18, .ofs_x = 1, .ofs_y = -4},
    {.bitmap_index = 6833, .adv_w = 193, .box_w = 10, .box_h = 19, .ofs_x = 1, .ofs_y = 0},
    {.bitmap_index = 6880, .adv_w = 193, .box_w = 10, .box_h = 19, .ofs_x = 1, .ofs_y = 0},
    {.bitmap_index = 6928, .adv_w = 193, .box_w = 10, .box_h = 19, .ofs_x = 1, .ofs_y = 0},
    {.bitmap_index = 6979, .adv_w = 193, .box_w = 10, .box_h = 19, .ofs_x = 1, .ofs_y = 0},
    {.bitmap_index = 7032, .adv_w = 87, .box_w = 4, .box_h = 19, .ofs_x = 0, .ofs_y = 0},
    {.bitmap_index = 7047, .adv_w = 87, .box_w = 5, .box_h = 19, .ofs_x = 1, .ofs_y = 0},
    {.bitmap_index = 7063, .adv_w = 87, .box_w = 8, .box_h = 19, .ofs_x = -1, .ofs_y = 0},
    {.bitmap_index = 7089, .adv_w = 87, .box_w = 8, .box_h = 19, .ofs_x = -1, .ofs_y = 0},
    {.bitmap_index = 7115, .adv_w = 238, .box_w = 14, .box_h = 14, .ofs_x = 0, .ofs_y = 0},
    {.bitmap_index = 7186, .adv_w = 242, .box_w = 13, .box_h = 19, .ofs_x = 1, .ofs_y = 0},
    {.bitmap_index = 7264, .adv_w = 245, .box_w = 14, .box_h = 19, .ofs_x = 1, .ofs_y = 0},
    {.bitmap_index = 7365, .adv_w = 245, .box_w = 14, .box_h = 19, .ofs_x = 1, .ofs_y = 0},
    {.bitmap_index = 7466, .adv_w = 245, .box_w = 14, .box_h = 19, .ofs_x = 1, .ofs_y = 0},
    {.bitmap_index = 7571, .adv_w = 245, .box_w = 14, .box_h = 20, .ofs_x = 1, .ofs_y = 0},
    {.bitmap_index = 7680, .adv_w = 245, .box_w = 14, .box_h = 19, .ofs_x = 1, .ofs_y = 0},
    {.bitmap_index = 7787, .adv_w = 214, .box_w = 11, .box_h = 11, .ofs_x = 1, .ofs_y = 0},
    {.bitmap_index = 7845, .adv_w = 245, .box_w = 14, .box_h = 16, .ofs_x = 1, .ofs_y = -1},
    {.bitmap_index = 7950, .adv_w = 237, .box_w = 13, .box_h = 19, .ofs_x = 1, .ofs_y = 0},
    {.bitmap_index = 8011, .adv_w = 237, .box_w = 13, .box_h = 19, .ofs_x = 1, .ofs_y = 0},
    {.bitmap_index = 8071, .adv_w = 237, .box_w = 13, .box_h = 19, .ofs_x = 1, .ofs_y = 0},
    {.bitmap_index = 8135, .adv_w = 237, .box_w = 13, .box_h = 19, .ofs_x = 1, .ofs_y = 0},
    {.bitmap_index = 8201, .adv_w = 223, .box_w = 14, .box_h = 19, .ofs_x = 0, .ofs_y = 0},
    {.bitmap_index = 8277, .adv_w = 207, .box_w = 11, .box_h = 14, .ofs_x = 1, .ofs_y = 0},
    {.bitmap_index = 8328, .adv_w = 202, .box_w = 11, .box_h = 14, .ofs_x = 1, .ofs_y = 0},
    {.bitmap_index = 8394, .adv_w = 182, .box_w = 10, .box_h = 15, .ofs_x = 0, .ofs_y = 0},
    {.bitmap_index = 8463, .adv_w = 182, .box_w = 10, .box_h = 15, .ofs_x = 0, .ofs_y = 0},
    {.bitmap_index = 8532, .adv_w = 182, .box_w = 10, .box_h = 16, .ofs_x = 0, .ofs_y = 0},
    {.bitmap_index = 8609, .adv_w = 182, .box_w = 10, .box_h = 15, .ofs_x = 0, .ofs_y = 0},
    {.bitmap_index = 8682, .adv_w = 182, .box_w = 10, .box_h = 15, .ofs_x = 0, .ofs_y = 0},
    {.bitmap_index = 8756, .adv_w = 182, .box_w = 10, .box_h = 18, .ofs_x = 0, .ofs_y = 0},
    {.bitmap_index = 8838, .adv_w = 293, .box_w = 18, .box_h = 11, .ofs_x = 0, .ofs_y = 0},
    {.bitmap_index = 8934, .adv_w = 185, .box_w = 11, .box_h = 15, .ofs_x = 0, .ofs_y = -4},
    {.bitmap_index = 9005, .adv_w = 188, .box_w = 11, .box_h = 15, .ofs_x = 0, .ofs_y = 0},
    {.bitmap_index = 9076, .adv_w = 188, .box_w = 11, .box_h = 15, .ofs_x = 0, .ofs_y = 0},
    {.bitmap_index = 9147, .adv_w = 188, .box_w = 11, .box_h = 16, .ofs_x = 0, .ofs_y = 0},
    {.bitmap_index = 9227, .adv_w = 188, .box_w = 11, .box_h = 15, .ofs_x = 0, .ofs_y = 0},
    {.bitmap_index = 9305, .adv_w = 81, .box_w = 5, .box_h = 15, .ofs_x = -1, .ofs_y = 0},
    {.bitmap_index = 9322, .adv_w = 81, .box_w = 5, .box_h = 15, .ofs_x = 1, .ofs_y = 0},
    {.bitmap_index = 9337, .adv_w = 81, .box_w = 7, .box_h = 15, .ofs_x = -1, .ofs_y = 0},
    {.bitmap_index = 9357, .adv_w = 81, .box_w = 7, .box_h = 15, .ofs_x = -1, .ofs_y = 0},
    {.bitmap_index = 9377, .adv_w = 188, .box_w = 11, .box_h = 16, .ofs_x = 0, .ofs_y = 0},
    {.bitmap_index = 9458, .adv_w = 193, .box_w = 10, .box_h = 15, .ofs_x = 1, .ofs_y = 0},
    {.bitmap_index = 9504, .adv_w = 193, .box_w = 12, .box_h = 15, .ofs_x = 0, .ofs_y = 0},
    {.bitmap_index = 9581, .adv_w = 193, .box_w = 12, .box_h = 15, .ofs_x = 0, .ofs_y = 0},
    {.bitmap_index = 9658, .adv_w = 193, .box_w = 12, .box_h = 16, .ofs_x = 0, .ofs_y = 0},
    {.bitmap_index = 9745, .adv_w = 193, .box_w = 12, .box_h = 15, .ofs_x = 0, .ofs_y = 0},
    {.bitmap_index = 9826, .adv_w = 193, .box_w = 12, .box_h = 15, .ofs_x = 0, .ofs_y = 0},
    {.bitmap_index = 9910, .adv_w = 214, .box_w = 11, .box_h = 10, .ofs_x = 1, .ofs_y = 1},
    {.bitmap_index = 9944, .adv_w = 193, .box_w = 12, .box_h = 13, .ofs_x = 0, .ofs_y = -1},
    {.bitmap_index = 10020, .adv_w = 193, .box_w = 10, .box_h = 15, .ofs_x = 1, .ofs_y = 0},
    {.bitmap_index = 10061, .adv_w = 193, .box_w = 10, .box_h = 15, .ofs_x = 1, .ofs_y = 0},
    {.bitmap_index = 10102, .adv_w = 193, .box_w = 10, .box_h = 16, .ofs_x = 1, .ofs_y = 0},
    {.bitmap_index = 10152, .adv_w = 193, .box_w = 10, .box_h = 15, .ofs_x = 1, .ofs_y = 0},
    {.bitmap_index = 10199, .adv_w = 184, .box_w = 12, .box_h = 19, .ofs_x = 0, .ofs_y = -4},
    {.bitmap_index = 10287, .adv_w = 198, .box_w = 11, .box_h = 18, .ofs_x = 1, .ofs_y = -4},
    {.bitmap_index = 10355, .adv_w = 184, .box_w = 12, .box_h = 19, .ofs_x = 0, .ofs_y = -4},
    {.bitmap_index = 10449, .adv_w = 227, .box_w = 14, .box_h = 18, .ofs_x = 0, .ofs_y = 0},
    {.bitmap_index = 10541, .adv_w = 182, .box_w = 10, .box_h = 14, .ofs_x = 0, .ofs_y = 0},
    {.bitmap_index = 10607, .adv_w = 227, .box_w = 14, .box_h = 19, .ofs_x = 0, .ofs_y = 0},
    {.bitmap_index = 10708, .adv_w = 182, .box_w = 10, .box_h = 16, .ofs_x = 0, .ofs_y = 0},
    {.bitmap_index = 10784, .adv_w = 227, .box_w = 15, .box_h = 18, .ofs_x = 0, .ofs_y = -4},
    {.bitmap_index = 10884, .adv_w = 182, .box_w = 11, .box_h = 15, .ofs_x = 0, .ofs_y = -4},
    {.bitmap_index = 10958, .adv_w = 235, .box_w = 13, .box_h = 19, .ofs_x = 1, .ofs_y = 0},
    {.bitmap_index = 11047, .adv_w = 185, .box_w = 11, .box_h = 15, .ofs_x = 0, .ofs_y = 0},
    {.bitmap_index = 11115, .adv_w = 235, .box_w = 13, .box_h = 19, .ofs_x = 1, .ofs_y = 0},
    {.bitmap_index = 11209, .adv_w = 185, .box_w = 11, .box_h = 16, .ofs_x = 0, .ofs_y = 0},
    {.bitmap_index = 11287, .adv_w = 235, .box_w = 13, .box_h = 19, .ofs_x = 1, .ofs_y = 0},
    {.bitmap_index = 11376, .adv_w = 185, .box_w = 11, .box_h = 15, .ofs_x = 0, .ofs_y = 0},
    {.bitmap_index = 11445, .adv_w = 235, .box_w = 13, .box_h = 19, .ofs_x = 1, .ofs_y = 0},
    {.bitmap_index = 11538, .adv_w = 185, .box_w = 11, .box_h = 16, .ofs_x = 0, .ofs_y = 0},
    {.bitmap_index = 11615, .adv_w = 231, .box_w = 13, .box_h = 19, .ofs_x = 1, .ofs_y = 0},
    {.bitmap_index = 11696, .adv_w = 232, .box_w = 15, .box_h = 16, .ofs_x = 0, .ofs_y = 0},
    {.bitmap_index = 11777, .adv_w = 238, .box_w = 14, .box_h = 14, .ofs_x = 0, .ofs_y = 0},
    {.bitmap_index = 11848, .adv_w = 198, .box_w = 13, .box_h = 14, .ofs_x = 0, .ofs_y = 0},
    {.bitmap_index = 11923, .adv_w = 193, .box_w = 10, .box_h = 18, .ofs_x = 1, .ofs_y = 0},
    {.bitmap_index = 11968, .adv_w = 188, .box_w = 11, .box_h = 14, .ofs_x = 0, .ofs_y = 0},
    {.bitmap_index = 12037, .adv_w = 193, .box_w = 10, .box_h = 19, .ofs_x = 1, .ofs_y = 0},
    {.bitmap_index = 12091, .adv_w = 188, .box_w = 11, .box_h = 16, .ofs_x = 0, .ofs_y = 0},
    {.bitmap_index = 12170, .adv_w = 193, .box_w = 10, .box_h = 19, .ofs_x = 1, .ofs_y = 0},
    {.bitmap_index = 12217, .adv_w = 188, .box_w = 11, .box_h = 15, .ofs_x = 0, .ofs_y = 0},
    {.bitmap_index = 12289, .adv_w = 193, .box_w = 11, .box_h = 18, .ofs_x = 1, .ofs_y = -4},
    {.bitmap_index = 12338, .adv_w = 188, .box_w = 11, .box_h = 15, .ofs_x = 0, .ofs_y = -4},
    {.bitmap_index = 12412, .adv_w = 193, .box_w = 10, .box_h = 19, .ofs_x = 1, .ofs_y = 0},
    {.bitmap_index = 12464, .adv_w = 188, .box_w = 11, .box_h = 16, .ofs_x = 0, .ofs_y = 0},
    {.bitmap_index = 12544, .adv_w = 239, .box_w = 13, .box_h = 19, .ofs_x = 1, .ofs_y = 0},
    {.bitmap_index = 12645, .adv_w = 198, .box_w = 11, .box_h = 20, .ofs_x = 0, .ofs_y = -4},
    {.bitmap_index = 12744, .adv_w = 239, .box_w = 13, .box_h = 19, .ofs_x = 1, .ofs_y = 0},
    {.bitmap_index = 12848, .adv_w = 198, .box_w = 11, .box_h = 20, .ofs_x = 0, .ofs_y = -4},
    {.bitmap_index = 12945, .adv_w = 239, .box_w = 13, .box_h = 19, .ofs_x = 1, .ofs_y = 0},
    {.bitmap_index = 13041, .adv_w = 198, .box_w = 11, .box_h = 19, .ofs_x = 0, .ofs_y = -4},
    {.bitmap_index = 13132, .adv_w = 239, .box_w = 13, .box_h = 19, .ofs_x = 1, .ofs_y = -5},
    {.bitmap_index = 13233, .adv_w = 198, .box_w = 11, .box_h = 21, .ofs_x = 0, .ofs_y = -4},
    {.bitmap_index = 13328, .adv_w = 238, .box_w = 13, .box_h = 19, .ofs_x = 1, .ofs_y = 0},
    {.bitmap_index = 13370, .adv_w = 193, .box_w = 12, .box_h = 19, .ofs_x = -1, .ofs_y = 0},
    {.bitmap_index = 13422, .adv_w = 252, .box_w = 15, .box_h = 14, .ofs_x = 0, .ofs_y = 0},
    {.bitmap_index = 13468, .adv_w = 193, .box_w = 11, .box_h = 14, .ofs_x = 0, .ofs_y = 0},
    {.bitmap_index = 13512, .adv_w = 87, .box_w = 7, .box_h = 19, .ofs_x = -1, .ofs_y = 0},
    {.bitmap_index = 13533, .adv_w = 81, .box_w = 7, .box_h = 15, .ofs_x = -1, .ofs_y = 0},
    {.bitmap_index = 13553, .adv_w = 87, .box_w = 7, .box_h = 18, .ofs_x = -1, .ofs_y = 0},
    {.bitmap_index = 13571, .adv_w = 81, .box_w = 7, .box_h = 14, .ofs_x = -1, .ofs_y = 0},
    {.bitmap_index = 13585, .adv_w = 87, .box_w = 7, .box_h = 19, .ofs_x = -1, .ofs_y = 0},
    {.bitmap_index = 13611, .adv_w = 81, .box_w = 7, .box_h = 15, .ofs_x = -1, .ofs_y = 0},
    {.bitmap_index = 13630, .adv_w = 87, .box_w = 5, .box_h = 18, .ofs_x = 0, .ofs_y = -4},
    {.bitmap_index = 13647, .adv_w = 81, .box_w = 6, .box_h = 19, .ofs_x = -1, .ofs_y = -4},
    {.bitmap_index = 13678, .adv_w = 87, .box_w = 4, .box_h = 19, .ofs_x = 1, .ofs_y = 0},
    {.bitmap_index = 13692, .adv_w = 81, .box_w = 3, .box_h = 11, .ofs_x = 1, .ofs_y = 0},
    {.bitmap_index = 13697, .adv_w = 271, .box_w = 15, .box_h = 14, .ofs_x = 1, .ofs_y = 0},
    {.bitmap_index = 13737, .adv_w = 161, .box_w = 8, .box_h = 19, .ofs_x = 1, .ofs_y = -4},
    {.bitmap_index = 13775, .adv_w = 184, .box_w = 13, .box_h = 19, .ofs_x = 0, .ofs_y = 0},
    {.bitmap_index = 13833, .adv_w = 81, .box_w = 7, .box_h = 19, .ofs_x = -1, .ofs_y = -4},
    {.bitmap_index = 13865, .adv_w = 220, .box_w = 13, .box_h = 19, .ofs_x = 1, .ofs_y = -5},
    {.bitmap_index = 13951, .adv_w = 179, .box_w = 10, .box_h = 19, .ofs_x = 1, .ofs_y = -5},
    {.bitmap_index = 14015, .adv_w = 175, .box_w = 10, .box_h = 11, .ofs_x = 1, .ofs_y = 0},
    {.bitmap_index = 14059, .adv_w = 181, .box_w = 10, .box_h = 19, .ofs_x = 1, .ofs_y = 0},
    {.bitmap_index = 14088, .adv_w = 81, .box_w = 5, .box_h = 19, .ofs_x = 1, .ofs_y = 0},
    {.bitmap_index = 14104, .adv_w = 181, .box_w = 10, .box_h = 19, .ofs_x = 1, .ofs_y = -5},
    {.bitmap_index = 14135, .adv_w = 81, .box_w = 4, .box_h = 19, .ofs_x = 0, .ofs_y = -5},
    {.bitmap_index = 14150, .adv_w = 181, .box_w = 10, .box_h = 15, .ofs_x = 1, .ofs_y = 0},
    {.bitmap_index = 14177, .adv_w = 115, .box_w = 6, .box_h = 15, .ofs_x = 1, .ofs_y = 0},
    {.bitmap_index = 14194, .adv_w = 182, .box_w = 10, .box_h = 14, .ofs_x = 1, .ofs_y = 0},
    {.bitmap_index = 14220, .adv_w = 125, .box_w = 7, .box_h = 14, .ofs_x = 1, .ofs_y = 0},
    {.bitmap_index = 14239, .adv_w = 191, .box_w = 12, .box_h = 14, .ofs_x = 0, .ofs_y = 0},
    {.bitmap_index = 14282, .adv_w = 81, .box_w = 7, .box_h = 14, .ofs_x = -1, .ofs_y = 0},
    {.bitmap_index = 14308, .adv_w = 242, .box_w = 13, .box_h = 19, .ofs_x = 1, .ofs_y = 0},
    {.bitmap_index = 14384, .adv_w = 193, .box_w = 10, .box_h = 15, .ofs_x = 1, .ofs_y = 0},
    {.bitmap_index = 14426, .adv_w = 242, .box_w = 13, .box_h = 19, .ofs_x = 1, .ofs_y = -5},
    {.bitmap_index = 14506, .adv_w = 193, .box_w = 10, .box_h = 16, .ofs_x = 1, .ofs_y = -5},
    {.bitmap_index = 14552, .adv_w = 242, .box_w = 13, .box_h = 19, .ofs_x = 1, .ofs_y = 0},
    {.bitmap_index = 14632, .adv_w = 193, .box_w = 10, .box_h = 15, .ofs_x = 1, .ofs_y = 0},
    {.bitmap_index = 14679, .adv_w = 242, .box_w = 13, .box_h = 18, .ofs_x = 1, .ofs_y = -4},
    {.bitmap_index = 14755, .adv_w = 193, .box_w = 10, .box_h = 15, .ofs_x = 1, .ofs_y = -4},
    {.bitmap_index = 14797, .adv_w = 245, .box_w = 14, .box_h = 19, .ofs_x = 1, .ofs_y = 0},
    {.bitmap_index = 14895, .adv_w = 193, .box_w = 12, .box_h = 14, .ofs_x = 0, .ofs_y = 0},
    {.bitmap_index = 14970, .adv_w = 245, .box_w = 14, .box_h = 19, .ofs_x = 1, .ofs_y = 0},
    {.bitmap_index = 15077, .adv_w = 193, .box_w = 12, .box_h = 16, .ofs_x = 0, .ofs_y = 0},
    {.bitmap_index = 15162, .adv_w = 245, .box_w = 14, .box_h = 19, .ofs_x = 1, .ofs_y = 0},
    {.bitmap_index = 15268, .adv_w = 193, .box_w = 12, .box_h = 15, .ofs_x = 0, .ofs_y = 0},
    {.bitmap_index = 15350, .adv_w = 323, .box_w = 18, .box_h = 14, .ofs_x = 1, .ofs_y = 0},
    {.bitmap_index = 15434, .adv_w = 319, .box_w = 19, .box_h = 11, .ofs_x = 0, .ofs_y = 0},
    {.bitmap_index = 15534, .adv_w = 207, .box_w = 12, .box_h = 19, .ofs_x = 1, .ofs_y = 0},
    {.bitmap_index = 15611, .adv_w = 124, .box_w = 7, .box_h = 15, .ofs_x = 1, .ofs_y = 0},
    {.bitmap_index = 15642, .adv_w = 207, .box_w = 12, .box_h = 19, .ofs_x = 1, .ofs_y = -5},
    {.bitmap_index = 15722, .adv_w = 124, .box_w = 8, .box_h = 16, .ofs_x = 0, .ofs_y = -5},
    {.bitmap_index = 15756, .adv_w = 207, .box_w = 12, .box_h = 19, .ofs_x = 1, .ofs_y = 0},
    {.bitmap_index = 15837, .adv_w = 124, .box_w = 8, .box_h = 15, .ofs_x = 0, .ofs_y = 0},
    {.bitmap_index = 15871, .adv_w = 207, .box_w = 11, .box_h = 19, .ofs_x = 1, .ofs_y = 0},
    {.bitmap_index = 15960, .adv_w = 172, .box_w = 10, .box_h = 15, .ofs_x = 0, .ofs_y = 0},
    {.bitmap_index = 16028, .adv_w = 207, .box_w = 11, .box_h = 19, .ofs_x = 1, .ofs_y = 0},
    {.bitmap_index = 16122, .adv_w = 172, .box_w = 10, .box_h = 16, .ofs_x = 0, .ofs_y = 0},
    {.bitmap_index = 16198, .adv_w = 207, .box_w = 11, .box_h = 18, .ofs_x = 1, .ofs_y = -4},
    {.bitmap_index = 16288, .adv_w = 172, .box_w = 10, .box_h = 15, .ofs_x = 0, .ofs_y = -4},
    {.bitmap_index = 16359, .adv_w = 207, .box_w = 11, .box_h = 19, .ofs_x = 1, .ofs_y = 0},
    {.bitmap_index = 16454, .adv_w = 172, .box_w = 10, .box_h = 16, .ofs_x = 0, .ofs_y = 0},
    {.bitmap_index = 16530, .adv_w = 209, .box_w = 13, .box_h = 18, .ofs_x = 0, .ofs_y = -4},
    {.bitmap_index = 16568, .adv_w = 109, .box_w = 7, .box_h = 18, .ofs_x = 0, .ofs_y = -4},
    {.bitmap_index = 16613, .adv_w = 209, .box_w = 13, .box_h = 19, .ofs_x = 0, .ofs_y = 0},
    {.bitmap_index = 16654, .adv_w = 127, .box_w = 8, .box_h = 16, .ofs_x = 0, .ofs_y = 0},
    {.bitmap_index = 16697, .adv_w = 209, .box_w = 13, .box_h = 14, .ofs_x = 0, .ofs_y = 0},
    {.bitmap_index = 16734, .adv_w = 109, .box_w = 7, .box_h = 14, .ofs_x = 0, .ofs_y = 0},
    {.bitmap_index = 16777, .adv_w = 237, .box_w = 13, .box_h = 20, .ofs_x = 1, .ofs_y = 0},
    {.bitmap_index = 16845, .adv_w = 193, .box_w = 10, .box_h = 15, .ofs_x = 1, .ofs_y = 0},
    {.bitmap_index = 16890, .adv_w = 237, .box_w = 13, .box_h = 19, .ofs_x = 1, .ofs_y = 0},
    {.bitmap_index = 16947, .adv_w = 193, .box_w = 10, .box_h = 14, .ofs_x = 1, .ofs_y = 0},
    {.bitmap_index = 16986, .adv_w = 237, .box_w = 13, .box_h = 19, .ofs_x = 1, .ofs_y = 0},
    {.bitmap_index = 17053, .adv_w = 193, .box_w = 10, .box_h = 16, .ofs_x = 1, .ofs_y = 0},
    {.bitmap_index = 17101, .adv_w = 237, .box_w = 13, .box_h = 21, .ofs_x = 1, .ofs_y = 0},
    {.bitmap_index = 17175, .adv_w = 193, .box_w = 10, .box_h = 18, .ofs_x = 1, .ofs_y = 0},
    {.bitmap_index = 17230, .adv_w = 237, .box_w = 13, .box_h = 19, .ofs_x = 1, .ofs_y = 0},
    {.bitmap_index = 17296, .adv_w = 193, .box_w = 10, .box_h = 15, .ofs_x = 1, .ofs_y = 0},
    {.bitmap_index = 17342, .adv_w = 237, .box_w = 13, .box_h = 18, .ofs_x = 1, .ofs_y = -4},
    {.bitmap_index = 17402, .adv_w = 193, .box_w = 11, .box_h = 15, .ofs_x = 1, .ofs_y = -4},
    {.bitmap_index = 17446, .adv_w = 321, .box_w = 20, .box_h = 19, .ofs_x = 0, .ofs_y = 0},
    {.bitmap_index = 17602, .adv_w = 265, .box_w = 17, .box_h = 15, .ofs_x = 0, .ofs_y = 0},
    {.bitmap_index = 17714, .adv_w = 223, .box_w = 14, .box_h = 19, .ofs_x = 0, .ofs_y = 0},
    {.bitmap_index = 17799, .adv_w = 184, .box_w = 12, .box_h = 20, .ofs_x = 0, .ofs_y = -4},
    {.bitmap_index = 17896, .adv_w = 223, .box_w = 14, .box_h = 19, .ofs_x = 0, .ofs_y = 0},
    {.bitmap_index = 17979, .adv_w = 205, .box_w = 11, .box_h = 19, .ofs_x = 1, .ofs_y = 0},
    {.bitmap_index = 18050, .adv_w = 179, .box_w = 9, .box_h = 15, .ofs_x = 1, .ofs_y = 0},
    {.bitmap_index = 18104, .adv_w = 205, .box_w = 11, .box_h = 19, .ofs_x = 1, .ofs_y = 0},
    {.bitmap_index = 18175, .adv_w = 179, .box_w = 9, .box_h = 15, .ofs_x = 1, .ofs_y = 0},
    {.bitmap_index = 18229, .adv_w = 205, .box_w = 11, .box_h = 19, .ofs_x = 1, .ofs_y = 0},
    {.bitmap_index = 18304, .adv_w = 179, .box_w = 9, .box_h = 15, .ofs_x = 1, .ofs_y = 0},
    {.bitmap_index = 18361, .adv_w = 104, .box_w = 6, .box_h = 15, .ofs_x = 1, .ofs_y = 0},
    {.bitmap_index = 18378, .adv_w = 320, .box_w = 20, .box_h = 2, .ofs_x = 0, .ofs_y = 5},
    {.bitmap_index = 18385, .adv_w = 291, .box_w = 16, .box_h = 3, .ofs_x = 1, .ofs_y = 0},
    {.bitmap_index = 18410, .adv_w = 320, .box_w = 20, .box_h = 21, .ofs_x = 0, .ofs_y = -3},
    {.bitmap_index = 18520, .adv_w = 320, .box_w = 20, .box_h = 15, .ofs_x = 0, .ofs_y = 0},
    {.bitmap_index = 18632, .adv_w = 320, .box_w = 20, .box_h = 19, .ofs_x = 0, .ofs_y = -2},
    {.bitmap_index = 18719, .adv_w = 320, .box_w = 20, .box_h = 15, .ofs_x = 0, .ofs_y = 0},
    {.bitmap_index = 18819, .adv_w = 220, .box_w = 14, .box_h = 15, .ofs_x = 0, .ofs_y = 0},
    {.bitmap_index = 18910, .adv_w = 320, .box_w = 20, .box_h = 21, .ofs_x = 0, .ofs_y = -3},
    {.bitmap_index = 19069, .adv_w = 320, .box_w = 20, .box_h = 21, .ofs_x = 0, .ofs_y = -3},
    {.bitmap_index = 19222, .adv_w = 360, .box_w = 23, .box_h = 19, .ofs_x = 0, .ofs_y = -2},
    {.bitmap_index = 19365, .adv_w = 320, .box_w = 20, .box_h = 21, .ofs_x = 0, .ofs_y = -3},
    {.bitmap_index = 19469, .adv_w = 360, .box_w = 23, .box_h = 15, .ofs_x = 0, .ofs_y = 0},
    {.bitmap_index = 19566, .adv_w = 320, .box_w = 20, .box_h = 21, .ofs_x = 0, .ofs_y = -3},
    {.bitmap_index = 19721, .adv_w = 160, .box_w = 10, .box_h = 16, .ofs_x = 0, .ofs_y = 0},
    {.bitmap_index = 19759, .adv_w = 240, .box_w = 15, .box_h = 16, .ofs_x = 0, .ofs_y = -1},
    {.bitmap_index = 19833, .adv_w = 360, .box_w = 23, .box_h = 19, .ofs_x = 0, .ofs_y = -2},
    {.bitmap_index = 19987, .adv_w = 320, .box_w = 20, .box_h = 15, .ofs_x = 0, .ofs_y = 0},
    {.bitmap_index = 20082, .adv_w = 220, .box_w = 14, .box_h = 21, .ofs_x = 0, .ofs_y = -3},
    {.bitmap_index = 20185, .adv_w = 280, .box_w = 13, .box_h = 19, .ofs_x = 2, .ofs_y = -2},
    {.bitmap_index = 20253, .adv_w = 280, .box_w = 18, .box_h = 21, .ofs_x = 0, .ofs_y = -3},
    {.bitmap_index = 20355, .adv_w = 280, .box_w = 18, .box_h = 19, .ofs_x = 0, .ofs_y = -2},
    {.bitmap_index = 20412, .adv_w = 280, .box_w = 18, .box_h = 19, .ofs_x = 0, .ofs_y = -2},
    {.bitmap_index = 20453, .adv_w = 280, .box_w = 13, .box_h = 19, .ofs_x = 2, .ofs_y = -2},
    {.bitmap_index = 20527, .adv_w = 280, .box_w = 19, .box_h = 19, .ofs_x = -1, .ofs_y = -2},
    {.bitmap_index = 20626, .adv_w = 200, .box_w = 11, .box_h = 19, .ofs_x = 1, .ofs_y = -2},
    {.bitmap_index = 20711, .adv_w = 200, .box_w = 11, .box_h = 19, .ofs_x = 1, .ofs_y = -2},
    {.bitmap_index = 20792, .adv_w = 280, .box_w = 18, .box_h = 19, .ofs_x = 0, .ofs_y = -2},
    {.bitmap_index = 20864, .adv_w = 280, .box_w = 18, .box_h = 5, .ofs_x = 0, .ofs_y = 5},
    {.bitmap_index = 20886, .adv_w = 360, .box_w = 23, .box_h = 15, .ofs_x = 0, .ofs_y = 0},
    {.bitmap_index = 21036, .adv_w = 400, .box_w = 26, .box_h = 21, .ofs_x = -1, .ofs_y = -3},
    {.bitmap_index = 21239, .adv_w = 360, .box_w = 24, .box_h = 21, .ofs_x = -1, .ofs_y = -3},
    {.bitmap_index = 21392, .adv_w = 320, .box_w = 20, .box_h = 19, .ofs_x = 0, .ofs_y = -2},
    {.bitmap_index = 21534, .adv_w = 280, .box_w = 18, .box_h = 11, .ofs_x = 0, .ofs_y = 2},
    {.bitmap_index = 21610, .adv_w = 280, .box_w = 18, .box_h = 11, .ofs_x = 0, .ofs_y = 2},
    {.bitmap_index = 21688, .adv_w = 400, .box_w = 26, .box_h = 16, .ofs_x = 0, .ofs_y = -1},
    {.bitmap_index = 21806, .adv_w = 320, .box_w = 20, .box_h = 15, .ofs_x = 0, .ofs_y = 0},
    {.bitmap_index = 21850, .adv_w = 320, .box_w = 20, .box_h = 21, .ofs_x = 0, .ofs_y = -3},
    {.bitmap_index = 21960, .adv_w = 320, .box_w = 21, .box_h = 21, .ofs_x = -1, .ofs_y = -3},
    {.bitmap_index = 22098, .adv_w = 280, .box_w = 18, .box_h = 19, .ofs_x = 0, .ofs_y = -2},
    {.bitmap_index = 22246, .adv_w = 280, .box_w = 18, .box_h = 21, .ofs_x = 0, .ofs_y = -3},
    {.bitmap_index = 22319, .adv_w = 280, .box_w = 18, .box_h = 19, .ofs_x = 0, .ofs_y = -2},
    {.bitmap_index = 22412, .adv_w = 280, .box_w = 18, .box_h = 17, .ofs_x = 0, .ofs_y = -1},
    {.bitmap_index = 22472, .adv_w = 320, .box_w = 20, .box_h = 15, .ofs_x = 0, .ofs_y = 0},
    {.bitmap_index = 22562, .adv_w = 200, .box_w = 14, .box_h = 21, .ofs_x = -1, .ofs_y = -3},
    {.bitmap_index = 22655, .adv_w = 280, .box_w = 18, .box_h = 21, .ofs_x = 0, .ofs_y = -3},
    {.bitmap_index = 22743, .adv_w = 280, .box_w = 18, .box_h = 21, .ofs_x = 0, .ofs_y = -3},
    {.bitmap_index = 22854, .adv_w = 360, .box_w = 23, .box_h = 15, .ofs_x = 0, .ofs_y = 0},
    {.bitmap_index = 22980, .adv_w = 320, .box_w = 22, .box_h = 21, .ofs_x = -1, .ofs_y = -3},
    {.bitmap_index = 23101, .adv_w = 240, .box_w = 15, .box_h = 21, .ofs_x = 0, .ofs_y = -3},
    {.bitmap_index = 23149, .adv_w = 400, .box_w = 25, .box_h = 19, .ofs_x = 0, .ofs_y = -2},
    {.bitmap_index = 23313, .adv_w = 400, .box_w = 25, .box_h = 13, .ofs_x = 0, .ofs_y = 1},
    {.bitmap_index = 23380, .adv_w = 400, .box_w = 25, .box_h = 13, .ofs_x = 0, .ofs_y = 1},
    {.bitmap_index = 23448, .adv_w = 400, .box_w = 25, .box_h = 13, .ofs_x = 0, .ofs_y = 1},
    {.bitmap_index = 23515, .adv_w = 400, .box_w = 25, .box_h = 13, .ofs_x = 0, .ofs_y = 1},
    {.bitmap_index = 23582, .adv_w = 400, .box_w = 25, .box_h = 13, .ofs_x = 0, .ofs_y = 1},
    {.bitmap_index = 23642, .adv_w = 400, .box_w = 26, .box_h = 17, .ofs_x = 0, .ofs_y = -1},
    {.bitmap_index = 23776, .adv_w = 280, .box_w = 16, .box_h = 21, .ofs_x = 1, .ofs_y = -3},
    {.bitmap_index = 23923, .adv_w = 280, .box_w = 18, .box_h = 21, .ofs_x = 0, .ofs_y = -3},
    {.bitmap_index = 24010, .adv_w = 320, .box_w = 21, .box_h = 21, .ofs_x = -1, .ofs_y = -3},
    {.bitmap_index = 24150, .adv_w = 400, .box_w = 25, .box_h = 15, .ofs_x = 0, .ofs_y = 0},
    {.bitmap_index = 24270, .adv_w = 240, .box_w = 15, .box_h = 21, .ofs_x = 0, .ofs_y = -3},
    {.bitmap_index = 24329, .adv_w = 322, .box_w = 21, .box_h = 13, .ofs_x = 0, .ofs_y = 1}
};

/*---------------------
 *  CHARACTER MAPPING
 *--------------------*/

static const uint16_t unicode_list_4[] = {
    0x0, 0x12, 0xcfed, 0xcff4, 0xcff7, 0xcff8, 0xcff9, 0xcffd,
    0xcfff, 0xd001, 0xd005, 0xd008, 0xd00d, 0xd012, 0xd013, 0xd014,
    0xd02a, 0xd02f, 0xd034, 0xd037, 0xd038, 0xd039, 0xd03d, 0xd03e,
    0xd03f, 0xd040, 0xd053, 0xd054, 0xd05a, 0xd05c, 0xd05d, 0xd060,
    0xd063, 0xd064, 0xd065, 0xd067, 0xd07f, 0xd081, 0xd0b0, 0xd0b1,
    0xd0b3, 0xd0b5, 0xd0cc, 0xd0d3, 0xd0d6, 0xd0df, 0xd108, 0xd110,
    0xd147, 0xd1d7, 0xd22c, 0xd22d, 0xd22e, 0xd22f, 0xd230, 0xd273,
    0xd27f, 0xd2d9, 0xd2f0, 0xd546, 0xd7ae, 0xd88e
};

/*Collect the unicode lists and glyph_id offsets*/
static const lv_font_fmt_txt_cmap_t cmaps[] =
{
    {
        .range_start = 32, .range_length = 95, .glyph_id_start = 1,
        .unicode_list = NULL, .glyph_id_ofs_list = NULL, .list_length = 0, .type = LV_FONT_FMT_TXT_CMAP_FORMAT0_TINY
    },
    {
        .range_start = 160, .range_length = 13, .glyph_id_start = 96,
        .unicode_list = NULL, .glyph_id_ofs_list = NULL, .list_length = 0, .type = LV_FONT_FMT_TXT_CMAP_FORMAT0_TINY
    },
    {
        .range_start = 174, .range_length = 155, .glyph_id_start = 109,
        .unicode_list = NULL, .glyph_id_ofs_list = NULL, .list_length = 0, .type = LV_FONT_FMT_TXT_CMAP_FORMAT0_TINY
    },
    {
        .range_start = 330, .range_length = 54, .glyph_id_start = 264,
        .unicode_list = NULL, .glyph_id_ofs_list = NULL, .list_length = 0, .type = LV_FONT_FMT_TXT_CMAP_FORMAT0_TINY
    },
    {
        .range_start = 8212, .range_length = 55439, .glyph_id_start = 318,
        .unicode_list = unicode_list_4, .glyph_id_ofs_list = NULL, .list_length = 62, .type = LV_FONT_FMT_TXT_CMAP_SPARSE_TINY
    }
};

/*-----------------
 *    KERNING
 *----------------*/


/*Map glyph_ids to kern left classes*/
static const uint8_t kern_left_class_mapping[] =
{
    0, 0, 0, 1, 0, 0, 0, 2,
    1, 3, 0, 4, 5, 6, 5, 6,
    7, 8, 9, 10, 11, 12, 13, 14,
    15, 11, 8, 16, 16, 0, 17, 18,
    0, 19, 0, 0, 0, 0, 0, 0,
    0, 0, 0, 0, 0, 0, 0, 0,
    0, 0, 0, 0, 0, 0, 0, 0,
    0, 0, 0, 0, 3, 20, 0, 4,
    21, 0, 0, 0, 0, 0, 0, 0,
    0, 0, 0, 0, 0, 0, 0, 0,
    0, 0, 0, 0, 0, 0, 0, 0,
    0, 0, 0, 0, 3, 9, 0, 5,
    0, 22, 23, 0, 0, 0, 0, 0,
    0, 19, 0, 0, 0, 24, 0, 4,
    17, 0, 0, 0, 25, 9, 26, 0,
    0, 0, 27, 0, 0, 0, 28, 0,
    0, 0, 0, 0, 0, 0, 0, 0,
    0, 0, 0, 0, 0, 0, 0, 0,
    0, 0, 0, 0, 0, 0, 29, 0,
    0, 0, 0, 0, 0, 0, 0, 0,
    0, 0, 0, 0, 0, 0, 0, 0,
    0, 0, 0, 0, 0, 0, 0, 0,
    0, 0, 0, 0, 0, 0, 5, 0,
    0, 0, 0, 0, 0, 0, 0, 0,
    0, 0, 0, 0, 0, 0, 0, 0,
    0, 0, 0, 0, 0, 0, 0, 0,
    0, 0, 0, 0, 0, 0, 0, 0,
    0, 0, 0, 0, 0, 0, 0, 0,
    0, 0, 0, 0, 0, 0, 0, 0,
    0, 0, 0, 0, 0, 0, 0, 0,
    0, 0, 0, 0, 0, 0, 0, 0,
    0, 0, 0, 0, 0, 0, 0, 0,
    0, 0, 0, 0, 0, 0, 0, 0,
    0, 0, 0, 0, 0, 0, 0, 0,
    0, 0, 0, 0, 0, 0, 0, 0,
    0, 0, 0, 0, 0, 0, 0, 0,
    0, 0, 0, 0, 0, 0, 0, 0,
    0, 0, 0, 0, 0, 0, 0, 0,
    0, 0, 0, 0, 0, 0, 0, 0,
    0, 0, 0, 0, 0, 0, 0, 6,
    0, 0, 0, 0, 0, 0, 0, 0,
    0, 0, 0, 0, 0, 0, 0, 0,
    0, 0, 0, 0, 0, 0, 0, 0,
    0, 0, 0, 0, 0, 0, 0, 0,
    0, 0, 0, 0, 0, 0, 0, 0,
    0, 0, 0, 0, 0, 0, 0, 0,
    0, 0, 0, 0, 0, 0, 0, 0,
    0, 0, 0, 0
};

/*Map glyph_ids to kern right classes*/
static const uint8_t kern_right_class_mapping[] =
{
    0, 1, 2, 3, 4, 5, 0, 6,
    3, 0, 7, 8, 9, 10, 9, 10,
    11, 12, 13, 14, 15, 16, 17, 12,
    18, 19, 20, 21, 21, 22, 23, 0,
    24, 25, 0, 0, 0, 0, 0, 0,
    0, 0, 0, 0, 0, 0, 0, 0,
    0, 0, 0, 0, 0, 0, 0, 0,
    0, 0, 0, 0, 0, 26, 7, 8,
    27, 0, 0, 0, 0, 0, 0, 0,
    0, 0, 0, 0, 0, 0, 0, 0,
    0, 0, 0, 0, 0, 0, 0, 0,
    0, 0, 0, 0, 0, 28, 7, 9,
    0, 0, 29, 0, 0, 0, 0, 0,
    0, 25, 0, 30, 31, 32, 0, 8,
    23, 0, 0, 0, 0, 33, 9, 0,
    0, 0, 34, 0, 0, 0, 0, 0,
    0, 0, 0, 0, 0, 0, 0, 0,
    0, 0, 0, 0, 0, 0, 0, 0,
    0, 0, 0, 0, 0, 0, 34, 0,
    0, 0, 0, 0, 0, 0, 0, 0,
    0, 0, 0, 0, 0, 0, 0, 0,
    0, 0, 0, 0, 0, 0, 0, 0,
    0, 0, 0, 0, 0, 0, 9, 0,
    0, 0, 0, 0, 0, 0, 0, 0,
    0, 0, 0, 0, 0, 0, 0, 0,
    0, 0, 0, 0, 0, 0, 0, 0,
    0, 0, 0, 0, 0, 0, 0, 0,
    0, 0, 0, 0, 0, 0, 0, 0,
    0, 0, 0, 0, 0, 0, 0, 0,
    0, 0, 0, 0, 0, 0, 0, 0,
    0, 0, 0, 0, 0, 0, 0, 0,
    0, 0, 0, 0, 0, 0, 0, 0,
    0, 0, 0, 0, 0, 0, 0, 0,
    0, 0, 0, 0, 0, 0, 0, 0,
    0, 0, 0, 0, 0, 0, 0, 0,
    0, 0, 0, 0, 0, 0, 0, 0,
    0, 0, 0, 0, 0, 0, 0, 0,
    0, 0, 0, 0, 0, 0, 0, 0,
    0, 0, 0, 0, 0, 0, 0, 0,
    0, 0, 0, 0, 0, 0, 0, 10,
    0, 0, 0, 0, 0, 0, 0, 0,
    0, 0, 0, 0, 0, 0, 0, 0,
    0, 0, 0, 0, 0, 0, 0, 0,
    0, 0, 0, 0, 0, 0, 0, 0,
    0, 0, 0, 0, 0, 0, 0, 0,
    0, 0, 0, 0, 0, 0, 0, 0,
    0, 0, 0, 0, 0, 0, 0, 0,
    0, 0, 0, 0
};

/*Kern values between classes*/
static const int8_t kern_class_values[] =
{
    0, 0, 0, 0, 0, -11, 0, 0,
    0, -27, 0, 0, 0, 0, 0, -20,
    0, 0, 0, 0, 0, 0, 0, 0,
    0, 0, 0, 0, -5, 0, 0, 0,
    0, 0, 0, 0, -11, 0, 0, 0,
    0, 0, 0, 0, 0, 0, 0, 0,
    0, 0, 0, 0, 0, 0, 0, 0,
    0, 0, 0, -20, 0, 0, 0, 0,
    0, -7, 0, 0, 0, 0, 0, 0,
    0, 0, 0, 0, 0, 0, 0, 0,
    0, 0, 0, 0, 0, 0, 0, 0,
    0, 0, 0, 0, 0, 0, 0, 2,
    -3, 0, 0, 0, 0, 0, 0, 0,
    0, 0, 0, -11, 0, 0, 0, -44,
    0, 0, 0, 0, 0, -15, 0, 0,
    0, 0, 0, 0, 0, 0, -4, 0,
    -22, 0, 0, 0, 0, 0, 0, 0,
    0, 0, 0, 0, 0, 0, 0, 0,
    0, 0, 0, 0, 0, -10, -3, 0,
    0, -8, 0, 0, 0, 0, 0, 0,
    0, -16, 0, 0, 0, 0, 0, 0,
    -4, 0, -3, -1, -28, 0, 0, 0,
    0, 0, 0, 0, 0, -9, -28, 0,
    -8, 0, -4, -6, -8, -3, 0, 0,
    0, -28, -14, 0, 0, 0, 0, 0,
    0, 0, -16, 0, 0, 0, 0, 0,
    0, 0, 0, 0, 0, -13, 0, 0,
    0, 0, 0, 0, 0, 0, 0, 0,
    0, 0, 0, 0, 0, 1, 0, 0,
    0, 0, 0, 0, 0, 0, 0, 0,
    0, 0, 0, 0, 0, 0, 0, -9,
    0, 0, 0, 0, 0, 0, 0, -6,
    0, 0, 0, 0, 0, 0, 0, -5,
    -15, 0, 0, 0, 0, 0, 0, 0,
    0, 0, 0, 0, 0, 0, 2, 0,
    0, 0, 0, 0, 0, 0, 0, 0,
    0, 0, 0, 0, 0, 0, 0, 0,
    0, 0, 2, 0, 0, 0, 0, 0,
    0, 0, 0, 0, 0, 0, 0, 0,
    0, 0, 0, 0, 0, 0, 0, 0,
    0, -5, 0, 0, 0, 0, 0, 0,
    0, 0, 0, 0, 0, 0, 0, 0,
    0, 0, 0, 0, 0, 0, 0, 0,
    0, 0, 0, -4, 0, -7, 0, 0,
    0, 0, 0, 0, 0, 0, 0, 0,
    0, 0, 0, 0, 0, 0, 0, 0,
    0, -11, 0, 0, 0, 0, 0, 0,
    0, 0, 0, 0, 0, -8, 0, -11,
    0, 0, -8, 0, 0, 0, 0, 0,
    0, 0, 0, 0, 0, 0, 0, 0,
    0, 0, 0, 0, 0, -2, -13, 0,
    0, 0, 0, 0, 0, 0, 0, -1,
    0, -8, 0, 0, 0, 0, 0, 0,
    0, 0, 0, 0, 0, 0, 0, 0,
    0, 0, 0, 0, 0, 0, 0, -2,
    0, 0, 0, 0, 0, 0, 0, 0,
    0, 0, 0, -10, 0, 0, 0, 0,
    0, 0, 0, 0, 0, 0, 0, 0,
    0, 0, 0, 0, -15, 0, 0, 0,
    0, 0, 0, 0, 0, 0, 0, -18,
    0, -15, 0, 0, 0, -40, 0, -5,
    0, 0, -5, -19, -3, 6, -5, -3,
    -11, -29, 0, 0, 0, 0, -51, 0,
    -16, -20, 0, 0, 0, 0, 0, 0,
    0, 0, 0, 0, 0, 0, 0, 0,
    0, 0, 0, 0, 0, 0, 0, 0,
    0, 0, 0, 0, 0, 0, 0, -20,
    0, 0, 0, 0, 0, 0, 0, 0,
    0, 0, 0, 0, 0, 0, 0, 0,
    0, 0, 0, 0, 0, 0, 0, 0,
    0, 0, 0, 0, 0, 0, 0, 0,
    0, -22, 0, 0, 0, 0, 0, 0,
    0, 0, 0, 0, 0, 0, 0, 0,
    0, 0, 0, 0, 0, 0, 0, 0,
    0, 0, 0, -24, 0, 0, 0, 0,
    0, 0, 0, -24, 0, 0, 0, 0,
    0, 0, 0, 0, 0, 0, 0, 0,
    0, 0, 0, 0, 0, -14, -13, 0,
    0, 0, 0, 0, 0, 0, 0, 0,
    0, 0, 0, 0, 0, -11, -13, 0,
    0, 0, 0, -2, 0, 0, 0, 0,
    -25, 0, -2, 0, 0, -27, -11, 0,
    5, 0, -12, 0, 0, 0, 0, 0,
    0, 0, 0, -4, -16, -20, -12, -16,
    0, 0, -2, -11, -11, -23, -16, -11,
    0, 0, 0, 0, 0, 0, 0, -22,
    0, 0, 0, -15, -35, 0, -15, -18,
    -15, 0, -15, -15, 0, 0, 0, 0,
    -13, -25, 0, 11, 0, 0, 0, 0,
    -15, 0, 0, 0, 0, 0, 0, 0,
    0, 0, 0, 0, 0, 0, 0, 0,
    0, 0, 0, 0, 0, 0, 0, 0,
    0, 0, 0, -11, 0, 0, 0, 0,
    0, 0, 0, 0, 0, 0, -5, 0,
    0, 0, -4, 0, 0, 0, 0, 0,
    -11, 0, 0, 0, 0, 0, 0, 0,
    0, 0, 0, 0, 0, -17, 0, 0,
    0, 0, 0, -4, 0, 0, 0, 0,
    0, 0, 0, -11, 0, 0, 0, 0,
    0, 0, 0, 0, 0, -16, 0, 0,
    0, 0, 0, 0, 0, 0, -2, 0,
    0, 0, -9, 0, 0, 0, 0, 0,
    0, 0, 0, 0, 0, 0, 0, 0,
    -12, 0, -11, 0, 0, 0, 0, 0,
    0, 0, 0, 0, 0, -13, 0, 0,
    0, 0, -11, 0, 0, 0, -11, 0,
    0, 0, 0, 0, 0, 0, 0, 0,
    0, 0, 0, 0, 0, 0, 0, -10,
    -3, 0, 0, -8, 0, 0, 0, 0,
    0, 0, 0, -13, 0, 0, 0, 0,
    0, 0, -4, 0, 0, 0, 0, 0,
    0, 0, 0, 0, 0, 0, 0, 0,
    -13, -16, -15, 0, 0, -16, -11, 0,
    0, 0, 0, 0, 0, -20, 0, 0,
    0, 0, 0, 0, 0, 0, 0, 0,
    0, 0, 0, 0, 0, 0, 0, 0,
    0, 0, 0, 0, 0, 0, 0, 0,
    0, 0, 0, 0, 0, 0, 0, -29,
    0, 0, 0, 0, 0, 0, 0, 0,
    0, 0, 0, 0, 0, 0, 0, 0,
    0, 0, 0, 0, 0, 0, 0, 0,
    0, 0, 0, 0, 0, 0, 0, 0,
    0, -13, 0, 0, 0, 0, 0, 0,
    0, 0
};


/*Collect the kern class' data in one place*/
static const lv_font_fmt_txt_kern_classes_t kern_classes =
{
    .class_pair_values   = kern_class_values,
    .left_class_mapping  = kern_left_class_mapping,
    .right_class_mapping = kern_right_class_mapping,
    .left_class_cnt      = 29,
    .right_class_cnt     = 34,
};

/*--------------------
 *  ALL CUSTOM DATA
 *--------------------*/

#if LVGL_VERSION_MAJOR == 8
/*Store all the custom data of the font*/
static  lv_font_fmt_txt_glyph_cache_t cache;
#endif

#if LVGL_VERSION_MAJOR >= 8
static const lv_font_fmt_txt_dsc_t font_dsc = {
#else
static lv_font_fmt_txt_dsc_t font_dsc = {
#endif
    .glyph_bitmap = glyph_bitmap,
    .glyph_dsc = glyph_dsc,
    .cmaps = cmaps,
    .kern_dsc = &kern_classes,
    .kern_scale = 16,
    .cmap_num = 5,
    .bpp = 4,
    .kern_classes = 1,
    .bitmap_format = 1,
#if LVGL_VERSION_MAJOR == 8
    .cache = &cache
#endif
};



/*-----------------
 *  PUBLIC FONT
 *----------------*/

/*Initialize a public general font descriptor*/
#if LVGL_VERSION_MAJOR >= 8
const lv_font_t inter_20 = {
#else
lv_font_t inter_20 = {
#endif
    .get_glyph_dsc = lv_font_get_glyph_dsc_fmt_txt,    /*Function pointer to get glyph's data*/
    .get_glyph_bitmap = lv_font_get_bitmap_fmt_txt,    /*Function pointer to get glyph's bitmap*/
    .line_height = 26,          /*The maximum line height required by the font*/
    .base_line = 5,             /*Baseline measured from the bottom of the line*/
#if !(LVGL_VERSION_MAJOR == 6 && LVGL_VERSION_MINOR == 0)
    .subpx = LV_FONT_SUBPX_NONE,
#endif
#if LV_VERSION_CHECK(7, 4, 0) || LVGL_VERSION_MAJOR >= 8
    .underline_position = -3,
    .underline_thickness = 2,
#endif
    .dsc = &font_dsc,          /*The custom font data. Will be accessed by `get_glyph_bitmap/dsc` */
#if LV_VERSION_CHECK(8, 2, 0) || LVGL_VERSION_MAJOR >= 9
    .fallback = NULL,
#endif
    .user_data = NULL,
};



#endif /*#if INTER_20*/

