/*******************************************************************************
 * Size: 28 px
 * Bpp: 4
 * Opts: --bpp 4 --size 28 --font Inter-Medium-flat.ttf -r 0x20-0x7F,0xA0-0x17F,0x2014,0x2026 --font fa.woff -r 61441,61448,61451,61452,61452,61453,61457,61459,61461,61465,61468,61473,61478,61479,61480,61502,61507,61512,61515,61516,61517,61521,61522,61523,61524,61543,61544,61550,61552,61553,61556,61559,61560,61561,61563,61587,61589,61636,61637,61639,61641,61664,61671,61674,61683,61724,61732,61787,61931,62016,62017,62018,62019,62020,62087,62099,62212,62189,62810,63426,63650 --format lvgl -o stage/inter_28.c --force-fast-kern-format
 ******************************************************************************/

#ifdef LV_LVGL_H_INCLUDE_SIMPLE
#include "lvgl.h"
#else
#include "lvgl.h"
#endif

#ifndef INTER_28
#define INTER_28 1
#endif

#if INTER_28

/*-----------------
 *    BITMAPS
 *----------------*/

/*Store the image of the glyphs*/
static LV_ATTRIBUTE_LARGE_CONST const uint8_t glyph_bitmap[] = {
    /* U+0020 " " */

    /* U+0021 "!" */
    0x6f, 0xf7, 0x0, 0x7f, 0xc6, 0x0, 0x30, 0xf,
    0xfe, 0x20, 0x80, 0x4, 0x3, 0xff, 0x88, 0xe0,
    0x7, 0x0, 0xff, 0x8a, 0xa9, 0x0, 0x2a, 0xa3,
    0x0, 0x84, 0x0, 0x7d, 0xca, 0x9, 0x10, 0x53,
    0x0, 0xc3, 0x6, 0xe, 0x40,

    /* U+0022 "\"" */
    0x2f, 0xf7, 0x0, 0x3f, 0xe3, 0x0, 0x18, 0x7,
    0xff, 0x4, 0x44, 0x0, 0x10, 0x0, 0x81, 0x80,
    0x4e, 0x1, 0xff, 0x18, 0x8, 0x8, 0x8, 0x0,
    0x41, 0xc0, 0xc0, 0xc0, 0x3d, 0xd7, 0x60, 0x7,
    0xdc, 0x80,

    /* U+0023 "#" */
    0x0, 0xe4, 0xff, 0x10, 0x4, 0x3f, 0xe4, 0x0,
    0xf8, 0xc0, 0x4, 0x1, 0x28, 0x1, 0x40, 0x3e,
    0xd0, 0x30, 0xc, 0x60, 0x1, 0x0, 0xf9, 0x81,
    0x40, 0x36, 0x81, 0x80, 0x7e, 0x30, 0xf0, 0xc,
    0xe0, 0xa0, 0x18, 0x7f, 0xe0, 0x4, 0xff, 0xe2,
    0x6, 0xff, 0x28, 0x10, 0x7, 0xff, 0xd, 0x80,
    0x5d, 0xc6, 0x0, 0x77, 0xca, 0x0, 0x77, 0x8c,
    0xa, 0x20, 0xa0, 0x51, 0x1b, 0x40, 0x11, 0x10,
    0x7, 0x10, 0x38, 0x6, 0xe0, 0x20, 0xf, 0xca,
    0x4, 0x1, 0x88, 0x18, 0x3, 0xf0, 0x87, 0x0,
    0x66, 0x3, 0x0, 0xf8, 0x80, 0x4, 0x1, 0x88,
    0x38, 0x3, 0x27, 0xfb, 0x40, 0x17, 0xff, 0x80,
    0x13, 0xfe, 0x20, 0x20, 0xf, 0xfe, 0x19, 0x1,
    0x44, 0x8, 0xa, 0x23, 0x20, 0x2, 0x22, 0x0,
    0x23, 0xb8, 0x41, 0x1d, 0xf0, 0x81, 0xbb, 0xc0,
    0x1c, 0x61, 0xc0, 0x19, 0x81, 0x80, 0x3e, 0x10,
    0x1, 0x80, 0x63, 0xd, 0x0, 0xf9, 0x40, 0xc,
    0x1, 0x10, 0x0, 0xc0, 0x3e, 0x20, 0x1, 0x0,
    0x4c, 0x0, 0x60, 0xe,

    /* U+0024 "$" */
    0x0, 0xff, 0xe5, 0xdf, 0x0, 0x7f, 0xf7, 0xd2,
    0xb9, 0x7, 0xb6, 0x4, 0x3, 0x86, 0xec, 0xa2,
    0x0, 0x12, 0x7e, 0x50, 0xd, 0xa8, 0x0, 0x11,
    0x1, 0x0, 0x54, 0x80, 0x6, 0x30, 0x5, 0x72,
    0x8e, 0xe8, 0xc0, 0x12, 0x0, 0xa0, 0x4, 0x28,
    0x6, 0x2d, 0x0, 0x11, 0x0, 0x80, 0xa, 0x1,
    0xe1, 0x86, 0x60, 0x7, 0x30, 0x7, 0xcf, 0x32,
    0x20, 0x50, 0x5, 0x18, 0x7, 0xfd, 0x0, 0x1,
    0xcb, 0x60, 0xf, 0xe3, 0xa0, 0x9, 0x8, 0x71,
    0xc8, 0x3, 0xcb, 0xaa, 0x1, 0x8e, 0x36, 0x84,
    0x3, 0x8a, 0xbe, 0x88, 0x3, 0x2f, 0x98, 0x7,
    0xca, 0xc3, 0x8c, 0x0, 0x1e, 0x0, 0xff, 0x1c,
    0xe8, 0x81, 0x28, 0x7, 0xfc, 0x4c, 0x0, 0xc7,
    0xff, 0x50, 0x7, 0xef, 0x0, 0x88, 0x0, 0xa2,
    0x1, 0xf5, 0x0, 0x39, 0x44, 0x1, 0x86, 0x1,
    0x8a, 0xc8, 0x0, 0xa1, 0x0, 0x2, 0xcd, 0x51,
    0xdd, 0x20, 0x1, 0xc8, 0x1a, 0x0, 0x22, 0x10,
    0x20, 0x9, 0xa0, 0x2, 0x7d, 0x62, 0x0, 0xc4,
    0xb9, 0x20, 0x1c, 0x53, 0xbe, 0x83, 0xfb, 0x46,
    0x1, 0xff, 0xd7,

    /* U+0025 "%" */
    0x0, 0x1d, 0xf7, 0xe2, 0x0, 0x7f, 0x5f, 0xd8,
    0x6, 0x3c, 0x41, 0x3, 0xb5, 0x0, 0xf9, 0x90,
    0x24, 0x3, 0x78, 0x16, 0x6a, 0x5, 0x80, 0x78,
    0x64, 0x24, 0x80, 0x31, 0x85, 0x99, 0x40, 0x9,
    0x0, 0x75, 0x2, 0x30, 0x6, 0x10, 0x1, 0x0,
    0x8, 0x0, 0x20, 0x19, 0x90, 0x24, 0x3, 0x84,
    0x0, 0x20, 0x3, 0x0, 0x8, 0x4, 0x32, 0x12,
    0x40, 0x1e, 0x30, 0x91, 0x14, 0x0, 0x90, 0x5,
    0x40, 0x8c, 0x1, 0xf4, 0x1, 0xf7, 0x14, 0x24,
    0x2, 0x64, 0x9, 0x0, 0xfc, 0x96, 0x40, 0x2,
    0x97, 0x0, 0xc, 0x84, 0x90, 0x7, 0xf2, 0x6f,
    0xfb, 0x58, 0x2, 0xa0, 0x46, 0x0, 0xff, 0xe3,
    0x32, 0x4, 0x80, 0x7f, 0xf1, 0x86, 0x42, 0x48,
    0x0, 0xb9, 0xfd, 0x22, 0x1, 0xfe, 0xa0, 0x46,
    0x0, 0x35, 0x18, 0xb, 0x60, 0x7, 0xf3, 0x20,
    0x48, 0x5, 0x20, 0xbb, 0x40, 0x4e, 0x1, 0xf0,
    0xc8, 0x49, 0x0, 0x14, 0x1, 0x64, 0xaa, 0xb,
    0x0, 0xfa, 0x81, 0x18, 0x2, 0x30, 0x11, 0x0,
    0x34, 0x4, 0x3, 0xcc, 0x81, 0x20, 0x1f, 0xfc,
    0x61, 0x90, 0x92, 0x0, 0xc6, 0x2, 0x20, 0x6,
    0x80, 0x80, 0x75, 0x2, 0x30, 0x7, 0x20, 0x2,
    0xc9, 0x54, 0x16, 0x1, 0x99, 0x2, 0x40, 0x3c,
    0x30, 0xb, 0xb4, 0x4, 0xe0, 0x10, 0xc8, 0x49,
    0x0, 0x7c, 0xf4, 0x40, 0x2d, 0x80,

    /* U+0026 "&" */
    0x0, 0xcb, 0x9d, 0xfb, 0x0, 0x1f, 0xea, 0xa1,
    0x88, 0x13, 0xe8, 0x80, 0x7c, 0xca, 0x0, 0x35,
    0x10, 0x2a, 0x0, 0xfa, 0x80, 0x13, 0x95, 0xe2,
    0x8, 0x20, 0x1e, 0x30, 0x16, 0x0, 0xb, 0x80,
    0x8, 0x3, 0xc2, 0x1, 0xe2, 0x0, 0x10, 0x7,
    0x94, 0x5, 0x0, 0x8, 0x80, 0x31, 0x0, 0xf7,
    0x80, 0x24, 0x1a, 0xc0, 0x1e, 0x1, 0xf2, 0x28,
    0x16, 0xc8, 0x2, 0xcc, 0x3, 0xf5, 0x88, 0x10,
    0x16, 0x20, 0x7, 0xf5, 0x88, 0x5, 0x46, 0x1,
    0xf8, 0x71, 0x40, 0x34, 0x20, 0x5, 0x32, 0x60,
    0x5, 0x18, 0x16, 0xc8, 0x2, 0xc8, 0x5, 0x99,
    0x80, 0x88, 0x1, 0xc2, 0x66, 0x0, 0x3c, 0x54,
    0x0, 0x61, 0xa0, 0x9, 0x10, 0x4, 0xa0, 0x16,
    0xf0, 0x3, 0x0, 0xc0, 0x2, 0x1, 0xac, 0xc0,
    0xd4, 0x5, 0x40, 0x80, 0x1e, 0x1, 0xda, 0x20,
    0x14, 0x80, 0x2c, 0x0, 0xca, 0x1, 0x94, 0x3,
    0x10, 0x0, 0xd4, 0x1, 0x5b, 0x54, 0xeb, 0x10,
    0xa, 0xc8, 0x1, 0x4a, 0x0, 0x25, 0x50, 0x80,
    0x15, 0x80, 0x78, 0x2, 0xab, 0x52, 0x0, 0x13,
    0x65, 0x49, 0x81, 0xc8,

    /* U+0027 "'" */
    0x2f, 0xf7, 0x18, 0x0, 0xc0, 0x30, 0x80, 0x4,
    0x2, 0x70, 0xe, 0x10, 0x10, 0x30, 0x30, 0xeb,
    0xb0,

    /* U+0028 "(" */
    0x0, 0xc6, 0x88, 0x0, 0xc3, 0x97, 0x0, 0x1a,
    0x0, 0x14, 0x1, 0x98, 0x0, 0xc0, 0x13, 0x0,
    0x14, 0x3, 0x68, 0x3, 0xc0, 0x32, 0x0, 0x14,
    0x2, 0x40, 0x1, 0x80, 0x6c, 0x0, 0x20, 0x6,
    0x30, 0x6, 0x80, 0x65, 0x0, 0x38, 0x6, 0x10,
    0x1, 0x0, 0x44, 0x0, 0x10, 0xc, 0x20, 0x3,
    0x0, 0xff, 0xe0, 0x8, 0x0, 0xc0, 0x31, 0x80,
    0x4, 0x3, 0x8, 0x4, 0x20, 0x18, 0x80, 0xa,
    0x1, 0x90, 0x0, 0x60, 0x1b, 0xc0, 0x18, 0x1,
    0x9c, 0x0, 0x80, 0x18, 0x50, 0x0, 0xa0, 0x1b,
    0x40, 0x1c, 0x1, 0x98, 0x41, 0x4, 0x3, 0x48,
    0x2, 0x40, 0x33, 0x88, 0x30, 0x0,

    /* U+0029 ")" */
    0x34, 0x40, 0x6, 0xbb, 0x9c, 0x2, 0x90, 0x4,
    0x80, 0x42, 0xa0, 0x2a, 0x1, 0x78, 0x3, 0x80,
    0x25, 0x0, 0x20, 0x80, 0x48, 0x0, 0x40, 0xb,
    0x0, 0x1e, 0x1, 0x20, 0x1, 0xc0, 0x23, 0x0,
    0x10, 0x80, 0x44, 0x0, 0x20, 0x9, 0x80, 0xc,
    0x1, 0x10, 0x0, 0x80, 0x21, 0x0, 0x78, 0x5,
    0xe0, 0x1e, 0xf0, 0xf, 0x8, 0x3, 0x80, 0x22,
    0x0, 0x18, 0x4, 0xa0, 0x7, 0x0, 0x10, 0x80,
    0x8, 0x0, 0x80, 0x4, 0x0, 0xb0, 0x1, 0xa0,
    0x12, 0x80, 0x1c, 0x0, 0xc0, 0x4, 0x10, 0x5,
    0x0, 0x3c, 0x0, 0x46, 0x6, 0x80, 0xb, 0x0,
    0x40, 0x4,

    /* U+002A "*" */
    0x0, 0xec, 0xf5, 0x0, 0xfe, 0x70, 0x10, 0xe,
    0x69, 0x0, 0xf1, 0xe0, 0x84, 0x37, 0x20, 0x80,
    0x23, 0xe, 0x42, 0xc8, 0x6d, 0x2, 0x9c, 0x16,
    0x81, 0x76, 0x44, 0x40, 0x29, 0xb4, 0x40, 0x1,
    0xe1, 0x0, 0x99, 0xc0, 0x27, 0xe7, 0x2, 0x2,
    0x25, 0x62, 0x5, 0x1, 0xeb, 0x87, 0x48, 0x19,
    0x82, 0x63, 0x8, 0x41, 0xdb, 0x99, 0xc1, 0x1c,
    0x3, 0x8, 0xc, 0x80, 0x78, 0x48, 0x40, 0x30,

    /* U+002B "+" */
    0x0, 0xf7, 0x72, 0x80, 0x3f, 0xf8, 0x2, 0x30,
    0x7, 0xff, 0xd9, 0xbf, 0xf8, 0x0, 0x9f, 0xfc,
    0x20, 0x1f, 0xfc, 0x35, 0x5f, 0x0, 0x5, 0x57,
    0x84, 0xea, 0xb8, 0x0, 0xb5, 0x5c, 0x1, 0xff,
    0xf1,

    /* U+002C "," */
    0x0, 0x22, 0x40, 0x3, 0xbb, 0x50, 0x1, 0x80,
    0x8, 0x0, 0x20, 0x6, 0x0, 0x34, 0x0, 0x80,
    0x6, 0x2, 0x20, 0x0, 0x81, 0x0, 0x2, 0x20,
    0xd0, 0x1, 0x0, 0x10, 0x0,

    /* U+002D "-" */
    0xb, 0xbf, 0xe0, 0x44, 0xfe, 0x0, 0xff, 0x0,

    /* U+002E "." */
    0x0, 0x8, 0x0, 0xfb, 0x94, 0x12, 0x20, 0xa4,
    0x1, 0xd0, 0x61, 0x4,

    /* U+002F "/" */
    0x0, 0xfb, 0xfd, 0x40, 0x1e, 0x40, 0x6, 0x0,
    0x7b, 0x0, 0x8, 0x1, 0xe4, 0x1, 0x20, 0xe,
    0x13, 0x7, 0x0, 0xf2, 0x0, 0x30, 0x3, 0xd8,
    0x0, 0x40, 0xf, 0x20, 0x10, 0x80, 0x70, 0x90,
    0x20, 0x7, 0x9c, 0x1, 0xa0, 0x1e, 0xc0, 0x2,
    0x0, 0x79, 0x0, 0xc0, 0x3c, 0x42, 0x8, 0x1,
    0xe4, 0x0, 0x60, 0x7, 0xb4, 0x0, 0x80, 0x1e,
    0x40, 0x40, 0xf, 0x18, 0x3, 0x0, 0x3c, 0x80,
    0x4, 0x0, 0xf6, 0x0, 0x98, 0x7, 0x90, 0x10,
    0x3, 0xc8, 0x0, 0xc0, 0xf, 0x60, 0x1, 0x0,
    0x3c, 0x80, 0x24, 0x1, 0xc2, 0x60, 0x80, 0x1e,
    0x40, 0x7, 0x80, 0x78,

    /* U+0030 "0" */
    0x0, 0xc3, 0x1b, 0xfe, 0xd8, 0x20, 0xf, 0x93,
    0xdc, 0x80, 0x4, 0xfa, 0xa0, 0x1c, 0x96, 0x20,
    0x3, 0x30, 0x5, 0x48, 0x1, 0xa4, 0x0, 0x7d,
    0x98, 0xe4, 0x0, 0x50, 0x4, 0xc4, 0x3, 0xa2,
    0x0, 0x1b, 0x20, 0x17, 0x0, 0x50, 0x2, 0x44,
    0x3, 0xac, 0x1, 0x40, 0x3, 0x0, 0x30, 0x7,
    0x98, 0x0, 0x42, 0x60, 0x1, 0x10, 0x7, 0xc4,
    0x0, 0x56, 0x0, 0x28, 0x7, 0xe7, 0x0, 0x11,
    0x80, 0x4, 0x3, 0xf1, 0x80, 0x4, 0x40, 0x1f,
    0xfc, 0x2f, 0x10, 0xf, 0xfe, 0x17, 0x98, 0x0,
    0x40, 0x3f, 0x18, 0x0, 0x58, 0x0, 0xc0, 0x1f,
    0x9c, 0x0, 0x46, 0x0, 0x21, 0x0, 0xf8, 0x80,
    0xa, 0x6, 0x0, 0x60, 0xf, 0x30, 0x0, 0x84,
    0x28, 0x1, 0x22, 0x1, 0xd6, 0x0, 0xa0, 0x3,
    0x8, 0xe, 0x90, 0x0, 0x6c, 0x80, 0x58, 0x2,
    0xa0, 0x1, 0xee, 0xb3, 0x90, 0x1, 0x62, 0x1,
    0x25, 0x0, 0x44, 0x60, 0x14, 0xa8, 0x7, 0x2f,
    0x39, 0x0, 0x9, 0xf5, 0x80, 0x20,

    /* U+0031 "1" */
    0x0, 0x8b, 0x3f, 0xe5, 0x0, 0x2e, 0x18, 0x7,
    0x4d, 0x8, 0x7, 0x53, 0x0, 0x25, 0x0, 0x21,
    0x2, 0xd6, 0x0, 0xe5, 0xd2, 0x0, 0xe8, 0xa0,
    0xf, 0x8c, 0x3, 0xff, 0xfe, 0x1, 0xff, 0xe6,

    /* U+0032 "2" */
    0x0, 0xcb, 0x7d, 0xfd, 0x6c, 0x1, 0xe1, 0xba,
    0x41, 0x1, 0x49, 0xd2, 0x0, 0xda, 0x80, 0x2,
    0x42, 0x0, 0x17, 0x88, 0x1, 0x8c, 0x6, 0xf6,
    0xf6, 0xc4, 0xa, 0x40, 0x14, 0x0, 0x84, 0x0,
    0x92, 0x80, 0xc, 0x0, 0x30, 0x3, 0x80, 0x72,
    0x0, 0x4, 0x1, 0x55, 0x8, 0x7, 0xfc, 0xab,
    0x0, 0x78, 0xc0, 0x4, 0x1, 0xff, 0x40, 0x1,
    0x40, 0x3f, 0xcc, 0x80, 0x32, 0x1, 0xfc, 0x92,
    0x0, 0xa1, 0x0, 0xfc, 0x76, 0x0, 0x84, 0x0,
    0xfc, 0x7a, 0x0, 0x67, 0x0, 0xfc, 0x5a, 0x20,
    0xb2, 0x1, 0xf8, 0xb0, 0x41, 0x28, 0x3, 0xf0,
    0xe0, 0x81, 0xd8, 0x7, 0xe1, 0xc1, 0x3, 0xc0,
    0xf, 0xc3, 0x84, 0x5, 0xa0, 0x1f, 0xda, 0x40,
    0x3, 0xcd, 0xdf, 0x94, 0xc, 0x2, 0x12, 0x2f,
    0xc6, 0x1, 0xff, 0xc3,

    /* U+0033 "3" */
    0x0, 0xcb, 0x5b, 0xfd, 0xb0, 0x40, 0x1e, 0x1c,
    0xa5, 0x20, 0x12, 0x7d, 0x60, 0xe, 0xc3, 0x0,
    0xa, 0x18, 0x5, 0x2a, 0x1, 0x41, 0x0, 0xdf,
    0x5e, 0x72, 0x0, 0x20, 0x2, 0x50, 0x6, 0xa0,
    0x4, 0x36, 0x0, 0x22, 0x0, 0x22, 0xa8, 0x60,
    0x1e, 0x30, 0x0, 0x80, 0x15, 0x60, 0xf, 0x8c,
    0x0, 0x40, 0x1f, 0xe1, 0xb0, 0x3, 0x8, 0x7,
    0x8a, 0xa9, 0x9c, 0x80, 0xb2, 0x1, 0xf3, 0x2a,
    0x8c, 0x1, 0x54, 0x0, 0xff, 0xe1, 0x55, 0x88,
    0x7, 0xc9, 0xfe, 0xea, 0x20, 0x4c, 0x10, 0xf,
    0xe1, 0x5c, 0x20, 0x29, 0x0, 0xff, 0x86, 0x0,
    0xa, 0x1, 0xff, 0xc0, 0x70, 0x1, 0x2, 0x77,
    0x2c, 0x3, 0xe6, 0x0, 0x8, 0x30, 0x89, 0xc,
    0x3, 0xdc, 0x0, 0x50, 0x23, 0x0, 0x6a, 0x80,
    0x43, 0x4a, 0x0, 0xf0, 0x7, 0x0, 0x6, 0xbf,
    0x37, 0x94, 0x0, 0xa8, 0x0, 0x2c, 0x20, 0x8,
    0xc8, 0x2, 0x7a, 0x0, 0xc7, 0xb4, 0x82, 0x2,
    0x4f, 0xb0, 0x1, 0x0,

    /* U+0034 "4" */
    0x0, 0xfe, 0xef, 0xf8, 0xc0, 0x3f, 0xd2, 0x20,
    0x1f, 0xfc, 0x13, 0x60, 0xf, 0xfe, 0x17, 0x80,
    0x7f, 0xf0, 0x98, 0xc1, 0x4c, 0x3, 0xfc, 0x30,
    0x0, 0xb0, 0xf, 0xfa, 0xc4, 0x20, 0x40, 0x3f,
    0xc6, 0xa0, 0x4e, 0x1, 0xff, 0x70, 0x2, 0x40,
    0x3f, 0xe7, 0x20, 0x54, 0x0, 0xff, 0xc, 0x0,
    0x2c, 0x3, 0xfe, 0xb0, 0x4, 0x8, 0x7, 0xf9,
    0x14, 0x9, 0xc0, 0x3f, 0xe9, 0x0, 0x48, 0x7,
    0xfc, 0xc4, 0x0, 0x8c, 0xce, 0x30, 0x7, 0xe5,
    0x8, 0x4, 0x67, 0xe0, 0x8, 0xcc, 0x80, 0x1f,
    0xfc, 0x47, 0xff, 0xfe, 0x30, 0x6, 0x7f, 0x0,
    0x7f, 0xf9, 0x0,

    /* U+0035 "5" */
    0x0, 0x7f, 0xff, 0xca, 0x0, 0x10, 0xf, 0xfe,
    0x11, 0x0, 0x4, 0xcf, 0xf3, 0x0, 0x1c, 0x0,
    0xf9, 0x9f, 0x8c, 0x0, 0x40, 0xe, 0x0, 0xff,
    0xb8, 0x0, 0x40, 0x1f, 0xf1, 0x0, 0x4, 0x3,
    0xfe, 0x10, 0x3, 0xbb, 0x7f, 0xb1, 0x80, 0x39,
    0x80, 0x1d, 0x4, 0x2, 0x73, 0xa4, 0x1, 0x10,
    0x0, 0x85, 0x14, 0x40, 0x5, 0xe0, 0x14, 0x31,
    0xd7, 0x5d, 0x74, 0x80, 0xa, 0x0, 0xf, 0x38,
    0xa0, 0x19, 0xa0, 0x0, 0xc0, 0x1f, 0xf3, 0x88,
    0x9, 0x0, 0x7f, 0xc4, 0x0, 0x60, 0xf, 0xf9,
    0xc0, 0x24, 0xcc, 0x40, 0x7, 0xca, 0x0, 0x66,
    0x19, 0x9c, 0x40, 0x39, 0x84, 0x8, 0xa3, 0x0,
    0x69, 0x0, 0x4d, 0x20, 0xa, 0x0, 0x78, 0x0,
    0xf7, 0x57, 0xd2, 0x0, 0x47, 0x0, 0x1d, 0x88,
    0x0, 0x90, 0x40, 0xb, 0x60, 0x19, 0x3e, 0xc,
    0x40, 0x96, 0xe8, 0x2,

    /* U+0036 "6" */
    0x0, 0xe7, 0xcf, 0xf6, 0xd2, 0x0, 0x7c, 0x5b,
    0x6, 0x0, 0x25, 0xba, 0x0, 0xe1, 0xc2, 0x0,
    0x9, 0x0, 0x4b, 0x40, 0x1a, 0x84, 0xb, 0x3b,
    0x7d, 0xc0, 0xa, 0x80, 0x3, 0x40, 0x1c, 0x30,
    0xa, 0x18, 0x1, 0xc0, 0x9, 0x0, 0x58, 0x80,
    0x74, 0x4c, 0xbc, 0x0, 0x80, 0x5, 0x0, 0xf0,
    0xb3, 0x14, 0x8, 0x40, 0xc0, 0x63, 0x7f, 0xad,
    0x40, 0x33, 0x0, 0x14, 0xfd, 0xc8, 0x5, 0x2a,
    0x80, 0x11, 0x0, 0xb, 0x44, 0x48, 0xa2, 0x0,
    0x5a, 0x0, 0xe4, 0x16, 0xeb, 0xae, 0x70, 0x2,
    0xa0, 0x7, 0x24, 0x80, 0x68, 0x50, 0x7, 0x80,
    0x74, 0x0, 0x7a, 0x0, 0x8, 0x4, 0x1, 0x18,
    0x7, 0x88, 0x2, 0x16, 0x0, 0xff, 0xe1, 0x9,
    0x8, 0x0, 0xc0, 0x3c, 0x60, 0x1, 0x0, 0x30,
    0x2, 0x0, 0x3d, 0x0, 0x7, 0x0, 0x48, 0x1,
    0x28, 0x40, 0x3, 0x48, 0x0, 0xa0, 0x0, 0xc8,
    0x1, 0x7b, 0x31, 0xca, 0x0, 0x83, 0x0, 0x9a,
    0x40, 0x23, 0x30, 0x5, 0xe, 0x1, 0xcd, 0xae,
    0x40, 0x2, 0x6d, 0x70, 0x8,

    /* U+0037 "7" */
    0xcf, 0xff, 0xfe, 0x6, 0x0, 0x7f, 0xf0, 0x98,
    0x8b, 0xf8, 0x40, 0xf, 0x5b, 0xbf, 0xc6, 0x0,
    0xc0, 0xf, 0xe5, 0x20, 0x17, 0x0, 0xfe, 0x90,
    0x4, 0x80, 0x7f, 0x21, 0x80, 0xb8, 0x7, 0xf4,
    0x0, 0x24, 0x3, 0xf9, 0xc, 0x0, 0xe0, 0x1f,
    0xd0, 0x0, 0x70, 0xf, 0xe4, 0x30, 0x4, 0x80,
    0x7f, 0x78, 0x1, 0xc4, 0x3, 0xf1, 0xa0, 0x2,
    0x40, 0x3f, 0xa0, 0x0, 0xe2, 0x1, 0xf8, 0xd0,
    0x1, 0x20, 0x1f, 0xd0, 0x0, 0x61, 0x0, 0xfc,
    0x48, 0x0, 0x80, 0xf, 0xe8, 0x0, 0x30, 0x80,
    0x7e, 0x25, 0x0, 0x58, 0x7, 0xf4, 0x0, 0x18,
    0x80, 0x3f, 0x12, 0x80, 0x2c, 0x3, 0xf0,

    /* U+0038 "8" */
    0x0, 0xc9, 0x5b, 0xfd, 0xb0, 0x40, 0x1e, 0x1b,
    0xb2, 0x90, 0x9, 0x3e, 0xb0, 0x7, 0x6a, 0x0,
    0x9, 0x10, 0x1, 0x4b, 0x0, 0x4a, 0x60, 0xa,
    0xdb, 0xb7, 0x28, 0x2, 0x0, 0x2c, 0x0, 0x3a,
    0x80, 0x43, 0x42, 0x2, 0x60, 0x3, 0x0, 0x68,
    0x7, 0x88, 0x0, 0xe0, 0xd, 0x0, 0x68, 0x7,
    0x88, 0x0, 0xa0, 0x6, 0x0, 0x3a, 0x0, 0x69,
    0x10, 0x51, 0x0, 0xd, 0x80, 0x2f, 0x26, 0xb9,
    0x81, 0x28, 0x3, 0x27, 0x18, 0x1b, 0x28, 0x83,
    0xd8, 0x7, 0x2f, 0x98, 0x7, 0x9e, 0xc4, 0x2,
    0x4a, 0x10, 0x5c, 0xfe, 0xa2, 0x4, 0xc0, 0xa,
    0x40, 0x11, 0x46, 0x2, 0xb8, 0x40, 0x4e, 0x6,
    0x40, 0x2e, 0x1, 0xc3, 0x0, 0xa, 0x5, 0x0,
    0x28, 0x7, 0xce, 0x0, 0x20, 0xc, 0xe0, 0x1f,
    0xfc, 0x5, 0x0, 0x19, 0x0, 0x7a, 0x80, 0x4,
    0x6, 0x40, 0xf, 0x30, 0xc, 0xee, 0x0, 0x50,
    0x3, 0x80, 0x5, 0x98, 0xab, 0xe8, 0x0, 0x1b,
    0x80, 0xf, 0x8, 0x0, 0x6a, 0x82, 0x0, 0x5c,
    0x0, 0xc7, 0xb2, 0x82, 0x2, 0x4d, 0x94, 0x1,
    0x0,

    /* U+0039 "9" */
    0x0, 0xc9, 0x5b, 0xfd, 0x6c, 0x1, 0xf0, 0xdd,
    0x94, 0x80, 0x52, 0x74, 0x80, 0x3b, 0x10, 0x0,
    0x26, 0x40, 0x2, 0xc1, 0x0, 0xa4, 0x80, 0x13,
    0xd9, 0xb8, 0x40, 0x34, 0x1, 0x30, 0x2, 0x98,
    0x2, 0x3c, 0x10, 0x43, 0x4, 0x0, 0x12, 0x80,
    0x70, 0xb0, 0x2, 0x80, 0x80, 0xe, 0x1, 0xf6,
    0x80, 0x14, 0x3, 0xff, 0x86, 0x60, 0x40, 0x4,
    0x0, 0xfb, 0xc0, 0x32, 0x8, 0xc, 0x0, 0x72,
    0x28, 0x4, 0x20, 0xc0, 0x7, 0x92, 0x2, 0x8b,
    0x0, 0xf4, 0x20, 0x1, 0xb7, 0xf5, 0xc2, 0x44,
    0x0, 0x20, 0xb, 0x60, 0xf, 0x53, 0x8, 0x8,
    0x6, 0x9e, 0x97, 0x75, 0x7a, 0x90, 0x0, 0x80,
    0x38, 0x5a, 0x20, 0xa0, 0x4, 0x0, 0x20, 0x15,
    0xda, 0x80, 0x3e, 0xa0, 0x6, 0x1, 0x22, 0x15,
    0x40, 0x1c, 0xa6, 0x4, 0x80, 0x6, 0x0, 0x52,
    0x80, 0x4d, 0x40, 0x8, 0x0, 0xa0, 0x80, 0x15,
    0xfb, 0xf2, 0x0, 0x55, 0x0, 0x43, 0xe6, 0x1,
    0x10, 0x4, 0xb4, 0x1, 0xc5, 0x92, 0x82, 0x2,
    0xb7, 0x40, 0x18,

    /* U+003A ":" */
    0x0, 0x8, 0x0, 0xfb, 0x94, 0x12, 0x20, 0xa4,
    0x1, 0xd0, 0x61, 0x4, 0x4c, 0xf7, 0x0, 0xff,
    0xe8, 0x8, 0x0, 0xfb, 0x94, 0x12, 0x20, 0xa4,
    0x1, 0xd0, 0x61, 0x4,

    /* U+003B ";" */
    0x0, 0x84, 0x3, 0x67, 0x68, 0x82, 0x98, 0x14,
    0x80, 0x80, 0x5e, 0x8, 0xc0, 0x8e, 0x0, 0x9f,
    0xb0, 0xf, 0xfe, 0xda, 0x24, 0x0, 0x3b, 0xb5,
    0x0, 0x18, 0x0, 0x80, 0x2, 0x0, 0x60, 0x3,
    0x40, 0x8, 0x0, 0x60, 0x22, 0x0, 0x8, 0x10,
    0x0, 0x22, 0xd, 0x0, 0x10, 0x1, 0x0, 0x0,

    /* U+003C "<" */
    0x0, 0xff, 0xe6, 0x8c, 0x40, 0x3, 0xf8, 0x63,
    0x9c, 0x40, 0x3e, 0x18, 0xe7, 0x0, 0xfc, 0x31,
    0xce, 0x1, 0x2d, 0x80, 0x43, 0x1c, 0xe0, 0x13,
    0x75, 0x10, 0xc, 0x73, 0x80, 0x5, 0xfa, 0x44,
    0x0, 0xdc, 0xe0, 0x1, 0x8e, 0x81, 0x0, 0xd8,
    0x1, 0x4f, 0x38, 0x7, 0xfd, 0xe, 0x1, 0xfa,
    0xa0, 0x40, 0x63, 0xe0, 0x40, 0x3c, 0xfd, 0x2,
    0x0, 0x7e, 0x92, 0x0, 0xf3, 0xf4, 0x8, 0x1,
    0xb6, 0x8c, 0x3, 0xcf, 0xd0, 0x20, 0x5, 0xc7,
    0x0, 0xf9, 0xfa, 0x4, 0x1, 0xc0, 0x1f, 0xcf,
    0xd0, 0x20, 0x1f, 0xfc, 0x7, 0xea,

    /* U+003D "=" */
    0xf, 0xff, 0xfe, 0x5, 0x80, 0x7f, 0xf0, 0xcc,
    0xff, 0xf8, 0x21, 0x99, 0xff, 0xc0, 0x80, 0xf,
    0xfe, 0x8e, 0x67, 0xff, 0x2, 0x0, 0xcf, 0xff,
    0x82, 0x1, 0xff, 0xc2,

    /* U+003E ">" */
    0x0, 0xff, 0xe1, 0x63, 0x0, 0x7f, 0xf0, 0xa,
    0x75, 0x80, 0x3f, 0xf8, 0x5, 0x3a, 0xc0, 0x1f,
    0xa8, 0xc0, 0x5, 0x3a, 0xc0, 0x1e, 0x4c, 0xc2,
    0x0, 0xa, 0x75, 0x80, 0x3c, 0x77, 0xaa, 0x0,
    0x29, 0xd6, 0x0, 0xf1, 0x57, 0x30, 0x0, 0xa7,
    0x4c, 0x3, 0xc3, 0x3c, 0xa0, 0x2, 0x60, 0xf,
    0x8a, 0x14, 0x3, 0xf8, 0xeb, 0x58, 0x0, 0x76,
    0xa0, 0x12, 0x5e, 0x28, 0x0, 0xef, 0x10, 0x0,
    0xb9, 0x68, 0x0, 0x3b, 0xc4, 0x0, 0xb2, 0x8c,
    0x0, 0x77, 0x88, 0x1, 0xc4, 0x0, 0x3b, 0xc4,
    0x0, 0xfc, 0x77, 0x88, 0x1, 0xfd, 0xb8, 0x80,
    0x1f, 0xf0,

    /* U+003F "?" */
    0x0, 0x9f, 0x3b, 0xfa, 0x90, 0x3, 0x16, 0xc1,
    0x88, 0xa, 0xdc, 0x80, 0x58, 0x40, 0x3, 0x41,
    0x0, 0x34, 0x3, 0x88, 0xe, 0x62, 0xf9, 0x80,
    0xe, 0x38, 0x0, 0x83, 0x0, 0xa4, 0x40, 0xa,
    0x6a, 0xa4, 0x0, 0xe5, 0x0, 0xc, 0x55, 0x8,
    0x3, 0x94, 0x0, 0x20, 0x1f, 0x9c, 0x40, 0x50,
    0x3, 0xe8, 0x80, 0x2, 0x40, 0x3c, 0x38, 0xe0,
    0x7, 0x70, 0x7, 0xb0, 0xc0, 0x6e, 0x0, 0x3c,
    0xa4, 0x3, 0xe8, 0x1, 0xf6, 0x0, 0x20, 0x40,
    0x3f, 0x10, 0x1, 0x40, 0x3f, 0xb9, 0xdc, 0x40,
    0x1f, 0xcb, 0x10, 0x10, 0xf, 0xf0, 0x80, 0x7f,
    0xd5, 0xdc, 0x30, 0xf, 0xc6, 0xa0, 0x32, 0x1,
    0xff, 0xc9, 0x37, 0x3, 0x80, 0xe,

    /* U+0040 "@" */
    0x0, 0xff, 0x1a, 0xb3, 0x14, 0xc0, 0x3f, 0xf8,
    0x8d, 0x7f, 0x95, 0x32, 0xac, 0xfb, 0x40, 0xf,
    0xf9, 0x3a, 0x50, 0x3, 0xf2, 0x5e, 0x10, 0x7,
    0xe7, 0xb1, 0x1, 0x7b, 0xef, 0xf7, 0x64, 0x10,
    0x1e, 0xa0, 0x7, 0x9e, 0x0, 0x11, 0xd0, 0x82,
    0x0, 0x13, 0x7d, 0x90, 0x5, 0x98, 0x6, 0x38,
    0x0, 0x5b, 0x80, 0x7f, 0x9b, 0x0, 0x1a, 0x20,
    0x17, 0x80, 0x29, 0x0, 0x3f, 0xf8, 0x7, 0x40,
    0x32, 0x0, 0x43, 0x5, 0x50, 0x4, 0x55, 0xdf,
    0xb0, 0x15, 0x44, 0x5, 0x40, 0x71, 0xe, 0x0,
    0x40, 0x4, 0xba, 0xa2, 0x4, 0xf8, 0xaa, 0x20,
    0x7, 0x80, 0x10, 0x10, 0x8, 0x80, 0x2, 0xa0,
    0x2, 0xba, 0x81, 0x80, 0x72, 0x0, 0x3c, 0x84,
    0x14, 0x2, 0x90, 0x6, 0x54, 0x57, 0x10, 0x7,
    0x8c, 0x1d, 0x80, 0x1c, 0x0, 0x14, 0x7, 0x30,
    0x8, 0x64, 0x3, 0xcc, 0x6, 0x40, 0x2, 0x0,
    0x28, 0x2, 0x80, 0x39, 0x40, 0x3c, 0x60, 0x22,
    0x0, 0x38, 0x0, 0x40, 0x4, 0x1, 0xc2, 0x1,
    0xf8, 0x44, 0x0, 0x70, 0xe, 0x10, 0xf, 0xfe,
    0x1, 0x81, 0x98, 0x0, 0x20, 0x1, 0x0, 0x10,
    0x7, 0x10, 0x7, 0x84, 0x18, 0x40, 0x4, 0x0,
    0x40, 0x5, 0x80, 0x72, 0x80, 0x79, 0x40, 0x94,
    0x1, 0xa0, 0x12, 0x3, 0x98, 0x4, 0x52, 0x0,
    0xe0, 0x1, 0x88, 0x68, 0x90, 0x20, 0x5, 0x0,
    0xc, 0xa8, 0xad, 0x11, 0x3, 0x2a, 0xb8, 0x9,
    0x1, 0x40, 0x54, 0x0, 0x70, 0x0, 0x57, 0x50,
    0x78, 0x1, 0xaa, 0x10, 0x48, 0x2, 0x80, 0x10,
    0x1, 0x3d, 0xa0, 0x81, 0x4c, 0x35, 0x18, 0x89,
    0x31, 0x0, 0x4, 0xa0, 0x54, 0x1, 0x25, 0xf7,
    0xeb, 0x0, 0x17, 0x3b, 0x96, 0x60, 0x1a, 0xc4,
    0x16, 0x80, 0x3f, 0xf9, 0x3, 0xa2, 0xb, 0xcc,
    0x1, 0xf8, 0x54, 0x3, 0xf8, 0xf0, 0x80, 0x67,
    0xf2, 0x61, 0xe2, 0x77, 0xa8, 0x80, 0x3f, 0x8b,
    0x60, 0x40, 0x6, 0xcf, 0xe, 0xc4, 0x0, 0x40,
    0xf, 0xf9, 0xfa, 0xdc, 0xc8, 0x0, 0x24, 0xb1,
    0xac, 0x1, 0xc0,

    /* U+0041 "A" */
    0x0, 0xf8, 0xff, 0xee, 0x0, 0xff, 0xe1, 0xd0,
    0x4, 0x28, 0x1, 0xff, 0xc2, 0x70, 0xd, 0xc0,
    0x1f, 0xfc, 0x14, 0x10, 0x61, 0x5, 0x0, 0xff,
    0xe0, 0xe8, 0x3, 0x10, 0x0, 0xa0, 0x1f, 0xfc,
    0x7, 0x0, 0x27, 0x80, 0x38, 0x3, 0xfe, 0x41,
    0x3, 0x14, 0x0, 0x20, 0x80, 0x7f, 0xb8, 0x1,
    0x60, 0x26, 0x0, 0x70, 0xf, 0xf2, 0x80, 0x10,
    0x1, 0x60, 0xa, 0x0, 0xfe, 0x50, 0x0, 0x98,
    0x1, 0x40, 0x6, 0x20, 0x1f, 0xbc, 0x0, 0xe0,
    0x11, 0x10, 0x0, 0xc0, 0x1f, 0x94, 0x1, 0xa0,
    0x19, 0x40, 0x14, 0x1, 0xf2, 0x80, 0x5, 0x0,
    0x35, 0x0, 0x8, 0x80, 0x1e, 0xe0, 0x0, 0xff,
    0xf6, 0x80, 0x54, 0x1, 0xc2, 0x80, 0x1f, 0xfc,
    0x5, 0x0, 0xe7, 0x0, 0x91, 0x3f, 0x0, 0x8,
    0xc0, 0x35, 0x0, 0x1a, 0xef, 0xf1, 0x80, 0x28,
    0x2, 0x13, 0x0, 0x68, 0x7, 0xeb, 0x0, 0x38,
    0x4, 0xc0, 0x1, 0x40, 0xf, 0xcc, 0x0, 0x14,
    0x0, 0x58, 0x1, 0xc0, 0x3f, 0x84, 0xc0, 0x1c,
    0x4, 0x60, 0xa, 0x0, 0xff, 0x50, 0x1, 0x40,

    /* U+0042 "B" */
    0xcf, 0xff, 0xbb, 0x60, 0x80, 0x3f, 0xe1, 0x27,
    0xd6, 0x0, 0xe2, 0x33, 0xc2, 0x1, 0x4a, 0x0,
    0x6b, 0xcc, 0xdd, 0x84, 0x0, 0x80, 0xf, 0xf1,
    0xf0, 0x0, 0xc0, 0x3f, 0xe3, 0x0, 0x88, 0x3,
    0xff, 0x84, 0x60, 0x1f, 0xe6, 0x0, 0x18, 0x80,
    0x7e, 0x29, 0x90, 0xf, 0x0, 0x69, 0xff, 0xda,
    0xc0, 0xfe, 0x40, 0x1f, 0xfc, 0x4, 0x40, 0x7,
    0x2c, 0x46, 0x73, 0x3, 0xa8, 0x0, 0xd8, 0xef,
    0xa3, 0x28, 0x0, 0xe8, 0x1, 0xfe, 0x57, 0x0,
    0x78, 0x7, 0xfd, 0x60, 0x5, 0x0, 0xff, 0xe7,
    0x20, 0x0, 0xc0, 0x3f, 0xcb, 0x0, 0x5, 0x0,
    0xaf, 0x33, 0xbe, 0x80, 0x3, 0x20, 0x11, 0x19,
    0xf0, 0x4, 0x5a, 0x20, 0x1f, 0xc2, 0x93, 0xa6,
    0x0,

    /* U+0043 "C" */
    0x0, 0xf3, 0x5f, 0x7f, 0x6c, 0x18, 0x7, 0xf3,
    0x74, 0xa0, 0x80, 0x93, 0xe5, 0x8, 0x7, 0xa2,
    0x44, 0x3, 0xf2, 0xe0, 0x80, 0x66, 0x70, 0x1,
    0x4f, 0x7f, 0xb1, 0x80, 0x5, 0xa0, 0x10, 0xc8,
    0x0, 0xf1, 0x84, 0x0, 0x73, 0x40, 0x3, 0x50,
    0x4, 0x80, 0x7, 0x44, 0x3, 0xca, 0xe0, 0xe,
    0x0, 0x30, 0x2, 0x4, 0x3, 0xf5, 0x0, 0x14,
    0x8, 0x40, 0xe, 0x1, 0xfc, 0x5f, 0xee, 0x7,
    0x0, 0x10, 0x80, 0x7f, 0xf0, 0x8c, 0x0, 0xc0,
    0x1f, 0xfc, 0x31, 0x0, 0x8, 0x7, 0xff, 0xc,
    0x40, 0x2, 0x1, 0xff, 0xc3, 0x30, 0x3, 0x0,
    0x7f, 0xf0, 0xdc, 0x0, 0x42, 0x1, 0xff, 0xc2,
    0x21, 0x0, 0x38, 0x7, 0xf1, 0x7f, 0xb8, 0x0,
    0xc0, 0x8, 0x10, 0xf, 0xd4, 0x0, 0x50, 0x4,
    0x80, 0x6, 0x80, 0x3e, 0x57, 0x0, 0x70, 0x0,
    0x64, 0x0, 0x9a, 0xc2, 0x0, 0x39, 0xa0, 0x2,
    0x28, 0x4, 0xce, 0x0, 0x29, 0xef, 0xf6, 0x30,
    0x0, 0xa8, 0x3, 0xa2, 0x40, 0x3f, 0x9b, 0x4,
    0x3, 0xcd, 0xd0, 0x82, 0x2, 0x6f, 0x92, 0x20,
    0x10,

    /* U+0044 "D" */
    0xcf, 0xff, 0xba, 0xdc, 0x40, 0x3f, 0xf8, 0x22,
    0x91, 0xd0, 0x1, 0xf0, 0x91, 0x42, 0x1, 0x9f,
    0x0, 0x3d, 0x1b, 0xb7, 0x7e, 0x20, 0x0, 0xe8,
    0x3, 0xfe, 0x3b, 0x90, 0x2, 0xa0, 0x7, 0xff,
    0x1, 0x98, 0x0, 0x80, 0xf, 0xfe, 0xc, 0x0,
    0xc, 0x80, 0x3f, 0xf8, 0x2, 0x60, 0x4, 0x0,
    0xff, 0xe0, 0xa0, 0x3, 0x80, 0x3f, 0xf8, 0x3e,
    0x0, 0x20, 0xf, 0xfe, 0x8, 0x80, 0x7f, 0xf1,
    0x4, 0x0, 0x60, 0x1f, 0xfc, 0x1f, 0x0, 0x8,
    0x7, 0xff, 0x5, 0x0, 0x1a, 0x1, 0xff, 0xc0,
    0x23, 0x0, 0x20, 0x7, 0xff, 0x2, 0x0, 0x6,
    0x20, 0x1f, 0xf3, 0xa8, 0x2, 0x0, 0x3f, 0xc9,
    0x70, 0x0, 0x54, 0x0, 0xd1, 0xbb, 0x77, 0xda,
    0x0, 0x12, 0x80, 0x38, 0x48, 0xa1, 0x0, 0xcf,
    0x60, 0x1f, 0xf0, 0xa4, 0x74, 0x0, 0x60,

    /* U+0045 "E" */
    0xcf, 0xff, 0xfe, 0x0, 0x80, 0x7f, 0xf1, 0x48,
    0xcf, 0xf8, 0x40, 0x2b, 0xcc, 0xfe, 0x0, 0xff,
    0xff, 0x4f, 0xff, 0xe6, 0x0, 0xff, 0xe3, 0x11,
    0x9f, 0xe2, 0x0, 0xd7, 0x99, 0xf9, 0x0, 0x3f,
    0xff, 0xd7, 0x99, 0xfc, 0x20, 0x11, 0x19, 0xff,
    0x80, 0x3f, 0xf8, 0x40,

    /* U+0046 "F" */
    0xcf, 0xff, 0xfe, 0x0, 0x7, 0xff, 0x10, 0x8c,
    0xff, 0x20, 0x5, 0x79, 0x9f, 0xac, 0x3, 0xff,
    0xf1, 0x79, 0x9f, 0x80, 0x31, 0x19, 0xfe, 0x0,
    0xff, 0xe2, 0xcf, 0xff, 0xe0, 0xf, 0xff, 0xf8,
    0x7, 0xff, 0x48,

    /* U+0047 "G" */
    0x0, 0xe1, 0x7b, 0xef, 0xec, 0x83, 0x0, 0xfe,
    0x6e, 0x84, 0x10, 0x13, 0x7c, 0xa1, 0x0, 0xf4,
    0x48, 0x7, 0xf2, 0xe0, 0x80, 0x66, 0x70, 0x1,
    0x4f, 0x7f, 0xb1, 0x40, 0x5, 0xa0, 0x10, 0xc8,
    0x0, 0xf1, 0x84, 0x0, 0x75, 0x20, 0x3, 0x60,
    0x4, 0x80, 0x7, 0x44, 0x3, 0xcc, 0xa0, 0xa,
    0x0, 0x30, 0x2, 0x4, 0x3, 0xf4, 0x2a, 0x98,
    0x8, 0x40, 0xe, 0x1, 0xfc, 0x55, 0x50, 0x38,
    0x0, 0x84, 0x3, 0xff, 0x84, 0x60, 0x6, 0x0,
    0xff, 0xe1, 0x88, 0x0, 0x40, 0x3d, 0x7f, 0xff,
    0x28, 0x80, 0x4, 0x3, 0xff, 0x86, 0x60, 0x6,
    0x0, 0xf6, 0x2a, 0xe1, 0x0, 0xb, 0x80, 0x8,
    0x40, 0x39, 0xea, 0xb1, 0x80, 0x1c, 0x84, 0x0,
    0xe0, 0x1f, 0xe2, 0x0, 0x10, 0x30, 0x2, 0x4,
    0x3, 0xf3, 0x80, 0x8, 0x42, 0x40, 0x3, 0xa2,
    0x1, 0xe3, 0x80, 0x5, 0x0, 0x6, 0x40, 0x7,
    0xec, 0x20, 0x2, 0x8c, 0x0, 0x1b, 0x80, 0x4c,
    0xc0, 0x0, 0xcf, 0x7f, 0xb5, 0xc0, 0x3, 0xa0,
    0x1d, 0x32, 0x0, 0xfe, 0x4f, 0x10, 0xf, 0x37,
    0x42, 0x8, 0x0, 0x96, 0xec, 0x20, 0x10,

    /* U+0048 "H" */
    0xcf, 0xf3, 0x0, 0x7f, 0x47, 0xfa, 0x40, 0x3f,
    0xff, 0xe0, 0x1f, 0xff, 0x49, 0xff, 0xfe, 0x70,
    0xf, 0xfe, 0x59, 0x19, 0xff, 0x8, 0x7, 0xaf,
    0x33, 0xf9, 0x80, 0x3f, 0xff, 0xe0, 0x1f, 0xff,
    0x40,

    /* U+0049 "I" */
    0xcf, 0xf3, 0x0, 0x7f, 0xff, 0xc0, 0x38,

    /* U+004A "J" */
    0x0, 0xfe, 0x4f, 0xf6, 0x80, 0x7f, 0xff, 0xc0,
    0x3f, 0xff, 0xe0, 0x1e, 0x68, 0x81, 0x0, 0x7f,
    0x53, 0xbc, 0x1, 0xfc, 0xe0, 0x2, 0x0, 0xe1,
    0x0, 0x9, 0x0, 0x30, 0x3, 0xbc, 0x0, 0xda,
    0x0, 0x47, 0x0, 0x99, 0x40, 0x1e, 0x88, 0x0,
    0x47, 0x67, 0x48, 0x0, 0xd4, 0x28, 0xc0, 0x2,
    0x62, 0x0, 0x2d, 0x0, 0xe, 0x52, 0x8, 0x9,
    0xce, 0x88, 0x0,

    /* U+004B "K" */
    0xcf, 0xf3, 0x0, 0x7c, 0x3d, 0xfe, 0xe1, 0x0,
    0xff, 0xb4, 0x40, 0x70, 0x40, 0x3f, 0xd6, 0x60,
    0xd, 0x20, 0xf, 0xf4, 0xa0, 0x2, 0x8c, 0x3,
    0xfc, 0xec, 0x0, 0x85, 0x0, 0xff, 0x34, 0x0,
    0x19, 0xc0, 0x3e, 0x30, 0x2, 0x48, 0x1, 0x64,
    0x3, 0xfc, 0x54, 0x0, 0x3a, 0x0, 0xff, 0xbc,
    0x40, 0xb4, 0x3, 0xfe, 0xa2, 0x0, 0x30, 0x80,
    0x7f, 0xb9, 0x40, 0x24, 0x50, 0xf, 0xf2, 0x0,
    0xa8, 0x2, 0xc4, 0x3, 0xfc, 0x39, 0x44, 0x3,
    0x40, 0x1f, 0xed, 0x20, 0x90, 0x2, 0x30, 0x7,
    0xe8, 0x30, 0x2, 0x30, 0x2, 0x48, 0x3, 0xe1,
    0x0, 0xd2, 0x40, 0xe, 0x0, 0xff, 0xe0, 0xf0,
    0x0, 0xdc, 0x3, 0xff, 0x80, 0x6e, 0x0, 0x82,
    0x0, 0xff, 0xe0, 0x41, 0x0, 0x38, 0x3, 0xff,
    0x83, 0xc0, 0x3, 0x70, 0xf, 0xfe, 0x1, 0xb8,
    0x2, 0x8,

    /* U+004C "L" */
    0xcf, 0xf3, 0x0, 0x7f, 0xff, 0xc0, 0x3f, 0xff,
    0xe0, 0x1f, 0xff, 0xf0, 0xf, 0xd7, 0x99, 0xf9,
    0xc0, 0x22, 0x33, 0xfd, 0xc0, 0x1f, 0xfc, 0x10,

    /* U+004D "M" */
    0xcf, 0xfc, 0x1, 0xff, 0x3f, 0xfe, 0x50, 0xe,
    0x60, 0xf, 0xf5, 0x0, 0x7f, 0xa8, 0x3, 0xf8,
    0xc8, 0x3, 0xf0, 0x81, 0x90, 0x7, 0xea, 0x0,
    0x8, 0x7, 0x90, 0x1, 0x40, 0x1f, 0x9c, 0x5,
    0x40, 0x3d, 0xe0, 0x5, 0x0, 0xf9, 0x4, 0x10,
    0x3, 0xe6, 0x20, 0x23, 0x0, 0xf7, 0x0, 0x3d,
    0xc0, 0x3c, 0xea, 0x0, 0xa0, 0xe, 0x15, 0x0,
    0x28, 0x7, 0xeb, 0x0, 0x30, 0x7, 0x38, 0x1,
    0x40, 0x3f, 0x8c, 0x80, 0xa, 0x1, 0xa8, 0x1,
    0xe0, 0x1f, 0xea, 0x0, 0x70, 0x4, 0x46, 0x0,
    0x50, 0xf, 0xf3, 0x0, 0x10, 0x40, 0xa, 0x0,
    0x60, 0xf, 0xf8, 0x50, 0x0, 0xc0, 0xa, 0x0,
    0x50, 0x7, 0xff, 0x3, 0x80, 0x18, 0x4, 0x40,
    0x23, 0x0, 0xff, 0xe0, 0x28, 0x1, 0x1, 0x0,
    0xa, 0x1, 0xff, 0xc2, 0x60, 0x2, 0x68, 0x2,
    0x80, 0x3f, 0xf8, 0x54, 0x0, 0xd4, 0x3, 0x20,
    0xf, 0xfe, 0x11, 0x90, 0x30, 0x2, 0x80, 0x3f,
    0xf8, 0x94, 0x1, 0x9c, 0x3, 0xff, 0x88, 0xa0,
    0x12, 0x88, 0x7, 0xff, 0x10, 0x8c, 0x1, 0xc0,
    0x1f, 0xc0,

    /* U+004E "N" */
    0xcf, 0xf8, 0x80, 0x3f, 0x1f, 0xfb, 0x80, 0x37,
    0x0, 0x7f, 0xf1, 0xd, 0x80, 0x3f, 0xf8, 0x90,
    0x20, 0x1f, 0xfc, 0x14, 0x1, 0x80, 0xf, 0xfe,
    0xf, 0x8, 0x31, 0x80, 0x7f, 0xf0, 0x6, 0x40,
    0x1c, 0x1, 0xff, 0xc0, 0x17, 0x10, 0x27, 0x0,
    0xff, 0x8c, 0x2c, 0x1, 0x2, 0x1, 0xff, 0xc0,
    0x53, 0x0, 0x58, 0x7, 0xff, 0x7, 0x80, 0xa,
    0x80, 0x1f, 0xfc, 0x2, 0x70, 0x4, 0x80, 0x7f,
    0xf0, 0x60, 0x40, 0xa0, 0x3, 0xff, 0x83, 0x40,
    0x7, 0x20, 0xf, 0xfe, 0x2, 0x20, 0x1, 0x2,
    0x1, 0xff, 0xc0, 0xa0, 0x2, 0xb0, 0x7, 0xff,
    0x0, 0x60, 0x1, 0xe0, 0x1f, 0xfc, 0x17, 0x20,
    0x40, 0xf, 0xfe, 0x17, 0x0, 0x7f, 0xf1, 0xd,
    0x80, 0x3f, 0xf8, 0x90, 0x20, 0x10,

    /* U+004F "O" */
    0x0, 0xf3, 0x5f, 0x7f, 0xb6, 0x4c, 0x3, 0xf9,
    0x7a, 0x50, 0x40, 0x4, 0xd9, 0x42, 0x1, 0xe8,
    0xa1, 0x0, 0xfc, 0xb8, 0x40, 0x19, 0x9c, 0x0,
    0x53, 0xdf, 0xec, 0x50, 0x1, 0x78, 0x4, 0x32,
    0x0, 0x3c, 0x61, 0x0, 0x1d, 0x48, 0x0, 0x9c,
    0x1, 0x20, 0x1, 0xd1, 0x0, 0xf3, 0x38, 0x2,
    0x40, 0xc, 0x0, 0x81, 0x0, 0xfd, 0x2, 0x2,
    0xa4, 0x20, 0x7, 0x0, 0xff, 0x38, 0x3, 0x1c,
    0x0, 0x42, 0x1, 0xfe, 0xc0, 0x2, 0x98, 0x1,
    0x80, 0x3f, 0xe1, 0x0, 0x8, 0x80, 0x2, 0x1,
    0xff, 0x38, 0x0, 0xc4, 0x0, 0x20, 0x1f, 0xf3,
    0x80, 0xc, 0xc0, 0x6, 0x0, 0xff, 0x84, 0x0,
    0x2e, 0x0, 0x21, 0x0, 0xff, 0x60, 0x1, 0x48,
    0x40, 0xe, 0x1, 0xfe, 0x70, 0x6, 0x3, 0x0,
    0x20, 0x40, 0x3f, 0x40, 0x80, 0x14, 0x24, 0x0,
    0x3a, 0x20, 0x1e, 0x57, 0x0, 0x38, 0x0, 0x64,
    0x0, 0x78, 0xc2, 0x0, 0x3a, 0xa0, 0x0, 0xa0,
    0x2, 0x67, 0x0, 0x14, 0xf7, 0xfb, 0x14, 0x0,
    0x3e, 0x1, 0xd1, 0x22, 0x1, 0xf9, 0x3c, 0x80,
    0x3c, 0xdd, 0x28, 0x20, 0x2, 0x6c, 0xb1, 0x0,
    0x80,

    /* U+0050 "P" */
    0xcf, 0xff, 0xbb, 0x1c, 0x40, 0x3f, 0xe1, 0x38,
    0xf4, 0x0, 0xe2, 0x33, 0xc2, 0x0, 0x1b, 0x30,
    0xd, 0x79, 0x9b, 0xb0, 0x80, 0x1c, 0x1, 0xfe,
    0x3e, 0x0, 0x11, 0x80, 0x7f, 0x8c, 0xc0, 0x4,
    0x0, 0xff, 0x94, 0x1, 0xc0, 0x1f, 0xf1, 0x80,
    0x4, 0x3, 0xfe, 0x70, 0x7, 0x0, 0x7f, 0x94,
    0x80, 0x8, 0x1, 0xf8, 0x9e, 0x80, 0x8, 0x40,
    0x14, 0xff, 0xed, 0x80, 0x0, 0xd0, 0x7, 0xff,
    0x0, 0xfc, 0x40, 0x31, 0x22, 0x66, 0x7c, 0xc0,
    0x80, 0x75, 0xdf, 0x4c, 0x18, 0x7, 0xff, 0xfc,
    0x3, 0xff, 0x8e,

    /* U+0051 "Q" */
    0x0, 0xf3, 0x5f, 0x7f, 0xb6, 0x4c, 0x3, 0xf9,
    0x7a, 0x50, 0x40, 0x4, 0xd9, 0x42, 0x1, 0xe8,
    0xa1, 0x0, 0xfc, 0xb8, 0x40, 0x19, 0x9c, 0x0,
    0x53, 0xdf, 0xec, 0x50, 0x1, 0x78, 0x4, 0x32,
    0x0, 0x3c, 0x61, 0x0, 0x1d, 0x50, 0x0, 0x50,
    0x0, 0x90, 0x0, 0xe8, 0x80, 0x79, 0x5c, 0x0,
    0xe0, 0x6, 0x0, 0x40, 0x80, 0x7e, 0x81, 0x0,
    0x29, 0x8, 0x1, 0xc0, 0x3f, 0xce, 0x0, 0xc7,
    0x0, 0x10, 0x80, 0x7f, 0xb0, 0x0, 0xa6, 0x0,
    0x60, 0xf, 0xf8, 0x40, 0x2, 0x20, 0x0, 0x80,
    0x7f, 0xce, 0x0, 0x31, 0x0, 0x8, 0x7, 0xff,
    0x8, 0xcc, 0x0, 0x60, 0xf, 0xf9, 0x80, 0xc,
    0xe0, 0x2, 0x10, 0xf, 0xf6, 0x0, 0x8, 0x82,
    0x0, 0x70, 0xd, 0x9d, 0xc2, 0x0, 0x38, 0x3,
    0x41, 0x80, 0x10, 0x20, 0x17, 0x88, 0xbc, 0x1c,
    0x40, 0x50, 0x24, 0x0, 0x3a, 0x20, 0x3, 0x90,
    0x2c, 0x80, 0x4, 0x0, 0x6, 0x40, 0x7, 0x8c,
    0x20, 0xc8, 0x6, 0x0, 0x36, 0x0, 0x99, 0xc0,
    0x5, 0x3d, 0xfe, 0x40, 0x8, 0xb4, 0x3, 0xa2,
    0x44, 0x3, 0xff, 0x8a, 0xdd, 0x28, 0x20, 0x24,
    0xee, 0x2, 0xb0, 0xf, 0xcd, 0x7d, 0xfd, 0xb1,
    0x5, 0x5, 0x70, 0xf, 0xfe, 0x1d, 0x43, 0x80,
    0x0,

    /* U+0052 "R" */
    0xcf, 0xff, 0xbb, 0x20, 0x80, 0x3f, 0xf8, 0x2,
    0x6f, 0xac, 0x1, 0xe2, 0x33, 0xc2, 0x1, 0x4a,
    0x80, 0x75, 0xe6, 0x6e, 0xd3, 0x0, 0x58, 0x7,
    0xfc, 0x5c, 0x0, 0x15, 0x0, 0xff, 0x89, 0x0,
    0x4, 0x1, 0xff, 0xc0, 0x20, 0x7, 0x0, 0x7f,
    0xf0, 0x8, 0x1, 0xc0, 0x1f, 0xf0, 0xa0, 0x0,
    0x80, 0x3f, 0xc5, 0xa0, 0x1, 0x50, 0xd, 0x79,
    0x9b, 0x74, 0x60, 0x8, 0x0, 0xe2, 0x33, 0xc4,
    0x1, 0x43, 0x0, 0x7f, 0xf0, 0x75, 0xc0, 0x3d,
    0x3f, 0xf7, 0x0, 0x4a, 0x1, 0xff, 0xb, 0x80,
    0x24, 0x3, 0xff, 0x81, 0x20, 0x1, 0x70, 0xf,
    0xf8, 0x60, 0x1, 0x2, 0x1, 0xff, 0x38, 0x80,
    0x24, 0x3, 0xff, 0x81, 0x20, 0x7, 0x10, 0xf,
    0xf9, 0xc4, 0x1, 0x0, 0x1f, 0xfc, 0x8, 0x0,
    0x31, 0x0,

    /* U+0053 "S" */
    0x0, 0xc7, 0x3b, 0xdf, 0xd6, 0xc0, 0x1f, 0x56,
    0x31, 0x8, 0xa, 0x4e, 0x98, 0x6, 0xc5, 0x0,
    0x84, 0x80, 0x22, 0xc3, 0x0, 0x31, 0x80, 0x1f,
    0xb9, 0xbf, 0x44, 0x0, 0xf0, 0x5, 0x0, 0x22,
    0x2, 0x1, 0x2e, 0x0, 0xc, 0x80, 0x80, 0xa,
    0x1, 0xe1, 0x74, 0x40, 0x80, 0x66, 0x0, 0xfa,
    0x2e, 0xc6, 0xa, 0x0, 0x91, 0x0, 0xff, 0xa0,
    0x0, 0x5d, 0x48, 0x1, 0xfc, 0x76, 0x1, 0x2d,
    0xfd, 0xb0, 0x80, 0x79, 0x39, 0xc4, 0x2, 0x49,
    0xe9, 0x10, 0xe, 0x18, 0xeb, 0x73, 0x0, 0x9b,
    0xcc, 0x3, 0xe4, 0x8c, 0xe8, 0x10, 0x1d, 0x0,
    0xff, 0xb, 0xf9, 0x0, 0xb0, 0x8, 0x80, 0x3f,
    0xd, 0x0, 0x3d, 0xfb, 0x96, 0x1, 0xfb, 0xc0,
    0x23, 0x0, 0x21, 0x0, 0x78, 0x58, 0x1, 0xe8,
    0x40, 0xc, 0x60, 0xc, 0xb8, 0x20, 0x7, 0xe,
    0x0, 0xc, 0xff, 0x73, 0xe8, 0x80, 0x12, 0x20,
    0x76, 0x20, 0x10, 0x88, 0x2, 0x19, 0x60, 0x9,
    0x3a, 0x50, 0x40, 0x2, 0x91, 0xec, 0x0,

    /* U+0054 "T" */
    0xcf, 0xff, 0xfe, 0x18, 0x7, 0xff, 0x19, 0x4c,
    0xf8, 0x80, 0x2, 0x67, 0xe0, 0x9c, 0xce, 0xb0,
    0x2, 0xe6, 0x78, 0x3, 0xff, 0xfe, 0x1, 0xff,
    0xff, 0x0, 0xff, 0xff, 0x80, 0x7f, 0xfd, 0x40,

    /* U+0055 "U" */
    0xcf, 0xf3, 0x0, 0x7f, 0x57, 0xf9, 0xc0, 0x3f,
    0xff, 0xe0, 0x1f, 0xff, 0xf0, 0xf, 0xff, 0x53,
    0x80, 0x7f, 0xf1, 0x4, 0x1, 0xc0, 0x1f, 0xce,
    0x0, 0x1d, 0x0, 0x28, 0x7, 0xe2, 0x20, 0x1,
    0x54, 0x0, 0x28, 0x0, 0xfb, 0x80, 0x2, 0x64,
    0xa0, 0x7, 0xb3, 0x0, 0x97, 0x4c, 0x1, 0x60,
    0xa, 0x20, 0x2, 0x67, 0xfd, 0x44, 0x0, 0x65,
    0x0, 0xb5, 0x40, 0x3f, 0xa2, 0x40, 0x3a, 0xb1,
    0xcc, 0x40, 0x4e, 0x39, 0xc0, 0x20,

    /* U+0056 "V" */
    0x2f, 0xf8, 0xc0, 0x3f, 0xcd, 0xff, 0x1, 0x18,
    0x2, 0x80, 0x3f, 0xda, 0x0, 0x50, 0x5, 0x0,
    0x1c, 0x3, 0xf8, 0x50, 0x1, 0xc0, 0x7, 0x0,
    0xa, 0x0, 0x7e, 0x70, 0x0, 0xa0, 0x0, 0x50,
    0x1, 0xa0, 0x1f, 0xb4, 0x0, 0xe0, 0x1b, 0x80,
    0xe, 0x1, 0xf9, 0x0, 0x14, 0x1, 0x94, 0x0,
    0x28, 0x1, 0xe5, 0x0, 0x9, 0x80, 0x72, 0x80,
    0x34, 0x3, 0xdc, 0x0, 0x60, 0xf, 0x78, 0x1,
    0xc0, 0x3c, 0x80, 0xb, 0x0, 0xf2, 0x80, 0x5,
    0x0, 0x32, 0x80, 0x8, 0xc0, 0x3e, 0x60, 0x7,
    0x0, 0x6e, 0x0, 0x28, 0x7, 0xed, 0x0, 0x28,
    0x6, 0x40, 0x5, 0x0, 0x7e, 0x41, 0x0, 0x20,
    0x1, 0x40, 0x4, 0x40, 0xf, 0xe7, 0x0, 0x68,
    0x3, 0xc0, 0x14, 0x1, 0xfe, 0xa0, 0x2, 0x0,
    0x10, 0x0, 0xa0, 0x1f, 0xe3, 0x20, 0x22, 0x18,
    0x81, 0x90, 0x7, 0xfc, 0xa0, 0x5, 0x40, 0x5,
    0x0, 0x7f, 0xf0, 0x28, 0x1, 0x96, 0x0, 0x70,
    0xf, 0xfe, 0x1, 0x10, 0x10, 0xc1, 0x4, 0x3,
    0xff, 0x83, 0x40, 0x1b, 0x40, 0x3f, 0xf8, 0x4c,
    0x1, 0x9c, 0x3, 0xe0,

    /* U+0057 "W" */
    0x2f, 0xf8, 0x40, 0x3e, 0xcf, 0xf6, 0x80, 0x7e,
    0xff, 0x90, 0x84, 0x0, 0x80, 0x1f, 0x18, 0x0,
    0x84, 0x3, 0xc8, 0x1, 0x20, 0x20, 0x3, 0x0,
    0x3c, 0x80, 0x19, 0x0, 0x3d, 0x80, 0x4, 0x0,
    0x60, 0x1, 0x0, 0x3d, 0x80, 0x1b, 0x0, 0x3c,
    0x80, 0xc, 0x0, 0x38, 0x0, 0x84, 0x3, 0x90,
    0x4, 0x81, 0x0, 0x3c, 0x60, 0x4, 0x0, 0x9,
    0x0, 0x10, 0x3, 0x8c, 0x15, 0xc0, 0x84, 0x3,
    0x20, 0x0, 0x4c, 0x2, 0x40, 0x6, 0x0, 0x64,
    0x0, 0x1e, 0x80, 0x10, 0x3, 0x60, 0x1, 0x0,
    0x36, 0x0, 0x10, 0x3, 0x60, 0x3, 0x10, 0x1,
    0x80, 0x19, 0x0, 0x18, 0x1, 0x90, 0x0, 0x42,
    0x1, 0x20, 0x1, 0x4c, 0x0, 0x80, 0x18, 0xc0,
    0x8, 0x1, 0x84, 0xc0, 0xa, 0x0, 0x13, 0x2,
    0x10, 0x30, 0x21, 0x0, 0x18, 0x0, 0x88, 0x1,
    0xc8, 0x0, 0xc0, 0x2, 0x80, 0x14, 0x1, 0x60,
    0x4, 0x0, 0x20, 0x1, 0x0, 0x3d, 0x80, 0x4,
    0x0, 0x60, 0x3, 0x0, 0x8, 0x0, 0xc0, 0x6,
    0x0, 0x30, 0x3, 0xc8, 0x0, 0x30, 0x2, 0x0,
    0x10, 0x0, 0x60, 0x4, 0x0, 0x20, 0x1, 0x0,
    0x3e, 0x30, 0x1, 0x81, 0x81, 0x80, 0x64, 0x2,
    0x12, 0x0, 0x10, 0x80, 0x7d, 0x60, 0x4, 0x30,
    0x2, 0x0, 0x6c, 0x0, 0x2a, 0x0, 0x14, 0x3,
    0xf2, 0x0, 0x35, 0x0, 0x18, 0x1, 0x90, 0x1,
    0x9e, 0x0, 0xc0, 0xf, 0xc6, 0x0, 0x7d, 0x0,
    0x20, 0x6, 0x31, 0x3, 0x50, 0x2, 0x0, 0x7f,
    0x20, 0x13, 0x82, 0x0, 0x79, 0x1, 0x4c, 0xc,
    0x3, 0xfd, 0x80, 0x2, 0xc, 0x0, 0xf6, 0x0,
    0x80, 0x2c, 0x3, 0xfc, 0xa0, 0x19, 0x0, 0x3c,
    0x80, 0x19, 0x0, 0x3f, 0xc4, 0x20, 0x11, 0x80,
    0x78, 0x84, 0x2, 0x30, 0xe,

    /* U+0058 "X" */
    0x6, 0xff, 0x8c, 0x3, 0xf3, 0xff, 0xc4, 0xc,
    0x80, 0xe, 0x0, 0xf8, 0xa0, 0x1, 0x24, 0x0,
    0x90, 0x1, 0x40, 0x7, 0xb8, 0x0, 0x8c, 0x1,
    0x14, 0x80, 0x1c, 0xc0, 0x33, 0x98, 0x2, 0x40,
    0x39, 0x8c, 0x1, 0xe0, 0x11, 0x40, 0x2, 0x48,
    0x3, 0xdc, 0x0, 0x37, 0x0, 0x48, 0x1, 0x18,
    0x3, 0xe2, 0x90, 0x4, 0xa, 0x20, 0x1, 0x20,
    0x1f, 0xcc, 0x60, 0x9, 0x90, 0x2, 0x48, 0x3,
    0xfd, 0xc0, 0x7, 0x20, 0x46, 0x0, 0xff, 0x8a,
    0x0, 0x34, 0x80, 0x7f, 0xf0, 0x54, 0x2, 0x22,
    0x0, 0x7f, 0xf0, 0x78, 0x2, 0x28, 0x0, 0xff,
    0xe0, 0x39, 0x81, 0x0, 0x1c, 0xc0, 0x3f, 0xc5,
    0x0, 0xe, 0x60, 0x7, 0x0, 0x7f, 0xbc, 0x0,
    0xa7, 0x0, 0x2, 0x80, 0xf, 0xd0, 0x40, 0x36,
    0x3, 0x20, 0x7, 0x30, 0xf, 0x1b, 0x80, 0x2c,
    0x40, 0xc, 0x80, 0xe, 0x0, 0xf7, 0x0, 0x15,
    0x40, 0x1a, 0x40, 0x5, 0x0, 0x1a, 0x8, 0x6,
    0xc0, 0x38, 0xa4, 0x0, 0xe6, 0x0, 0x37, 0x0,
    0x58, 0x80, 0x79, 0x8c, 0x1, 0xc0, 0xe, 0x0,
    0x2a, 0x80, 0x3f, 0x70, 0x0, 0xa0,

    /* U+0059 "Y" */
    0x1e, 0xff, 0x48, 0x7, 0xf1, 0x7f, 0xce, 0x30,
    0x0, 0x63, 0x0, 0xfd, 0x0, 0x2, 0x70, 0x63,
    0x0, 0x78, 0x7, 0xc6, 0xa0, 0x8, 0x0, 0xbc,
    0x0, 0x6a, 0x1, 0xef, 0x0, 0x22, 0x80, 0x46,
    0xa0, 0x8, 0x0, 0xe5, 0x30, 0x4, 0x80, 0x75,
    0x80, 0x9, 0xc0, 0x35, 0x80, 0x1c, 0x80, 0x38,
    0x60, 0x1, 0x2, 0x0, 0x81, 0x1, 0x80, 0xf,
    0x9c, 0x80, 0x10, 0x2, 0xe0, 0xb, 0x0, 0xfe,
    0x90, 0x3, 0x14, 0x80, 0xd, 0x40, 0x3f, 0x91,
    0x40, 0x10, 0xe0, 0xf, 0x0, 0xff, 0xac, 0x0,
    0xa0, 0x6, 0x30, 0xf, 0xf8, 0x60, 0x2, 0x18,
    0x0, 0xff, 0xe0, 0xb8, 0x80, 0x24, 0x40, 0x3f,
    0xf8, 0x44, 0x0, 0x20, 0xf, 0xff, 0xf8, 0x7,
    0xff, 0xd4,

    /* U+005A "Z" */
    0x6f, 0xff, 0xfe, 0x11, 0x80, 0x7f, 0xf1, 0x9,
    0x13, 0xfc, 0x40, 0x1, 0x24, 0xbb, 0xfe, 0xa3,
    0x0, 0x58, 0x80, 0x7f, 0xa8, 0x41, 0x54, 0x1,
    0xfe, 0x64, 0x1, 0xb0, 0xf, 0xf0, 0xc8, 0x2,
    0xc4, 0x3, 0xfd, 0x40, 0x5, 0x50, 0x7, 0xf9,
    0x90, 0x6, 0xc0, 0x3f, 0xc3, 0x20, 0xb, 0x10,
    0xf, 0xf5, 0x0, 0x15, 0x40, 0x1f, 0xe6, 0x40,
    0x1b, 0x0, 0xff, 0xc, 0x80, 0x2c, 0x40, 0x3f,
    0xd4, 0x0, 0x45, 0x0, 0xff, 0x32, 0x0, 0xd0,
    0x7, 0xf8, 0x64, 0x1, 0x62, 0x1, 0xfe, 0xa0,
    0x2, 0xa8, 0x3, 0xfc, 0xc8, 0x5, 0x40, 0x1f,
    0xe1, 0x80, 0xa, 0xef, 0xfc, 0x6a, 0x20, 0x2,
    0x44, 0xff, 0x30, 0x7, 0xff, 0x10,

    /* U+005B "[" */
    0x8, 0x8e, 0x51, 0x77, 0xee, 0x0, 0xff, 0x1f,
    0xfa, 0xc0, 0x3f, 0xff, 0xe0, 0x1f, 0xff, 0x82,
    0x88, 0x30, 0x4, 0x2e, 0xed, 0x0, 0xf8,

    /* U+005C "\\" */
    0x5f, 0xf2, 0x80, 0x79, 0x0, 0x1e, 0x1, 0xe1,
    0x30, 0x40, 0xf, 0x90, 0x4, 0x80, 0x3d, 0x80,
    0x4, 0x0, 0xf2, 0x0, 0x30, 0x3, 0xe4, 0x4,
    0x0, 0xfb, 0x0, 0x4c, 0x3, 0xc8, 0x0, 0x40,
    0xf, 0x18, 0x3, 0x0, 0x3e, 0x40, 0x40, 0xf,
    0xb4, 0x0, 0x80, 0x1e, 0x40, 0x6, 0x0, 0x78,
    0x84, 0x10, 0x3, 0xe4, 0x3, 0x0, 0xfb, 0x0,
    0x8, 0x1, 0xe7, 0x0, 0x68, 0x7, 0x84, 0x81,
    0x0, 0x3e, 0x40, 0x21, 0x0, 0xf6, 0x0, 0x10,
    0x3, 0xc8, 0x0, 0xc0, 0xf, 0x9, 0x83, 0x80,
    0x7c, 0x80, 0x24, 0x1, 0xec, 0x0, 0x20, 0x7,
    0x90, 0x1, 0x80,

    /* U+005D "]" */
    0x38, 0x8e, 0x35, 0x77, 0xe4, 0x0, 0xf9, 0xbf,
    0xd0, 0x1, 0xff, 0xff, 0x0, 0xff, 0xfc, 0x1c,
    0x43, 0x0, 0x25, 0x77, 0x20, 0x7, 0xf8,

    /* U+005E "^" */
    0x0, 0x87, 0xfe, 0x50, 0xf, 0x98, 0x2, 0x80,
    0xf, 0xa4, 0xc, 0x9, 0x0, 0x39, 0x84, 0x38,
    0xc2, 0x0, 0x3a, 0xc1, 0xa, 0x40, 0xcc, 0x1,
    0x29, 0x7, 0x82, 0x88, 0x48, 0x5, 0x20, 0x48,
    0x0, 0x90, 0x52, 0x4, 0x30, 0xb0, 0x9, 0x80,
    0x16, 0x1e, 0x2, 0xc0, 0x10, 0xb0, 0x30, 0x80,

    /* U+005F "_" */
    0xaa, 0xff, 0xe0, 0xaa, 0xff, 0xf0, 0x40, 0x3f,
    0xf8, 0x20,

    /* U+0060 "`" */
    0x23, 0x30, 0x4, 0x99, 0x88, 0x0, 0x31, 0x83,
    0x0, 0x5c, 0x2, 0xc0, 0x2, 0x70, 0xb0,

    /* U+0061 "a" */
    0x0, 0x92, 0xb7, 0xfb, 0x64, 0x80, 0x35, 0x5a,
    0x90, 0x9, 0x36, 0xa8, 0x2, 0x94, 0x0, 0x6c,
    0xc2, 0x0, 0x51, 0x1a, 0x80, 0x2f, 0x26, 0x5a,
    0x80, 0xb, 0x3e, 0x9a, 0x40, 0xd, 0x0, 0x5,
    0x1, 0x65, 0x0, 0xfc, 0x20, 0x1c, 0x6a, 0xf5,
    0xa0, 0x3, 0x0, 0x36, 0x7e, 0x54, 0x28, 0x80,
    0x6c, 0x93, 0x0, 0x12, 0x34, 0x80, 0x4e, 0x60,
    0x33, 0xfb, 0x72, 0xe0, 0x15, 0x80, 0x29, 0x80,
    0x31, 0x80, 0x42, 0x0, 0x60, 0xe, 0xa0, 0x9,
    0x80, 0x14, 0x1, 0x95, 0xc0, 0x2e, 0x0, 0x3e,
    0x44, 0x32, 0x88, 0x2, 0x56, 0x0, 0x1b, 0xb8,
    0xc7, 0xc0, 0x34, 0xd2, 0x8, 0x13, 0xf9, 0x0,
    0x40,

    /* U+0062 "b" */
    0xff, 0x80, 0x3f, 0xff, 0x63, 0x3d, 0xfd, 0x46,
    0x1, 0xe1, 0xc6, 0x10, 0x15, 0xc8, 0x0, 0xeb,
    0x21, 0x54, 0x0, 0x9d, 0x80, 0x32, 0xb7, 0x55,
    0xf2, 0x0, 0x24, 0x40, 0x23, 0x90, 0x8, 0x6c,
    0x40, 0xe, 0x1, 0x48, 0x7, 0xa4, 0x1, 0xa0,
    0x13, 0x80, 0x79, 0x0, 0xc, 0x1, 0x10, 0x7,
    0x88, 0x0, 0x40, 0x1f, 0xfc, 0x51, 0x0, 0xf1,
    0x0, 0x8, 0x2, 0x40, 0xf, 0x20, 0x1, 0x80,
    0x29, 0x0, 0xf4, 0x80, 0x34, 0x2, 0x39, 0x0,
    0x86, 0xc4, 0x0, 0xe0, 0x12, 0xb7, 0x55, 0xf2,
    0x0, 0x24, 0x40, 0x2a, 0x21, 0x54, 0x0, 0x9d,
    0x80, 0x3b, 0x5c, 0x40, 0x57, 0x20, 0x0,

    /* U+0063 "c" */
    0x0, 0xcb, 0x7d, 0xfd, 0x6a, 0x1, 0xc3, 0x94,
    0x82, 0x2, 0x95, 0x82, 0x1, 0x61, 0x80, 0xd,
    0x4c, 0x0, 0x7a, 0x0, 0x92, 0x1, 0xcc, 0x56,
    0x60, 0x40, 0xd8, 0x18, 0x1, 0xa6, 0x1, 0x1d,
    0x80, 0xf2, 0x80, 0xc, 0xc0, 0x1c, 0xbb, 0xd1,
    0xa0, 0x4, 0x0, 0xf8, 0x80, 0x4, 0x0, 0xe0,
    0xf, 0xfe, 0x61, 0x0, 0x38, 0x3, 0xfd, 0xa0,
    0x4, 0x0, 0xf9, 0x0, 0x8, 0x0, 0x33, 0x0,
    0x72, 0xdf, 0xd0, 0xb0, 0x3, 0x48, 0x2, 0x3b,
    0x0, 0x60, 0x49, 0x0, 0xee, 0x56, 0x60, 0x40,
    0xd8, 0x1, 0x86, 0x0, 0x35, 0x30, 0x1, 0xe8,
    0x4, 0x39, 0x48, 0x20, 0x29, 0x58, 0x20,

    /* U+0064 "d" */
    0x0, 0xff, 0xaf, 0xfc, 0x80, 0x1f, 0xff, 0x31,
    0x8d, 0xfe, 0xb3, 0x0, 0xf9, 0x39, 0xc8, 0x5,
    0x31, 0x0, 0x38, 0xac, 0x2, 0x35, 0x20, 0xa7,
    0x0, 0xd2, 0x0, 0x1d, 0xca, 0xdb, 0x13, 0x0,
    0x85, 0x0, 0x1a, 0x40, 0x12, 0x40, 0x6, 0x70,
    0x1, 0x98, 0x3, 0x9c, 0x3, 0x70, 0x1, 0x0,
    0x3e, 0x30, 0x8, 0x80, 0x1c, 0x1, 0xf3, 0x80,
    0x7f, 0xf1, 0x88, 0x1, 0xc0, 0x1f, 0x30, 0x5,
    0xc0, 0x4, 0x0, 0xf0, 0x90, 0x4, 0xe0, 0x3,
    0x30, 0x7, 0x48, 0x6, 0x14, 0x0, 0x69, 0x0,
    0x4a, 0xe0, 0x1d, 0x20, 0x1, 0xdc, 0xad, 0xa2,
    0x40, 0xc, 0x58, 0x1, 0x1a, 0x90, 0x70, 0x80,
    0x71, 0xf3, 0x90, 0xa, 0x69, 0x80, 0x60,

    /* U+0065 "e" */
    0x0, 0xcd, 0x9f, 0xed, 0xa3, 0x0, 0xf0, 0xec,
    0x98, 0x0, 0x97, 0x24, 0x3, 0xbc, 0x80, 0xa,
    0xc8, 0x0, 0x69, 0x0, 0xa4, 0x40, 0xfa, 0xa6,
    0xf0, 0x0, 0xc8, 0x2, 0xc0, 0xd, 0x10, 0x8,
    0xe0, 0x1, 0xc0, 0x80, 0x6, 0x10, 0xe, 0x60,
    0x2, 0x86, 0x80, 0x4a, 0xbe, 0x41, 0x0, 0x9,
    0x0, 0x1a, 0xab, 0xe1, 0x0, 0x18, 0x7, 0xff,
    0xc, 0x80, 0x13, 0xff, 0xfe, 0x2e, 0x0, 0x78,
    0x7, 0xfc, 0xe0, 0x7, 0x10, 0xe, 0x19, 0x52,
    0x1, 0x60, 0x1d, 0x10, 0xd, 0x4d, 0x52, 0x0,
    0x81, 0x3, 0xeb, 0x9a, 0xe4, 0x0, 0x40, 0x0,
    0x7c, 0xc0, 0x8, 0xca, 0x20, 0x36, 0x60, 0x10,
    0xe5, 0x21, 0x0, 0xe, 0x3d, 0x0, 0x0,

    /* U+0066 "f" */
    0x0, 0xe7, 0xdf, 0xf6, 0x8, 0x6, 0xc8, 0x20,
    0x1, 0x8, 0x4, 0xe6, 0x0, 0x24, 0x70, 0xd,
    0x80, 0x7, 0xdb, 0x90, 0xc, 0xc0, 0xb, 0x0,
    0xff, 0xe1, 0xdf, 0xf8, 0x80, 0x19, 0xfe, 0x90,
    0xf, 0xfe, 0x6, 0xbb, 0x84, 0x0, 0xce, 0xec,
    0x6, 0x88, 0x18, 0x2, 0xa2, 0xa, 0x1, 0xff,
    0xff, 0x0, 0xff, 0xf7, 0x0,

    /* U+0067 "g" */
    0x0, 0x86, 0x37, 0xfa, 0xcc, 0x27, 0xfc, 0xa0,
    0x3, 0xf7, 0x20, 0x14, 0xc4, 0x0, 0xe1, 0xc1,
    0x0, 0x1a, 0x90, 0x51, 0x0, 0x6b, 0x0, 0xe,
    0x62, 0xb6, 0x85, 0x0, 0x21, 0x50, 0x5, 0x18,
    0x4, 0xae, 0x1, 0x9c, 0x0, 0x68, 0x1, 0xd2,
    0x1, 0xb8, 0x0, 0x80, 0x1e, 0x12, 0x0, 0x88,
    0x1, 0xc0, 0x1f, 0x30, 0x7, 0xff, 0x8, 0x40,
    0x23, 0x0, 0x70, 0x7, 0xcc, 0x1, 0x70, 0x0,
    0xc0, 0x3e, 0x30, 0x9, 0x40, 0x8, 0x40, 0x1c,
    0xc0, 0x18, 0x8c, 0x1, 0xe2, 0x1, 0x1c, 0x0,
    0x77, 0x80, 0xb, 0xae, 0x73, 0x0, 0x60, 0x18,
    0xec, 0x2, 0x46, 0x30, 0xa6, 0x0, 0xe4, 0xd6,
    0x20, 0x14, 0xc4, 0x0, 0xf8, 0xa7, 0x7f, 0xac,
    0xc0, 0x40, 0x2, 0x1, 0x18, 0x7, 0xca, 0x0,
    0x60, 0x8f, 0xc5, 0x0, 0xe9, 0x10, 0x32, 0x0,
    0xd5, 0x93, 0x15, 0xcc, 0x0, 0x80, 0x4, 0x38,
    0x0, 0xd9, 0xd4, 0x40, 0x14, 0x80, 0x14, 0x63,
    0x10, 0x0, 0x4e, 0x39, 0x40, 0x0,

    /* U+0068 "h" */
    0xff, 0x80, 0x3f, 0xfe, 0xc3, 0x1b, 0xfd, 0x46,
    0x1, 0xc3, 0x8e, 0x40, 0x2b, 0x8a, 0x1, 0xac,
    0x85, 0x8, 0x2, 0xa1, 0x0, 0x96, 0x7a, 0xf6,
    0x80, 0x26, 0x0, 0x9d, 0x80, 0x25, 0x60, 0x6,
    0x0, 0x54, 0x1, 0xda, 0x0, 0x70, 0x8, 0x80,
    0x39, 0xc0, 0x2, 0x1, 0xff, 0xff, 0x0, 0xff,
    0xef, 0x0,

    /* U+0069 "i" */
    0xa, 0xfb, 0x4, 0x50, 0x45, 0x60, 0x8, 0x4a,
    0x96, 0x50, 0x16, 0x98, 0x3, 0xef, 0xf8, 0x3,
    0xff, 0xfe, 0x0,

    /* U+006A "j" */
    0x0, 0x96, 0x94, 0x2, 0x3a, 0x5a, 0x30, 0x3,
    0x80, 0x4c, 0x0, 0x45, 0x5, 0x50, 0x5, 0x5f,
    0x40, 0x1f, 0xf7, 0xfc, 0x1, 0xff, 0xff, 0x0,
    0xff, 0xf1, 0xa8, 0x0, 0x81, 0x72, 0x80, 0x8,
    0x4, 0x60, 0x2, 0x80, 0x8, 0x9f, 0x4, 0x0,

    /* U+006B "k" */
    0xff, 0x80, 0x3f, 0xff, 0xe5, 0xff, 0x38, 0x7,
    0xe1, 0xc0, 0x3, 0x38, 0x7, 0xc3, 0x82, 0x9,
    0x20, 0x1f, 0xb4, 0x80, 0xec, 0x3, 0xf5, 0x18,
    0x16, 0x80, 0x7e, 0x95, 0x1, 0xf1, 0x0, 0xfa,
    0x18, 0x1, 0xa4, 0x1, 0xf9, 0xc0, 0x3f, 0xf8,
    0xba, 0x20, 0x1f, 0x8f, 0x44, 0x6, 0xc0, 0x3f,
    0x69, 0x50, 0x1, 0x58, 0x3, 0xe1, 0x4, 0x60,
    0x4, 0x90, 0x7, 0xf4, 0x90, 0x3, 0xc0, 0x3f,
    0xde, 0x0, 0x29, 0x0, 0xfe, 0x29, 0x0, 0x32,
    0x0, 0x7f, 0x32, 0x0, 0x28, 0x40,

    /* U+006C "l" */
    0xff, 0x80, 0x3f, 0xff, 0xe0, 0x1e,

    /* U+006D "m" */
    0xff, 0x70, 0xc, 0xf7, 0xe2, 0x0, 0x4b, 0x9d,
    0xf8, 0xa0, 0x1c, 0x5e, 0xc2, 0x7, 0x68, 0x15,
    0x43, 0x10, 0x3a, 0x70, 0xd, 0x2, 0x46, 0x1,
    0x4b, 0x28, 0x19, 0x80, 0x28, 0x30, 0x0, 0xa5,
    0xee, 0x71, 0x1, 0x49, 0x6e, 0x63, 0x44, 0x1,
    0x40, 0x14, 0x20, 0x0, 0x64, 0x2, 0xe2, 0x0,
    0x14, 0x0, 0x14, 0x2, 0x40, 0xc, 0xa0, 0x11,
    0x80, 0x65, 0x0, 0x8, 0x4, 0x40, 0x18, 0x40,
    0x2, 0x1, 0xc2, 0x1, 0xff, 0xff, 0x0, 0xff,
    0xff, 0x80, 0x7f, 0xf7, 0x80,

    /* U+006E "n" */
    0xff, 0x70, 0xc, 0x6f, 0xf5, 0x18, 0x7, 0x17,
    0xb9, 0x0, 0xae, 0x28, 0x6, 0xe1, 0x47, 0x50,
    0xa, 0x84, 0x0, 0x27, 0x97, 0x15, 0x80, 0x13,
    0x0, 0x52, 0x60, 0x11, 0xb8, 0x3, 0x0, 0x24,
    0x0, 0xec, 0x0, 0x38, 0x4, 0x40, 0x1c, 0xe0,
    0x1, 0x0, 0xff, 0xff, 0x80, 0x7f, 0xf7, 0x80,

    /* U+006F "o" */
    0x0, 0xcb, 0x7d, 0xfb, 0x68, 0x1, 0xe1, 0xca,
    0x41, 0x2, 0x4b, 0xb0, 0x80, 0x6c, 0x30, 0x1,
    0xa9, 0x80, 0x13, 0x40, 0x29, 0x20, 0x1c, 0xc5,
    0x66, 0x4, 0xd, 0xc0, 0xc, 0x0, 0xd3, 0x0,
    0x8e, 0xc0, 0x12, 0xa, 0x0, 0x33, 0x0, 0x72,
    0x90, 0xa, 0x68, 0x1, 0x0, 0x3e, 0x40, 0x1,
    0x90, 0x3, 0x80, 0x3e, 0xe0, 0x7, 0x80, 0x7f,
    0xf0, 0xc8, 0x1, 0xc0, 0x1f, 0x70, 0x3, 0xf4,
    0x0, 0x80, 0x1f, 0x20, 0x0, 0xd0, 0x0, 0x66,
    0x0, 0xe5, 0x20, 0x14, 0x16, 0x0, 0x69, 0x80,
    0x47, 0x60, 0x9, 0x0, 0x49, 0x0, 0xe6, 0x2b,
    0x30, 0x20, 0x6e, 0x1, 0x61, 0x80, 0xd, 0x4c,
    0x0, 0x9a, 0x1, 0x87, 0x29, 0x4, 0x9, 0x2a,
    0xc4, 0x0,

    /* U+0070 "p" */
    0xff, 0x80, 0x67, 0xbf, 0xa8, 0xc0, 0x3c, 0x3e,
    0xc2, 0x2, 0xb9, 0x0, 0x1d, 0xa2, 0x90, 0xe4,
    0x0, 0x76, 0x0, 0xc7, 0x36, 0xf1, 0xae, 0x0,
    0x91, 0x0, 0x91, 0x80, 0x34, 0x10, 0x1, 0xc0,
    0x2e, 0x0, 0xf5, 0x80, 0x34, 0x2, 0x70, 0xf,
    0x28, 0x1, 0x80, 0x22, 0x0, 0xf1, 0x0, 0x8,
    0x3, 0xfc, 0x60, 0x1e, 0x20, 0xf, 0x8, 0x0,
    0x80, 0x24, 0x0, 0xf5, 0x80, 0x18, 0x2, 0xa0,
    0xf, 0x30, 0x3, 0x40, 0x23, 0x90, 0x8, 0x6c,
    0x40, 0xe, 0x1, 0x2b, 0x75, 0x5f, 0x20, 0x2,
    0x44, 0x2, 0xb2, 0x15, 0x40, 0x9, 0xd8, 0x3,
    0xe, 0xb8, 0x80, 0xae, 0x40, 0x7, 0xd1, 0xdf,
    0xd4, 0x60, 0x1f, 0xff, 0xd0,

    /* U+0071 "q" */
    0x0, 0x86, 0x37, 0xfa, 0xcc, 0x2b, 0xfc, 0x80,
    0x4, 0xe7, 0x20, 0x14, 0xc4, 0x0, 0xe2, 0xb0,
    0x8, 0xd4, 0x82, 0x84, 0x3, 0x48, 0x0, 0x77,
    0x2b, 0x6c, 0x50, 0x2, 0x14, 0x0, 0x69, 0x0,
    0x49, 0x0, 0x19, 0xc0, 0x6, 0x60, 0xe, 0x70,
    0xd, 0xc0, 0x4, 0x0, 0xf8, 0xc0, 0x22, 0x0,
    0x70, 0x7, 0xce, 0x1, 0xff, 0xc6, 0x20, 0x7,
    0x0, 0x7c, 0xc0, 0x17, 0x0, 0x10, 0x3, 0xc2,
    0x40, 0x13, 0x80, 0xc, 0xc0, 0x1d, 0x20, 0x18,
    0x50, 0x1, 0xa4, 0x1, 0x2b, 0x80, 0x74, 0x80,
    0x7, 0x72, 0xb6, 0x88, 0xc0, 0x31, 0x60, 0x4,
    0x6a, 0x41, 0xce, 0x1, 0xc7, 0xce, 0x40, 0x29,
    0xa6, 0x1, 0xf0, 0xc6, 0xff, 0x59, 0x0, 0x7f,
    0xff, 0xc0, 0x38,

    /* U+0072 "r" */
    0xff, 0x80, 0xef, 0xbc, 0xc0, 0x24, 0xc4, 0x10,
    0xe, 0x90, 0x25, 0x40, 0xc, 0x55, 0xb5, 0x66,
    0x1, 0x42, 0x80, 0x7c, 0xc0, 0x1f, 0x84, 0x3,
    0xff, 0xfe, 0x1, 0xff, 0x0,

    /* U+0073 "s" */
    0x0, 0x96, 0xbb, 0xfd, 0x90, 0x1, 0xd7, 0x4a,
    0x20, 0x3, 0x7d, 0x10, 0x5, 0x20, 0x1, 0x61,
    0xc4, 0xb, 0x40, 0xa, 0x0, 0xca, 0x78, 0xe3,
    0x3, 0x43, 0x0, 0x11, 0x80, 0x6e, 0xae, 0x42,
    0x0, 0x12, 0x0, 0x62, 0x51, 0x1, 0x40, 0x5,
    0xd9, 0xcc, 0x3, 0xd4, 0x40, 0x4, 0x8c, 0xfb,
    0x50, 0x8, 0x76, 0x50, 0x3, 0x25, 0x50, 0x3,
    0x35, 0xfe, 0x41, 0x80, 0x15, 0x80, 0x3c, 0x6f,
    0x8c, 0x0, 0xd3, 0x8b, 0x40, 0xe, 0xc0, 0x3,
    0xab, 0xa4, 0x88, 0x6, 0x90, 0x2, 0xb0, 0x81,
    0x75, 0x45, 0x71, 0x80, 0x20, 0x34, 0x40, 0xa,
    0xea, 0x20, 0x38, 0x20, 0x7d, 0x6, 0x0, 0x13,
    0x8e, 0x30,

    /* U+0074 "t" */
    0x0, 0x47, 0xfa, 0x0, 0x3f, 0xfa, 0x57, 0xee,
    0x0, 0x7f, 0xf4, 0x80, 0x7f, 0x6b, 0x98, 0x0,
    0xdd, 0xda, 0xd0, 0x80, 0x4, 0x88, 0x20, 0x7,
    0xff, 0xd7, 0xc0, 0x3f, 0xe3, 0x0, 0xe4, 0x0,
    0x26, 0x5b, 0x0, 0xd, 0x40, 0x6, 0x9a, 0x1,
    0x54, 0x10, 0x4,

    /* U+0075 "u" */
    0xff, 0x80, 0x3c, 0x7f, 0xed, 0x0, 0xff, 0xff,
    0x80, 0x7f, 0xf8, 0x48, 0x3, 0x98, 0x2, 0x20,
    0x2, 0x0, 0x77, 0x80, 0x48, 0x0, 0x84, 0x0,
    0xa1, 0x40, 0x2a, 0x0, 0xd, 0xed, 0xf3, 0xb0,
    0x4, 0x70, 0x1, 0x12, 0xa, 0x40, 0x6, 0x7b,
    0x41, 0x2, 0x8b, 0x10, 0x8,

    /* U+0076 "v" */
    0x3f, 0xf8, 0x40, 0x3e, 0xef, 0xf2, 0x19, 0x0,
    0x1c, 0x3, 0xc8, 0x20, 0x28, 0x14, 0x0, 0xd0,
    0xf, 0x68, 0x1, 0x80, 0xc, 0x0, 0x41, 0x0,
    0xe7, 0x0, 0x58, 0x0, 0x4c, 0x0, 0xe0, 0x19,
    0x4, 0x8, 0xc0, 0x2a, 0x0, 0x68, 0x6, 0xd0,
    0x5, 0x0, 0x66, 0x0, 0x20, 0x80, 0x4e, 0x0,
    0x60, 0xe, 0x50, 0x3, 0x80, 0x10, 0x41, 0x4,
    0x3, 0xb8, 0x1, 0xa0, 0xd, 0x0, 0x68, 0x7,
    0x90, 0x41, 0x0, 0xe, 0x0, 0x60, 0xf, 0x9c,
    0x0, 0xa6, 0x20, 0xa0, 0x1f, 0xa8, 0x1, 0x88,
    0x0, 0xe0, 0xf, 0xc6, 0x40, 0x98, 0x2, 0x80,
    0x1f, 0xca, 0x4, 0x80, 0xe0, 0x1f, 0xea, 0x0,
    0xd4, 0x1, 0xfe, 0x23, 0x0, 0x11, 0x80, 0x70,

    /* U+0077 "w" */
    0x1f, 0xf8, 0x40, 0x3b, 0xfe, 0x30, 0xe, 0xef,
    0xf2, 0x9, 0x80, 0x10, 0x3, 0x20, 0x5, 0x60,
    0x18, 0x84, 0x0, 0x80, 0x80, 0xc, 0x0, 0xd8,
    0x1, 0x20, 0x6, 0x40, 0x2, 0x0, 0x2c, 0x0,
    0x80, 0x19, 0x0, 0x23, 0x0, 0xd8, 0x0, 0xd0,
    0x1, 0x88, 0x10, 0x80, 0x46, 0xc, 0x0, 0x40,
    0x9, 0x0, 0x8, 0x1, 0x20, 0x1, 0x0, 0x8,
    0x0, 0xb0, 0x6, 0x0, 0x8, 0x40, 0x88, 0x1,
    0x78, 0x3, 0x0, 0x18, 0x2, 0x48, 0x8, 0x0,
    0x40, 0x2, 0x0, 0x64, 0x0, 0x20, 0x1, 0x1,
    0x3, 0x0, 0xc0, 0x18, 0x0, 0xd0, 0xc, 0x26,
    0x4, 0x20, 0x61, 0x80, 0x80, 0x3, 0x4, 0x0,
    0x20, 0x7, 0x58, 0x1, 0x10, 0x0, 0x40, 0x30,
    0x2, 0x8, 0x81, 0x0, 0x3c, 0x80, 0xd, 0x30,
    0x12, 0x0, 0x20, 0x6a, 0x0, 0x34, 0x3, 0xc6,
    0x20, 0x9a, 0xe, 0x1, 0x68, 0x26, 0x0, 0x1c,
    0x3, 0xe4, 0x3, 0x40, 0xc0, 0x9, 0x0, 0x50,
    0x8, 0x40, 0x3e, 0xf0, 0x0, 0x82, 0x0, 0x44,
    0x40, 0x20, 0x50, 0xf, 0xc8, 0x1, 0x18, 0x80,
    0x64, 0x0, 0xb0, 0x3, 0xf0, 0x98, 0x1, 0x0,
    0x3b, 0x0, 0x24, 0x0, 0xc0,

    /* U+0078 "x" */
    0x9, 0xff, 0x60, 0x7, 0xf, 0xfc, 0x81, 0x22,
    0x6, 0xa0, 0x1a, 0xc0, 0xa, 0x80, 0xb, 0x0,
    0x58, 0x4, 0x8a, 0x3, 0x60, 0x12, 0xa0, 0xc,
    0x0, 0x24, 0x1, 0x2, 0x1, 0xa8, 0x0, 0xe2,
    0xa4, 0x6, 0xc0, 0x1c, 0x30, 0x0, 0x88, 0x0,
    0x38, 0x3, 0xe7, 0x30, 0x62, 0x8, 0x20, 0xf,
    0xde, 0x1, 0x13, 0x80, 0x7f, 0x20, 0x4, 0x62,
    0x1, 0xf8, 0xa0, 0x4, 0x6, 0xc0, 0x3f, 0x48,
    0x2, 0xcc, 0x15, 0x0, 0x3c, 0xa8, 0x6, 0xbe,
    0x0, 0xa0, 0xe, 0x1b, 0x0, 0x40, 0x1a, 0x80,
    0xc8, 0x6, 0xb1, 0x5, 0x40, 0x5, 0x80, 0x18,
    0xc0, 0x8, 0xa0, 0xb, 0x0, 0x86, 0x0, 0x1c,
    0x0, 0x90, 0x4, 0x88, 0x6, 0x72, 0x2, 0x80,

    /* U+0079 "y" */
    0x3f, 0xf8, 0x40, 0x3e, 0xef, 0xf2, 0x19, 0x0,
    0x1c, 0x3, 0xc8, 0x20, 0x28, 0x14, 0x0, 0xd0,
    0xf, 0x68, 0x1, 0xc0, 0xc, 0x0, 0x41, 0x0,
    0xe7, 0x0, 0x50, 0x0, 0x50, 0x0, 0xe0, 0x19,
    0x4, 0x8, 0xc0, 0x2d, 0x0, 0x68, 0x6, 0xd0,
    0x5, 0x0, 0x66, 0x0, 0x20, 0x80, 0x4e, 0x0,
    0x60, 0xe, 0x50, 0x3, 0x80, 0x10, 0x41, 0x4,
    0x3, 0xb8, 0x1, 0xa0, 0xe, 0x0, 0x70, 0x7,
    0x90, 0x41, 0x0, 0xa, 0x0, 0x50, 0xf, 0x9c,
    0x0, 0xa8, 0x0, 0x50, 0xf, 0xd4, 0x0, 0xcd,
    0x0, 0x70, 0x7, 0xe3, 0x20, 0x44, 0x0, 0xa0,
    0x7, 0xf5, 0x1, 0x10, 0x18, 0x3, 0xfc, 0xc0,
    0x1a, 0x80, 0x3f, 0xc2, 0x80, 0x3, 0x20, 0xf,
    0xfe, 0x15, 0x0, 0x7f, 0xf0, 0x10, 0x0, 0xe0,
    0x1f, 0xf4, 0x0, 0x14, 0x40, 0x3f, 0x3d, 0xe3,
    0x80, 0x20, 0x3, 0xfa, 0x90, 0xc0, 0x12, 0x40,
    0x1f, 0x84, 0x0, 0x29, 0x6c, 0x1, 0xf8,

    /* U+007A "z" */
    0xf, 0xff, 0xfa, 0xc0, 0x3f, 0xf8, 0x46, 0x7f,
    0x10, 0x5, 0x81, 0x99, 0xf2, 0x0, 0xd, 0xc0,
    0x3e, 0x56, 0x0, 0x70, 0x7, 0xc5, 0x40, 0xa,
    0x20, 0xf, 0xb8, 0x0, 0xaa, 0x0, 0xfa, 0x4c,
    0xa, 0x80, 0x3e, 0x56, 0x0, 0x70, 0x7, 0xc3,
    0x60, 0x8, 0x30, 0xf, 0xb4, 0x41, 0x1c, 0x3,
    0xe8, 0x30, 0x1a, 0x0, 0xf9, 0x1c, 0x1, 0x42,
    0x1, 0xe1, 0xa0, 0xa, 0x33, 0x3d, 0x6a, 0x20,
    0x11, 0x9f, 0xc8, 0x1, 0xff, 0xc1,

    /* U+007B "{" */
    0x0, 0xf8, 0xd9, 0x40, 0x39, 0x7b, 0x26, 0x40,
    0x18, 0xe8, 0x40, 0x3e, 0x80, 0x2, 0x6e, 0x0,
    0x65, 0x0, 0x51, 0x0, 0x70, 0x81, 0x8, 0x7,
    0xe6, 0x0, 0xff, 0xe7, 0x8, 0x7, 0xf2, 0x80,
    0x4, 0x3, 0x8e, 0x40, 0x18, 0x1, 0xbf, 0x8,
    0x11, 0x80, 0x3c, 0x37, 0x60, 0xf, 0x86, 0xe4,
    0x3, 0xba, 0xc4, 0x19, 0x40, 0x30, 0xa5, 0x80,
    0x3c, 0x3, 0xc8, 0x0, 0x10, 0xf, 0x8, 0x7,
    0xff, 0x51, 0xc0, 0x3f, 0x88, 0x3, 0xe3, 0x1,
    0x40, 0xf, 0x58, 0x2, 0xe9, 0x40, 0x33, 0x98,
    0x1, 0x64, 0x3, 0xb2, 0x4c, 0x5c,

    /* U+007C "|" */
    0x48, 0x80, 0xe3, 0xb8, 0x80, 0x3f, 0xff, 0xe0,
    0x1f, 0xfe, 0xd0,

    /* U+007D "}" */
    0x36, 0x41, 0x0, 0xf2, 0xcd, 0xf4, 0x80, 0x7f,
    0x34, 0x80, 0x66, 0xe8, 0x0, 0x30, 0x7, 0xb,
    0xa0, 0x0, 0xc0, 0x3d, 0x80, 0x6, 0x0, 0xf0,
    0x80, 0x7f, 0xf0, 0xc, 0x3, 0xff, 0x9c, 0x60,
    0xc, 0x0, 0xf2, 0x0, 0x15, 0x84, 0x3, 0xc,
    0x80, 0x27, 0x94, 0x3, 0x37, 0x18, 0x0, 0xc0,
    0x32, 0xf9, 0x80, 0x7d, 0x42, 0x11, 0xcc, 0x1,
    0x20, 0x1, 0x5c, 0x40, 0x31, 0x0, 0x34, 0x3,
    0xf8, 0x40, 0x3f, 0xfa, 0x26, 0x1, 0xee, 0x0,
    0x8, 0x7, 0x98, 0x0, 0xc0, 0x11, 0xc6, 0x88,
    0x19, 0x0, 0x4a, 0xe4, 0x0, 0xf0, 0xf, 0x13,
    0xf1, 0x80, 0x60,

    /* U+007E "~" */
    0x0, 0x24, 0xdc, 0x8, 0x7, 0x19, 0x84, 0x1e,
    0xd9, 0x1f, 0x94, 0x2, 0x3c, 0xc3, 0x9c, 0x0,
    0x75, 0x40, 0x2, 0x80, 0x5, 0x60, 0x8, 0xfa,
    0x10, 0x7d, 0xc6, 0x0, 0x21, 0x0, 0xb8, 0x2e,
    0x10, 0x11, 0x80, 0x24, 0x3e, 0x20, 0x1, 0x16,
    0xb8, 0x81, 0x53, 0x0,

    /* U+00A0 " " */

    /* U+00A1 "¡" */
    0x2c, 0xf8, 0x8, 0x30, 0x72, 0x0, 0xc3, 0x22,
    0xa, 0x66, 0xee, 0x50, 0x4, 0x20, 0x1f, 0x1f,
    0xfa, 0xc0, 0x33, 0x80, 0x7f, 0xce, 0x1, 0xff,
    0xc0, 0x10, 0xf, 0x8, 0x7, 0xff, 0x0, 0xc0,
    0x3c, 0x60, 0x1f, 0xc9, 0x55, 0x0,

    /* U+00A2 "¢" */
    0x0, 0xf3, 0xf9, 0x0, 0x7f, 0xf2, 0xc5, 0x70,
    0x2d, 0x40, 0x3e, 0x6f, 0xa4, 0x6, 0xaf, 0x60,
    0xd, 0x12, 0x20, 0x1e, 0x98, 0x0, 0x2b, 0x80,
    0x1d, 0x82, 0xd8, 0x0, 0xe6, 0x10, 0x0, 0x88,
    0x70, 0x34, 0xb0, 0x2, 0x4c, 0x80, 0xe, 0x1,
    0xd0, 0xd5, 0x68, 0x0, 0x50, 0xf, 0xc, 0xa8,
    0xf0, 0x3, 0x40, 0x3f, 0xc6, 0x0, 0x10, 0xf,
    0xf1, 0x80, 0x4, 0x3, 0xfd, 0xc0, 0xd, 0x0,
    0xff, 0x20, 0x1, 0x0, 0x3c, 0x36, 0xe6, 0x61,
    0x1, 0x70, 0xe, 0x84, 0x89, 0xb, 0x0, 0x44,
    0x38, 0x1a, 0x58, 0x1, 0x20, 0xac, 0x0, 0x76,
    0xb, 0x60, 0x3, 0x98, 0x2, 0x60, 0x3, 0xe9,
    0x80, 0xc, 0xfd, 0x46, 0xd, 0x5e, 0xc0, 0x1e,
    0x15, 0xb0, 0xb5, 0x0, 0xff, 0xe3, 0x0,

    /* U+00A3 "£" */
    0x0, 0xe3, 0xad, 0xff, 0x63, 0x0, 0x7d, 0x38,
    0xa4, 0x0, 0x39, 0xc1, 0x0, 0xd0, 0xc0, 0x11,
    0x8, 0x0, 0xf4, 0x2, 0x17, 0x0, 0x47, 0xef,
    0x58, 0x81, 0xb0, 0x1, 0x80, 0xa, 0xe0, 0x12,
    0x58, 0x3, 0x40, 0x1c, 0x0, 0xc0, 0xe, 0x58,
    0xa9, 0x0, 0x18, 0x0, 0x80, 0x3c, 0xea, 0x40,
    0x3, 0x0, 0x8, 0x7, 0xff, 0x8, 0xc0, 0x3f,
    0xa7, 0xd8, 0x1, 0x3f, 0xfd, 0x20, 0x1f, 0xfc,
    0x6b, 0xa5, 0x0, 0x2d, 0x57, 0x80, 0x22, 0x5c,
    0x0, 0x12, 0xaf, 0x18, 0x7, 0xff, 0x20, 0xc0,
    0x3f, 0xfa, 0x26, 0x0, 0xd0, 0xf, 0x56, 0x58,
    0xd, 0x82, 0x28, 0x7, 0x90, 0xd9, 0xf8, 0x81,
    0xf3, 0x3d, 0xa2, 0xd, 0xc0, 0x11, 0x9f, 0xc4,
    0x0, 0xf0, 0xf, 0xfe, 0x1, 0xda, 0x0,

    /* U+00A4 "¤" */
    0x0, 0x8, 0x7, 0xff, 0x4, 0x40, 0xb, 0xc8,
    0x2, 0xf9, 0xdf, 0xd4, 0x80, 0x9, 0xf1, 0x15,
    0x5, 0xbf, 0xc1, 0x88, 0xa, 0xdd, 0xa5, 0x86,
    0x86, 0x80, 0x10, 0x20, 0x8f, 0x2c, 0x20, 0x8c,
    0x3, 0x20, 0xae, 0x0, 0x2c, 0xb8, 0x69, 0xe7,
    0x0, 0xb0, 0x80, 0xa, 0x3, 0x86, 0x1, 0xd1,
    0x0, 0x2, 0x0, 0x10, 0x82, 0x84, 0x3, 0xe7,
    0x30, 0xb0, 0x6, 0x81, 0x20, 0x7, 0xf4, 0x81,
    0x10, 0x10, 0x14, 0x3, 0xfc, 0xa0, 0x4, 0x3,
    0xf, 0x0, 0xff, 0x84, 0x4, 0x3, 0xff, 0x8e,
    0x41, 0xc0, 0x1f, 0xf0, 0x80, 0x82, 0x82, 0x0,
    0x7f, 0x94, 0x0, 0x81, 0xa0, 0x4a, 0x1, 0xfd,
    0x20, 0x44, 0x4, 0x20, 0xb1, 0x0, 0xf9, 0xcc,
    0x2c, 0x2, 0x10, 0x1f, 0x30, 0xe, 0x88, 0x0,
    0x75, 0x18, 0x0, 0x73, 0x10, 0xf3, 0xce, 0x1,
    0x4a, 0x8b, 0x81, 0xd0, 0x81, 0xbc, 0x30, 0x82,
    0x50, 0x3, 0x7, 0xd3, 0x57, 0xa0, 0xc4, 0x5,
    0x6e, 0xcb, 0x6d, 0x20,

    /* U+00A5 "¥" */
    0x5f, 0xf7, 0x0, 0x7c, 0xbf, 0xee, 0x5, 0x20,
    0x16, 0x0, 0xf4, 0x80, 0x24, 0x1, 0x60, 0xb,
    0x0, 0xe4, 0x30, 0x17, 0x0, 0x31, 0x1, 0x20,
    0x6, 0xf0, 0x4, 0x80, 0x6b, 0x0, 0x40, 0x4,
    0x48, 0x0, 0x70, 0xc, 0xc2, 0x6, 0x60, 0x5,
    0x80, 0x1c, 0x3, 0xd0, 0x0, 0x90, 0x16, 0x0,
    0x48, 0x7, 0x98, 0x41, 0x45, 0x80, 0xe, 0x20,
    0x1f, 0x48, 0x2, 0x24, 0x1, 0x20, 0x1f, 0x9c,
    0x41, 0x84, 0x1c, 0x40, 0x38, 0xff, 0xe1, 0x0,
    0xcf, 0xfe, 0xa0, 0xf, 0xfe, 0x39, 0xee, 0xe3,
    0x0, 0x4e, 0xed, 0x60, 0x18, 0x8b, 0x0, 0x46,
    0x45, 0x8, 0x4, 0x7f, 0xf8, 0xc0, 0x15, 0xff,
    0x50, 0x7, 0xff, 0x1c, 0xf7, 0x71, 0x80, 0x27,
    0x76, 0xb0, 0xc, 0x45, 0x80, 0x23, 0x22, 0x84,
    0x3, 0xff, 0xcc,

    /* U+00A6 "¦" */
    0x4f, 0xf3, 0x80, 0x7f, 0xf5, 0x19, 0x54, 0x65,
    0x54, 0x40, 0xf, 0xfe, 0x21, 0xdd, 0x95, 0xd1,
    0x4, 0x1, 0xff, 0xd4,

    /* U+00A7 "§" */
    0x0, 0x86, 0x37, 0xfd, 0xb0, 0x1, 0xe2, 0xf7,
    0x20, 0x1, 0x3e, 0x0, 0x77, 0x88, 0xb, 0x30,
    0x40, 0xe4, 0x2, 0x22, 0x1, 0x74, 0xcb, 0x88,
    0x18, 0x40, 0xc, 0x0, 0x50, 0xd, 0x0, 0x64,
    0x0, 0x70, 0x1, 0x0, 0x65, 0xfc, 0x30, 0x1,
    0x90, 0x2b, 0x80, 0x7f, 0xb8, 0x1, 0x18, 0x60,
    0x1f, 0x9d, 0x0, 0x7, 0x94, 0x40, 0x1d, 0x16,
    0x1d, 0x86, 0xb, 0xb0, 0x1, 0x13, 0x84, 0x89,
    0xe5, 0x90, 0x3e, 0x0, 0x10, 0x0, 0x60, 0x12,
    0x6c, 0x1, 0xd0, 0x18, 0x1, 0x80, 0x39, 0xdc,
    0xa, 0x48, 0x0, 0x87, 0x0, 0xeb, 0x0, 0x38,
    0xc0, 0x2, 0x35, 0x0, 0x26, 0x0, 0x30, 0x3b,
    0x80, 0x5, 0x78, 0x88, 0x80, 0x23, 0x0, 0x46,
    0x20, 0x0, 0xee, 0xc4, 0x7e, 0x1, 0x8e, 0xec,
    0x40, 0x13, 0xe1, 0x0, 0x79, 0x36, 0x40, 0xe,
    0xe0, 0xf, 0xe6, 0xd0, 0x4, 0x80, 0x42, 0x8c,
    0x1, 0x89, 0x40, 0x4c, 0x1, 0x57, 0x24, 0x1,
    0x84, 0x3, 0xb8, 0x1, 0xe8, 0x2, 0xe8, 0x0,
    0x30, 0x2, 0xa0, 0x15, 0xff, 0x40, 0x2, 0x0,
    0x35, 0x20, 0x7, 0xa1, 0xc0, 0x30, 0xde, 0x43,
    0xba, 0xb9, 0xc0, 0x20,

    /* U+00A8 "¨" */
    0x3, 0x83, 0x0, 0x96, 0x8, 0x7, 0x1f, 0x4,
    0xe, 0x9f, 0x0, 0x80, 0x23, 0x6, 0x0, 0x8,
    0x1b, 0x3, 0x10, 0x2a, 0x4, 0x0,

    /* U+00A9 "©" */
    0x0, 0xf8, 0x9e, 0x6e, 0xa5, 0x40, 0x3f, 0xf8,
    0x27, 0x9b, 0xc, 0x8a, 0xd5, 0xf0, 0x1, 0xfe,
    0x8c, 0x30, 0xf, 0xcf, 0xc6, 0x1, 0xf5, 0x38,
    0x0, 0xe7, 0x7f, 0xb1, 0xc0, 0x3, 0x88, 0x1,
    0xce, 0xa0, 0x9, 0xc6, 0x20, 0x13, 0x8e, 0x50,
    0x5, 0x10, 0x4, 0x50, 0x0, 0xc6, 0x6, 0xcf,
    0xeb, 0x51, 0xa6, 0x1, 0x90, 0xa, 0x0, 0x12,
    0x63, 0x92, 0x60, 0x29, 0x54, 0x9, 0x30, 0x44,
    0x0, 0xa8, 0x13, 0x6, 0x98, 0xb, 0x28, 0x1,
    0x60, 0x3c, 0x1, 0xc0, 0x80, 0xb, 0x5, 0x30,
    0x5e, 0x9a, 0xe2, 0x7, 0x13, 0x20, 0x50, 0xd0,
    0x2, 0x7, 0x0, 0xd0, 0x4, 0x3c, 0x66, 0x20,
    0x50, 0x1, 0x10, 0x0, 0x40, 0xc0, 0xe0, 0x1c,
    0x79, 0x83, 0xe, 0x0, 0x8, 0x7, 0xff, 0x25,
    0xcc, 0x0, 0x20, 0xc0, 0xe0, 0x1c, 0xb9, 0x81,
    0xe, 0x0, 0x37, 0x80, 0x10, 0x38, 0x6, 0x80,
    0x22, 0xb3, 0x21, 0x4, 0x0, 0x12, 0x0, 0x38,
    0x14, 0xc1, 0x7a, 0x6b, 0x44, 0x20, 0x4, 0xc1,
    0x0, 0x8c, 0x10, 0xc3, 0x4c, 0x5, 0x94, 0x0,
    0xcc, 0xb, 0x0, 0x68, 0x2, 0x0, 0x1a, 0x22,
    0xc9, 0x30, 0x14, 0xb9, 0x6, 0x50, 0x26, 0x0,
    0x22, 0x80, 0xe1, 0x3, 0x67, 0xf5, 0xa0, 0x34,
    0x80, 0x24, 0x3, 0x51, 0x1, 0x6c, 0x10, 0x6,
    0x4c, 0x90, 0x4, 0x20, 0x7, 0x61, 0x80, 0x1f,
    0x7b, 0x37, 0xec, 0xc0, 0x12, 0xe0, 0x1e, 0x1c,
    0x80, 0x8, 0x4c, 0x80, 0x23, 0xc6, 0x0, 0xfe,
    0x7e, 0x94, 0x20, 0x12, 0x6b, 0xc3, 0x0, 0xe0,

    /* U+00AA "ª" */
    0x0, 0x96, 0xfb, 0xf6, 0x8c, 0x3, 0x5d, 0x20,
    0x81, 0x2e, 0x28, 0x1, 0xd0, 0x1b, 0x7a, 0xc4,
    0x2c, 0x0, 0xd7, 0x32, 0x21, 0x49, 0x1, 0x20,
    0x14, 0x60, 0x1, 0x25, 0x80, 0x4, 0x0, 0x73,
    0xbf, 0xb6, 0x60, 0x19, 0xb1, 0x88, 0x88, 0xec,
    0x1, 0xa4, 0xb, 0x75, 0x71, 0xe0, 0x10, 0x80,
    0x28, 0x80, 0x2c, 0x0, 0x84, 0x1, 0x44, 0x3,
    0xa, 0x1, 0xa0, 0xb, 0x7f, 0x9d, 0x40, 0x33,
    0xd1, 0x88, 0x1d, 0xf0, 0x4,

    /* U+00AB "«" */
    0x0, 0xe9, 0xff, 0x58, 0x3, 0x3f, 0xd2, 0x1,
    0x9d, 0x80, 0xa8, 0x24, 0xc1, 0x24, 0x2, 0x48,
    0x0, 0x78, 0xb3, 0x0, 0xa8, 0x2, 0x2a, 0x0,
    0x59, 0x24, 0x80, 0x3c, 0x40, 0x2f, 0x10, 0x84,
    0x2a, 0x0, 0x51, 0x0, 0x56, 0x40, 0x8e, 0x1e,
    0x20, 0xea, 0x1, 0x3a, 0x0, 0xd8, 0x49, 0x1,
    0xc0, 0x6, 0x61, 0x1, 0x60, 0xa0, 0x1, 0xa0,
    0x6, 0x1d, 0x0, 0x49, 0x9a, 0x80, 0x14, 0x40,
    0x18, 0xe8, 0x1, 0xa2, 0xae, 0x3, 0xe0, 0x1c,
    0xae, 0x3, 0xa1, 0x8, 0x5, 0x40, 0x1d, 0x8,
    0x7, 0x41, 0x64, 0xa, 0xe0, 0x1d, 0x64, 0xa,
    0xe1, 0xe2, 0x10, 0x80, 0x1d, 0x95, 0x42, 0x2,
    0xca, 0xa0, 0x0,

    /* U+00AC "¬" */
    0x9a, 0xaf, 0xf3, 0xb2, 0xaf, 0xfa, 0xc0, 0x3f,
    0xf8, 0x1f, 0xff, 0xc2, 0x1, 0xff, 0xd7, 0x97,
    0xa0,

    /* U+00AE "®" */
    0x0, 0xff, 0xe4, 0x8c, 0x6f, 0xfb, 0xad, 0x40,
    0x3f, 0x37, 0x39, 0x0, 0x5, 0x2b, 0x8, 0x3,
    0x9e, 0x41, 0x2b, 0xbf, 0x60, 0x4f, 0x8, 0x2,
    0x48, 0x8, 0xb5, 0x10, 0x27, 0xf4, 0x1f, 0x0,
    0xa4, 0x1d, 0xd1, 0xff, 0xa0, 0x6c, 0x88, 0xe0,
    0x64, 0x30, 0x1, 0x4d, 0xa3, 0xa0, 0x40, 0x50,
    0x20, 0x30, 0x6, 0x54, 0xe0, 0x30, 0x51, 0x21,
    0xe0, 0xe0, 0xf, 0x78, 0x10, 0x0, 0x80, 0x80,
    0x3e, 0xcf, 0x54, 0x50, 0xe, 0xe0, 0xf0, 0xd,
    0x34, 0x2, 0x1, 0x10, 0x12, 0x3, 0x80, 0x65,
    0x5c, 0x60, 0xa2, 0x42, 0x66, 0x18, 0xd, 0x51,
    0x8, 0x55, 0xc, 0x5, 0x80, 0x3c, 0x1d, 0xcb,
    0x44, 0x5, 0x4f, 0xa4, 0x46, 0x0, 0x1c, 0x84,
    0x62, 0x90, 0x9c, 0x79, 0x8f, 0x80, 0x66, 0xa1,
    0x3a, 0xde, 0xc7, 0x13, 0xf2, 0x0, 0xe5, 0xf8,
    0x31, 0x1, 0x5b, 0xc1, 0x0, 0x80,

    /* U+00AF "¯" */
    0x13, 0x3f, 0x85, 0x33, 0x3e, 0x40, 0xf, 0xe0,

    /* U+00B0 "°" */
    0x0, 0xa3, 0x7f, 0x58, 0x3, 0xb5, 0xc8, 0xa,
    0x68, 0x2, 0x92, 0x5, 0x94, 0x5, 0x60, 0x16,
    0x8, 0xa6, 0xb4, 0xb, 0x2, 0x0, 0x30, 0x5,
    0xe0, 0x40, 0x1f, 0xfc, 0x2, 0x0, 0x30, 0x5,
    0xc0, 0x40, 0x2c, 0x11, 0x4d, 0x6a, 0x16, 0x0,
    0x92, 0x5, 0x94, 0x5, 0x60, 0xb, 0x5c, 0x80,
    0xa6, 0x80, 0x0,

    /* U+00B1 "±" */
    0x0, 0xf7, 0xfa, 0xc0, 0x3f, 0xfc, 0x69, 0xff,
    0xc0, 0x4, 0xff, 0xe0, 0xf, 0xfe, 0x13, 0xa2,
    0x70, 0x0, 0x51, 0x32, 0x9d, 0xdf, 0x0, 0x16,
    0xef, 0x50, 0x7, 0xff, 0x59, 0x55, 0x80, 0x1f,
    0xf5, 0x51, 0xc0, 0x38, 0xee, 0xff, 0xf8, 0x14,
    0xe8, 0x9f, 0xfc, 0x5, 0x0, 0xff, 0xe1, 0x0,

    /* U+00B2 "²" */
    0x0, 0x36, 0x77, 0xec, 0x8, 0x5, 0x72, 0x62,
    0x4, 0xfe, 0x20, 0xa8, 0xd, 0xbc, 0xe0, 0x30,
    0x0, 0x55, 0x49, 0xc, 0x8, 0x28, 0x2d, 0x50,
    0x2, 0x11, 0x3, 0x0, 0x78, 0x70, 0x1, 0x20,
    0x1c, 0x7e, 0x41, 0x26, 0x1, 0x97, 0x4, 0x29,
    0x80, 0x33, 0xd0, 0x16, 0xa8, 0x6, 0xa8, 0x3,
    0xe0, 0x22, 0x81, 0x94, 0x0, 0x79, 0xbb, 0x84,
    0x3, 0xfe,

    /* U+00B3 "³" */
    0x0, 0x25, 0xf7, 0xf5, 0x10, 0x4, 0xf6, 0x82,
    0x2, 0xba, 0x60, 0x50, 0x7, 0x9d, 0x40, 0xf,
    0x0, 0x3b, 0xb8, 0xc5, 0x54, 0x4, 0x5, 0x10,
    0x20, 0x1, 0x20, 0x20, 0x7, 0x5e, 0x68, 0xad,
    0x80, 0x72, 0x18, 0x8, 0x18, 0x7, 0x7f, 0xb0,
    0xd7, 0x44, 0xd5, 0x40, 0x11, 0xd8, 0x1, 0xd6,
    0xaa, 0x32, 0x58, 0x0, 0x13, 0x18, 0x2e, 0x6d,
    0x8, 0x2a, 0x6, 0x49, 0x88, 0x12, 0x5d, 0x0,

    /* U+00B4 "´" */
    0x0, 0x11, 0x98, 0x0, 0x5b, 0x9c, 0x0, 0xb0,
    0x7, 0x0, 0xb0, 0x39, 0x83, 0x1, 0x40, 0x0,

    /* U+00B5 "µ" */
    0xff, 0x80, 0x3c, 0x5f, 0xed, 0x0, 0xff, 0xff,
    0x80, 0x7f, 0xfd, 0x44, 0x3, 0x84, 0x3, 0xf2,
    0x0, 0x72, 0x0, 0x7e, 0x81, 0x0, 0x8a, 0x40,
    0x3f, 0x17, 0x4b, 0xce, 0x88, 0x80, 0xa5, 0x0,
    0x26, 0x6, 0x86, 0x7, 0x90, 0x3, 0x70, 0x5,
    0x32, 0x20, 0x29, 0x87, 0x82, 0x0, 0xf3, 0x6f,
    0xeb, 0x0, 0x1f, 0x7e, 0x80, 0x3f, 0xff, 0xe0,

    /* U+00B6 "¶" */
    0x0, 0x8a, 0x37, 0xbf, 0xfd, 0x20, 0x6, 0xd7,
    0x21, 0x0, 0xfc, 0xb2, 0x1, 0xc6, 0xa8, 0x1,
    0xac, 0x3, 0xd3, 0x50, 0x1, 0x28, 0x80, 0x7f,
    0xf0, 0x34, 0x3, 0xff, 0x82, 0x20, 0x1f, 0xfc,
    0x11, 0x0, 0xff, 0xe0, 0xf0, 0x7, 0xff, 0x5,
    0xc0, 0x3f, 0xf8, 0x22, 0xe0, 0x1f, 0xfc, 0x18,
    0x50, 0xf, 0xfe, 0xd, 0x50, 0xc0, 0x3f, 0xf8,
    0xb, 0x9f, 0xb8, 0x80, 0x1f, 0xf1, 0x18, 0x80,
    0x7f, 0xff, 0xc0, 0x3f, 0xf8, 0x40,

    /* U+00B7 "·" */
    0x0, 0x8, 0x0, 0xfb, 0x94, 0x12, 0x20, 0xa4,
    0x1, 0xd0, 0x61, 0x4,

    /* U+00B8 "¸" */
    0x1, 0x20, 0xd, 0x7c, 0x1, 0x9c, 0x4c, 0x2,
    0x22, 0x66, 0x88, 0x7f, 0x94, 0x91, 0x13, 0x24,
    0x1, 0xc6, 0x61, 0xc2, 0x0,

    /* U+00B9 "¹" */
    0x0, 0x47, 0xfc, 0x47, 0xae, 0x1, 0xa8, 0x85,
    0x0, 0x33, 0x71, 0x80, 0x53, 0x20, 0xf, 0xff,
    0x50,

    /* U+00BA "º" */
    0x0, 0xc, 0x6f, 0xf5, 0xa8, 0x6, 0x3f, 0x72,
    0x1, 0x4a, 0xb0, 0x0, 0xe8, 0x84, 0x66, 0x14,
    0x12, 0x42, 0x44, 0x29, 0xcc, 0xd4, 0x60, 0xc2,
    0xa0, 0x2a, 0x1, 0xa4, 0x0, 0xe6, 0x4, 0x1,
    0xce, 0x0, 0xe0, 0x3, 0x80, 0x7f, 0x18, 0x28,
    0x7, 0x38, 0x3, 0x94, 0x5, 0x40, 0x34, 0x80,
    0x1e, 0x44, 0x29, 0x88, 0xe8, 0xc1, 0x84, 0x54,
    0x21, 0x3b, 0x8a, 0x9, 0x20, 0x4, 0xf7, 0x20,
    0x13, 0x9b, 0x0, 0x0,

    /* U+00BB "»" */
    0x8f, 0xf6, 0x0, 0x2b, 0xfd, 0x40, 0x1d, 0x8,
    0x7, 0x41, 0x44, 0xa, 0xe0, 0x1d, 0x44, 0xa,
    0xe1, 0xe2, 0x10, 0x80, 0x18, 0x7c, 0x1, 0x8,
    0x54, 0x0, 0xb2, 0x0, 0xc5, 0x60, 0xb, 0x24,
    0x80, 0x7, 0x88, 0x6, 0x48, 0x0, 0x78, 0xba,
    0x81, 0x50, 0x7, 0x39, 0x81, 0x58, 0x50, 0x82,
    0x38, 0x6, 0x33, 0x0, 0x24, 0x14, 0x40, 0x58,
    0x2, 0x1d, 0x0, 0x49, 0x9a, 0x80, 0x1a, 0x20,
    0x16, 0x88, 0x33, 0x7, 0x40, 0x12, 0x60, 0x15,
    0x18, 0x24, 0x86, 0x88, 0x33, 0x0, 0x27, 0x50,
    0x2a, 0x9, 0x30, 0x49, 0x0, 0x92, 0x0, 0x1e,
    0x2c, 0xc0, 0x2a, 0x0, 0xea, 0xa6, 0x10, 0x1d,
    0x53, 0xc4, 0x3, 0x0,

    /* U+00BC "¼" */
    0x1, 0x88, 0x84, 0x3, 0xf9, 0x22, 0x0, 0x11,
    0x63, 0xbc, 0x60, 0x1f, 0x86, 0x9f, 0xc0, 0x2c,
    0x23, 0x0, 0xff, 0xac, 0x4d, 0xc0, 0x34, 0xf8,
    0x7, 0xf9, 0x54, 0x1c, 0x1, 0xb5, 0x80, 0x3f,
    0xc3, 0x61, 0x4, 0x1, 0x8c, 0x3, 0xfe, 0xb1,
    0x37, 0x0, 0xff, 0xe2, 0x2a, 0x83, 0x80, 0x3f,
    0xf8, 0x83, 0x61, 0x4, 0x1, 0xff, 0xc4, 0xb1,
    0x27, 0x0, 0xff, 0xe2, 0x2a, 0x83, 0x80, 0x3f,
    0xf8, 0x83, 0x60, 0xe6, 0x1, 0x6f, 0xf9, 0x80,
    0x3f, 0xac, 0x4a, 0x0, 0x26, 0x20, 0xf, 0x1f,
    0xf8, 0x81, 0x54, 0x1c, 0x1, 0xa0, 0x3, 0xfe,
    0x1b, 0x7, 0x30, 0x9, 0xc5, 0xc, 0x3, 0xfa,
    0xc4, 0xa0, 0x2, 0x18, 0x8, 0x0, 0xfe, 0x55,
    0x7, 0x0, 0x68, 0x4, 0x30, 0xf, 0xc3, 0x60,
    0xe6, 0x1, 0x13, 0x4, 0x80, 0x7f, 0x58, 0x94,
    0x0, 0x69, 0x5, 0x20, 0x8, 0x40, 0x32, 0xa8,
    0x38, 0x3, 0x90, 0x17, 0xfc, 0x61, 0x18, 0x0,
    0x1b, 0x7, 0x30, 0xf, 0xfe, 0x25, 0x89, 0x40,
    0x7, 0xbf, 0xf8, 0x82, 0x70, 0x7, 0x5f, 0xc0,
    0x3f, 0xf8, 0x16, 0xea, 0x0,

    /* U+00BD "½" */
    0x0, 0x2b, 0x30, 0x40, 0x3f, 0x89, 0x94, 0x3,
    0xd, 0xd4, 0xc8, 0xc0, 0x3f, 0xbe, 0x70, 0x3,
    0x62, 0x8, 0x7, 0xfd, 0x4, 0x30, 0x1, 0x89,
    0xb4, 0x3, 0xfc, 0x6e, 0x14, 0x20, 0x1a, 0xa4,
    0x3, 0xfe, 0xe0, 0x54, 0x0, 0xe5, 0x0, 0xff,
    0xa0, 0x86, 0xc0, 0x3f, 0xf8, 0xa4, 0xe1, 0x62,
    0x1, 0xff, 0xc5, 0xe0, 0x55, 0x0, 0x7f, 0xf1,
    0x5c, 0xc6, 0xc0, 0x3f, 0xf8, 0xa5, 0x1, 0x62,
    0x1, 0xff, 0xc5, 0xe0, 0x45, 0x0, 0x2e, 0x7f,
    0x50, 0x80, 0x7f, 0x39, 0x85, 0x0, 0x1e, 0x8c,
    0x5, 0x7c, 0x40, 0x7, 0xba, 0x20, 0x28, 0x9,
    0x10, 0x4, 0x82, 0x64, 0x80, 0xc8, 0x4, 0x44,
    0x0, 0x48, 0x23, 0x0, 0x51, 0x34, 0x6c, 0x80,
    0x40, 0x1e, 0x64, 0x9, 0x0, 0xcc, 0xc1, 0x0,
    0x28, 0x60, 0x7, 0xc, 0x84, 0x10, 0x7, 0xe8,
    0x11, 0x30, 0x7, 0x50, 0x1b, 0x80, 0x7e, 0x67,
    0xa, 0x0, 0xe5, 0x40, 0xe0, 0xf, 0xcb, 0x21,
    0x8, 0x1, 0x86, 0xc2, 0x8, 0x3, 0xe4, 0xa0,
    0x67, 0x0, 0xeb, 0x13, 0x70, 0xf, 0x8e, 0xc0,
    0xec, 0x88, 0x20, 0x5, 0x50, 0x78, 0x7, 0xed,
    0x0, 0x1e, 0xed, 0x80, 0x36, 0xe, 0x60, 0x1f,
    0xfc, 0x40,

    /* U+00BE "¾" */
    0x1, 0x9e, 0xfd, 0x91, 0x0, 0xfe, 0x7f, 0xe1,
    0x0, 0xf, 0xb0, 0x81, 0x36, 0x80, 0x7e, 0x28,
    0xb, 0x10, 0x2, 0x12, 0x67, 0xd0, 0x19, 0x0,
    0x7d, 0xc0, 0xaa, 0x0, 0x97, 0x2c, 0xc0, 0x31,
    0x80, 0x7a, 0xc, 0x6c, 0x3, 0xec, 0xea, 0x1a,
    0x10, 0xe, 0x37, 0xa, 0x10, 0xf, 0x88, 0x40,
    0x1a, 0x1, 0xee, 0x6, 0x40, 0xf, 0xdd, 0xf4,
    0x2e, 0xc0, 0x1a, 0x48, 0x92, 0x1, 0xff, 0x29,
    0x6, 0x0, 0x48, 0xc1, 0xc0, 0x1f, 0x46, 0x59,
    0x82, 0x90, 0x18, 0x5, 0x40, 0xe6, 0x1, 0xf6,
    0x1a, 0x67, 0xd0, 0xd, 0x80, 0x24, 0x4a, 0x0,
    0x2a, 0xff, 0x48, 0x25, 0xa0, 0x0, 0x57, 0x8,
    0x11, 0x83, 0x80, 0x23, 0x50, 0xe, 0x4b, 0xff,
    0x75, 0x10, 0xd, 0x3, 0x98, 0x5, 0x0, 0x1f,
    0xfc, 0x2b, 0x13, 0x80, 0x9, 0x10, 0x2a, 0x1,
    0xff, 0x2a, 0x83, 0x80, 0x34, 0x84, 0x18, 0x7,
    0xf8, 0x6c, 0x20, 0x80, 0x26, 0x22, 0x30, 0x7,
    0xfd, 0x42, 0x6e, 0x1, 0xa0, 0x20, 0x3, 0xfe,
    0x64, 0xe, 0x0, 0xd0, 0x24, 0xa0, 0x1f, 0xe2,
    0x90, 0x92, 0x0, 0xc8, 0x5, 0xfe, 0x60, 0x6f,
    0x0, 0xee, 0x4, 0x60, 0xf, 0xfe, 0x33, 0x98,
    0xd0, 0x7, 0xb3, 0xff, 0x28, 0x37, 0x80, 0x73,
    0xd0, 0x80, 0x7f, 0xde, 0xfa, 0x0,

    /* U+00BF "¿" */
    0x0, 0xe4, 0xee, 0x28, 0x7, 0xf5, 0x8, 0xa8,
    0x3, 0xff, 0x95, 0x0, 0x9, 0x0, 0xfe, 0x6f,
    0xf3, 0x0, 0x7f, 0xf2, 0x85, 0x54, 0x40, 0x1f,
    0xcf, 0x54, 0x50, 0xf, 0xee, 0x0, 0x8, 0x7,
    0xe1, 0x60, 0x2, 0x80, 0x7c, 0x3a, 0x20, 0x26,
    0x1, 0xe4, 0xf3, 0x0, 0x50, 0x7, 0x92, 0xc4,
    0xb, 0x50, 0x3, 0xd4, 0x0, 0x3c, 0x20, 0xf,
    0x28, 0x80, 0xe0, 0x80, 0x7d, 0xa0, 0x7, 0x0,
    0xfe, 0x10, 0x7, 0x0, 0x73, 0x6e, 0x9f, 0x80,
    0x18, 0x1, 0xda, 0x44, 0x5, 0x0, 0x23, 0x0,
    0x4e, 0x80, 0x5, 0x25, 0x0, 0x4e, 0xd6, 0xc0,
    0x1, 0x48, 0x29, 0x0, 0x4, 0xa4, 0x0, 0x4a,
    0x0, 0xae, 0x90, 0x40, 0x52, 0xac, 0x0,

    /* U+00C0 "À" */
    0x0, 0xf1, 0x9c, 0x1, 0xff, 0xc5, 0x4c, 0xc4,
    0x0, 0x7f, 0xf1, 0x1c, 0xc1, 0x80, 0x3f, 0xf8,
    0xbc, 0x2, 0xc0, 0x1f, 0xfc, 0x42, 0x70, 0xb0,
    0xf, 0xfe, 0x2c, 0x7e, 0x80, 0x7f, 0xf6, 0xf,
    0xfe, 0xe0, 0xf, 0xfe, 0x1d, 0x0, 0x42, 0x80,
    0x1f, 0xfc, 0x27, 0x0, 0xdc, 0x1, 0xff, 0xc1,
    0x41, 0x6, 0x10, 0x50, 0xf, 0xfe, 0xe, 0x80,
    0x31, 0x0, 0xa, 0x1, 0xff, 0xc0, 0x70, 0x2,
    0x78, 0x3, 0x80, 0x3f, 0xe4, 0x10, 0x31, 0x40,
    0x2, 0x8, 0x7, 0xfb, 0x80, 0x16, 0x2, 0x60,
    0x7, 0x0, 0xff, 0x28, 0x1, 0x0, 0x16, 0x0,
    0xa0, 0xf, 0xe5, 0x0, 0x9, 0x80, 0x14, 0x0,
    0x62, 0x1, 0xfb, 0xc0, 0xe, 0x1, 0x11, 0x0,
    0xc, 0x1, 0xf9, 0x40, 0x1a, 0x1, 0x94, 0x1,
    0x40, 0x1f, 0x28, 0x0, 0x50, 0x3, 0x50, 0x0,
    0x88, 0x1, 0xee, 0x0, 0xf, 0xff, 0x68, 0x5,
    0x40, 0x1c, 0x28, 0x1, 0xff, 0xc0, 0x50, 0xe,
    0x70, 0x9, 0x13, 0xf0, 0x0, 0x8c, 0x3, 0x50,
    0x1, 0xae, 0xff, 0x18, 0x2, 0x80, 0x21, 0x30,
    0x6, 0x80, 0x7e, 0xb0, 0x3, 0x80, 0x4c, 0x0,
    0x14, 0x0, 0xfc, 0xc0, 0x1, 0x40, 0x5, 0x80,
    0x1c, 0x3, 0xf8, 0x4c, 0x1, 0xc0, 0x46, 0x0,
    0xa0, 0xf, 0xf5, 0x0, 0x14, 0x0,

    /* U+00C1 "Á" */
    0x0, 0xff, 0x9, 0x98, 0x80, 0x3f, 0xf8, 0x95,
    0x98, 0x10, 0xf, 0xfe, 0x19, 0xa0, 0x31, 0x80,
    0x7f, 0xf0, 0xe4, 0x6, 0x40, 0x3f, 0xf8, 0x62,
    0xa1, 0x40, 0x1f, 0xfc, 0x41, 0xff, 0x20, 0x7,
    0xff, 0x5c, 0xff, 0xee, 0x0, 0xff, 0xe1, 0xd0,
    0x4, 0x28, 0x1, 0xff, 0xc2, 0x70, 0xd, 0xc0,
    0x1f, 0xfc, 0x14, 0x10, 0x61, 0x5, 0x0, 0xff,
    0xe0, 0xe8, 0x3, 0x10, 0x0, 0xa0, 0x1f, 0xfc,
    0x7, 0x0, 0x27, 0x80, 0x38, 0x3, 0xfe, 0x41,
    0x3, 0x14, 0x0, 0x20, 0x80, 0x7f, 0xb8, 0x1,
    0x60, 0x26, 0x0, 0x70, 0xf, 0xf2, 0x80, 0x10,
    0x1, 0x60, 0xa, 0x0, 0xfe, 0x50, 0x0, 0x98,
    0x1, 0x40, 0x6, 0x20, 0x1f, 0xbc, 0x0, 0xe0,
    0x11, 0x10, 0x0, 0xc0, 0x1f, 0x94, 0x1, 0xa0,
    0x19, 0x40, 0x14, 0x1, 0xf2, 0x80, 0x5, 0x0,
    0x35, 0x0, 0x8, 0x80, 0x1e, 0xe0, 0x0, 0xff,
    0xf6, 0x80, 0x54, 0x1, 0xc2, 0x80, 0x1f, 0xfc,
    0x5, 0x0, 0xe7, 0x0, 0x91, 0x3f, 0x0, 0x8,
    0xc0, 0x35, 0x0, 0x1a, 0xef, 0xf1, 0x80, 0x28,
    0x2, 0x13, 0x0, 0x68, 0x7, 0xeb, 0x0, 0x38,
    0x4, 0xc0, 0x1, 0x40, 0xf, 0xcc, 0x0, 0x14,
    0x0, 0x58, 0x1, 0xc0, 0x3f, 0x84, 0xc0, 0x1c,
    0x4, 0x60, 0xa, 0x0, 0xff, 0x50, 0x1, 0x40,

    /* U+00C2 "Â" */
    0x0, 0xfc, 0xb1, 0x3, 0x0, 0xff, 0xe1, 0xa5,
    0x3b, 0xb4, 0x80, 0x3f, 0xf8, 0x27, 0x60, 0xe8,
    0x3e, 0x20, 0x1f, 0xf1, 0x68, 0x24, 0x51, 0x13,
    0x40, 0x3f, 0xe7, 0x68, 0xa0, 0x1f, 0x74, 0x30,
    0xf, 0xf2, 0xc3, 0x88, 0x0, 0xa2, 0x6, 0x1,
    0xff, 0xd4, 0x3f, 0xfb, 0x80, 0x3f, 0xf8, 0x74,
    0x1, 0xa, 0x0, 0x7f, 0xf0, 0x9c, 0x3, 0x70,
    0x7, 0xff, 0x5, 0x4, 0x18, 0x41, 0x40, 0x3f,
    0xf8, 0x3a, 0x0, 0xc4, 0x0, 0x28, 0x7, 0xff,
    0x1, 0xc0, 0x9, 0xe0, 0xe, 0x0, 0xff, 0x90,
    0x40, 0xc5, 0x0, 0x8, 0x20, 0x1f, 0xee, 0x0,
    0x58, 0x9, 0x80, 0x1c, 0x3, 0xfc, 0xa0, 0x4,
    0x0, 0x58, 0x2, 0x80, 0x3f, 0x94, 0x0, 0x26,
    0x0, 0x50, 0x1, 0x88, 0x7, 0xef, 0x0, 0x38,
    0x4, 0x44, 0x0, 0x30, 0x7, 0xe5, 0x0, 0x68,
    0x6, 0x50, 0x5, 0x0, 0x7c, 0xa0, 0x1, 0x40,
    0xd, 0x40, 0x2, 0x20, 0x7, 0xb8, 0x0, 0x3f,
    0xfd, 0xa0, 0x15, 0x0, 0x70, 0xa0, 0x7, 0xff,
    0x1, 0x40, 0x39, 0xc0, 0x24, 0x4f, 0xc0, 0x2,
    0x30, 0xd, 0x40, 0x6, 0xbb, 0xfc, 0x60, 0xa,
    0x0, 0x84, 0xc0, 0x1a, 0x1, 0xfa, 0xc0, 0xe,
    0x1, 0x30, 0x0, 0x50, 0x3, 0xf3, 0x0, 0x5,
    0x0, 0x16, 0x0, 0x70, 0xf, 0xe1, 0x30, 0x7,
    0x1, 0x18, 0x2, 0x80, 0x3f, 0xd4, 0x0, 0x50,

    /* U+00C3 "Ã" */
    0x0, 0xf2, 0x6f, 0x5a, 0x6, 0xf8, 0x80, 0x7f,
    0xd6, 0x42, 0x97, 0xe4, 0x41, 0x0, 0xff, 0x20,
    0x1f, 0x51, 0x81, 0x70, 0x7, 0xfc, 0x9f, 0x82,
    0xb9, 0xfa, 0x60, 0x1f, 0xfe, 0x93, 0xff, 0xb8,
    0x3, 0xff, 0x87, 0x40, 0x10, 0xa0, 0x7, 0xff,
    0x9, 0xc0, 0x37, 0x0, 0x7f, 0xf0, 0x50, 0x41,
    0x84, 0x14, 0x3, 0xff, 0x83, 0xa0, 0xc, 0x40,
    0x2, 0x80, 0x7f, 0xf0, 0x1c, 0x0, 0x9e, 0x0,
    0xe0, 0xf, 0xf9, 0x4, 0xc, 0x50, 0x0, 0x82,
    0x1, 0xfe, 0xe0, 0x5, 0x80, 0x98, 0x1, 0xc0,
    0x3f, 0xca, 0x0, 0x40, 0x5, 0x80, 0x28, 0x3,
    0xf9, 0x40, 0x2, 0x60, 0x5, 0x0, 0x18, 0x80,
    0x7e, 0xf0, 0x3, 0x80, 0x44, 0x40, 0x3, 0x0,
    0x7e, 0x50, 0x6, 0x80, 0x65, 0x0, 0x50, 0x7,
    0xca, 0x0, 0x14, 0x0, 0xd4, 0x0, 0x22, 0x0,
    0x7b, 0x80, 0x3, 0xff, 0xda, 0x1, 0x50, 0x7,
    0xa, 0x0, 0x7f, 0xf0, 0x14, 0x3, 0x9c, 0x2,
    0x44, 0xfc, 0x0, 0x23, 0x0, 0xd4, 0x0, 0x6b,
    0xbf, 0xc6, 0x0, 0xa0, 0x8, 0x4c, 0x1, 0xa0,
    0x1f, 0xac, 0x0, 0xe0, 0x13, 0x0, 0x5, 0x0,
    0x3f, 0x30, 0x0, 0x50, 0x1, 0x60, 0x7, 0x0,
    0xfe, 0x13, 0x0, 0x70, 0x11, 0x80, 0x28, 0x3,
    0xfd, 0x40, 0x5, 0x0,

    /* U+00C4 "Ä" */
    0x0, 0xe3, 0xed, 0x30, 0x2, 0xf6, 0x8, 0x7,
    0xfa, 0x4, 0xa4, 0x1, 0x2, 0x72, 0x1, 0xfe,
    0x20, 0x1, 0x0, 0x18, 0x1, 0xc0, 0x1f, 0xe9,
    0x88, 0x80, 0x14, 0xf2, 0xc0, 0x1f, 0xf3, 0xb8,
    0x2, 0x18, 0x60, 0xf, 0xfe, 0xa9, 0xff, 0xdc,
    0x1, 0xff, 0xc3, 0xa0, 0x8, 0x50, 0x3, 0xff,
    0x84, 0xe0, 0x1b, 0x80, 0x3f, 0xf8, 0x28, 0x20,
    0xc2, 0xa, 0x1, 0xff, 0xc1, 0xd0, 0x6, 0x20,
    0x1, 0x40, 0x3f, 0xf8, 0xe, 0x0, 0x4f, 0x0,
    0x70, 0x7, 0xfc, 0x82, 0x6, 0x28, 0x0, 0x41,
    0x0, 0xff, 0x70, 0x2, 0xc0, 0x4c, 0x0, 0xe0,
    0x1f, 0xe5, 0x0, 0x20, 0x2, 0xc0, 0x14, 0x1,
    0xfc, 0xa0, 0x1, 0x30, 0x2, 0x80, 0xc, 0x40,
    0x3f, 0x78, 0x1, 0xc0, 0x22, 0x20, 0x1, 0x80,
    0x3f, 0x28, 0x3, 0x40, 0x32, 0x80, 0x28, 0x3,
    0xe5, 0x0, 0xa, 0x0, 0x6a, 0x0, 0x11, 0x0,
    0x3d, 0xc0, 0x1, 0xff, 0xed, 0x0, 0xa8, 0x3,
    0x85, 0x0, 0x3f, 0xf8, 0xa, 0x1, 0xce, 0x1,
    0x22, 0x7e, 0x0, 0x11, 0x80, 0x6a, 0x0, 0x35,
    0xdf, 0xe3, 0x0, 0x50, 0x4, 0x26, 0x0, 0xd0,
    0xf, 0xd6, 0x0, 0x70, 0x9, 0x80, 0x2, 0x80,
    0x1f, 0x98, 0x0, 0x28, 0x0, 0xb0, 0x3, 0x80,
    0x7f, 0x9, 0x80, 0x38, 0x8, 0xc0, 0x14, 0x1,
    0xfe, 0xa0, 0x2, 0x80,

    /* U+00C5 "Å" */
    0x0, 0xf8, 0x62, 0xec, 0xc0, 0x1f, 0xfc, 0x21,
    0xc7, 0x44, 0x4d, 0x80, 0x7f, 0xf0, 0x64, 0x93,
    0xb4, 0x91, 0x40, 0x3f, 0xf8, 0x6, 0x1e, 0x25,
    0x41, 0xa0, 0x1f, 0xfc, 0x2, 0xd, 0x0, 0x60,
    0x70, 0x7, 0xff, 0x2, 0xc1, 0xbb, 0x88, 0x4c,
    0x1, 0xff, 0xc0, 0x2d, 0x41, 0x5, 0xc0, 0xf,
    0xfe, 0x11, 0x5f, 0xf5, 0x8, 0x7, 0xff, 0x8,
    0xff, 0xee, 0x0, 0xff, 0xe1, 0xd0, 0x4, 0x28,
    0x1, 0xff, 0xc2, 0x70, 0xd, 0xc0, 0x1f, 0xfc,
    0x14, 0x10, 0x61, 0x5, 0x0, 0xff, 0xe0, 0xe8,
    0x3, 0x10, 0x0, 0xa0, 0x1f, 0xfc, 0x7, 0x0,
    0x27, 0x80, 0x38, 0x3, 0xfe, 0x41, 0x3, 0x14,
    0x0, 0x20, 0x80, 0x7f, 0xb8, 0x1, 0x60, 0x26,
    0x0, 0x70, 0xf, 0xf2, 0x80, 0x10, 0x1, 0x60,
    0xa, 0x0, 0xfe, 0x50, 0x0, 0x98, 0x1, 0x40,
    0x6, 0x20, 0x1f, 0xbc, 0x0, 0xe0, 0x11, 0x10,
    0x0, 0xc0, 0x1f, 0x94, 0x1, 0xa0, 0x19, 0x40,
    0x14, 0x1, 0xf2, 0x80, 0x5, 0x0, 0x35, 0x0,
    0x8, 0x80, 0x1e, 0xe0, 0x0, 0xff, 0xf6, 0x80,
    0x54, 0x1, 0xc2, 0x80, 0x1f, 0xfc, 0x5, 0x0,
    0xe7, 0x0, 0x91, 0x3f, 0x0, 0x8, 0xc0, 0x35,
    0x0, 0x1a, 0xef, 0xf1, 0x80, 0x28, 0x2, 0x13,
    0x0, 0x68, 0x7, 0xeb, 0x0, 0x38, 0x4, 0xc0,
    0x1, 0x40, 0xf, 0xcc, 0x0, 0x14, 0x0, 0x58,
    0x1, 0xc0, 0x3f, 0x84, 0xc0, 0x1c, 0x4, 0x60,
    0xa, 0x0, 0xff, 0x50, 0x1, 0x40,

    /* U+00C6 "Æ" */
    0x0, 0xfe, 0x1f, 0xff, 0xfe, 0x22, 0x0, 0x7f,
    0x48, 0x7, 0xff, 0x39, 0x80, 0x17, 0x0, 0x1,
    0x33, 0xfe, 0x70, 0xf, 0xcc, 0x20, 0x68, 0x20,
    0x7, 0xcc, 0xfe, 0x30, 0xf, 0xd6, 0x0, 0x90,
    0xf, 0xfe, 0x52, 0x90, 0xa, 0x80, 0x7f, 0xf2,
    0xa4, 0x1, 0x20, 0x1f, 0xfc, 0xa3, 0x30, 0x1,
    0x80, 0x3f, 0xf9, 0x52, 0x0, 0x61, 0x0, 0xff,
    0xe4, 0x92, 0x80, 0x2c, 0x3, 0xcd, 0xff, 0xfa,
    0x40, 0x3d, 0x60, 0x4, 0x20, 0xf, 0xfe, 0x48,
    0xb0, 0x3, 0xc0, 0x3e, 0x13, 0x3f, 0xdc, 0x1,
    0xcc, 0x0, 0x24, 0x0, 0xf9, 0xf3, 0x3f, 0x38,
    0x7, 0x48, 0x0, 0xbf, 0xfa, 0x40, 0x3f, 0xf8,
    0x8a, 0x20, 0x1f, 0xfc, 0xd8, 0x0, 0x23, 0xbf,
    0x90, 0x3, 0xff, 0x86, 0x84, 0x0, 0x98, 0x8f,
    0x68, 0x7, 0xff, 0xf, 0xc0, 0x8, 0x40, 0x1f,
    0xfc, 0x92, 0x40, 0x4, 0x0, 0x7f, 0x9f, 0x33,
    0xf9, 0x2, 0xc0, 0x6, 0x60, 0xf, 0xf0, 0x99,
    0xff, 0x10, 0xb0, 0x2, 0x40, 0x3f, 0xf9, 0x40,

    /* U+00C7 "Ç" */
    0x0, 0xf3, 0x5f, 0x7f, 0x6c, 0x18, 0x7, 0xf3,
    0x74, 0xa0, 0x80, 0x93, 0xe5, 0x8, 0x7, 0xa2,
    0x44, 0x3, 0xf2, 0xe0, 0x80, 0x66, 0x70, 0x1,
    0x4f, 0x7f, 0xb1, 0x80, 0x5, 0xa0, 0x10, 0xc8,
    0x0, 0xf1, 0x84, 0x0, 0x73, 0x40, 0x3, 0x50,
    0x4, 0x80, 0x7, 0x44, 0x3, 0xca, 0xe0, 0xe,
    0x0, 0x30, 0x2, 0x4, 0x3, 0xf5, 0x0, 0x14,
    0x8, 0x40, 0xe, 0x1, 0xfc, 0x5f, 0xee, 0x7,
    0x0, 0x10, 0x80, 0x7f, 0xf0, 0x8c, 0x0, 0xc0,
    0x1f, 0xfc, 0x31, 0x0, 0x8, 0x7, 0xff, 0xc,
    0x40, 0x2, 0x1, 0xff, 0xc3, 0x30, 0x3, 0x0,
    0x7f, 0xf0, 0xdc, 0x0, 0x42, 0x1, 0xff, 0xc2,
    0x21, 0x0, 0x38, 0x7, 0xf1, 0x7f, 0xb8, 0x0,
    0xc0, 0x8, 0x10, 0xf, 0xd4, 0x0, 0x50, 0x4,
    0x80, 0x6, 0x80, 0x3e, 0x57, 0x0, 0x70, 0x0,
    0x64, 0x0, 0x9a, 0xc2, 0x0, 0x39, 0xa0, 0x2,
    0x28, 0x4, 0xce, 0x0, 0x29, 0xef, 0xf6, 0x30,
    0x0, 0xa8, 0x3, 0xa2, 0x40, 0x3f, 0x9b, 0x4,
    0x3, 0xcd, 0xd0, 0x80, 0x11, 0xbe, 0x48, 0x80,
    0x7e, 0x17, 0xbd, 0x9, 0xc8, 0x30, 0xf, 0xfe,
    0xb, 0x4, 0x51, 0x0, 0x7f, 0xf0, 0x9d, 0xca,
    0xae, 0x0, 0xff, 0xe1, 0x1c, 0x58, 0x18, 0x7,
    0xff, 0x9, 0xe2, 0xc0, 0xc0, 0x3f, 0xf8, 0x52,
    0xea, 0x9c, 0x1, 0xe0,

    /* U+00C8 "È" */
    0x0, 0x8c, 0xe0, 0xf, 0xfa, 0x73, 0xa, 0x1,
    0xfe, 0xb1, 0x9, 0x0, 0xff, 0xd, 0x81, 0x98,
    0x3, 0xfc, 0xa8, 0x12, 0x1, 0xff, 0x5f, 0xd0,
    0x7, 0xff, 0x23, 0x3f, 0xff, 0xf8, 0x2, 0x1,
    0xff, 0xc5, 0x23, 0x3f, 0xe1, 0x0, 0xaf, 0x33,
    0xf8, 0x3, 0xff, 0xfd, 0x3f, 0xff, 0x98, 0x3,
    0xff, 0x8c, 0x46, 0x7f, 0x88, 0x3, 0x5e, 0x67,
    0xe4, 0x0, 0xff, 0xff, 0x5e, 0x67, 0xf0, 0x80,
    0x44, 0x67, 0xfe, 0x0, 0xff, 0xe1, 0x0,

    /* U+00C9 "É" */
    0x0, 0xf8, 0x8c, 0xc2, 0x1, 0xfe, 0xcc, 0x80,
    0x3f, 0xca, 0x21, 0x22, 0x1, 0xfd, 0x0, 0x6c,
    0x1, 0xfc, 0x84, 0x1c, 0x1, 0xfe, 0x4f, 0xf1,
    0x0, 0x7f, 0xf1, 0xf3, 0xff, 0xff, 0x80, 0x20,
    0x1f, 0xfc, 0x52, 0x33, 0xfe, 0x10, 0xa, 0xf3,
    0x3f, 0x80, 0x3f, 0xff, 0xd3, 0xff, 0xf9, 0x80,
    0x3f, 0xf8, 0xc4, 0x67, 0xf8, 0x80, 0x35, 0xe6,
    0x7e, 0x40, 0xf, 0xff, 0xf5, 0xe6, 0x7f, 0x8,
    0x4, 0x46, 0x7f, 0xe0, 0xf, 0xfe, 0x10,

    /* U+00CA "Ê" */
    0x0, 0xe6, 0x88, 0x8, 0x7, 0xf3, 0xcb, 0xbb,
    0x0, 0x3f, 0x34, 0x4, 0x91, 0x2c, 0x3, 0xc9,
    0x20, 0xed, 0xe0, 0x92, 0x1, 0xc6, 0xf1, 0x0,
    0x2b, 0x71, 0x20, 0xc, 0xf0, 0xe0, 0x12, 0x44,
    0x8, 0x3, 0xff, 0x89, 0x9f, 0xff, 0xfc, 0x1,
    0x0, 0xff, 0xe2, 0x91, 0x9f, 0xf0, 0x80, 0x57,
    0x99, 0xfc, 0x1, 0xff, 0xfe, 0x9f, 0xff, 0xcc,
    0x1, 0xff, 0xc6, 0x23, 0x3f, 0xc4, 0x1, 0xaf,
    0x33, 0xf2, 0x0, 0x7f, 0xff, 0xaf, 0x33, 0xf8,
    0x40, 0x22, 0x33, 0xff, 0x0, 0x7f, 0xf0, 0x80,

    /* U+00CB "Ë" */
    0x0, 0x2f, 0x60, 0x80, 0x1f, 0xec, 0x3, 0xac,
    0x4d, 0x80, 0x10, 0x8, 0xa0, 0x18, 0x80, 0x4,
    0x0, 0x10, 0x3, 0x0, 0x6d, 0x79, 0x50, 0x6,
    0x3d, 0x98, 0x6, 0x18, 0x60, 0x8, 0xa1, 0x0,
    0x3f, 0xf8, 0xb9, 0xff, 0xff, 0xc0, 0x10, 0xf,
    0xfe, 0x29, 0x19, 0xff, 0x8, 0x5, 0x79, 0x9f,
    0xc0, 0x1f, 0xff, 0xe9, 0xff, 0xfc, 0xc0, 0x1f,
    0xfc, 0x62, 0x33, 0xfc, 0x40, 0x1a, 0xf3, 0x3f,
    0x20, 0x7, 0xff, 0xfa, 0xf3, 0x3f, 0x84, 0x2,
    0x23, 0x3f, 0xf0, 0x7, 0xff, 0x8,

    /* U+00CC "Ì" */
    0x33, 0x80, 0x2b, 0xcc, 0x38, 0x2, 0x8, 0x28,
    0x2, 0x90, 0x25, 0x0, 0x23, 0x4, 0x80, 0x53,
    0xf8, 0x1, 0xfd, 0x9f, 0xe6, 0x0, 0xff, 0xff,
    0x80, 0x7f, 0xf8, 0x40,

    /* U+00CD "Í" */
    0x0, 0x11, 0x98, 0x40, 0x1f, 0x98, 0x30, 0x42,
    0x8, 0x20, 0xf0, 0x27, 0x2, 0x40, 0xe0, 0x1,
    0x7f, 0x8c, 0x3, 0xf6, 0x7f, 0x98, 0x3, 0xff,
    0xfe, 0x1, 0xff, 0xe3,

    /* U+00CE "Î" */
    0x0, 0x96, 0x20, 0x40, 0x1c, 0xd4, 0xee, 0xc1,
    0x0, 0x92, 0x42, 0xc, 0x74, 0x0, 0x76, 0xa,
    0xfa, 0x27, 0x60, 0xaf, 0x14, 0x3, 0xae, 0x66,
    0x68, 0x70, 0x8, 0xe2, 0x6, 0x1, 0xff, 0xc1,
    0xcf, 0xf3, 0x0, 0x7f, 0xff, 0xc0, 0x3f, 0xff,
    0xe0, 0x1f, 0xfe, 0x90,

    /* U+00CF "Ï" */
    0x4e, 0xd2, 0x0, 0x37, 0x60, 0xc0, 0x95, 0x80,
    0x24, 0x4d, 0x98, 0x0, 0xe0, 0x1, 0x0, 0xa,
    0xde, 0x5c, 0x1, 0x8f, 0x4a, 0x30, 0xc0, 0x10,
    0xc2, 0x80, 0x7f, 0xf0, 0xb3, 0xfc, 0xc0, 0x1f,
    0xff, 0xf0, 0xf, 0xff, 0xf8, 0x7, 0xff, 0xa4,

    /* U+00D0 "Ð" */
    0x0, 0x17, 0xff, 0xed, 0xa5, 0x0, 0xff, 0xe2,
    0x92, 0xd6, 0xa0, 0x7, 0xf8, 0x8b, 0x8, 0x4,
    0x56, 0xc0, 0x1f, 0xdb, 0xbb, 0xb9, 0x22, 0x0,
    0x94, 0x0, 0xff, 0xe0, 0x8b, 0x79, 0x80, 0x24,
    0x3, 0xff, 0x86, 0x3a, 0x20, 0x4c, 0x1, 0xff,
    0xc3, 0x19, 0x0, 0x68, 0x7, 0xff, 0x11, 0x40,
    0x8, 0x1, 0xff, 0xc4, 0x20, 0x8, 0xaf, 0xf4,
    0x2, 0xff, 0xe0, 0xe, 0x20, 0x0, 0x80, 0x7f,
    0xf1, 0x4, 0x0, 0xff, 0x2e, 0x1, 0x4c, 0xf0,
    0x7, 0x8, 0x1, 0xd1, 0xa8, 0x2, 0x66, 0xe0,
    0xe, 0x20, 0x0, 0x80, 0x7f, 0xf0, 0xc8, 0x2,
    0x20, 0xf, 0xfe, 0x1d, 0x0, 0x10, 0x3, 0xff,
    0x86, 0x2c, 0x0, 0xe0, 0xf, 0xfe, 0x10, 0xe8,
    0x81, 0x28, 0x7, 0xff, 0x0, 0x5b, 0xcc, 0x1,
    0x20, 0x1f, 0xb7, 0x77, 0x72, 0x44, 0x1, 0x28,
    0x1, 0xf8, 0x8b, 0x8, 0x4, 0x58, 0xc0, 0x1f,
    0xfc, 0x22, 0x5a, 0xd3, 0x0, 0xc0,

    /* U+00D1 "Ñ" */
    0x0, 0xe8, 0xed, 0x92, 0x3f, 0xc0, 0xf, 0xc8,
    0xe2, 0x4d, 0xb8, 0x8, 0x1, 0xfb, 0x42, 0x35,
    0xc8, 0x16, 0x0, 0x3f, 0x4f, 0xb9, 0x46, 0xfd,
    0x0, 0x7f, 0xf6, 0xf3, 0xfe, 0x20, 0xf, 0xc7,
    0xfe, 0xe0, 0xd, 0xc0, 0x1f, 0xfc, 0x43, 0x60,
    0xf, 0xfe, 0x24, 0x8, 0x7, 0xff, 0x5, 0x0,
    0x60, 0x3, 0xff, 0x83, 0xc2, 0xc, 0x60, 0x1f,
    0xfc, 0x1, 0x90, 0x7, 0x0, 0x7f, 0xf0, 0x5,
    0xc4, 0x9, 0xc0, 0x3f, 0xe3, 0xb, 0x0, 0x40,
    0x80, 0x7f, 0xf0, 0x14, 0xc0, 0x16, 0x1, 0xff,
    0xc1, 0xe0, 0x2, 0xa0, 0x7, 0xff, 0x0, 0x9c,
    0x1, 0x20, 0x1f, 0xfc, 0x18, 0x10, 0x28, 0x0,
    0xff, 0xe0, 0xd0, 0x1, 0xc8, 0x3, 0xff, 0x80,
    0x88, 0x0, 0x40, 0x80, 0x7f, 0xf0, 0x28, 0x0,
    0xac, 0x1, 0xff, 0xc0, 0x18, 0x0, 0x78, 0x7,
    0xff, 0x5, 0xc8, 0x10, 0x3, 0xff, 0x85, 0xc0,
    0x1f, 0xfc, 0x43, 0x60, 0xf, 0xfe, 0x24, 0x8,
    0x4,

    /* U+00D2 "Ò" */
    0x0, 0xf1, 0x9c, 0x1, 0xff, 0xc4, 0xac, 0xc2,
    0x80, 0x7f, 0xf0, 0xe4, 0x42, 0x40, 0x3f, 0xf8,
    0x96, 0x6, 0x80, 0x1f, 0xfc, 0x35, 0x40, 0xf0,
    0xf, 0xfe, 0x25, 0xfd, 0x80, 0x7f, 0xf5, 0x5a,
    0xfb, 0xfd, 0xb2, 0x60, 0x1f, 0xcb, 0xd2, 0x82,
    0x0, 0x26, 0xca, 0x10, 0xf, 0x45, 0x8, 0x7,
    0xe5, 0xc2, 0x0, 0xcc, 0xe0, 0x2, 0x9e, 0xff,
    0x62, 0x80, 0xb, 0xc0, 0x21, 0x90, 0x1, 0xe3,
    0x8, 0x0, 0xea, 0x40, 0x4, 0xe0, 0x9, 0x0,
    0xe, 0x88, 0x7, 0x99, 0xc0, 0x12, 0x0, 0x60,
    0x4, 0x8, 0x7, 0xe8, 0x10, 0x15, 0x21, 0x0,
    0x38, 0x7, 0xf9, 0xc0, 0x18, 0xe0, 0x2, 0x10,
    0xf, 0xf6, 0x0, 0x14, 0xc0, 0xc, 0x1, 0xff,
    0x8, 0x0, 0x44, 0x0, 0x10, 0xf, 0xf9, 0xc0,
    0x6, 0x20, 0x1, 0x0, 0xff, 0x9c, 0x0, 0x66,
    0x0, 0x30, 0x7, 0xfc, 0x20, 0x1, 0x70, 0x1,
    0x8, 0x7, 0xfb, 0x0, 0xa, 0x42, 0x0, 0x70,
    0xf, 0xf3, 0x80, 0x30, 0x18, 0x1, 0x2, 0x1,
    0xfa, 0x4, 0x0, 0xa1, 0x20, 0x1, 0xd1, 0x0,
    0xf2, 0xb8, 0x1, 0xc0, 0x3, 0x20, 0x3, 0xc6,
    0x10, 0x1, 0xd5, 0x0, 0x5, 0x0, 0x13, 0x38,
    0x0, 0xa7, 0xbf, 0xd8, 0xa0, 0x1, 0xf0, 0xe,
    0x89, 0x10, 0xf, 0xc9, 0xe4, 0x1, 0xe6, 0xe9,
    0x41, 0x0, 0x13, 0x65, 0x88, 0x4,

    /* U+00D3 "Ó" */
    0x0, 0xff, 0x11, 0x98, 0x40, 0x3f, 0xf8, 0x79,
    0x90, 0x7, 0xff, 0xd, 0x44, 0x24, 0x40, 0x3f,
    0xf8, 0x52, 0x6, 0xc0, 0x1f, 0xfc, 0x23, 0x30,
    0x70, 0x7, 0xff, 0xc, 0xff, 0xc4, 0x1, 0xff,
    0xd4, 0x6b, 0xef, 0xf6, 0xc9, 0x80, 0x7f, 0x2f,
    0x4a, 0x8, 0x0, 0x9b, 0x28, 0x40, 0x3d, 0x14,
    0x20, 0x1f, 0x97, 0x8, 0x3, 0x33, 0x80, 0xa,
    0x7b, 0xfd, 0x8a, 0x0, 0x2f, 0x0, 0x86, 0x40,
    0x7, 0x8c, 0x20, 0x3, 0xa9, 0x0, 0x13, 0x80,
    0x24, 0x0, 0x3a, 0x20, 0x1e, 0x67, 0x0, 0x48,
    0x1, 0x80, 0x10, 0x20, 0x1f, 0xa0, 0x40, 0x54,
    0x84, 0x0, 0xe0, 0x1f, 0xe7, 0x0, 0x63, 0x80,
    0x8, 0x40, 0x3f, 0xd8, 0x0, 0x53, 0x0, 0x30,
    0x7, 0xfc, 0x20, 0x1, 0x10, 0x0, 0x40, 0x3f,
    0xe7, 0x0, 0x18, 0x80, 0x4, 0x3, 0xfe, 0x70,
    0x1, 0x98, 0x0, 0xc0, 0x1f, 0xf0, 0x80, 0x5,
    0xc0, 0x4, 0x20, 0x1f, 0xec, 0x0, 0x29, 0x8,
    0x1, 0xc0, 0x3f, 0xce, 0x0, 0xc0, 0x60, 0x4,
    0x8, 0x7, 0xe8, 0x10, 0x2, 0x84, 0x80, 0x7,
    0x44, 0x3, 0xca, 0xe0, 0x7, 0x0, 0xc, 0x80,
    0xf, 0x18, 0x40, 0x7, 0x54, 0x0, 0x14, 0x0,
    0x4c, 0xe0, 0x2, 0x9e, 0xff, 0x62, 0x80, 0x7,
    0xc0, 0x3a, 0x24, 0x40, 0x3f, 0x27, 0x90, 0x7,
    0x9b, 0xa5, 0x4, 0x0, 0x4d, 0x96, 0x20, 0x10,

    /* U+00D4 "Ô" */
    0x0, 0xfc, 0xd1, 0x2, 0x0, 0xff, 0xe1, 0x3c,
    0xbb, 0xbc, 0x40, 0x3f, 0xf8, 0xb, 0x1, 0x4,
    0x4d, 0x0, 0xff, 0x92, 0x81, 0x9f, 0xc0, 0xe8,
    0x3, 0xfc, 0x6f, 0x12, 0x5, 0x6e, 0x44, 0x0,
    0xfe, 0x78, 0x70, 0x9, 0x22, 0x4, 0x1, 0xff,
    0xd1, 0x6b, 0xef, 0xf6, 0xc9, 0x80, 0x7f, 0x2f,
    0x4a, 0x8, 0x0, 0x9b, 0x28, 0x40, 0x3d, 0x14,
    0x20, 0x1f, 0x97, 0x8, 0x3, 0x33, 0x80, 0xa,
    0x7b, 0xfd, 0x8a, 0x0, 0x2f, 0x0, 0x86, 0x40,
    0x7, 0x8c, 0x20, 0x3, 0xa9, 0x0, 0x13, 0x80,
    0x24, 0x0, 0x3a, 0x20, 0x1e, 0x67, 0x0, 0x48,
    0x1, 0x80, 0x10, 0x20, 0x1f, 0xa0, 0x40, 0x54,
    0x84, 0x0, 0xe0, 0x1f, 0xe7, 0x0, 0x63, 0x80,
    0x8, 0x40, 0x3f, 0xd8, 0x0, 0x53, 0x0, 0x30,
    0x7, 0xfc, 0x20, 0x1, 0x10, 0x0, 0x40, 0x3f,
    0xe7, 0x0, 0x18, 0x80, 0x4, 0x3, 0xfe, 0x70,
    0x1, 0x98, 0x0, 0xc0, 0x1f, 0xf0, 0x80, 0x5,
    0xc0, 0x4, 0x20, 0x1f, 0xec, 0x0, 0x29, 0x8,
    0x1, 0xc0, 0x3f, 0xce, 0x0, 0xc0, 0x60, 0x4,
    0x8, 0x7, 0xe8, 0x10, 0x2, 0x84, 0x80, 0x7,
    0x44, 0x3, 0xca, 0xe0, 0x7, 0x0, 0xc, 0x80,
    0xf, 0x18, 0x40, 0x7, 0x54, 0x0, 0x14, 0x0,
    0x4c, 0xe0, 0x2, 0x9e, 0xff, 0x62, 0x80, 0x7,
    0xc0, 0x3a, 0x24, 0x40, 0x3f, 0x27, 0x90, 0x7,
    0x9b, 0xa5, 0x4, 0x0, 0x4d, 0x96, 0x20, 0x10,

    /* U+00D5 "Õ" */
    0x0, 0xf3, 0xf7, 0x28, 0xc7, 0xf8, 0x3, 0xfc,
    0x50, 0x22, 0x5c, 0xe0, 0x40, 0xf, 0xf2, 0x3,
    0x74, 0x18, 0x1d, 0x80, 0x7f, 0x9b, 0xe4, 0x5f,
    0x3f, 0x4, 0x3, 0xff, 0xca, 0xd7, 0xdf, 0xed,
    0x93, 0x0, 0xfe, 0x5e, 0x94, 0x10, 0x1, 0x36,
    0x50, 0x80, 0x7a, 0x28, 0x40, 0x3f, 0x2e, 0x10,
    0x6, 0x67, 0x0, 0x14, 0xf7, 0xfb, 0x14, 0x0,
    0x5e, 0x1, 0xc, 0x80, 0xf, 0x18, 0x40, 0x7,
    0x52, 0x0, 0x27, 0x0, 0x48, 0x0, 0x74, 0x40,
    0x3c, 0xce, 0x0, 0x90, 0x3, 0x0, 0x20, 0x40,
    0x3f, 0x40, 0x80, 0xa9, 0x8, 0x1, 0xc0, 0x3f,
    0xce, 0x0, 0xc7, 0x0, 0x10, 0x80, 0x7f, 0xb0,
    0x0, 0xa6, 0x0, 0x60, 0xf, 0xf8, 0x40, 0x2,
    0x20, 0x0, 0x80, 0x7f, 0xce, 0x0, 0x31, 0x0,
    0x8, 0x7, 0xfc, 0xe0, 0x3, 0x30, 0x1, 0x80,
    0x3f, 0xe1, 0x0, 0xb, 0x80, 0x8, 0x40, 0x3f,
    0xd8, 0x0, 0x52, 0x10, 0x3, 0x80, 0x7f, 0x9c,
    0x1, 0x80, 0xc0, 0x8, 0x10, 0xf, 0xd0, 0x20,
    0x5, 0x9, 0x0, 0xe, 0x88, 0x7, 0x95, 0xc0,
    0xe, 0x0, 0x19, 0x0, 0x1e, 0x30, 0x80, 0xe,
    0xa8, 0x0, 0x28, 0x0, 0x99, 0xc0, 0x5, 0x3d,
    0xfe, 0xc5, 0x0, 0xf, 0x80, 0x74, 0x48, 0x80,
    0x7e, 0x4f, 0x20, 0xf, 0x37, 0x4a, 0x8, 0x0,
    0x9b, 0x2c, 0x40, 0x20,

    /* U+00D6 "Ö" */
    0x0, 0xe1, 0x86, 0x0, 0x8a, 0x14, 0x3, 0xfd,
    0x4f, 0x2c, 0x0, 0xc7, 0xa3, 0x0, 0xfe, 0x60,
    0x7, 0x0, 0x4, 0x0, 0xc0, 0x1f, 0xd0, 0x27,
    0x20, 0x8, 0x4, 0x50, 0xf, 0xe5, 0xec, 0x10,
    0x3, 0xfd, 0x80, 0x7f, 0xf9, 0x5a, 0xfb, 0xfd,
    0xb2, 0x60, 0x1f, 0xcb, 0xd2, 0x82, 0x0, 0x26,
    0xca, 0x10, 0xf, 0x45, 0x8, 0x7, 0xe5, 0xc2,
    0x0, 0xcc, 0xe0, 0x2, 0x9e, 0xff, 0x62, 0x80,
    0xb, 0xc0, 0x21, 0x90, 0x1, 0xe3, 0x8, 0x0,
    0xea, 0x40, 0x4, 0xe0, 0x9, 0x0, 0xe, 0x88,
    0x7, 0x99, 0xc0, 0x12, 0x0, 0x60, 0x4, 0x8,
    0x7, 0xe8, 0x10, 0x15, 0x21, 0x0, 0x38, 0x7,
    0xf9, 0xc0, 0x18, 0xe0, 0x2, 0x10, 0xf, 0xf6,
    0x0, 0x14, 0xc0, 0xc, 0x1, 0xff, 0x8, 0x0,
    0x44, 0x0, 0x10, 0xf, 0xf9, 0xc0, 0x6, 0x20,
    0x1, 0x0, 0xff, 0x9c, 0x0, 0x66, 0x0, 0x30,
    0x7, 0xfc, 0x20, 0x1, 0x70, 0x1, 0x8, 0x7,
    0xfb, 0x0, 0xa, 0x42, 0x0, 0x70, 0xf, 0xf3,
    0x80, 0x30, 0x18, 0x1, 0x2, 0x1, 0xfa, 0x4,
    0x0, 0xa1, 0x20, 0x1, 0xd1, 0x0, 0xf2, 0xb8,
    0x1, 0xc0, 0x3, 0x20, 0x3, 0xc6, 0x10, 0x1,
    0xd5, 0x0, 0x5, 0x0, 0x13, 0x38, 0x0, 0xa7,
    0xbf, 0xd8, 0xa0, 0x1, 0xf0, 0xe, 0x89, 0x10,
    0xf, 0xc9, 0xe4, 0x1, 0xe6, 0xe9, 0x41, 0x0,
    0x13, 0x65, 0x88, 0x4,

    /* U+00D7 "×" */
    0x0, 0xff, 0xe2, 0x17, 0x20, 0x7, 0xd1, 0x80,
    0x1, 0xc1, 0xb4, 0x0, 0xe7, 0x71, 0xd8, 0xb,
    0x80, 0x2c, 0xc0, 0x27, 0x80, 0x7, 0x0, 0x25,
    0x40, 0x18, 0x60, 0xd0, 0x0, 0x95, 0x0, 0xa9,
    0x40, 0x1b, 0x12, 0x0, 0x96, 0x0, 0xea, 0x40,
    0x17, 0x0, 0x43, 0x0, 0x7d, 0x66, 0x1, 0x33,
    0x80, 0x7e, 0x43, 0x0, 0x9c, 0x80, 0x3e, 0x4b,
    0x0, 0x8, 0xe, 0x8, 0x7, 0x25, 0x80, 0x1b,
    0x8c, 0x7, 0x4, 0x2, 0x3b, 0x0, 0x34, 0x86,
    0x98, 0x16, 0x8, 0xe, 0x0, 0x16, 0x40, 0x3,
    0xa4, 0x5, 0xa0, 0x30, 0xb, 0x40, 0x18, 0x70,
    0x82, 0x0, 0xf, 0x54, 0x0, 0xf0, 0xe5, 0xa0,
    0x0,

    /* U+00D8 "Ø" */
    0x0, 0xff, 0xe1, 0x88, 0x80, 0x3f, 0x35, 0xf7,
    0xfb, 0x64, 0xc2, 0xfd, 0x40, 0x39, 0x7a, 0x50,
    0x40, 0x4, 0xd9, 0xea, 0x26, 0x1, 0xa2, 0x84,
    0x3, 0xfc, 0x4c, 0x1, 0x33, 0x80, 0xa, 0x7b,
    0xfd, 0x8a, 0x1, 0x18, 0x4, 0x32, 0x0, 0x3c,
    0x61, 0x0, 0x1e, 0x80, 0x42, 0xe0, 0x9, 0x0,
    0xe, 0x88, 0x6, 0x38, 0x0, 0xd2, 0x0, 0x60,
    0x4, 0x8, 0x7, 0x70, 0x17, 0x8, 0xa, 0x90,
    0x80, 0x1c, 0x3, 0xa0, 0x83, 0x85, 0xc0, 0x18,
    0xe0, 0x2, 0x10, 0xc, 0x8e, 0xe, 0x61, 0x80,
    0x5, 0x30, 0x3, 0x0, 0x61, 0xa0, 0x38, 0x0,
    0x8, 0x0, 0x44, 0x0, 0x10, 0xd, 0x62, 0x1c,
    0x1, 0x38, 0x0, 0xc4, 0x0, 0x20, 0x12, 0xa8,
    0x20, 0x80, 0x27, 0x0, 0x19, 0x80, 0xc, 0x0,
    0x1b, 0x4, 0x70, 0xc, 0x20, 0x1, 0x70, 0x1,
    0x8, 0x50, 0x8a, 0x80, 0x3b, 0x0, 0xa, 0x42,
    0x0, 0x76, 0x40, 0xb1, 0x0, 0xe7, 0x0, 0x60,
    0x30, 0x2, 0x64, 0xa, 0xa0, 0xe, 0x81, 0x0,
    0x28, 0x48, 0x7, 0x58, 0x7, 0x2b, 0x80, 0x1c,
    0x0, 0x32, 0x1, 0x9c, 0x40, 0x7, 0x54, 0x0,
    0x14, 0x0, 0x4a, 0x1, 0xa7, 0xbf, 0xd8, 0xa0,
    0x1, 0xf0, 0xd, 0xc0, 0x1f, 0xf2, 0x79, 0x0,
    0x42, 0xc1, 0x9f, 0x28, 0x20, 0x2, 0x6c, 0xb1,
    0x0, 0xc3, 0x78, 0x60, 0xd7, 0xdf, 0xed, 0x93,
    0x0, 0xe0,

    /* U+00D9 "Ù" */
    0x0, 0xc5, 0xfe, 0xd0, 0xf, 0xfe, 0x9, 0x40,
    0x12, 0x80, 0x7f, 0xf0, 0x5c, 0x82, 0x40, 0x3f,
    0xf8, 0x5c, 0x6, 0x60, 0xf, 0xfe, 0x9, 0xe6,
    0x8, 0x3, 0xff, 0x84, 0x66, 0x10, 0xf, 0xfe,
    0x66, 0x7f, 0x98, 0x3, 0xfa, 0xbf, 0xce, 0x1,
    0xff, 0xff, 0x0, 0xff, 0xff, 0x80, 0x7f, 0xfa,
    0x9c, 0x3, 0xff, 0x88, 0x20, 0xe, 0x0, 0xfe,
    0x70, 0x0, 0xe8, 0x1, 0x40, 0x3f, 0x11, 0x0,
    0xa, 0xa0, 0x1, 0x40, 0x7, 0xdc, 0x0, 0x13,
    0x25, 0x0, 0x3d, 0x98, 0x4, 0xba, 0x60, 0xb,
    0x0, 0x51, 0x0, 0x13, 0x3f, 0xea, 0x20, 0x3,
    0x28, 0x5, 0xaa, 0x1, 0xfd, 0x12, 0x1, 0xd5,
    0x8e, 0x62, 0x2, 0x71, 0xce, 0x1, 0x0,

    /* U+00DA "Ú" */
    0x0, 0xfc, 0x5f, 0xed, 0x0, 0xff, 0xe0, 0xd8,
    0x3, 0x80, 0x3f, 0xf8, 0x2, 0xc0, 0xe6, 0x1,
    0xff, 0xc0, 0x90, 0x28, 0x0, 0xff, 0xe0, 0xde,
    0x60, 0x3, 0xff, 0x84, 0x66, 0x10, 0xf, 0xfe,
    0x66, 0x7f, 0x98, 0x3, 0xfa, 0xbf, 0xce, 0x1,
    0xff, 0xff, 0x0, 0xff, 0xff, 0x80, 0x7f, 0xfa,
    0x9c, 0x3, 0xff, 0x88, 0x20, 0xe, 0x0, 0xfe,
    0x70, 0x0, 0xe8, 0x1, 0x40, 0x3f, 0x11, 0x0,
    0xa, 0xa0, 0x1, 0x40, 0x7, 0xdc, 0x0, 0x13,
    0x25, 0x0, 0x3d, 0x98, 0x4, 0xba, 0x60, 0xb,
    0x0, 0x51, 0x0, 0x13, 0x3f, 0xea, 0x20, 0x3,
    0x28, 0x5, 0xaa, 0x1, 0xfd, 0x12, 0x1, 0xd5,
    0x8e, 0x62, 0x2, 0x71, 0xce, 0x1, 0x0,

    /* U+00DB "Û" */
    0x0, 0xf0, 0xbc, 0x30, 0x7, 0xff, 0x7, 0x61,
    0xe6, 0x0, 0x3f, 0xeb, 0x31, 0x90, 0x76, 0x0,
    0xfe, 0x94, 0xd, 0x68, 0x9, 0x40, 0xf, 0x88,
    0x5e, 0xcc, 0x1e, 0x1c, 0xc0, 0x3e, 0x28, 0x82,
    0x0, 0x4f, 0xe, 0x1, 0xff, 0xc9, 0xcf, 0xf3,
    0x0, 0x7f, 0x57, 0xf9, 0xc0, 0x3f, 0xff, 0xe0,
    0x1f, 0xff, 0xf0, 0xf, 0xff, 0x53, 0x80, 0x7f,
    0xf1, 0x4, 0x1, 0xc0, 0x1f, 0xce, 0x0, 0x1d,
    0x0, 0x28, 0x7, 0xe2, 0x20, 0x1, 0x54, 0x0,
    0x28, 0x0, 0xfb, 0x80, 0x2, 0x64, 0xa0, 0x7,
    0xb3, 0x0, 0x97, 0x4c, 0x1, 0x60, 0xa, 0x20,
    0x2, 0x67, 0xfd, 0x44, 0x0, 0x65, 0x0, 0xb5,
    0x40, 0x3f, 0xa2, 0x40, 0x3a, 0xb1, 0xcc, 0x40,
    0x4e, 0x39, 0xc0, 0x20,

    /* U+00DC "Ü" */
    0x0, 0xc9, 0x6, 0x1, 0x2c, 0x10, 0x7, 0xc5,
    0x6f, 0x80, 0x4, 0xa7, 0xf0, 0xf, 0x84, 0x2,
    0x20, 0x20, 0x1, 0x0, 0x7c, 0x6a, 0xe, 0x40,
    0xc8, 0x12, 0x1, 0xfa, 0xbe, 0x0, 0x2b, 0xf6,
    0x0, 0xff, 0xed, 0x67, 0xf9, 0x80, 0x3f, 0xab,
    0xfc, 0xe0, 0x1f, 0xff, 0xf0, 0xf, 0xff, 0xf8,
    0x7, 0xff, 0xa9, 0xc0, 0x3f, 0xf8, 0x82, 0x0,
    0xe0, 0xf, 0xe7, 0x0, 0xe, 0x80, 0x14, 0x3,
    0xf1, 0x10, 0x0, 0xaa, 0x0, 0x14, 0x0, 0x7d,
    0xc0, 0x1, 0x32, 0x50, 0x3, 0xd9, 0x80, 0x4b,
    0xa6, 0x0, 0xb0, 0x5, 0x10, 0x1, 0x33, 0xfe,
    0xa2, 0x0, 0x32, 0x80, 0x5a, 0xa0, 0x1f, 0xd1,
    0x20, 0x1d, 0x58, 0xe6, 0x20, 0x27, 0x1c, 0xe0,
    0x10,

    /* U+00DD "Ý" */
    0x0, 0xff, 0x11, 0x98, 0x40, 0x3f, 0xf8, 0x7f,
    0x98, 0x0, 0xff, 0xe1, 0xa9, 0x4, 0x88, 0x7,
    0xff, 0xa, 0x40, 0xd8, 0x3, 0xff, 0x84, 0x66,
    0xe, 0x0, 0xff, 0xe1, 0x9f, 0xf8, 0x80, 0x3f,
    0xf9, 0xc3, 0xdf, 0xe9, 0x0, 0xfe, 0x2f, 0xf9,
    0xc6, 0x0, 0xc, 0x60, 0x1f, 0xa0, 0x0, 0x4e,
    0xc, 0x60, 0xf, 0x0, 0xf8, 0xd4, 0x1, 0x0,
    0x17, 0x80, 0xd, 0x40, 0x3d, 0xe0, 0x4, 0x50,
    0x8, 0xd4, 0x1, 0x0, 0x1c, 0xa6, 0x0, 0x90,
    0xe, 0xb0, 0x1, 0x38, 0x6, 0xb0, 0x3, 0x90,
    0x7, 0xc, 0x0, 0x20, 0x40, 0x10, 0x20, 0x30,
    0x1, 0xf3, 0x90, 0x2, 0x0, 0x5c, 0x1, 0x60,
    0x1f, 0xd2, 0x0, 0x62, 0x90, 0x1, 0xa8, 0x7,
    0xf2, 0x28, 0x2, 0x1c, 0x1, 0xe0, 0x1f, 0xf5,
    0x80, 0x14, 0x0, 0xc6, 0x1, 0xff, 0xc, 0x0,
    0x43, 0x0, 0x1f, 0xfc, 0x17, 0x10, 0x4, 0x88,
    0x7, 0xff, 0x8, 0x80, 0x4, 0x1, 0xff, 0xff,
    0x0, 0xff, 0xfa, 0x80,

    /* U+00DE "Þ" */
    0xef, 0xf2, 0x0, 0x7f, 0xfa, 0xef, 0xfe, 0xed,
    0x93, 0x0, 0xff, 0x9, 0x36, 0x48, 0x7, 0x1a,
    0x26, 0x10, 0x3, 0x48, 0x6, 0x8b, 0xbd, 0xd2,
    0x0, 0x63, 0x0, 0xfe, 0x67, 0x0, 0x50, 0x7,
    0xfa, 0xc0, 0xa, 0x1, 0xfe, 0x20, 0x0, 0x80,
    0x7f, 0x88, 0x0, 0x20, 0x1f, 0xe8, 0x0, 0x20,
    0x7, 0xc2, 0x76, 0x80, 0x9, 0x0, 0xaf, 0xfe,
    0xec, 0x40, 0x5, 0x8, 0x7, 0xf8, 0x6d, 0x40,
    0x31, 0xa2, 0x15, 0x4f, 0x7c, 0x80, 0x1d, 0x17,
    0x6a, 0xa4, 0x20, 0x7, 0xff, 0x88,

    /* U+00DF "ß" */
    0x0, 0x9a, 0xfb, 0xfb, 0x1c, 0x3, 0xc3, 0x92,
    0x82, 0x2, 0x71, 0xc6, 0x1, 0xb4, 0xc0, 0x23,
    0x10, 0x0, 0xe1, 0x0, 0x14, 0xc0, 0x11, 0xf9,
    0xd4, 0x1, 0x58, 0x3, 0x0, 0xa, 0xe0, 0x12,
    0xc0, 0x1, 0x0, 0x4, 0x0, 0xf0, 0xe, 0x50,
    0x1, 0x80, 0x1c, 0x0, 0x20, 0x1c, 0x20, 0x2,
    0x0, 0xff, 0xa8, 0x1, 0x60, 0x1f, 0xc3, 0xc,
    0x6, 0xe0, 0x1f, 0x1f, 0xf3, 0x84, 0x60, 0x7,
    0xff, 0x6, 0xa0, 0x3, 0xf0, 0xa2, 0x8, 0x9,
    0xf0, 0x3, 0xe2, 0xbb, 0x6e, 0x10, 0x1c, 0x80,
    0x7f, 0x8f, 0x80, 0xc, 0x1, 0xff, 0x18, 0x80,
    0x8, 0x3, 0xff, 0x9a, 0x42, 0x0, 0x30, 0xf,
    0xe2, 0xf0, 0x1, 0x88, 0x7, 0x1d, 0xdb, 0x74,
    0x40, 0x8, 0x0, 0xf3, 0x22, 0x8, 0x2, 0x94,
    0x0, 0xff, 0x13, 0x6b, 0x0, 0x0,

    /* U+00E0 "à" */
    0x0, 0x8c, 0xe0, 0xf, 0xf5, 0x66, 0x18, 0x3,
    0xfa, 0x44, 0x2c, 0x3, 0xfd, 0x40, 0x48, 0x1,
    0xfc, 0x8a, 0x1e, 0x1, 0xfe, 0xaf, 0xb0, 0xf,
    0xfe, 0x4a, 0x56, 0xff, 0x6c, 0x90, 0x6, 0xab,
    0x52, 0x1, 0x26, 0xd5, 0x0, 0x52, 0x80, 0xd,
    0x98, 0x40, 0xa, 0x23, 0x50, 0x5, 0xe4, 0xcb,
    0x50, 0x1, 0x67, 0xd3, 0x48, 0x1, 0xa0, 0x0,
    0xa0, 0x2c, 0xa0, 0x1f, 0x84, 0x3, 0x8d, 0x5e,
    0xb4, 0x0, 0x60, 0x6, 0xcf, 0xca, 0x85, 0x10,
    0xd, 0x92, 0x60, 0x2, 0x46, 0x90, 0x9, 0xcc,
    0x6, 0x7f, 0x6e, 0x5c, 0x2, 0xb0, 0x5, 0x30,
    0x6, 0x30, 0x8, 0x40, 0xc, 0x1, 0xd4, 0x1,
    0x30, 0x2, 0x80, 0x32, 0xb8, 0x5, 0xc0, 0x7,
    0xc8, 0x86, 0x51, 0x0, 0x4a, 0xc0, 0x3, 0x77,
    0x18, 0xf8, 0x6, 0x9a, 0x41, 0x2, 0x7f, 0x20,
    0x8,

    /* U+00E1 "á" */
    0x0, 0xf8, 0x8c, 0xc2, 0x1, 0xfd, 0xf9, 0x83,
    0x0, 0xfc, 0xa4, 0x10, 0x40, 0x1f, 0xa4, 0xd,
    0xc0, 0x3f, 0x19, 0x83, 0x80, 0x3f, 0x8f, 0xfc,
    0x40, 0x1f, 0xfc, 0x84, 0xad, 0xfe, 0xd9, 0x20,
    0xd, 0x56, 0xa4, 0x2, 0x4d, 0xaa, 0x0, 0xa5,
    0x0, 0x1b, 0x30, 0x80, 0x14, 0x46, 0xa0, 0xb,
    0xc9, 0x96, 0xa0, 0x2, 0xcf, 0xa6, 0x90, 0x3,
    0x40, 0x1, 0x40, 0x59, 0x40, 0x3f, 0x8, 0x7,
    0x1a, 0xbd, 0x68, 0x0, 0xc0, 0xd, 0x9f, 0x95,
    0xa, 0x20, 0x1b, 0x24, 0xc0, 0x4, 0x8d, 0x20,
    0x13, 0x98, 0xc, 0xfe, 0xdc, 0xb8, 0x5, 0x60,
    0xa, 0x60, 0xc, 0x60, 0x10, 0x80, 0x18, 0x3,
    0xa8, 0x2, 0x60, 0x5, 0x0, 0x65, 0x70, 0xb,
    0x80, 0xf, 0x91, 0xc, 0xa2, 0x0, 0x95, 0x80,
    0x6, 0xee, 0x31, 0xf0, 0xd, 0x34, 0x82, 0x4,
    0xfe, 0x40, 0x10,

    /* U+00E2 "â" */
    0x0, 0xe6, 0x88, 0x10, 0x7, 0xe7, 0x97, 0x77,
    0x88, 0x7, 0x96, 0x2, 0x8, 0x9a, 0x1, 0xc7,
    0x40, 0xcf, 0xe0, 0x74, 0x1, 0x91, 0xe2, 0x40,
    0xb1, 0xc8, 0x80, 0x13, 0xc3, 0x80, 0x47, 0x10,
    0x20, 0xf, 0xfe, 0x2a, 0x56, 0xff, 0x6c, 0x90,
    0x6, 0xab, 0x52, 0x1, 0x26, 0xd5, 0x0, 0x52,
    0x80, 0xd, 0x98, 0x40, 0xa, 0x23, 0x50, 0x5,
    0xe4, 0xcb, 0x50, 0x1, 0x67, 0xd3, 0x48, 0x1,
    0xa0, 0x0, 0xa0, 0x2c, 0xa0, 0x1f, 0x84, 0x3,
    0x8d, 0x5e, 0xb4, 0x0, 0x60, 0x6, 0xcf, 0xca,
    0x85, 0x10, 0xd, 0x92, 0x60, 0x2, 0x46, 0x90,
    0x9, 0xcc, 0x6, 0x7f, 0x6e, 0x5c, 0x2, 0xb0,
    0x5, 0x30, 0x6, 0x30, 0x8, 0x40, 0xc, 0x1,
    0xd4, 0x1, 0x30, 0x2, 0x80, 0x32, 0xb8, 0x5,
    0xc0, 0x7, 0xc8, 0x86, 0x51, 0x0, 0x4a, 0xc0,
    0x3, 0x77, 0x18, 0xf8, 0x6, 0x9a, 0x41, 0x2,
    0x7f, 0x20, 0x8,

    /* U+00E3 "ã" */
    0x0, 0xa7, 0xff, 0xdc, 0x1, 0x95, 0x80, 0x38,
    0xa8, 0x3, 0x2f, 0xff, 0xb5, 0x0, 0x3f, 0xfa,
    0x69, 0x5b, 0xfd, 0xb2, 0x40, 0x1a, 0xad, 0x48,
    0x4, 0x9b, 0x54, 0x1, 0x4a, 0x0, 0x36, 0x61,
    0x0, 0x28, 0x8d, 0x40, 0x17, 0x93, 0x2d, 0x40,
    0x5, 0x9f, 0x4d, 0x20, 0x6, 0x80, 0x2, 0x80,
    0xb2, 0x80, 0x7e, 0x10, 0xe, 0x35, 0x7a, 0xd0,
    0x1, 0x80, 0x1b, 0x3f, 0x2a, 0x14, 0x40, 0x36,
    0x49, 0x80, 0x9, 0x1a, 0x40, 0x27, 0x30, 0x19,
    0xfd, 0xb9, 0x70, 0xa, 0xc0, 0x14, 0xc0, 0x18,
    0xc0, 0x21, 0x0, 0x30, 0x7, 0x50, 0x4, 0xc0,
    0xa, 0x0, 0xca, 0xe0, 0x17, 0x0, 0x1f, 0x22,
    0x19, 0x44, 0x1, 0x2b, 0x0, 0xd, 0xdc, 0x63,
    0xe0, 0x1a, 0x69, 0x4, 0x9, 0xfc, 0x80, 0x20,

    /* U+00E4 "ä" */
    0x0, 0x2f, 0x68, 0x80, 0x1b, 0xec, 0x3, 0x40,
    0x94, 0x80, 0x24, 0x11, 0x80, 0x26, 0x0, 0x70,
    0x0, 0x80, 0x4, 0x1, 0x53, 0xcb, 0x0, 0x3d,
    0xe9, 0x0, 0x21, 0x86, 0x0, 0x8a, 0x14, 0x3,
    0xff, 0x8c, 0x95, 0xbf, 0xdb, 0x24, 0x1, 0xaa,
    0xd4, 0x80, 0x49, 0xb5, 0x40, 0x14, 0xa0, 0x3,
    0x66, 0x10, 0x2, 0x88, 0xd4, 0x1, 0x79, 0x32,
    0xd4, 0x0, 0x59, 0xf4, 0xd2, 0x0, 0x68, 0x0,
    0x28, 0xb, 0x28, 0x7, 0xe1, 0x0, 0xe3, 0x57,
    0xad, 0x0, 0x18, 0x1, 0xb3, 0xf2, 0xa1, 0x44,
    0x3, 0x64, 0x98, 0x0, 0x91, 0xa4, 0x2, 0x73,
    0x1, 0x9f, 0xdb, 0x97, 0x0, 0xac, 0x1, 0x4c,
    0x1, 0x8c, 0x2, 0x10, 0x3, 0x0, 0x75, 0x0,
    0x4c, 0x0, 0xa0, 0xc, 0xae, 0x1, 0x70, 0x1,
    0xf2, 0x21, 0x94, 0x40, 0x12, 0xb0, 0x0, 0xdd,
    0xc6, 0x3e, 0x1, 0xa6, 0x90, 0x40, 0x9f, 0xc8,
    0x2,

    /* U+00E5 "å" */
    0x0, 0xc7, 0x9f, 0xd0, 0x1, 0xf1, 0xe1, 0x88,
    0x9f, 0x0, 0x3d, 0x1, 0x1d, 0xc2, 0x34, 0x0,
    0xe6, 0x5, 0x1, 0x40, 0x20, 0xe, 0x70, 0xb0,
    0x37, 0x5, 0x0, 0xe8, 0x16, 0xfc, 0x15, 0x30,
    0xe, 0x2f, 0x63, 0x49, 0xa0, 0xf, 0x86, 0x72,
    0xd8, 0x3, 0xe4, 0xad, 0xfe, 0xd9, 0x20, 0xd,
    0x56, 0xa4, 0x2, 0x4d, 0xaa, 0x0, 0xa5, 0x0,
    0x1b, 0x30, 0x80, 0x14, 0x46, 0xa0, 0xb, 0xc9,
    0x96, 0xa0, 0x2, 0xcf, 0xa6, 0x90, 0x3, 0x40,
    0x1, 0x40, 0x59, 0x40, 0x3f, 0x8, 0x7, 0x1a,
    0xbd, 0x68, 0x0, 0xc0, 0xd, 0x9f, 0x95, 0xa,
    0x20, 0x1b, 0x24, 0xc0, 0x4, 0x8d, 0x20, 0x13,
    0x98, 0xc, 0xfe, 0xdc, 0xb8, 0x5, 0x60, 0xa,
    0x60, 0xc, 0x60, 0x10, 0x80, 0x18, 0x3, 0xa8,
    0x2, 0x60, 0x5, 0x0, 0x65, 0x70, 0xb, 0x80,
    0xf, 0x91, 0xc, 0xa2, 0x0, 0x95, 0x80, 0x6,
    0xee, 0x31, 0xf0, 0xd, 0x34, 0x82, 0x4, 0xfe,
    0x40, 0x10,

    /* U+00E6 "æ" */
    0x0, 0x92, 0xb7, 0xfd, 0x8e, 0x1, 0x25, 0x77,
    0xf5, 0xa8, 0x7, 0xaa, 0xd4, 0x80, 0x7, 0x1a,
    0x33, 0x6a, 0x20, 0x29, 0x56, 0x20, 0x15, 0x28,
    0x0, 0xd9, 0x84, 0x5, 0xec, 0x0, 0x57, 0x50,
    0x2, 0x68, 0x0, 0xd4, 0x1, 0x79, 0x32, 0xd4,
    0x1, 0x2, 0xda, 0x8a, 0xe2, 0x3, 0x70, 0x3d,
    0x99, 0x20, 0x6, 0xf0, 0xb, 0x88, 0x2, 0x1e,
    0x0, 0x50, 0x0, 0x99, 0x80, 0x1c, 0xc0, 0x3,
    0x30, 0x7, 0x19, 0x1, 0x10, 0x3, 0x9, 0x22,
    0xa9, 0x0, 0xe, 0xab, 0xf0, 0x80, 0x18, 0x0,
    0xd9, 0xdb, 0x75, 0x49, 0x0, 0x25, 0x57, 0xc6,
    0x0, 0x10, 0xb9, 0x30, 0xf, 0xfe, 0x43, 0xa0,
    0x2, 0x37, 0xfe, 0xd0, 0x3, 0x7f, 0xff, 0x96,
    0xc0, 0x16, 0xe4, 0x1, 0x8, 0x1, 0x40, 0x3f,
    0xe1, 0x0, 0x30, 0x7, 0x58, 0x0, 0xcc, 0x1,
    0xe9, 0x74, 0x6, 0x0, 0x58, 0x6, 0x57, 0x0,
    0xb4, 0xc0, 0x34, 0xb4, 0x48, 0x70, 0x1, 0xba,
    0xa9, 0xb4, 0x4, 0xc0, 0x39, 0x8a, 0xa7, 0x30,
    0x2, 0x1, 0x58, 0x0, 0x2a, 0xa2, 0x3, 0xc9,
    0x60, 0x1, 0xaa, 0x84, 0x1, 0x2a, 0x0, 0x9a,
    0x41, 0x1, 0x5a, 0xc1, 0x9, 0xb5, 0x20, 0x1,
    0x3e, 0xb0, 0x0,

    /* U+00E7 "ç" */
    0x0, 0xcb, 0x7d, 0xfd, 0x6a, 0x1, 0xc3, 0x94,
    0x82, 0x2, 0x95, 0x82, 0x1, 0x61, 0x80, 0xd,
    0x4c, 0x0, 0x7a, 0x0, 0x92, 0x1, 0xcc, 0x56,
    0x60, 0x40, 0xd8, 0x18, 0x1, 0xa6, 0x1, 0x1d,
    0x80, 0xf2, 0x80, 0xc, 0xc0, 0x1c, 0xbb, 0xd1,
    0xa0, 0x4, 0x0, 0xf8, 0x80, 0x4, 0x0, 0xe0,
    0xf, 0xfe, 0x61, 0x0, 0x38, 0x3, 0xfd, 0xa0,
    0x4, 0x0, 0xf9, 0x0, 0x8, 0x0, 0x33, 0x0,
    0x72, 0xdf, 0xd0, 0xb0, 0x3, 0x48, 0x2, 0x3b,
    0x0, 0x60, 0x49, 0x0, 0xee, 0x56, 0x60, 0x40,
    0xd8, 0x1, 0x86, 0x0, 0x35, 0x30, 0x1, 0xe8,
    0x4, 0x39, 0x48, 0x1, 0x25, 0x60, 0x80, 0x72,
    0xdc, 0x86, 0xda, 0x80, 0x7f, 0x70, 0x65, 0x88,
    0x7, 0xf6, 0x42, 0xa4, 0x0, 0x7f, 0x23, 0xc0,
    0x10, 0x7, 0xe1, 0x99, 0x70, 0x18, 0x7, 0xe3,
    0x66, 0x1b, 0x40, 0x4,

    /* U+00E8 "è" */
    0x0, 0x84, 0xcc, 0x40, 0x1f, 0xfc, 0xc, 0xc8,
    0x3, 0xfe, 0x19, 0x1, 0x50, 0xf, 0xf9, 0x8c,
    0x24, 0x3, 0xff, 0x81, 0xc0, 0x68, 0x1, 0xff,
    0x17, 0xf9, 0x0, 0x3f, 0xf9, 0xad, 0x9f, 0xed,
    0xa3, 0x0, 0xf0, 0xec, 0x98, 0x0, 0x97, 0x24,
    0x3, 0xbc, 0x80, 0xa, 0xc8, 0x0, 0x69, 0x0,
    0xa4, 0x40, 0xfa, 0xa6, 0xf0, 0x0, 0xc8, 0x2,
    0xc0, 0xd, 0x10, 0x8, 0xe0, 0x1, 0xc0, 0x80,
    0x6, 0x10, 0xe, 0x60, 0x2, 0x86, 0x80, 0x4a,
    0xbe, 0x41, 0x0, 0x9, 0x0, 0x1a, 0xab, 0xe1,
    0x0, 0x18, 0x7, 0xff, 0xc, 0x80, 0x13, 0xff,
    0xfe, 0x2e, 0x0, 0x78, 0x7, 0xfc, 0xe0, 0x7,
    0x10, 0xe, 0x19, 0x52, 0x1, 0x60, 0x1d, 0x10,
    0xd, 0x4d, 0x52, 0x0, 0x81, 0x3, 0xeb, 0x9a,
    0xe4, 0x0, 0x40, 0x0, 0x7c, 0xc0, 0x8, 0xca,
    0x20, 0x36, 0x60, 0x10, 0xe5, 0x21, 0x0, 0xe,
    0x3d, 0x0, 0x0,

    /* U+00E9 "é" */
    0x0, 0xfc, 0x67, 0x0, 0x7f, 0xcb, 0x98, 0x90,
    0xf, 0xfa, 0x40, 0x6c, 0x3, 0xfc, 0x86, 0x16,
    0x20, 0x1f, 0xef, 0x5, 0x50, 0x7, 0xfd, 0x7f,
    0x40, 0x1f, 0xfc, 0xd6, 0xcf, 0xf6, 0xd1, 0x80,
    0x78, 0x76, 0x4c, 0x0, 0x4b, 0x92, 0x1, 0xde,
    0x40, 0x5, 0x64, 0x0, 0x34, 0x80, 0x52, 0x20,
    0x7d, 0x53, 0x78, 0x0, 0x64, 0x1, 0x60, 0x6,
    0x88, 0x4, 0x70, 0x0, 0xe0, 0x40, 0x3, 0x8,
    0x7, 0x30, 0x1, 0x43, 0x40, 0x25, 0x5f, 0x20,
    0x80, 0x4, 0x80, 0xd, 0x55, 0xf0, 0x80, 0xc,
    0x3, 0xff, 0x86, 0x40, 0x9, 0xff, 0xff, 0x17,
    0x0, 0x3c, 0x3, 0xfe, 0x70, 0x3, 0x88, 0x7,
    0xc, 0xa9, 0x0, 0xb0, 0xe, 0x88, 0x6, 0xa6,
    0xa9, 0x0, 0x40, 0x81, 0xf5, 0xcd, 0x72, 0x0,
    0x20, 0x0, 0x3e, 0x60, 0x4, 0x65, 0x10, 0x1b,
    0x30, 0x8, 0x72, 0x90, 0x80, 0x7, 0x1e, 0x80,
    0x0,

    /* U+00EA "ê" */
    0x0, 0xe2, 0x88, 0x30, 0x7, 0xf8, 0x7d, 0xdd,
    0x2e, 0x1, 0xfd, 0xa4, 0x49, 0x8, 0x50, 0xf,
    0xac, 0xc3, 0xd9, 0x81, 0x46, 0x1, 0xc4, 0x6f,
    0x64, 0x13, 0xe, 0xa0, 0x1c, 0x51, 0x4, 0x0,
    0x9e, 0x18, 0x3, 0xff, 0x94, 0xd9, 0xfe, 0xda,
    0x30, 0xf, 0xe, 0xc9, 0x80, 0x9, 0x72, 0x40,
    0x3b, 0xc8, 0x0, 0xac, 0x80, 0x6, 0x90, 0xa,
    0x44, 0xf, 0xaa, 0x6f, 0x0, 0xc, 0x80, 0x2c,
    0x0, 0xd1, 0x0, 0x8e, 0x0, 0x1c, 0x8, 0x0,
    0x61, 0x0, 0xe6, 0x0, 0x28, 0x68, 0x4, 0xab,
    0xe4, 0x10, 0x0, 0x90, 0x1, 0xaa, 0xbe, 0x10,
    0x1, 0x80, 0x7f, 0xf0, 0xc8, 0x1, 0x3f, 0xff,
    0xe2, 0xe0, 0x7, 0x80, 0x7f, 0xce, 0x0, 0x71,
    0x0, 0xe1, 0x95, 0x20, 0x16, 0x1, 0xd1, 0x0,
    0xd4, 0xd5, 0x20, 0x8, 0x10, 0x3e, 0xb9, 0xae,
    0x40, 0x4, 0x0, 0x7, 0xcc, 0x0, 0x8c, 0xa2,
    0x3, 0x66, 0x1, 0xe, 0x52, 0x10, 0x0, 0xe3,
    0xd0, 0x0,

    /* U+00EB "ë" */
    0x0, 0xaf, 0xdc, 0x0, 0x39, 0xca, 0x1, 0xca,
    0x81, 0x2, 0xc, 0x63, 0x60, 0x1c, 0xc0, 0x1,
    0x10, 0x10, 0x0, 0x80, 0x38, 0xe9, 0xf0, 0x0,
    0xb2, 0xfa, 0x1, 0xe5, 0x82, 0x0, 0x9a, 0x4,
    0x3, 0xff, 0x94, 0xd9, 0xfe, 0xda, 0x30, 0xf,
    0xe, 0xc9, 0x80, 0x9, 0x72, 0x40, 0x3b, 0xc8,
    0x0, 0xac, 0x80, 0x6, 0x90, 0xa, 0x44, 0xf,
    0xaa, 0x6f, 0x0, 0xc, 0x80, 0x2c, 0x0, 0xd1,
    0x0, 0x8e, 0x0, 0x1c, 0x8, 0x0, 0x61, 0x0,
    0xe6, 0x0, 0x28, 0x68, 0x4, 0xab, 0xe4, 0x10,
    0x0, 0x90, 0x1, 0xaa, 0xbe, 0x10, 0x1, 0x80,
    0x7f, 0xf0, 0xc8, 0x1, 0x3f, 0xff, 0xe2, 0xe0,
    0x7, 0x80, 0x7f, 0xce, 0x0, 0x71, 0x0, 0xe1,
    0x95, 0x20, 0x16, 0x1, 0xd1, 0x0, 0xd4, 0xd5,
    0x20, 0x8, 0x10, 0x3e, 0xb9, 0xae, 0x40, 0x4,
    0x0, 0x7, 0xcc, 0x0, 0x8c, 0xa2, 0x3, 0x66,
    0x1, 0xe, 0x52, 0x10, 0x0, 0xe3, 0xd0, 0x0,

    /* U+00EC "ì" */
    0x1e, 0xff, 0x8, 0x0, 0x6c, 0x0, 0xc0, 0x12,
    0xa8, 0x24, 0x3, 0x58, 0xb, 0x0, 0x43, 0xb8,
    0x80, 0x18, 0x8c, 0x80, 0x37, 0xfc, 0x1, 0xff,
    0xff, 0x0, 0xff, 0xe9, 0x80,

    /* U+00ED "í" */
    0x0, 0x7f, 0xb8, 0x41, 0xc0, 0x16, 0x21, 0x20,
    0x8a, 0xa, 0x21, 0x40, 0x7, 0xcd, 0x10, 0x1,
    0x19, 0x0, 0x5f, 0xf0, 0x7, 0xff, 0xfc, 0x3,
    0xff, 0x8c,

    /* U+00EE "î" */
    0x0, 0x8f, 0xfe, 0x40, 0xe, 0x2d, 0x2, 0xb,
    0x30, 0x8, 0x70, 0x4f, 0x50, 0x34, 0x40, 0x18,
    0x22, 0xd0, 0xb2, 0x1c, 0x0, 0x6f, 0xf0, 0x80,
    0x37, 0xf4, 0x3, 0xff, 0x89, 0xff, 0x0, 0x7f,
    0xff, 0xc0, 0x3f, 0xff, 0xe0, 0x1f, 0xfc, 0x70,

    /* U+00EF "ï" */
    0x8, 0xfa, 0x0, 0xab, 0xe4, 0x5, 0xc1, 0x50,
    0xd, 0x41, 0x88, 0x44, 0x0, 0x60, 0x10, 0x8,
    0xc3, 0x5e, 0xc8, 0xa, 0xdf, 0x4, 0xe, 0x10,
    0x2, 0x48, 0x30, 0xf, 0xfe, 0x27, 0xfc, 0x1,
    0xff, 0xff, 0x0, 0xff, 0xff, 0x80, 0x7f, 0xf1,
    0xc0,

    /* U+00F0 "ð" */
    0x0, 0x85, 0x0, 0x3f, 0xf8, 0x2d, 0x78, 0x60,
    0x12, 0xc8, 0x7, 0xe3, 0xc8, 0x4c, 0xa6, 0x0,
    0xf3, 0xe9, 0x83, 0xd9, 0xae, 0x80, 0x7c, 0xc0,
    0x18, 0xa8, 0x80, 0x3d, 0x56, 0x69, 0x0, 0x56,
    0x1, 0xf9, 0x32, 0xde, 0x1, 0x20, 0x3, 0xd5,
    0x66, 0x0, 0x75, 0x7, 0x20, 0xe, 0x29, 0xdf,
    0xd8, 0x80, 0x2, 0x0, 0x32, 0x6b, 0x10, 0x13,
    0xfb, 0x2, 0x90, 0x0, 0xac, 0x0, 0x93, 0x4e,
    0x4e, 0x0, 0xa0, 0x7, 0x0, 0x1e, 0xd9, 0x63,
    0x40, 0x24, 0x2, 0x30, 0x28, 0x0, 0xc5, 0x0,
    0x3, 0x5, 0x0, 0x28, 0x7, 0x98, 0x2, 0x1e,
    0x0, 0x68, 0x7, 0xc6, 0x0, 0x33, 0x0, 0x4,
    0x3, 0xe7, 0x0, 0x19, 0x80, 0x4, 0x1, 0xf3,
    0x80, 0x7, 0x80, 0x1e, 0x1, 0xf1, 0x81, 0x2,
    0x80, 0x18, 0x40, 0x39, 0xc0, 0xa, 0x4, 0x80,
    0xd, 0x10, 0x9, 0x20, 0x1, 0x40, 0x9, 0x0,
    0x1f, 0x5d, 0x65, 0x80, 0x20, 0x80, 0x5, 0x82,
    0x0, 0x45, 0x30, 0x4, 0x38, 0x6, 0x3f, 0x83,
    0x10, 0x26, 0xc7, 0x0, 0x80,

    /* U+00F1 "ñ" */
    0x0, 0xab, 0xf5, 0xc9, 0xfe, 0x40, 0x33, 0xa8,
    0x14, 0x6c, 0x6, 0x0, 0x6c, 0xb, 0xd6, 0x21,
    0x75, 0x0, 0xd7, 0xe8, 0x53, 0xbd, 0x0, 0x1f,
    0xfc, 0x4f, 0xf7, 0x0, 0xc6, 0xff, 0x51, 0x80,
    0x71, 0x7b, 0x90, 0xa, 0xe2, 0x80, 0x6e, 0x14,
    0x75, 0x0, 0xa8, 0x40, 0x2, 0x79, 0x71, 0x58,
    0x1, 0x30, 0x5, 0x26, 0x1, 0x1b, 0x80, 0x30,
    0x2, 0x40, 0xe, 0xc0, 0x3, 0x80, 0x44, 0x1,
    0xce, 0x0, 0x10, 0xf, 0xff, 0xf8, 0x7, 0xff,
    0x78,

    /* U+00F2 "ò" */
    0x0, 0x84, 0xcc, 0x40, 0x1f, 0xf0, 0xf6, 0x68,
    0x80, 0x7f, 0xd2, 0x0, 0x90, 0xf, 0xf9, 0x14,
    0x18, 0x3, 0xff, 0x81, 0x62, 0x26, 0x0, 0xff,
    0x87, 0xbd, 0x80, 0x3f, 0xf9, 0xab, 0x7d, 0xfb,
    0x68, 0x1, 0xe1, 0xca, 0x41, 0x2, 0x4b, 0xb0,
    0x80, 0x6c, 0x30, 0x1, 0xa9, 0x80, 0x13, 0x40,
    0x29, 0x20, 0x1c, 0xc5, 0x66, 0x4, 0xd, 0xc0,
    0xc, 0x0, 0xd3, 0x0, 0x8e, 0xc0, 0x12, 0xa,
    0x0, 0x33, 0x0, 0x72, 0x90, 0xa, 0x68, 0x1,
    0x0, 0x3e, 0x40, 0x1, 0x90, 0x3, 0x80, 0x3e,
    0xe0, 0x7, 0x80, 0x7f, 0xf0, 0xc8, 0x1, 0xc0,
    0x1f, 0x70, 0x3, 0xf4, 0x0, 0x80, 0x1f, 0x20,
    0x0, 0xd0, 0x0, 0x66, 0x0, 0xe5, 0x20, 0x14,
    0x16, 0x0, 0x69, 0x80, 0x47, 0x60, 0x9, 0x0,
    0x49, 0x0, 0xe6, 0x2b, 0x30, 0x20, 0x6e, 0x1,
    0x61, 0x80, 0xd, 0x4c, 0x0, 0x9a, 0x1, 0x87,
    0x29, 0x4, 0x9, 0x2a, 0xc4, 0x0,

    /* U+00F3 "ó" */
    0x0, 0xfc, 0x67, 0x0, 0x7f, 0xc5, 0x98, 0xf0,
    0xf, 0xfa, 0x0, 0x1c, 0x1, 0xfe, 0x15, 0x8,
    0x20, 0xf, 0xf4, 0x81, 0x38, 0x7, 0xfd, 0x1f,
    0xa0, 0x1f, 0xfc, 0xd5, 0xbe, 0xfd, 0xb4, 0x0,
    0xf0, 0xe5, 0x20, 0x81, 0x25, 0xd8, 0x40, 0x36,
    0x18, 0x0, 0xd4, 0xc0, 0x9, 0xa0, 0x14, 0x90,
    0xe, 0x62, 0xb3, 0x2, 0x6, 0xe0, 0x6, 0x0,
    0x69, 0x80, 0x47, 0x60, 0x9, 0x5, 0x0, 0x19,
    0x80, 0x39, 0x48, 0x5, 0x34, 0x0, 0x80, 0x1f,
    0x20, 0x0, 0xc8, 0x1, 0xc0, 0x1f, 0x70, 0x3,
    0xc0, 0x3f, 0xf8, 0x64, 0x0, 0xe0, 0xf, 0xb8,
    0x1, 0xfa, 0x0, 0x40, 0xf, 0x90, 0x0, 0x68,
    0x0, 0x33, 0x0, 0x72, 0x90, 0xa, 0xb, 0x0,
    0x34, 0xc0, 0x23, 0xb0, 0x4, 0x80, 0x24, 0x80,
    0x73, 0x15, 0x98, 0x10, 0x37, 0x0, 0xb0, 0xc0,
    0x6, 0xa6, 0x0, 0x4d, 0x0, 0xc3, 0x94, 0x82,
    0x4, 0x95, 0x62, 0x0,

    /* U+00F4 "ô" */
    0x0, 0xf3, 0xc3, 0x80, 0x7f, 0xd7, 0xf, 0x12,
    0x1, 0xfd, 0x48, 0x12, 0xc, 0xe0, 0x1f, 0x42,
    0x85, 0xb4, 0x84, 0x28, 0x7, 0xf, 0xbd, 0x20,
    0x34, 0xb9, 0x0, 0x70, 0xbc, 0x28, 0x4, 0xd0,
    0xe0, 0x1f, 0xfc, 0xa5, 0xbe, 0xfd, 0xb4, 0x0,
    0xf0, 0xe5, 0x20, 0x81, 0x25, 0xd8, 0x40, 0x36,
    0x18, 0x0, 0xd4, 0xc0, 0x9, 0xa0, 0x14, 0x90,
    0xe, 0x62, 0xb3, 0x2, 0x6, 0xe0, 0x6, 0x0,
    0x69, 0x80, 0x47, 0x60, 0x9, 0x5, 0x0, 0x19,
    0x80, 0x39, 0x48, 0x5, 0x34, 0x0, 0x80, 0x1f,
    0x20, 0x0, 0xc8, 0x1, 0xc0, 0x1f, 0x70, 0x3,
    0xc0, 0x3f, 0xf8, 0x64, 0x0, 0xe0, 0xf, 0xb8,
    0x1, 0xfa, 0x0, 0x40, 0xf, 0x90, 0x0, 0x68,
    0x0, 0x33, 0x0, 0x72, 0x90, 0xa, 0xb, 0x0,
    0x34, 0xc0, 0x23, 0xb0, 0x4, 0x80, 0x24, 0x80,
    0x73, 0x15, 0x98, 0x10, 0x37, 0x0, 0xb0, 0xc0,
    0x6, 0xa6, 0x0, 0x4d, 0x0, 0xc3, 0x94, 0x82,
    0x4, 0x95, 0x62, 0x0,

    /* U+00F5 "õ" */
    0x0, 0x8b, 0x3f, 0xfd, 0x0, 0x1e, 0x83, 0x0,
    0xe4, 0x90, 0xf, 0x57, 0xff, 0xac, 0x40, 0x3f,
    0xfb, 0x2b, 0x7d, 0xfb, 0x68, 0x1, 0xe1, 0xca,
    0x41, 0x2, 0x4b, 0xb0, 0x80, 0x6c, 0x30, 0x1,
    0xa9, 0x80, 0x13, 0x40, 0x29, 0x20, 0x1c, 0xc5,
    0x66, 0x4, 0xd, 0xc0, 0xc, 0x0, 0xd3, 0x0,
    0x8e, 0xc0, 0x12, 0xa, 0x0, 0x33, 0x0, 0x72,
    0x90, 0xa, 0x68, 0x1, 0x0, 0x3e, 0x40, 0x1,
    0x90, 0x3, 0x80, 0x3e, 0xe0, 0x7, 0x80, 0x7f,
    0xf0, 0xc8, 0x1, 0xc0, 0x1f, 0x70, 0x3, 0xf4,
    0x0, 0x80, 0x1f, 0x20, 0x0, 0xd0, 0x0, 0x66,
    0x0, 0xe5, 0x20, 0x14, 0x16, 0x0, 0x69, 0x80,
    0x47, 0x60, 0x9, 0x0, 0x49, 0x0, 0xe6, 0x2b,
    0x30, 0x20, 0x6e, 0x1, 0x61, 0x80, 0xd, 0x4c,
    0x0, 0x9a, 0x1, 0x87, 0x29, 0x4, 0x9, 0x2a,
    0xc4, 0x0,

    /* U+00F6 "ö" */
    0x0, 0xa7, 0xe4, 0x2, 0xbf, 0x70, 0xe, 0x26,
    0x6, 0x30, 0x54, 0x8, 0x10, 0xc, 0x60, 0x11,
    0x3, 0x0, 0x4, 0x40, 0x18, 0x71, 0xec, 0x40,
    0xe9, 0xf0, 0x3, 0xc7, 0x8, 0x1, 0x2c, 0x10,
    0x7, 0xff, 0x29, 0x6f, 0xbf, 0x6d, 0x0, 0x3c,
    0x39, 0x48, 0x20, 0x49, 0x76, 0x10, 0xd, 0x86,
    0x0, 0x35, 0x30, 0x2, 0x68, 0x5, 0x24, 0x3,
    0x98, 0xac, 0xc0, 0x81, 0xb8, 0x1, 0x80, 0x1a,
    0x60, 0x11, 0xd8, 0x2, 0x41, 0x40, 0x6, 0x60,
    0xe, 0x52, 0x1, 0x4d, 0x0, 0x20, 0x7, 0xc8,
    0x0, 0x32, 0x0, 0x70, 0x7, 0xdc, 0x0, 0xf0,
    0xf, 0xfe, 0x19, 0x0, 0x38, 0x3, 0xee, 0x0,
    0x7e, 0x80, 0x10, 0x3, 0xe4, 0x0, 0x1a, 0x0,
    0xc, 0xc0, 0x1c, 0xa4, 0x2, 0x82, 0xc0, 0xd,
    0x30, 0x8, 0xec, 0x1, 0x20, 0x9, 0x20, 0x1c,
    0xc5, 0x66, 0x4, 0xd, 0xc0, 0x2c, 0x30, 0x1,
    0xa9, 0x80, 0x13, 0x40, 0x30, 0xe5, 0x20, 0x81,
    0x25, 0x58, 0x80, 0x0,

    /* U+00F7 "÷" */
    0x0, 0xe1, 0xcf, 0x80, 0xf, 0xf4, 0x98, 0x39,
    0x80, 0x7f, 0x8, 0x7, 0xff, 0x6, 0xc8, 0x14,
    0xc0, 0x3f, 0x8b, 0x7e, 0x80, 0x3f, 0xf8, 0xe5,
    0x77, 0xff, 0xc0, 0xa1, 0x44, 0xff, 0xe0, 0x80,
    0x7f, 0xf0, 0x8f, 0xff, 0xff, 0x81, 0xc0, 0x1f,
    0xfc, 0x71, 0xbf, 0x80, 0xf, 0xf4, 0xa0, 0x39,
    0x80, 0x7f, 0x8, 0x7, 0xff, 0x6, 0x8, 0x14,
    0xc0, 0x3f, 0x87, 0x7e, 0x80, 0x38,

    /* U+00F8 "ø" */
    0x0, 0xff, 0xe0, 0x98, 0x7, 0x2d, 0xf7, 0xed,
    0xa0, 0x3e, 0x30, 0x0, 0x72, 0x90, 0x40, 0x92,
    0xfe, 0x1, 0x40, 0x18, 0x60, 0x3, 0x53, 0x0,
    0xd2, 0x61, 0x24, 0x3, 0x98, 0xac, 0xa0, 0x8,
    0x40, 0xc, 0x0, 0xd3, 0x0, 0xa4, 0x2, 0x90,
    0x50, 0x1, 0x98, 0x2, 0xa3, 0x21, 0x1, 0x4d,
    0x0, 0x20, 0x4, 0xea, 0x3e, 0xe0, 0x3, 0x20,
    0x7, 0x0, 0x16, 0x3, 0x4b, 0x80, 0x1e, 0x1,
    0xc7, 0x41, 0x46, 0x1, 0xc4, 0x0, 0xe1, 0xd0,
    0x75, 0x0, 0x70, 0x3, 0xf4, 0x0, 0x9a, 0x29,
    0x0, 0x12, 0x0, 0xd, 0x0, 0x6, 0x62, 0xb0,
    0x9, 0x48, 0x5, 0x5, 0x80, 0x29, 0x0, 0x8e,
    0xc0, 0x12, 0x0, 0xf0, 0xa, 0xf2, 0xb3, 0x2,
    0x6, 0xe0, 0x72, 0x1, 0x8d, 0x4c, 0x0, 0x9a,
    0x0, 0xa0, 0x7f, 0xa4, 0x10, 0x24, 0xab, 0x10,
    0x4, 0xd4, 0x2, 0xdf, 0x7e, 0xda, 0x80, 0x60,

    /* U+00F9 "ù" */
    0x0, 0x9, 0x98, 0x80, 0x3f, 0x87, 0x73, 0x44,
    0x3, 0xfa, 0x80, 0xc, 0x1, 0xfc, 0x8a, 0x12,
    0x1, 0xfe, 0xb1, 0x13, 0x0, 0x7f, 0xf, 0x7b,
    0x0, 0x7f, 0xf1, 0xbf, 0xe0, 0xf, 0x1f, 0xfb,
    0x40, 0x3f, 0xff, 0xe0, 0x1f, 0xfe, 0x12, 0x0,
    0xe6, 0x0, 0x88, 0x0, 0x80, 0x1d, 0xe0, 0x12,
    0x0, 0x21, 0x0, 0x28, 0x50, 0xa, 0x80, 0x3,
    0x7b, 0x7c, 0xec, 0x1, 0x1c, 0x0, 0x44, 0x82,
    0x90, 0x1, 0x9e, 0xd0, 0x40, 0xa2, 0xc4, 0x2,

    /* U+00FA "ú" */
    0x0, 0xf8, 0xce, 0x0, 0xfe, 0x3c, 0xc4, 0x0,
    0x7f, 0x48, 0x2, 0x40, 0x3f, 0x12, 0x84, 0x10,
    0x7, 0xeb, 0x3, 0x70, 0xf, 0xe9, 0xfc, 0x0,
    0xff, 0xe3, 0x7f, 0xc0, 0x1e, 0x3f, 0xf6, 0x80,
    0x7f, 0xff, 0xc0, 0x3f, 0xfc, 0x24, 0x1, 0xcc,
    0x1, 0x10, 0x1, 0x0, 0x3b, 0xc0, 0x24, 0x0,
    0x42, 0x0, 0x50, 0xa0, 0x15, 0x0, 0x6, 0xf6,
    0xf9, 0xd8, 0x2, 0x38, 0x0, 0x89, 0x5, 0x20,
    0x3, 0x3d, 0xa0, 0x81, 0x45, 0x88, 0x4,

    /* U+00FB "û" */
    0x0, 0xc2, 0xf0, 0xe0, 0x1f, 0xdb, 0xf, 0x12,
    0x1, 0xf5, 0x18, 0xc8, 0x33, 0x80, 0x74, 0xa8,
    0x53, 0x40, 0x42, 0x80, 0x42, 0x27, 0xa4, 0x7,
    0x97, 0x20, 0x8, 0x62, 0xa, 0x1, 0x34, 0x38,
    0x7, 0xff, 0xf, 0xfe, 0x0, 0xf1, 0xff, 0xb4,
    0x3, 0xff, 0xfe, 0x1, 0xff, 0xe1, 0x20, 0xe,
    0x60, 0x8, 0x80, 0x8, 0x1, 0xde, 0x1, 0x20,
    0x2, 0x10, 0x2, 0x85, 0x0, 0xa8, 0x0, 0x37,
    0xb7, 0xce, 0xc0, 0x11, 0xc0, 0x4, 0x48, 0x29,
    0x0, 0x19, 0xed, 0x4, 0xa, 0x2c, 0x40, 0x20,

    /* U+00FC "ü" */
    0x0, 0x4f, 0xc8, 0x5, 0x7e, 0xe0, 0x11, 0xb0,
    0x31, 0x2, 0xa0, 0x40, 0x4, 0x40, 0x11, 0x83,
    0x0, 0x4, 0x2, 0x1c, 0x7c, 0x10, 0x3a, 0x7c,
    0x0, 0xc7, 0x6, 0x1, 0x2c, 0x10, 0x7, 0xff,
    0xf, 0xfe, 0x0, 0xf1, 0xff, 0xb4, 0x3, 0xff,
    0xfe, 0x1, 0xff, 0xe1, 0x20, 0xe, 0x60, 0x8,
    0x80, 0x8, 0x1, 0xde, 0x1, 0x20, 0x2, 0x10,
    0x2, 0x85, 0x0, 0xa8, 0x0, 0x37, 0xb7, 0xce,
    0xc0, 0x11, 0xc0, 0x4, 0x48, 0x29, 0x0, 0x19,
    0xed, 0x4, 0xa, 0x2c, 0x40, 0x20,

    /* U+00FD "ý" */
    0x0, 0xfc, 0xff, 0xe8, 0x0, 0xff, 0xe0, 0x48,
    0x14, 0x0, 0x7f, 0xcc, 0x21, 0x20, 0x1f, 0xfc,
    0xb, 0x6, 0x40, 0xf, 0xfe, 0x7, 0x64, 0x80,
    0x7f, 0xf0, 0x4c, 0xc0, 0x1f, 0x1f, 0xfc, 0x20,
    0x1f, 0x77, 0xf9, 0xc, 0x80, 0xe, 0x1, 0xe4,
    0x10, 0x14, 0xa, 0x0, 0x68, 0x7, 0xb4, 0x0,
    0xe0, 0x6, 0x0, 0x20, 0x80, 0x73, 0x80, 0x28,
    0x0, 0x28, 0x0, 0x70, 0xc, 0x82, 0x4, 0x60,
    0x16, 0x80, 0x34, 0x3, 0x68, 0x2, 0x80, 0x33,
    0x0, 0x10, 0x40, 0x27, 0x0, 0x30, 0x7, 0x28,
    0x1, 0xc0, 0x8, 0x20, 0x82, 0x1, 0xdc, 0x0,
    0xd0, 0x7, 0x0, 0x38, 0x3, 0xc8, 0x20, 0x80,
    0x5, 0x0, 0x28, 0x7, 0xce, 0x0, 0x54, 0x0,
    0x28, 0x7, 0xea, 0x0, 0x66, 0x80, 0x38, 0x3,
    0xf1, 0x90, 0x22, 0x0, 0x50, 0x3, 0xfa, 0x80,
    0x88, 0xc, 0x1, 0xfe, 0x60, 0xd, 0x40, 0x1f,
    0xe1, 0x40, 0x1, 0x90, 0x7, 0xff, 0xa, 0x80,
    0x3f, 0xf8, 0x8, 0x0, 0x70, 0xf, 0xfa, 0x0,
    0xa, 0x20, 0x1f, 0x9e, 0xf1, 0xc0, 0x10, 0x1,
    0xfd, 0x48, 0x60, 0x9, 0x20, 0xf, 0xc2, 0x0,
    0x14, 0xb6, 0x0, 0xfc,

    /* U+00FE "þ" */
    0xff, 0x80, 0x3f, 0xff, 0x63, 0x3d, 0xfd, 0x46,
    0x1, 0xe1, 0xc6, 0x10, 0x15, 0xc8, 0x0, 0xeb,
    0x21, 0x54, 0x0, 0x9d, 0x80, 0x32, 0xb7, 0x55,
    0xf2, 0x0, 0x24, 0x40, 0x23, 0x90, 0x8, 0x6c,
    0x40, 0xe, 0x1, 0x48, 0x7, 0xa4, 0x1, 0xa0,
    0x13, 0x80, 0x79, 0x0, 0xc, 0x1, 0x10, 0x7,
    0x88, 0x0, 0x40, 0x1f, 0xfc, 0x51, 0x0, 0xf1,
    0x0, 0x8, 0x2, 0x40, 0xf, 0x20, 0x1, 0x80,
    0x29, 0x0, 0xf4, 0x80, 0x34, 0x2, 0x39, 0x0,
    0x86, 0xc4, 0x0, 0xe0, 0x12, 0xb7, 0x55, 0xf2,
    0x0, 0x24, 0x40, 0x2b, 0x21, 0x54, 0x0, 0x9d,
    0x80, 0x30, 0xeb, 0x88, 0xa, 0xe4, 0x0, 0x7d,
    0x1d, 0xfd, 0x46, 0x1, 0xff, 0xfd,

    /* U+00FF "ÿ" */
    0x0, 0x8b, 0x79, 0x0, 0x7, 0xba, 0x30, 0xf,
    0x51, 0xc, 0x80, 0x20, 0x89, 0x20, 0x1e, 0xe0,
    0x3, 0x0, 0x8, 0x0, 0x40, 0x1e, 0x69, 0x7a,
    0x0, 0x4c, 0x44, 0x1, 0xf3, 0x40, 0x80, 0x4e,
    0xe0, 0xf, 0xfe, 0x41, 0xff, 0xc2, 0x1, 0xf7,
    0x7f, 0x90, 0xc8, 0x0, 0xe0, 0x1e, 0x41, 0x1,
    0x40, 0xa0, 0x6, 0x80, 0x7b, 0x40, 0xe, 0x0,
    0x60, 0x2, 0x8, 0x7, 0x38, 0x2, 0x80, 0x2,
    0x80, 0x7, 0x0, 0xc8, 0x20, 0x46, 0x1, 0x68,
    0x3, 0x40, 0x36, 0x80, 0x28, 0x3, 0x30, 0x1,
    0x4, 0x2, 0x70, 0x3, 0x0, 0x72, 0x80, 0x1c,
    0x0, 0x82, 0x8, 0x20, 0x1d, 0xc0, 0xd, 0x0,
    0x70, 0x3, 0x80, 0x3c, 0x82, 0x8, 0x0, 0x50,
    0x2, 0x80, 0x7c, 0xe0, 0x5, 0x40, 0x2, 0x80,
    0x7e, 0xa0, 0x6, 0x68, 0x3, 0x80, 0x3f, 0x19,
    0x2, 0x20, 0x5, 0x0, 0x3f, 0xa8, 0x8, 0x80,
    0xc0, 0x1f, 0xe6, 0x0, 0xd4, 0x1, 0xfe, 0x14,
    0x0, 0x19, 0x0, 0x7f, 0xf0, 0xa8, 0x3, 0xff,
    0x80, 0x80, 0x7, 0x0, 0xff, 0xa0, 0x0, 0xa2,
    0x1, 0xf9, 0xef, 0x1c, 0x1, 0x0, 0x1f, 0xd4,
    0x86, 0x0, 0x92, 0x0, 0xfc, 0x20, 0x1, 0x4b,
    0x60, 0xf, 0xc0,

    /* U+0100 "Ā" */
    0x0, 0xf1, 0x9f, 0xc4, 0x1, 0xff, 0xc0, 0xdc,
    0xcf, 0x70, 0x7, 0xff, 0x53, 0xbf, 0xfd, 0x80,
    0x1f, 0xfe, 0x93, 0xff, 0xb8, 0x3, 0xff, 0x87,
    0x40, 0x10, 0xa0, 0x7, 0xff, 0x9, 0xc0, 0x37,
    0x0, 0x7f, 0xf0, 0x50, 0x41, 0x84, 0x14, 0x3,
    0xff, 0x83, 0xa0, 0xc, 0x40, 0x2, 0x80, 0x7f,
    0xf0, 0x1c, 0x0, 0x9e, 0x0, 0xe0, 0xf, 0xf9,
    0x4, 0xc, 0x50, 0x0, 0x82, 0x1, 0xfe, 0xe0,
    0x5, 0x80, 0x98, 0x1, 0xc0, 0x3f, 0xca, 0x0,
    0x40, 0x5, 0x80, 0x28, 0x3, 0xf9, 0x40, 0x2,
    0x60, 0x5, 0x0, 0x18, 0x80, 0x7e, 0xf0, 0x3,
    0x80, 0x44, 0x40, 0x3, 0x0, 0x7e, 0x50, 0x6,
    0x80, 0x65, 0x0, 0x50, 0x7, 0xca, 0x0, 0x14,
    0x0, 0xd4, 0x0, 0x22, 0x0, 0x7b, 0x80, 0x3,
    0xff, 0xda, 0x1, 0x50, 0x7, 0xa, 0x0, 0x7f,
    0xf0, 0x14, 0x3, 0x9c, 0x2, 0x44, 0xfc, 0x0,
    0x23, 0x0, 0xd4, 0x0, 0x6b, 0xbf, 0xc6, 0x0,
    0xa0, 0x8, 0x4c, 0x1, 0xa0, 0x1f, 0xac, 0x0,
    0xe0, 0x13, 0x0, 0x5, 0x0, 0x3f, 0x30, 0x0,
    0x50, 0x1, 0x60, 0x7, 0x0, 0xfe, 0x13, 0x0,
    0x70, 0x11, 0x80, 0x28, 0x3, 0xfd, 0x40, 0x5,
    0x0,

    /* U+0101 "ā" */
    0x0, 0xf, 0xff, 0xd4, 0x1, 0xff, 0xc5, 0x1c,
    0xcf, 0xa0, 0x3, 0x8c, 0xfe, 0x20, 0xf, 0xfe,
    0x32, 0x56, 0xff, 0x6c, 0x90, 0x6, 0xab, 0x52,
    0x1, 0x26, 0xd5, 0x0, 0x52, 0x80, 0xd, 0x98,
    0x40, 0xa, 0x23, 0x50, 0x5, 0xe4, 0xcb, 0x50,
    0x1, 0x67, 0xd3, 0x48, 0x1, 0xa0, 0x0, 0xa0,
    0x2c, 0xa0, 0x1f, 0x84, 0x3, 0x8d, 0x5e, 0xb4,
    0x0, 0x60, 0x6, 0xcf, 0xca, 0x85, 0x10, 0xd,
    0x92, 0x60, 0x2, 0x46, 0x90, 0x9, 0xcc, 0x6,
    0x7f, 0x6e, 0x5c, 0x2, 0xb0, 0x5, 0x30, 0x6,
    0x30, 0x8, 0x40, 0xc, 0x1, 0xd4, 0x1, 0x30,
    0x2, 0x80, 0x32, 0xb8, 0x5, 0xc0, 0x7, 0xc8,
    0x86, 0x51, 0x0, 0x4a, 0xc0, 0x3, 0x77, 0x18,
    0xf8, 0x6, 0x9a, 0x41, 0x2, 0x7f, 0x20, 0x8,

    /* U+0102 "Ă" */
    0x0, 0xe2, 0x85, 0x0, 0xcf, 0x0, 0x1f, 0xfc,
    0x7, 0xb0, 0x8, 0x61, 0xc0, 0x3f, 0xe2, 0x20,
    0xc8, 0x95, 0x2, 0x80, 0x7f, 0xf0, 0x38, 0x1b,
    0xb5, 0x6, 0xc0, 0x3f, 0xf8, 0x7, 0x88, 0x22,
    0x6f, 0x10, 0xf, 0xfe, 0x9, 0xdf, 0x72, 0x44,
    0x3, 0xff, 0xac, 0x7f, 0xf7, 0x0, 0x7f, 0xf0,
    0xe8, 0x2, 0x14, 0x0, 0xff, 0xe1, 0x38, 0x6,
    0xe0, 0xf, 0xfe, 0xa, 0x8, 0x30, 0x82, 0x80,
    0x7f, 0xf0, 0x74, 0x1, 0x88, 0x0, 0x50, 0xf,
    0xfe, 0x3, 0x80, 0x13, 0xc0, 0x1c, 0x1, 0xff,
    0x20, 0x81, 0x8a, 0x0, 0x10, 0x40, 0x3f, 0xdc,
    0x0, 0xb0, 0x13, 0x0, 0x38, 0x7, 0xf9, 0x40,
    0x8, 0x0, 0xb0, 0x5, 0x0, 0x7f, 0x28, 0x0,
    0x4c, 0x0, 0xa0, 0x3, 0x10, 0xf, 0xde, 0x0,
    0x70, 0x8, 0x88, 0x0, 0x60, 0xf, 0xca, 0x0,
    0xd0, 0xc, 0xa0, 0xa, 0x0, 0xf9, 0x40, 0x2,
    0x80, 0x1a, 0x80, 0x4, 0x40, 0xf, 0x70, 0x0,
    0x7f, 0xfb, 0x40, 0x2a, 0x0, 0xe1, 0x40, 0xf,
    0xfe, 0x2, 0x80, 0x73, 0x80, 0x48, 0x9f, 0x80,
    0x4, 0x60, 0x1a, 0x80, 0xd, 0x77, 0xf8, 0xc0,
    0x14, 0x1, 0x9, 0x80, 0x34, 0x3, 0xf5, 0x80,
    0x1c, 0x2, 0x60, 0x0, 0xa0, 0x7, 0xe6, 0x0,
    0xa, 0x0, 0x2c, 0x0, 0xe0, 0x1f, 0xc2, 0x60,
    0xe, 0x2, 0x30, 0x5, 0x0, 0x7f, 0xa8, 0x0,
    0xa0,

    /* U+0103 "ă" */
    0x0, 0xff, 0xe1, 0xaf, 0xd0, 0x4, 0x5f, 0xc0,
    0x19, 0x1, 0x58, 0xb, 0x81, 0x0, 0x30, 0xc0,
    0x4f, 0xe9, 0x8d, 0x80, 0x73, 0xd1, 0x80, 0xb7,
    0x88, 0x7, 0x97, 0x3f, 0xa4, 0x40, 0x3f, 0xf8,
    0xe9, 0x5b, 0xfd, 0xb2, 0x40, 0x1a, 0xad, 0x48,
    0x4, 0x9b, 0x54, 0x1, 0x4a, 0x0, 0x36, 0x61,
    0x0, 0x28, 0x8d, 0x40, 0x17, 0x93, 0x2d, 0x40,
    0x5, 0x9f, 0x4d, 0x20, 0x6, 0x80, 0x2, 0x80,
    0xb2, 0x80, 0x7e, 0x10, 0xe, 0x35, 0x7a, 0xd0,
    0x1, 0x80, 0x1b, 0x3f, 0x2a, 0x14, 0x40, 0x36,
    0x49, 0x80, 0x9, 0x1a, 0x40, 0x27, 0x30, 0x19,
    0xfd, 0xb9, 0x70, 0xa, 0xc0, 0x14, 0xc0, 0x18,
    0xc0, 0x21, 0x0, 0x30, 0x7, 0x50, 0x4, 0xc0,
    0xa, 0x0, 0xca, 0xe0, 0x17, 0x0, 0x1f, 0x22,
    0x19, 0x44, 0x1, 0x2b, 0x0, 0xd, 0xdc, 0x63,
    0xe0, 0x1a, 0x69, 0x4, 0x9, 0xfc, 0x80, 0x20,

    /* U+0104 "Ą" */
    0x0, 0xf8, 0xff, 0xee, 0x0, 0xff, 0xe1, 0xd0,
    0x4, 0x28, 0x1, 0xff, 0xc2, 0x70, 0x10, 0x7,
    0x0, 0x7f, 0xf0, 0x50, 0x41, 0x88, 0x14, 0x3,
    0xff, 0x83, 0xa0, 0xc, 0x40, 0x2, 0x80, 0x7f,
    0xf0, 0x1c, 0x0, 0x9a, 0x0, 0xe0, 0xf, 0xf9,
    0x4, 0x14, 0x10, 0x0, 0x82, 0x1, 0xfe, 0xe0,
    0x6, 0x0, 0x14, 0x0, 0xe0, 0x1f, 0xe5, 0x0,
    0x38, 0x3, 0xc0, 0x14, 0x1, 0xfc, 0xa0, 0x4,
    0x10, 0x2, 0x80, 0xc, 0x40, 0x3f, 0x78, 0x3,
    0x40, 0x32, 0x80, 0x18, 0x3, 0xf2, 0x80, 0x1c,
    0x3, 0x70, 0x2, 0x80, 0x3e, 0x50, 0xa, 0xae,
    0xf7, 0x80, 0x8, 0x80, 0x1e, 0xe0, 0x9, 0x13,
    0xc0, 0x15, 0x0, 0x70, 0xa0, 0x7, 0xff, 0x1,
    0x40, 0x39, 0xc0, 0x9, 0xff, 0xf8, 0x40, 0x8c,
    0x3, 0x50, 0x3, 0x40, 0x3f, 0x20, 0x2, 0x80,
    0x21, 0x30, 0x2, 0x0, 0x7e, 0xf0, 0x3, 0x80,
    0x4c, 0x0, 0x22, 0x0, 0x7e, 0x50, 0x0, 0xa0,
    0x2, 0xc0, 0xa, 0x1, 0xfe, 0x40, 0x7, 0x1,
    0x18, 0x2, 0xc0, 0x3f, 0xda, 0x0, 0x50, 0x2f,
    0xf8, 0xc0, 0x3f, 0xda, 0x0, 0x80, 0xf, 0xfe,
    0x1c, 0x20, 0x53, 0x80, 0x7f, 0xf0, 0xdc, 0x0,
    0xa0, 0x1f, 0xfc, 0x76, 0x61, 0x0, 0x7f, 0xf0,
    0x90, 0x1, 0x32, 0x80, 0xf, 0xfe, 0x15, 0xb0,
    0x81, 0x68,

    /* U+0105 "ą" */
    0x0, 0x92, 0xb7, 0xfb, 0x64, 0x80, 0x3a, 0xad,
    0x48, 0x4, 0x9b, 0x54, 0x2, 0xa5, 0x0, 0x1b,
    0x30, 0x80, 0x14, 0x40, 0x6a, 0x0, 0xbc, 0x99,
    0x6a, 0x0, 0x2c, 0xf, 0xa6, 0x90, 0x3, 0x40,
    0x1, 0x40, 0x2, 0xca, 0x1, 0xf8, 0x40, 0x3c,
    0x6a, 0xf5, 0xa0, 0x3, 0x0, 0x9b, 0x3f, 0x2a,
    0x14, 0x40, 0x3b, 0x24, 0xc0, 0x4, 0x8d, 0x20,
    0x19, 0xcc, 0x6, 0x7f, 0x6e, 0x5c, 0x3, 0x58,
    0x2, 0x98, 0x3, 0x18, 0x6, 0x10, 0x3, 0x0,
    0x75, 0x0, 0x66, 0x0, 0x50, 0x6, 0x57, 0x0,
    0xdc, 0x0, 0x7c, 0x88, 0x65, 0x10, 0x6, 0x56,
    0x0, 0x1b, 0xb8, 0xc7, 0xc0, 0x3a, 0x69, 0x4,
    0x9, 0xfc, 0xc0, 0x3c, 0xb7, 0xdf, 0xb0, 0x1a,
    0x3, 0x40, 0x1f, 0xd4, 0x63, 0xe8, 0x1, 0xf8,
    0x90, 0x10, 0x40, 0x3f, 0xf8, 0x8, 0xae, 0x1,
    0xf8, 0x88, 0x3, 0x50, 0xc0, 0x1f, 0xbd, 0x44,
    0xc, 0x80,

    /* U+0106 "Ć" */
    0x0, 0xff, 0x11, 0x98, 0x40, 0x3f, 0xf8, 0x79,
    0x90, 0x7, 0xff, 0xd, 0x44, 0x24, 0x40, 0x3f,
    0xf8, 0x50, 0x6, 0xc0, 0x1f, 0xfc, 0x24, 0x20,
    0xe0, 0xf, 0xfe, 0x1a, 0x7f, 0x88, 0x3, 0xff,
    0xa8, 0xd7, 0xdf, 0xdb, 0x6, 0x1, 0xfc, 0xdd,
    0x28, 0x20, 0x24, 0xf9, 0x42, 0x1, 0xe8, 0x91,
    0x0, 0xfc, 0xb8, 0x20, 0x19, 0x9c, 0x0, 0x53,
    0xdf, 0xec, 0x60, 0x1, 0x68, 0x4, 0x32, 0x0,
    0x3c, 0x61, 0x0, 0x1c, 0xd0, 0x0, 0xd4, 0x1,
    0x20, 0x1, 0xd1, 0x0, 0xf2, 0xb8, 0x3, 0x80,
    0xc, 0x0, 0x81, 0x0, 0xfd, 0x40, 0x5, 0x2,
    0x10, 0x3, 0x80, 0x7f, 0x17, 0xfb, 0x81, 0xc0,
    0x4, 0x20, 0x1f, 0xfc, 0x23, 0x0, 0x30, 0x7,
    0xff, 0xc, 0x40, 0x2, 0x1, 0xff, 0xc3, 0x10,
    0x0, 0x80, 0x7f, 0xf0, 0xcc, 0x0, 0xc0, 0x1f,
    0xfc, 0x37, 0x0, 0x10, 0x80, 0x7f, 0xf0, 0x88,
    0x40, 0xe, 0x1, 0xfc, 0x5f, 0xee, 0x0, 0x30,
    0x2, 0x4, 0x3, 0xf5, 0x0, 0x14, 0x1, 0x20,
    0x1, 0xa0, 0xf, 0x95, 0xc0, 0x1c, 0x0, 0x19,
    0x0, 0x26, 0xb0, 0x80, 0xe, 0x68, 0x0, 0x8a,
    0x1, 0x33, 0x80, 0xa, 0x7b, 0xfd, 0x8c, 0x0,
    0x2a, 0x0, 0xe8, 0x90, 0xf, 0xe6, 0xc1, 0x0,
    0xf3, 0x74, 0x20, 0x80, 0x9b, 0xe4, 0x88, 0x4,

    /* U+0107 "ć" */
    0x0, 0xfc, 0x67, 0x0, 0x7f, 0x8b, 0x31, 0xe0,
    0x1f, 0xe8, 0x0, 0x70, 0x7, 0xf0, 0xa8, 0x41,
    0x0, 0x7f, 0x48, 0x13, 0x80, 0x7f, 0xa3, 0xf4,
    0x3, 0xff, 0x96, 0xb7, 0xdf, 0xd6, 0xa0, 0x1c,
    0x39, 0x48, 0x20, 0x29, 0x58, 0x20, 0x16, 0x18,
    0x0, 0xd4, 0xc0, 0x7, 0xa0, 0x9, 0x20, 0x1c,
    0xc5, 0x66, 0x4, 0xd, 0x81, 0x80, 0x1a, 0x60,
    0x11, 0xd8, 0xf, 0x28, 0x0, 0xcc, 0x1, 0xcb,
    0xbd, 0x1a, 0x0, 0x40, 0xf, 0x88, 0x0, 0x40,
    0xe, 0x0, 0xff, 0xe6, 0x10, 0x3, 0x80, 0x3f,
    0xda, 0x0, 0x40, 0xf, 0x90, 0x0, 0x80, 0x3,
    0x30, 0x7, 0x2d, 0xfd, 0xb, 0x0, 0x34, 0x80,
    0x23, 0xb0, 0x6, 0x4, 0x90, 0xe, 0xe5, 0x66,
    0x4, 0xd, 0x80, 0x18, 0x60, 0x3, 0x53, 0x0,
    0x1e, 0x80, 0x43, 0x94, 0x82, 0x2, 0x95, 0x82,
    0x0,

    /* U+0108 "Ĉ" */
    0x0, 0xfc, 0xd1, 0x1, 0x0, 0xff, 0xe1, 0x3c,
    0xbb, 0xb0, 0x3, 0xff, 0x82, 0xd0, 0x12, 0x44,
    0xb0, 0xf, 0xf9, 0x24, 0x1d, 0xbc, 0x12, 0x40,
    0x3f, 0xc6, 0xf1, 0x0, 0x2b, 0x71, 0x20, 0xf,
    0xe7, 0x87, 0x0, 0x92, 0x20, 0x40, 0x1f, 0xfd,
    0x16, 0xbe, 0xfe, 0xd8, 0x30, 0xf, 0xe6, 0xe9,
    0x41, 0x1, 0x27, 0xca, 0x10, 0xf, 0x44, 0x88,
    0x7, 0xe5, 0xc1, 0x0, 0xcc, 0xe0, 0x2, 0x9e,
    0xff, 0x63, 0x0, 0xb, 0x40, 0x21, 0x90, 0x1,
    0xe3, 0x8, 0x0, 0xe6, 0x80, 0x6, 0xa0, 0x9,
    0x0, 0xe, 0x88, 0x7, 0x95, 0xc0, 0x1c, 0x0,
    0x60, 0x4, 0x8, 0x7, 0xea, 0x0, 0x28, 0x10,
    0x80, 0x1c, 0x3, 0xf8, 0xbf, 0xdc, 0xe, 0x0,
    0x21, 0x0, 0xff, 0xe1, 0x18, 0x1, 0x80, 0x3f,
    0xf8, 0x62, 0x0, 0x10, 0xf, 0xfe, 0x18, 0x80,
    0x4, 0x3, 0xff, 0x86, 0x60, 0x6, 0x0, 0xff,
    0xe1, 0xb8, 0x0, 0x84, 0x3, 0xff, 0x84, 0x42,
    0x0, 0x70, 0xf, 0xe2, 0xff, 0x70, 0x1, 0x80,
    0x10, 0x20, 0x1f, 0xa8, 0x0, 0xa0, 0x9, 0x0,
    0xd, 0x0, 0x7c, 0xae, 0x0, 0xe0, 0x0, 0xc8,
    0x1, 0x35, 0x84, 0x0, 0x73, 0x40, 0x4, 0x50,
    0x9, 0x9c, 0x0, 0x53, 0xdf, 0xec, 0x60, 0x1,
    0x50, 0x7, 0x44, 0x80, 0x7f, 0x36, 0x8, 0x7,
    0x9b, 0xa1, 0x4, 0x4, 0xdf, 0x24, 0x40, 0x20,

    /* U+0109 "ĉ" */
    0x0, 0xf3, 0xc3, 0x80, 0x7f, 0xae, 0x1e, 0x24,
    0x3, 0xf5, 0x20, 0x48, 0x33, 0x80, 0x7a, 0x14,
    0x2d, 0xa4, 0x21, 0x40, 0x30, 0xfb, 0xd2, 0x3,
    0x4b, 0x90, 0x6, 0x17, 0x85, 0x0, 0x9a, 0x1c,
    0x3, 0xff, 0x90, 0xb7, 0xdf, 0xd6, 0xa0, 0x1c,
    0x39, 0x48, 0x20, 0x29, 0x58, 0x20, 0x16, 0x18,
    0x0, 0xd4, 0xc0, 0x7, 0xa0, 0x9, 0x20, 0x1c,
    0xc5, 0x66, 0x4, 0xd, 0x81, 0x80, 0x1a, 0x60,
    0x11, 0xd8, 0xf, 0x28, 0x0, 0xcc, 0x1, 0xcb,
    0xbd, 0x1a, 0x0, 0x40, 0xf, 0x88, 0x0, 0x40,
    0xe, 0x0, 0xff, 0xe6, 0x10, 0x3, 0x80, 0x3f,
    0xda, 0x0, 0x40, 0xf, 0x90, 0x0, 0x80, 0x3,
    0x30, 0x7, 0x2d, 0xfd, 0xb, 0x0, 0x34, 0x80,
    0x23, 0xb0, 0x6, 0x4, 0x90, 0xe, 0xe5, 0x66,
    0x4, 0xd, 0x80, 0x18, 0x60, 0x3, 0x53, 0x0,
    0x1e, 0x80, 0x43, 0x94, 0x82, 0x2, 0x95, 0x82,
    0x0,

    /* U+010A "Ċ" */
    0x0, 0xfc, 0x74, 0xe0, 0x1f, 0xfc, 0x4c, 0x58,
    0x70, 0xf, 0xfe, 0x10, 0x80, 0x5e, 0x1, 0xff,
    0xc2, 0x18, 0x3, 0x90, 0xf, 0xfe, 0x1b, 0xfe,
    0x8, 0x7, 0xff, 0x9d, 0xaf, 0xbf, 0xb6, 0xc,
    0x3, 0xf9, 0xba, 0x50, 0x40, 0x49, 0xf2, 0x84,
    0x3, 0xd1, 0x22, 0x1, 0xf9, 0x70, 0x40, 0x33,
    0x38, 0x0, 0xa7, 0xbf, 0xd8, 0xc0, 0x2, 0xd0,
    0x8, 0x64, 0x0, 0x78, 0xc2, 0x0, 0x39, 0xa0,
    0x1, 0xa8, 0x2, 0x40, 0x3, 0xa2, 0x1, 0xe5,
    0x70, 0x7, 0x0, 0x18, 0x1, 0x2, 0x1, 0xfa,
    0x80, 0xa, 0x4, 0x20, 0x7, 0x0, 0xfe, 0x2f,
    0xf7, 0x3, 0x80, 0x8, 0x40, 0x3f, 0xf8, 0x46,
    0x0, 0x60, 0xf, 0xfe, 0x18, 0x80, 0x4, 0x3,
    0xff, 0x86, 0x20, 0x1, 0x0, 0xff, 0xe1, 0x98,
    0x1, 0x80, 0x3f, 0xf8, 0x6e, 0x0, 0x21, 0x0,
    0xff, 0xe1, 0x10, 0x80, 0x1c, 0x3, 0xf8, 0xbf,
    0xdc, 0x0, 0x60, 0x4, 0x8, 0x7, 0xea, 0x0,
    0x28, 0x2, 0x40, 0x3, 0x40, 0x1f, 0x2b, 0x80,
    0x38, 0x0, 0x32, 0x0, 0x4d, 0x61, 0x0, 0x1c,
    0xd0, 0x1, 0x14, 0x2, 0x67, 0x0, 0x14, 0xf7,
    0xfb, 0x18, 0x0, 0x54, 0x1, 0xd1, 0x20, 0x1f,
    0xcd, 0x82, 0x1, 0xe6, 0xe8, 0x41, 0x1, 0x37,
    0xc9, 0x10, 0x8,

    /* U+010B "ċ" */
    0x0, 0xf5, 0xfd, 0x0, 0x7f, 0x95, 0x1, 0x50,
    0x3, 0xf8, 0x40, 0x26, 0x0, 0xfe, 0x49, 0x5a,
    0x20, 0xf, 0xf3, 0x52, 0x80, 0x7f, 0xf2, 0xd6,
    0xfb, 0xfa, 0xd4, 0x3, 0x87, 0x29, 0x4, 0x5,
    0x2b, 0x4, 0x2, 0xc3, 0x0, 0x1a, 0x98, 0x0,
    0xf4, 0x1, 0x24, 0x3, 0x98, 0xac, 0xc0, 0x81,
    0xb0, 0x30, 0x3, 0x4c, 0x2, 0x3b, 0x1, 0xe5,
    0x0, 0x19, 0x80, 0x39, 0x77, 0xa3, 0x40, 0x8,
    0x1, 0xf1, 0x0, 0x8, 0x1, 0xc0, 0x1f, 0xfc,
    0xc2, 0x0, 0x70, 0x7, 0xfb, 0x40, 0x8, 0x1,
    0xf2, 0x0, 0x10, 0x0, 0x66, 0x0, 0xe5, 0xbf,
    0xa1, 0x60, 0x6, 0x90, 0x4, 0x76, 0x0, 0xc0,
    0x92, 0x1, 0xdc, 0xac, 0xc0, 0x81, 0xb0, 0x3,
    0xc, 0x0, 0x6a, 0x60, 0x3, 0xd0, 0x8, 0x72,
    0x90, 0x40, 0x52, 0xb0, 0x40,

    /* U+010C "Č" */
    0x0, 0xe6, 0x87, 0x0, 0x92, 0x20, 0x40, 0x1f,
    0xca, 0xf1, 0x20, 0x56, 0xe6, 0x40, 0x1f, 0xc7,
    0x40, 0xcf, 0xe0, 0x76, 0x1, 0xff, 0x2c, 0x4,
    0x11, 0x34, 0x3, 0xff, 0x82, 0xf2, 0xee, 0xc1,
    0x0, 0xff, 0xe1, 0x34, 0x40, 0x40, 0x3f, 0xfa,
    0x8d, 0x7d, 0xfd, 0xb0, 0x60, 0x1f, 0xcd, 0xd2,
    0x82, 0x2, 0x4f, 0x94, 0x20, 0x1e, 0x89, 0x10,
    0xf, 0xcb, 0x82, 0x1, 0x99, 0xc0, 0x5, 0x3d,
    0xfe, 0xc6, 0x0, 0x16, 0x80, 0x43, 0x20, 0x3,
    0xc6, 0x10, 0x1, 0xcd, 0x0, 0xd, 0x40, 0x12,
    0x0, 0x1d, 0x10, 0xf, 0x2b, 0x80, 0x38, 0x0,
    0xc0, 0x8, 0x10, 0xf, 0xd4, 0x0, 0x50, 0x21,
    0x0, 0x38, 0x7, 0xf1, 0x7f, 0xb8, 0x1c, 0x0,
    0x42, 0x1, 0xff, 0xc2, 0x30, 0x3, 0x0, 0x7f,
    0xf0, 0xc4, 0x0, 0x20, 0x1f, 0xfc, 0x31, 0x0,
    0x8, 0x7, 0xff, 0xc, 0xc0, 0xc, 0x1, 0xff,
    0xc3, 0x70, 0x1, 0x8, 0x7, 0xff, 0x8, 0x84,
    0x0, 0xe0, 0x1f, 0xc5, 0xfe, 0xe0, 0x3, 0x0,
    0x20, 0x40, 0x3f, 0x50, 0x1, 0x40, 0x12, 0x0,
    0x1a, 0x0, 0xf9, 0x5c, 0x1, 0xc0, 0x1, 0x90,
    0x2, 0x6b, 0x8, 0x0, 0xe6, 0x80, 0x8, 0xa0,
    0x13, 0x38, 0x0, 0xa7, 0xbf, 0xd8, 0xc0, 0x2,
    0xa0, 0xe, 0x89, 0x0, 0xfe, 0x6c, 0x10, 0xf,
    0x37, 0x42, 0x8, 0x9, 0xbe, 0x48, 0x80, 0x40,

    /* U+010D "č" */
    0x0, 0x9e, 0x14, 0x2, 0x68, 0x70, 0xf, 0x3d,
    0x20, 0x34, 0xb8, 0x80, 0x73, 0xb0, 0x5b, 0x48,
    0x3b, 0x0, 0x7a, 0x50, 0x24, 0x16, 0x0, 0x3f,
    0x5c, 0x3c, 0x50, 0x7, 0xf9, 0xe1, 0xc0, 0x3f,
    0xf9, 0x6b, 0x7d, 0xfd, 0x6a, 0x1, 0xc3, 0x94,
    0x82, 0x2, 0x95, 0x82, 0x1, 0x61, 0x80, 0xd,
    0x4c, 0x0, 0x7a, 0x0, 0x92, 0x1, 0xcc, 0x56,
    0x60, 0x40, 0xd8, 0x18, 0x1, 0xa6, 0x1, 0x1d,
    0x80, 0xf2, 0x80, 0xc, 0xc0, 0x1c, 0xbb, 0xd1,
    0xa0, 0x4, 0x0, 0xf8, 0x80, 0x4, 0x0, 0xe0,
    0xf, 0xfe, 0x61, 0x0, 0x38, 0x3, 0xfd, 0xa0,
    0x4, 0x0, 0xf9, 0x0, 0x8, 0x0, 0x33, 0x0,
    0x72, 0xdf, 0xd0, 0xb0, 0x3, 0x48, 0x2, 0x3b,
    0x0, 0x60, 0x49, 0x0, 0xee, 0x56, 0x60, 0x40,
    0xd8, 0x1, 0x86, 0x0, 0x35, 0x30, 0x1, 0xe8,
    0x4, 0x39, 0x48, 0x20, 0x29, 0x58, 0x20,

    /* U+010E "Ď" */
    0x1, 0x78, 0x50, 0x9, 0xa1, 0xc0, 0x3e, 0x1f,
    0x7a, 0x40, 0x79, 0x71, 0x0, 0xfd, 0xa, 0x14,
    0xd0, 0x10, 0xc0, 0x1f, 0xd4, 0x63, 0x20, 0xce,
    0x1, 0xff, 0x6c, 0x3c, 0x48, 0x7, 0xff, 0x0,
    0x5e, 0x1c, 0x3, 0xff, 0x9d, 0x9f, 0xff, 0x75,
    0xb8, 0x80, 0x7f, 0xf0, 0x45, 0x23, 0xa0, 0x3,
    0xe1, 0x22, 0x84, 0x3, 0x3e, 0x0, 0x7a, 0x37,
    0x6e, 0xfc, 0x40, 0x1, 0xd0, 0x7, 0xfc, 0x77,
    0x20, 0x5, 0x40, 0xf, 0xfe, 0x3, 0x30, 0x1,
    0x0, 0x1f, 0xfc, 0x18, 0x0, 0x19, 0x0, 0x7f,
    0xf0, 0x4, 0xc0, 0x8, 0x1, 0xff, 0xc1, 0x40,
    0x7, 0x0, 0x7f, 0xf0, 0x7c, 0x0, 0x40, 0x1f,
    0xfc, 0x11, 0x0, 0xff, 0xe2, 0x8, 0x0, 0xc0,
    0x3f, 0xf8, 0x3e, 0x0, 0x10, 0xf, 0xfe, 0xa,
    0x0, 0x34, 0x3, 0xff, 0x80, 0x46, 0x0, 0x40,
    0xf, 0xfe, 0x4, 0x0, 0xc, 0x40, 0x3f, 0xe7,
    0x50, 0x4, 0x0, 0x7f, 0x92, 0xe0, 0x0, 0xa8,
    0x1, 0xa3, 0x76, 0xef, 0xb4, 0x0, 0x25, 0x0,
    0x70, 0x91, 0x42, 0x1, 0x9e, 0xc0, 0x3f, 0xe1,
    0x48, 0xe8, 0x0, 0xc0,

    /* U+010F "ď" */
    0x0, 0xff, 0xe2, 0x2a, 0x90, 0x3, 0xff, 0x89,
    0x75, 0xc0, 0x1f, 0xf5, 0xff, 0x90, 0x2, 0x20,
    0xf, 0xfe, 0x37, 0x0, 0x7f, 0xf1, 0x88, 0x3,
    0xff, 0x8c, 0xc0, 0x1f, 0xfc, 0x4e, 0xf2, 0x0,
    0x86, 0x37, 0xfa, 0xcc, 0x3, 0xfe, 0x4e, 0x72,
    0x1, 0x4c, 0x40, 0xf, 0xe2, 0xb0, 0x8, 0xd4,
    0x82, 0x9c, 0x3, 0xf4, 0x80, 0x7, 0x72, 0xb6,
    0xc4, 0xc0, 0x3e, 0x14, 0x0, 0x69, 0x0, 0x49,
    0x0, 0x1f, 0x9c, 0x0, 0x66, 0x0, 0xe7, 0x0,
    0xfd, 0xc0, 0x4, 0x0, 0xf8, 0xc0, 0x3e, 0x20,
    0x7, 0x0, 0x7c, 0xe0, 0x1f, 0xfc, 0xe2, 0x0,
    0x70, 0x7, 0xcc, 0x1, 0xf7, 0x0, 0x10, 0x3,
    0xc2, 0x40, 0x1f, 0x38, 0x0, 0xcc, 0x1, 0xd2,
    0x1, 0xf8, 0x50, 0x1, 0xa4, 0x1, 0x2b, 0x80,
    0x7f, 0x48, 0x0, 0x77, 0x2b, 0x68, 0x90, 0x3,
    0xf1, 0x60, 0x4, 0x6a, 0x41, 0xc2, 0x1, 0xfc,
    0x7c, 0xe4, 0x2, 0x9a, 0x60, 0x1f, 0x80,

    /* U+0110 "Đ" */
    0x0, 0x17, 0xff, 0xed, 0xa5, 0x0, 0xff, 0xe2,
    0x92, 0xd6, 0xa0, 0x7, 0xf8, 0x8b, 0x8, 0x4,
    0x56, 0xc0, 0x1f, 0xdb, 0xbb, 0xb9, 0x22, 0x0,
    0x94, 0x0, 0xff, 0xe0, 0x8b, 0x79, 0x80, 0x24,
    0x3, 0xff, 0x86, 0x3a, 0x20, 0x4c, 0x1, 0xff,
    0xc3, 0x19, 0x0, 0x68, 0x7, 0xff, 0x11, 0x40,
    0x8, 0x1, 0xff, 0xc4, 0x20, 0x8, 0xaf, 0xf4,
    0x2, 0xff, 0xe0, 0xe, 0x20, 0x0, 0x80, 0x7f,
    0xf1, 0x4, 0x0, 0xff, 0x2e, 0x1, 0x4c, 0xf0,
    0x7, 0x8, 0x1, 0xd1, 0xa8, 0x2, 0x66, 0xe0,
    0xe, 0x20, 0x0, 0x80, 0x7f, 0xf0, 0xc8, 0x2,
    0x20, 0xf, 0xfe, 0x1d, 0x0, 0x10, 0x3, 0xff,
    0x86, 0x2c, 0x0, 0xe0, 0xf, 0xfe, 0x10, 0xe8,
    0x81, 0x28, 0x7, 0xff, 0x0, 0x5b, 0xcc, 0x1,
    0x20, 0x1f, 0xb7, 0x77, 0x72, 0x44, 0x1, 0x28,
    0x1, 0xf8, 0x8b, 0x8, 0x4, 0x58, 0xc0, 0x1f,
    0xfc, 0x22, 0x5a, 0xd3, 0x0, 0xc0,

    /* U+0111 "đ" */
    0x0, 0xff, 0xaf, 0xfc, 0x80, 0x1f, 0xdf, 0xf9,
    0x0, 0x17, 0xe6, 0x1, 0xff, 0xcc, 0xdd, 0xc2,
    0x0, 0x8d, 0x30, 0xf, 0x88, 0xb2, 0x80, 0xc,
    0x80, 0x30, 0xc6, 0xff, 0x59, 0x80, 0x7f, 0x27,
    0x39, 0x0, 0xa6, 0x20, 0x7, 0xc5, 0x60, 0x11,
    0xa9, 0x5, 0x38, 0x7, 0xa4, 0x0, 0x3b, 0x95,
    0xb6, 0x26, 0x1, 0xc2, 0x80, 0xd, 0x20, 0x9,
    0x20, 0x3, 0xce, 0x0, 0x33, 0x0, 0x73, 0x80,
    0x7b, 0x80, 0x8, 0x1, 0xf1, 0x80, 0x71, 0x0,
    0x38, 0x3, 0xe7, 0x0, 0xff, 0xe5, 0x10, 0x3,
    0x80, 0x3e, 0x60, 0xe, 0xe0, 0x2, 0x0, 0x78,
    0x48, 0x3, 0x9c, 0x0, 0x66, 0x0, 0xe9, 0x0,
    0xf0, 0xa0, 0x3, 0x48, 0x2, 0x57, 0x0, 0xfa,
    0x40, 0x3, 0xb9, 0x5b, 0x44, 0x80, 0x1e, 0x2c,
    0x0, 0x8d, 0x48, 0x38, 0x40, 0x3e, 0x3e, 0x72,
    0x1, 0x4d, 0x30, 0xf, 0x0,

    /* U+0112 "Ē" */
    0x0, 0x8c, 0xfe, 0x20, 0xe, 0x2c, 0xcf, 0xac,
    0x3, 0xff, 0x8e, 0x5f, 0xff, 0x48, 0x7, 0xff,
    0x4f, 0x3f, 0xff, 0xf8, 0x2, 0x1, 0xff, 0xc5,
    0x23, 0x3f, 0xe1, 0x0, 0xaf, 0x33, 0xf8, 0x3,
    0xff, 0xfd, 0x3f, 0xff, 0x98, 0x3, 0xff, 0x8c,
    0x46, 0x7f, 0x88, 0x3, 0x5e, 0x67, 0xe4, 0x0,
    0xff, 0xff, 0x5e, 0x67, 0xf0, 0x80, 0x44, 0x67,
    0xfe, 0x0, 0xff, 0xe1, 0x0,

    /* U+0113 "ē" */
    0x0, 0xa3, 0xff, 0xe2, 0x0, 0xff, 0xe4, 0xce,
    0x67, 0xc4, 0x1, 0xe1, 0x33, 0xf8, 0x3, 0xff,
    0x96, 0xd9, 0xfe, 0xda, 0x30, 0xf, 0xe, 0xc9,
    0x80, 0x9, 0x72, 0x40, 0x3b, 0xc8, 0x0, 0xac,
    0x80, 0x6, 0x90, 0xa, 0x44, 0xf, 0xaa, 0x6f,
    0x0, 0xc, 0x80, 0x2c, 0x0, 0xd1, 0x0, 0x8e,
    0x0, 0x1c, 0x8, 0x0, 0x61, 0x0, 0xe6, 0x0,
    0x28, 0x68, 0x4, 0xab, 0xe4, 0x10, 0x0, 0x90,
    0x1, 0xaa, 0xbe, 0x10, 0x1, 0x80, 0x7f, 0xf0,
    0xc8, 0x1, 0x3f, 0xff, 0xe2, 0xe0, 0x7, 0x80,
    0x7f, 0xce, 0x0, 0x71, 0x0, 0xe1, 0x95, 0x20,
    0x16, 0x1, 0xd1, 0x0, 0xd4, 0xd5, 0x20, 0x8,
    0x10, 0x3e, 0xb9, 0xae, 0x40, 0x4, 0x0, 0x7,
    0xcc, 0x0, 0x8c, 0xa2, 0x3, 0x66, 0x1, 0xe,
    0x52, 0x10, 0x0, 0xe3, 0xd0, 0x0,

    /* U+0114 "Ĕ" */
    0x0, 0x1c, 0x20, 0x6, 0x87, 0x0, 0xe6, 0x7f,
    0x0, 0x91, 0xe8, 0x3, 0x90, 0x11, 0xc0, 0xe4,
    0x28, 0x3, 0x86, 0x42, 0x3f, 0x8, 0xdc, 0x3,
    0xcd, 0x66, 0x24, 0xf8, 0x1, 0xf9, 0x33, 0xb6,
    0x0, 0x3f, 0xf8, 0xf9, 0xff, 0xff, 0xc0, 0x10,
    0xf, 0xfe, 0x29, 0x19, 0xff, 0x8, 0x5, 0x79,
    0x9f, 0xc0, 0x1f, 0xff, 0xe9, 0xff, 0xfc, 0xc0,
    0x1f, 0xfc, 0x62, 0x33, 0xfc, 0x40, 0x1a, 0xf3,
    0x3f, 0x20, 0x7, 0xff, 0xfa, 0xf3, 0x3f, 0x84,
    0x2, 0x23, 0x3f, 0xf0, 0x7, 0xff, 0x8,

    /* U+0115 "ĕ" */
    0x0, 0x9e, 0x0, 0x32, 0x41, 0x80, 0x7a, 0xdd,
    0x0, 0x2f, 0x75, 0x0, 0xf5, 0x84, 0x98, 0x3a,
    0x3, 0x80, 0x79, 0xcc, 0xb3, 0xe0, 0x24, 0x40,
    0x3e, 0xc7, 0x10, 0x3b, 0x60, 0xf, 0xe8, 0xef,
    0xc4, 0x0, 0xff, 0xe6, 0x36, 0x7f, 0xb6, 0x8c,
    0x3, 0xc3, 0xb2, 0x60, 0x2, 0x5c, 0x90, 0xe,
    0xf2, 0x0, 0x2b, 0x20, 0x1, 0xa4, 0x2, 0x91,
    0x3, 0xea, 0x9b, 0xc0, 0x3, 0x20, 0xb, 0x0,
    0x34, 0x40, 0x23, 0x80, 0x7, 0x2, 0x0, 0x18,
    0x40, 0x39, 0x80, 0xa, 0x1a, 0x1, 0x2a, 0xf9,
    0x4, 0x0, 0x24, 0x0, 0x6a, 0xaf, 0x84, 0x0,
    0x60, 0x1f, 0xfc, 0x32, 0x0, 0x4f, 0xff, 0xf8,
    0xb8, 0x1, 0xe0, 0x1f, 0xf3, 0x80, 0x1c, 0x40,
    0x38, 0x65, 0x48, 0x5, 0x80, 0x74, 0x40, 0x35,
    0x35, 0x48, 0x2, 0x4, 0xf, 0xae, 0x6b, 0x90,
    0x1, 0x0, 0x1, 0xf3, 0x0, 0x23, 0x28, 0x80,
    0xd9, 0x80, 0x43, 0x94, 0x84, 0x0, 0x38, 0xf4,
    0x0, 0x0,

    /* U+0116 "Ė" */
    0x0, 0xe7, 0xfc, 0x10, 0xf, 0xe1, 0x80, 0x39,
    0x0, 0xfe, 0x10, 0xb, 0xc0, 0x3f, 0xd8, 0xb0,
    0xe0, 0x1f, 0xe3, 0xa7, 0x0, 0xff, 0xe4, 0x67,
    0xff, 0xff, 0x0, 0x40, 0x3f, 0xf8, 0xa4, 0x67,
    0xfc, 0x20, 0x15, 0xe6, 0x7f, 0x0, 0x7f, 0xff,
    0xa7, 0xff, 0xf3, 0x0, 0x7f, 0xf1, 0x88, 0xcf,
    0xf1, 0x0, 0x6b, 0xcc, 0xfc, 0x80, 0x1f, 0xff,
    0xeb, 0xcc, 0xfe, 0x10, 0x8, 0x8c, 0xff, 0xc0,
    0x1f, 0xfc, 0x20,

    /* U+0117 "ė" */
    0x0, 0xe1, 0xcf, 0x80, 0xf, 0xfa, 0x4c, 0x1c,
    0x80, 0x3f, 0xdc, 0x1, 0x18, 0x7, 0xf9, 0xa1,
    0x70, 0x40, 0x3f, 0xe7, 0xa3, 0x0, 0xff, 0xe6,
    0xb6, 0x7f, 0xb6, 0x8c, 0x3, 0xc3, 0xb2, 0x60,
    0x2, 0x5c, 0x90, 0xe, 0xf2, 0x0, 0x2b, 0x20,
    0x1, 0xa4, 0x2, 0x91, 0x3, 0xea, 0x9b, 0xc0,
    0x3, 0x20, 0xb, 0x0, 0x34, 0x40, 0x23, 0x80,
    0x7, 0x2, 0x0, 0x18, 0x40, 0x39, 0x80, 0xa,
    0x1a, 0x1, 0x2a, 0xf9, 0x4, 0x0, 0x24, 0x0,
    0x6a, 0xaf, 0x84, 0x0, 0x60, 0x1f, 0xfc, 0x32,
    0x0, 0x4f, 0xff, 0xf8, 0xb8, 0x1, 0xe0, 0x1f,
    0xf3, 0x80, 0x1c, 0x40, 0x38, 0x65, 0x48, 0x5,
    0x80, 0x74, 0x40, 0x35, 0x35, 0x48, 0x2, 0x4,
    0xf, 0xae, 0x6b, 0x90, 0x1, 0x0, 0x1, 0xf3,
    0x0, 0x23, 0x28, 0x80, 0xd9, 0x80, 0x43, 0x94,
    0x84, 0x0, 0x38, 0xf4, 0x0, 0x0,

    /* U+0118 "Ę" */
    0xcf, 0xff, 0xfe, 0x0, 0x80, 0x7f, 0xf1, 0xc8,
    0xcf, 0xf8, 0x40, 0x35, 0xe6, 0x7f, 0x0, 0x7f,
    0xff, 0xc0, 0x3a, 0x7f, 0xff, 0x30, 0x7, 0xff,
    0x20, 0x8c, 0xff, 0x10, 0x7, 0x5e, 0x67, 0xe4,
    0x0, 0xff, 0xff, 0x80, 0x75, 0xe6, 0x7f, 0x8,
    0x6, 0x23, 0x3f, 0xf0, 0x7, 0xff, 0x13, 0x3f,
    0xff, 0x30, 0x2, 0x8, 0x3, 0xf9, 0x98, 0x14,
    0xe0, 0x1f, 0xeb, 0x0, 0x28, 0x7, 0xfc, 0x60,
    0x6, 0x61, 0x80, 0x7f, 0x38, 0x2, 0x66, 0x0,
    0xfe, 0x97, 0x20, 0x22, 0x0,

    /* U+0119 "ę" */
    0x0, 0xcd, 0x9f, 0xed, 0xa3, 0x0, 0xf0, 0xec,
    0x98, 0x0, 0x97, 0x24, 0x3, 0xbc, 0x80, 0xa,
    0xc8, 0x0, 0x69, 0x0, 0xa4, 0x40, 0xfa, 0xa6,
    0xf0, 0x0, 0xc8, 0x2, 0xc0, 0xd, 0x10, 0x8,
    0xe0, 0x1, 0xc0, 0x80, 0x6, 0x10, 0xe, 0x60,
    0x2, 0x86, 0x80, 0x4a, 0xbe, 0x41, 0x0, 0x9,
    0x0, 0x1a, 0xab, 0xe1, 0x0, 0x18, 0x7, 0xff,
    0xc, 0x80, 0x13, 0xff, 0xfe, 0x2e, 0x0, 0x78,
    0x7, 0xfc, 0xe0, 0x7, 0x10, 0xe, 0x19, 0x52,
    0x1, 0x60, 0x1d, 0x10, 0xd, 0x4d, 0x5a, 0x0,
    0x81, 0x3, 0xeb, 0x9a, 0xe4, 0x0, 0x40, 0x0,
    0x7c, 0xc0, 0x8, 0xca, 0x20, 0x13, 0x80, 0x43,
    0x94, 0x84, 0x1, 0xd8, 0x1, 0xe5, 0xbd, 0xfc,
    0x0, 0x31, 0x80, 0x7f, 0xa0, 0x1, 0x0, 0x1f,
    0xf2, 0x1, 0x88, 0x7, 0xff, 0x4, 0xd5, 0xc4,
    0x3, 0xf9, 0x0, 0x15, 0x12, 0x1, 0xfd, 0x4c,
    0x20, 0x7c, 0x0,

    /* U+011A "Ě" */
    0x0, 0x34, 0x38, 0x4, 0x91, 0x2, 0x0, 0xca,
    0xf1, 0x20, 0x56, 0xe6, 0x40, 0x18, 0xe8, 0x19,
    0xfc, 0xe, 0xc0, 0x3c, 0xb0, 0x10, 0x44, 0xd0,
    0xf, 0xcf, 0x2e, 0xec, 0x10, 0xf, 0xe6, 0x88,
    0x8, 0x7, 0xff, 0x1f, 0x3f, 0xff, 0xf8, 0x2,
    0x1, 0xff, 0xc5, 0x23, 0x3f, 0xe1, 0x0, 0xaf,
    0x33, 0xf8, 0x3, 0xff, 0xfd, 0x3f, 0xff, 0x98,
    0x3, 0xff, 0x8c, 0x46, 0x7f, 0x88, 0x3, 0x5e,
    0x67, 0xe4, 0x0, 0xff, 0xff, 0x5e, 0x67, 0xf0,
    0x80, 0x44, 0x67, 0xfe, 0x0, 0xff, 0xe1, 0x0,

    /* U+011B "ě" */
    0x0, 0x14, 0x41, 0x0, 0x27, 0x87, 0x0, 0xe2,
    0x17, 0xb2, 0x9, 0x87, 0x30, 0xf, 0x4a, 0x7,
    0xbb, 0x5, 0x20, 0x7, 0xd6, 0x44, 0x80, 0x85,
    0x0, 0xfe, 0xc7, 0x74, 0xb8, 0x7, 0xf8, 0x62,
    0xc, 0x1, 0xff, 0xcd, 0x6c, 0xff, 0x6d, 0x18,
    0x7, 0x87, 0x64, 0xc0, 0x4, 0xb9, 0x20, 0x1d,
    0xe4, 0x0, 0x56, 0x40, 0x3, 0x48, 0x5, 0x22,
    0x7, 0xd5, 0x37, 0x80, 0x6, 0x40, 0x16, 0x0,
    0x68, 0x80, 0x47, 0x0, 0xe, 0x4, 0x0, 0x30,
    0x80, 0x73, 0x0, 0x14, 0x34, 0x2, 0x55, 0xf2,
    0x8, 0x0, 0x48, 0x0, 0xd5, 0x5f, 0x8, 0x0,
    0xc0, 0x3f, 0xf8, 0x64, 0x0, 0x9f, 0xff, 0xf1,
    0x70, 0x3, 0xc0, 0x3f, 0xe7, 0x0, 0x38, 0x80,
    0x70, 0xca, 0x90, 0xb, 0x0, 0xe8, 0x80, 0x6a,
    0x6a, 0x90, 0x4, 0x8, 0x1f, 0x5c, 0xd7, 0x20,
    0x2, 0x0, 0x3, 0xe6, 0x0, 0x46, 0x51, 0x1,
    0xb3, 0x0, 0x87, 0x29, 0x8, 0x0, 0x71, 0xe8,
    0x0,

    /* U+011C "Ĝ" */
    0x0, 0xfc, 0xd0, 0xe2, 0x1, 0xff, 0xc2, 0x89,
    0x78, 0xd0, 0xf, 0xfe, 0xb, 0xb8, 0x24, 0x4e,
    0x80, 0x3f, 0xe5, 0x80, 0x86, 0xd0, 0x58, 0x0,
    0xff, 0x13, 0xc3, 0x81, 0xdb, 0xf8, 0x80, 0x7f,
    0x3c, 0x38, 0x4, 0x90, 0xe2, 0x1, 0xff, 0xd0,
    0x17, 0xbe, 0xfe, 0xc8, 0x30, 0xf, 0xe6, 0xe8,
    0x41, 0x1, 0x37, 0xca, 0x10, 0xf, 0x44, 0x80,
    0x7f, 0x2e, 0x8, 0x6, 0x67, 0x0, 0x14, 0xf7,
    0xfb, 0x14, 0x0, 0x5a, 0x1, 0xc, 0x80, 0xf,
    0x18, 0x40, 0x7, 0x52, 0x0, 0x36, 0x0, 0x48,
    0x0, 0x74, 0x40, 0x3c, 0xca, 0x0, 0xa0, 0x3,
    0x0, 0x20, 0x40, 0x3f, 0x42, 0xa9, 0x80, 0x84,
    0x0, 0xe0, 0x1f, 0xc5, 0x55, 0x3, 0x80, 0x8,
    0x40, 0x3f, 0xf8, 0x46, 0x0, 0x60, 0xf, 0xfe,
    0x18, 0x80, 0x4, 0x3, 0xd7, 0xff, 0xf2, 0x88,
    0x0, 0x40, 0x3f, 0xf8, 0x66, 0x0, 0x60, 0xf,
    0x62, 0xae, 0x10, 0x0, 0xb8, 0x0, 0x84, 0x3,
    0x9e, 0xab, 0x18, 0x1, 0xc8, 0x40, 0xe, 0x1,
    0xfe, 0x20, 0x1, 0x3, 0x0, 0x20, 0x40, 0x3f,
    0x38, 0x0, 0x84, 0x24, 0x0, 0x3a, 0x20, 0x1e,
    0x38, 0x0, 0x50, 0x0, 0x64, 0x0, 0x7e, 0xc2,
    0x0, 0x28, 0xc0, 0x1, 0xb8, 0x4, 0xcc, 0x0,
    0xc, 0xf7, 0xfb, 0x5c, 0x0, 0x3a, 0x1, 0xd3,
    0x20, 0xf, 0xe4, 0xf1, 0x0, 0xf3, 0x74, 0x20,
    0x80, 0x9, 0x6e, 0xc2, 0x1, 0x0,

    /* U+011D "ĝ" */
    0x0, 0xe1, 0x78, 0x70, 0xf, 0xfb, 0x61, 0xe2,
    0x0, 0x1f, 0xd6, 0x63, 0x20, 0xec, 0x1, 0xf4,
    0xa0, 0x6b, 0x40, 0x4a, 0x0, 0x71, 0xb, 0xd9,
    0x83, 0xcb, 0x98, 0x7, 0x14, 0x41, 0x0, 0x26,
    0x87, 0x0, 0xff, 0xe4, 0x8c, 0x6f, 0xf5, 0x98,
    0x4f, 0xf9, 0x40, 0x7, 0xee, 0x40, 0x29, 0x88,
    0x1, 0xc3, 0x82, 0x0, 0x35, 0x20, 0xa2, 0x0,
    0xd6, 0x0, 0x1c, 0xc5, 0x6d, 0xa, 0x0, 0x42,
    0xa0, 0xa, 0x30, 0x9, 0x5c, 0x3, 0x38, 0x0,
    0xd0, 0x3, 0xa4, 0x3, 0x70, 0x1, 0x0, 0x3c,
    0x24, 0x1, 0x10, 0x3, 0x80, 0x3e, 0x60, 0xf,
    0xfe, 0x10, 0x80, 0x46, 0x0, 0xe0, 0xf, 0x98,
    0x2, 0xe0, 0x1, 0x80, 0x7c, 0x60, 0x12, 0x80,
    0x10, 0x80, 0x39, 0x80, 0x31, 0x18, 0x3, 0xc4,
    0x2, 0x38, 0x0, 0xef, 0x0, 0x17, 0x5c, 0xe6,
    0x0, 0xc0, 0x31, 0xd8, 0x4, 0x8c, 0x61, 0x4c,
    0x1, 0xc9, 0xac, 0x40, 0x29, 0x88, 0x1, 0xf1,
    0x4e, 0xff, 0x59, 0x80, 0x80, 0x4, 0x2, 0x30,
    0xf, 0x94, 0x0, 0xc1, 0x1f, 0x8a, 0x1, 0xd2,
    0x20, 0x64, 0x1, 0xab, 0x26, 0x2b, 0x98, 0x1,
    0x0, 0x8, 0x70, 0x1, 0xb3, 0xa8, 0x80, 0x29,
    0x0, 0x28, 0xc6, 0x20, 0x0, 0x9c, 0x72, 0x80,
    0x0,

    /* U+011E "Ğ" */
    0x0, 0xe4, 0x83, 0x0, 0x86, 0x18, 0x3, 0xfc,
    0x6f, 0x20, 0x12, 0x3e, 0x80, 0x7f, 0x94, 0x15,
    0x80, 0xec, 0x34, 0x3, 0xfc, 0x50, 0x13, 0xf8,
    0x28, 0xc0, 0x1f, 0xf3, 0xd1, 0x89, 0x45, 0x80,
    0x7f, 0xf0, 0x57, 0x3b, 0x5c, 0x3, 0xff, 0xa6,
    0x2f, 0x7d, 0xfd, 0x90, 0x60, 0x1f, 0xcd, 0xd0,
    0x82, 0x2, 0x6f, 0x94, 0x20, 0x1e, 0x89, 0x0,
    0xfe, 0x5c, 0x10, 0xc, 0xce, 0x0, 0x29, 0xef,
    0xf6, 0x28, 0x0, 0xb4, 0x2, 0x19, 0x0, 0x1e,
    0x30, 0x80, 0xe, 0xa4, 0x0, 0x6c, 0x0, 0x90,
    0x0, 0xe8, 0x80, 0x79, 0x94, 0x1, 0x40, 0x6,
    0x0, 0x40, 0x80, 0x7e, 0x85, 0x53, 0x1, 0x8,
    0x1, 0xc0, 0x3f, 0x8a, 0xaa, 0x7, 0x0, 0x10,
    0x80, 0x7f, 0xf0, 0x8c, 0x0, 0xc0, 0x1f, 0xfc,
    0x31, 0x0, 0x8, 0x7, 0xaf, 0xff, 0xe5, 0x10,
    0x0, 0x80, 0x7f, 0xf0, 0xcc, 0x0, 0xc0, 0x1e,
    0xc5, 0x5c, 0x20, 0x1, 0x70, 0x1, 0x8, 0x7,
    0x3d, 0x56, 0x30, 0x3, 0x90, 0x80, 0x1c, 0x3,
    0xfc, 0x40, 0x2, 0x6, 0x0, 0x40, 0x80, 0x7e,
    0x70, 0x1, 0x8, 0x48, 0x0, 0x74, 0x40, 0x3c,
    0x70, 0x0, 0xa0, 0x0, 0xc8, 0x0, 0xfd, 0x84,
    0x0, 0x51, 0x80, 0x3, 0x70, 0x9, 0x98, 0x0,
    0x19, 0xef, 0xf6, 0xb8, 0x0, 0x74, 0x3, 0xa6,
    0x40, 0x1f, 0xc9, 0xe2, 0x1, 0xe6, 0xe8, 0x41,
    0x0, 0x12, 0xdd, 0x84, 0x2,

    /* U+011F "ğ" */
    0x0, 0x9a, 0x4, 0x2, 0x38, 0x40, 0xf, 0x6b,
    0xb8, 0x2, 0xa7, 0x30, 0xf, 0x70, 0x41, 0x82,
    0xb0, 0x28, 0x7, 0x95, 0x7, 0x3e, 0x82, 0x8,
    0x3, 0xeb, 0x82, 0x3, 0xa7, 0x0, 0xfe, 0x7d,
    0xfc, 0x50, 0xf, 0xfe, 0x58, 0xc6, 0xff, 0x59,
    0x84, 0xff, 0x94, 0x0, 0x7e, 0xe4, 0x2, 0x98,
    0x80, 0x1c, 0x38, 0x20, 0x3, 0x52, 0xa, 0x20,
    0xd, 0x60, 0x1, 0xcc, 0x56, 0xd0, 0xa0, 0x4,
    0x2a, 0x0, 0xa3, 0x0, 0x95, 0xc0, 0x33, 0x80,
    0xd, 0x0, 0x3a, 0x40, 0x37, 0x0, 0x10, 0x3,
    0xc2, 0x40, 0x11, 0x0, 0x38, 0x3, 0xe6, 0x0,
    0xff, 0xe1, 0x8, 0x4, 0x60, 0xe, 0x0, 0xf9,
    0x80, 0x2e, 0x0, 0x18, 0x7, 0xc6, 0x1, 0x28,
    0x1, 0x8, 0x3, 0x98, 0x3, 0x11, 0x80, 0x3c,
    0x40, 0x23, 0x80, 0xe, 0xf0, 0x1, 0x75, 0xce,
    0x60, 0xc, 0x3, 0x1d, 0x80, 0x48, 0xc6, 0x14,
    0xc0, 0x1c, 0x9a, 0xc4, 0x2, 0x98, 0x80, 0x1f,
    0x14, 0xef, 0xf5, 0x98, 0x8, 0x0, 0x40, 0x23,
    0x0, 0xf9, 0x40, 0xc, 0x11, 0xf8, 0xa0, 0x1d,
    0x22, 0x6, 0x40, 0x1a, 0xb2, 0x62, 0xb9, 0x80,
    0x10, 0x0, 0x87, 0x0, 0x1b, 0x3a, 0x88, 0x2,
    0x90, 0x2, 0x8c, 0x62, 0x0, 0x9, 0xc7, 0x28,
    0x0,

    /* U+0120 "Ġ" */
    0x0, 0xfc, 0x94, 0xc0, 0x1f, 0xfc, 0x31, 0xb5,
    0x95, 0x0, 0xff, 0xe1, 0x18, 0x4, 0x40, 0x1f,
    0xfc, 0x22, 0x70, 0x36, 0x0, 0xff, 0xe1, 0xc7,
    0xe0, 0x80, 0x7f, 0xf9, 0x85, 0xef, 0xbf, 0xb2,
    0xc, 0x3, 0xf9, 0xba, 0x10, 0x40, 0x4d, 0xf2,
    0x84, 0x3, 0xd1, 0x20, 0x1f, 0xcb, 0x82, 0x1,
    0x99, 0xc0, 0x5, 0x3d, 0xfe, 0xc5, 0x0, 0x16,
    0x80, 0x43, 0x20, 0x3, 0xc6, 0x10, 0x1, 0xd4,
    0x80, 0xd, 0x80, 0x12, 0x0, 0x1d, 0x10, 0xf,
    0x32, 0x80, 0x28, 0x0, 0xc0, 0x8, 0x10, 0xf,
    0xd0, 0xaa, 0x60, 0x21, 0x0, 0x38, 0x7, 0xf1,
    0x55, 0x40, 0xe0, 0x2, 0x10, 0xf, 0xfe, 0x11,
    0x80, 0x18, 0x3, 0xff, 0x86, 0x20, 0x1, 0x0,
    0xf5, 0xff, 0xfc, 0xa2, 0x0, 0x10, 0xf, 0xfe,
    0x19, 0x80, 0x18, 0x3, 0xd8, 0xab, 0x84, 0x0,
    0x2e, 0x0, 0x21, 0x0, 0xe7, 0xaa, 0xc6, 0x0,
    0x72, 0x10, 0x3, 0x80, 0x7f, 0x88, 0x0, 0x40,
    0xc0, 0x8, 0x10, 0xf, 0xce, 0x0, 0x21, 0x9,
    0x0, 0xe, 0x88, 0x7, 0x8e, 0x0, 0x14, 0x0,
    0x19, 0x0, 0x1f, 0xb0, 0x80, 0xa, 0x30, 0x0,
    0x6e, 0x1, 0x33, 0x0, 0x3, 0x3d, 0xfe, 0xd7,
    0x0, 0xe, 0x80, 0x74, 0xc8, 0x3, 0xf9, 0x3c,
    0x40, 0x3c, 0xdd, 0x8, 0x20, 0x2, 0x5b, 0xb0,
    0x80, 0x40,

    /* U+0121 "ġ" */
    0x0, 0xf5, 0xfc, 0x80, 0x7f, 0xcc, 0x80, 0xc6,
    0x1, 0xfe, 0x20, 0x8, 0x40, 0x3f, 0xc9, 0x2b,
    0x64, 0x1, 0xff, 0x35, 0x20, 0x7, 0xff, 0x30,
    0x63, 0x7f, 0xac, 0xc2, 0x7f, 0xca, 0x0, 0x3f,
    0x72, 0x1, 0x4c, 0x40, 0xe, 0x1c, 0x10, 0x1,
    0xa9, 0x5, 0x10, 0x6, 0xb0, 0x0, 0xe6, 0x2b,
    0x68, 0x50, 0x2, 0x15, 0x0, 0x51, 0x80, 0x4a,
    0xe0, 0x19, 0xc0, 0x6, 0x80, 0x1d, 0x20, 0x1b,
    0x80, 0x8, 0x1, 0xe1, 0x20, 0x8, 0x80, 0x1c,
    0x1, 0xf3, 0x0, 0x7f, 0xf0, 0x84, 0x2, 0x30,
    0x7, 0x0, 0x7c, 0xc0, 0x17, 0x0, 0xc, 0x3,
    0xe3, 0x0, 0x94, 0x0, 0x84, 0x1, 0xcc, 0x1,
    0x88, 0xc0, 0x1e, 0x20, 0x11, 0xc0, 0x7, 0x78,
    0x0, 0xba, 0xe7, 0x30, 0x6, 0x1, 0x8e, 0xc0,
    0x24, 0x63, 0xa, 0x60, 0xe, 0x4d, 0x62, 0x1,
    0x4c, 0x40, 0xf, 0x8a, 0x77, 0xfa, 0xcc, 0x4,
    0x0, 0x20, 0x11, 0x80, 0x7c, 0xa0, 0x6, 0x8,
    0xfc, 0x50, 0xe, 0x91, 0x3, 0x20, 0xd, 0x59,
    0x31, 0x5c, 0xc0, 0x8, 0x0, 0x43, 0x80, 0xd,
    0x9d, 0x44, 0x1, 0x48, 0x1, 0x46, 0x31, 0x0,
    0x4, 0xe3, 0x94, 0x0,

    /* U+0122 "Ģ" */
    0x0, 0xe1, 0x7b, 0xef, 0xec, 0x83, 0x0, 0xfe,
    0x6e, 0x84, 0x10, 0x13, 0x7c, 0xa1, 0x0, 0xf4,
    0x48, 0x7, 0xf2, 0xe0, 0x80, 0x66, 0x70, 0x1,
    0x4f, 0x7f, 0xb1, 0x40, 0x5, 0xa0, 0x10, 0xc8,
    0x0, 0xf1, 0x84, 0x0, 0x75, 0x20, 0x3, 0x60,
    0x4, 0x80, 0x7, 0x44, 0x3, 0xcc, 0xa0, 0xa,
    0x0, 0x30, 0x2, 0x4, 0x3, 0xf4, 0x2a, 0x98,
    0x8, 0x40, 0xe, 0x1, 0xfc, 0x55, 0x50, 0x38,
    0x0, 0x84, 0x3, 0xff, 0x84, 0x60, 0x6, 0x0,
    0xff, 0xe1, 0x88, 0x0, 0x40, 0x3d, 0x7f, 0xff,
    0x28, 0x80, 0x4, 0x3, 0xff, 0x86, 0x60, 0x6,
    0x0, 0xf6, 0x2a, 0xe1, 0x0, 0xb, 0x80, 0x8,
    0x40, 0x39, 0xea, 0xb1, 0x80, 0x1c, 0x84, 0x0,
    0xe0, 0x1f, 0xe2, 0x0, 0x10, 0x30, 0x2, 0x4,
    0x3, 0xf3, 0x80, 0x8, 0x42, 0x40, 0x3, 0xa2,
    0x1, 0xe3, 0x80, 0x5, 0x0, 0x6, 0x40, 0x7,
    0xec, 0x20, 0x2, 0x8c, 0x0, 0x1b, 0x80, 0x4c,
    0xc0, 0x0, 0xcf, 0x7f, 0xb5, 0xc0, 0x3, 0xa0,
    0x1d, 0x32, 0x0, 0xfe, 0x4f, 0x10, 0xf, 0x37,
    0x42, 0x8, 0x0, 0x96, 0xec, 0x20, 0x1f, 0x85,
    0xef, 0xbf, 0xdb, 0x48, 0x1, 0xff, 0xc1, 0xff,
    0x70, 0x7, 0xff, 0xc, 0xc0, 0xc, 0x1, 0xff,
    0xc3, 0x40, 0x5, 0x0, 0x7f, 0xf0, 0xf4, 0xc,
    0x80, 0x3f, 0xf8, 0x68, 0x16, 0x1, 0xff, 0xc4,
    0xdc, 0x70, 0xf, 0xe0,

    /* U+0123 "ģ" */
    0x0, 0xf8, 0x94, 0x3, 0xff, 0x83, 0xf4, 0xe0,
    0x1f, 0xf3, 0x10, 0x28, 0x7, 0xfd, 0xa0, 0x84,
    0x1, 0xff, 0x38, 0x10, 0x7, 0xff, 0x0, 0x40,
    0x3f, 0xf8, 0x56, 0xfa, 0x1, 0xff, 0xc0, 0x68,
    0x40, 0xf, 0xe1, 0x8d, 0xfe, 0xb3, 0x9, 0xff,
    0x28, 0x0, 0xfd, 0xc8, 0x5, 0x31, 0x0, 0x38,
    0x70, 0x40, 0x6, 0xa4, 0x14, 0x40, 0x1a, 0xc0,
    0x3, 0x98, 0xad, 0xa1, 0x40, 0x8, 0x54, 0x1,
    0x46, 0x1, 0x2b, 0x80, 0x67, 0x0, 0x1a, 0x0,
    0x74, 0x80, 0x6e, 0x0, 0x20, 0x7, 0x84, 0x80,
    0x22, 0x0, 0x70, 0x7, 0xcc, 0x1, 0xff, 0xc2,
    0x10, 0x8, 0xc0, 0x1c, 0x1, 0xf3, 0x0, 0x5c,
    0x0, 0x30, 0xf, 0x8c, 0x2, 0x50, 0x2, 0x10,
    0x7, 0x30, 0x6, 0x23, 0x0, 0x78, 0x80, 0x47,
    0x0, 0x1d, 0xe0, 0x2, 0xeb, 0x9c, 0xc0, 0x18,
    0x6, 0x3b, 0x0, 0x91, 0x8c, 0x29, 0x80, 0x39,
    0x35, 0x88, 0x5, 0x31, 0x0, 0x3e, 0x29, 0xdf,
    0xeb, 0x30, 0x10, 0x0, 0x80, 0x46, 0x1, 0xf2,
    0x80, 0x18, 0x23, 0xf1, 0x40, 0x3a, 0x44, 0xc,
    0x80, 0x35, 0x64, 0xc5, 0x73, 0x0, 0x20, 0x1,
    0xe, 0x0, 0x36, 0x75, 0x10, 0x5, 0x20, 0x5,
    0x18, 0xc4, 0x0, 0x13, 0x8e, 0x50, 0x0,

    /* U+0124 "Ĥ" */
    0x0, 0xf0, 0xbc, 0x38, 0x7, 0xff, 0x7, 0x61,
    0xe2, 0x40, 0x3f, 0xea, 0x31, 0x90, 0x66, 0x0,
    0x7f, 0x4a, 0x85, 0x34, 0x4, 0xa0, 0x7, 0xc2,
    0x27, 0xa4, 0x7, 0x97, 0x30, 0xf, 0x86, 0x20,
    0xa0, 0x13, 0x43, 0x80, 0x7f, 0xf2, 0x73, 0xfc,
    0xc0, 0x1f, 0xd1, 0xfe, 0x90, 0xf, 0xff, 0xf8,
    0x7, 0xff, 0xd2, 0x7f, 0xff, 0x9c, 0x3, 0xff,
    0x96, 0x46, 0x7f, 0xc2, 0x1, 0xeb, 0xcc, 0xfe,
    0x60, 0xf, 0xff, 0xf8, 0x7, 0xff, 0xd0,

    /* U+0125 "ĥ" */
    0x0, 0xcf, 0xe, 0x1, 0xff, 0xc1, 0xb8, 0x78,
    0xa0, 0xf, 0xfa, 0x50, 0x24, 0x16, 0x0, 0x3f,
    0x9d, 0x82, 0x9a, 0x81, 0xd8, 0x3, 0xe1, 0x7,
    0xa5, 0x5, 0x97, 0x10, 0xf, 0x85, 0xe1, 0x40,
    0x26, 0x87, 0x0, 0xff, 0xe8, 0x7f, 0xc0, 0x1f,
    0xff, 0xf0, 0xf, 0xf8, 0x63, 0x7f, 0xa8, 0xc0,
    0x3f, 0x87, 0x1c, 0x80, 0x57, 0x14, 0x3, 0xf5,
    0x90, 0xa1, 0x0, 0x54, 0x20, 0x1f, 0x2c, 0xf5,
    0xed, 0x0, 0x4c, 0x1, 0xf3, 0xb0, 0x4, 0xac,
    0x0, 0xc0, 0xf, 0xa8, 0x3, 0xb4, 0x0, 0xe0,
    0x1f, 0x10, 0x7, 0x38, 0x0, 0x40, 0x3f, 0xff,
    0xe0, 0x1f, 0xff, 0xf0, 0x8,

    /* U+0126 "Ħ" */
    0x1, 0xff, 0x80, 0x3f, 0xdd, 0xfe, 0x30, 0xf,
    0xff, 0x8e, 0x70, 0x5, 0xff, 0xfe, 0x10, 0x6,
    0x60, 0x3, 0xff, 0x91, 0xf4, 0x1, 0x5d, 0xff,
    0x84, 0x1, 0x3e, 0x68, 0x1, 0x22, 0x7f, 0x80,
    0x25, 0x30, 0xf, 0xfe, 0x6f, 0xff, 0xf8, 0x40,
    0x3f, 0xfa, 0x26, 0x7f, 0xe0, 0xf, 0xf6, 0x67,
    0xf8, 0x40, 0x3f, 0xff, 0xe0, 0x1f, 0xff, 0xf0,
    0xf, 0xfe, 0x10,

    /* U+0127 "ħ" */
    0x0, 0x7f, 0xc0, 0x1f, 0xe2, 0x20, 0x4, 0x45,
    0x80, 0x3d, 0xba, 0x0, 0xb7, 0x71, 0x80, 0x7f,
    0xf2, 0x3f, 0xc0, 0x17, 0xfe, 0x30, 0xf, 0xf8,
    0x63, 0x7f, 0xa8, 0xc0, 0x3e, 0x1c, 0x72, 0x1,
    0x5c, 0x50, 0xf, 0x59, 0xa, 0x10, 0x5, 0x42,
    0x1, 0xcb, 0x3d, 0x7b, 0x40, 0x13, 0x0, 0x73,
    0xb0, 0x4, 0xac, 0x0, 0xc0, 0xe, 0xa0, 0xe,
    0xd0, 0x3, 0x80, 0x71, 0x0, 0x73, 0x80, 0x4,
    0x3, 0xff, 0xfe, 0x1, 0xff, 0xf0,

    /* U+0128 "Ĩ" */
    0x6, 0xee, 0x51, 0x8f, 0x78, 0xc, 0x88, 0x97,
    0x38, 0x50, 0x10, 0x17, 0xa4, 0xc0, 0xe4, 0x17,
    0xe8, 0x5b, 0x3f, 0x8, 0x3, 0xff, 0x99, 0x9f,
    0xe6, 0x0, 0xff, 0xff, 0x80, 0x7f, 0xff, 0xc0,
    0x3f, 0xfd, 0x20,

    /* U+0129 "ĩ" */
    0x9, 0xfd, 0x82, 0x5f, 0xa6, 0x60, 0x13, 0xed,
    0x6, 0x60, 0x27, 0x5c, 0x85, 0x99, 0x5e, 0xc5,
    0x1b, 0xd2, 0x1, 0xff, 0xc1, 0xff, 0x80, 0x3f,
    0xff, 0xe0, 0x1f, 0xff, 0x30,

    /* U+012A "Ī" */
    0x3, 0x3f, 0x88, 0x33, 0x3e, 0x80, 0xf, 0xf7,
    0xff, 0xd4, 0x1, 0xff, 0xc9, 0xcf, 0xf3, 0x0,
    0x7f, 0xff, 0xc0, 0x3f, 0xff, 0xe0, 0x1f, 0xfd,
    0x40,

    /* U+012B "ī" */
    0x4f, 0xff, 0x98, 0x3, 0xf9, 0x73, 0x3e, 0x71,
    0x33, 0xf8, 0x40, 0x3f, 0xf8, 0x1f, 0xf0, 0x7,
    0xff, 0xfc, 0x3, 0xff, 0xe6,

    /* U+012C "Ĭ" */
    0x28, 0x50, 0xc, 0xee, 0x6, 0x79, 0x0, 0x8a,
    0x24, 0x10, 0x4e, 0x4, 0xb8, 0x1c, 0x1, 0x60,
    0xfd, 0xa6, 0x50, 0x0, 0x5c, 0x41, 0x13, 0x60,
    0x80, 0x47, 0x7d, 0xc9, 0x10, 0xf, 0xfe, 0x1e,
    0x7f, 0x98, 0x3, 0xff, 0xfe, 0x1, 0xff, 0xff,
    0x0, 0xff, 0xf4, 0x80,

    /* U+012D "ĭ" */
    0xaf, 0x60, 0x9, 0x7e, 0xbc, 0x20, 0xc0, 0xe0,
    0x31, 0x50, 0x73, 0xf0, 0x8d, 0x82, 0xe0, 0x80,
    0x9f, 0x0, 0x27, 0xdf, 0xd8, 0x0, 0xff, 0xe1,
    0x7f, 0xc0, 0x1f, 0xff, 0xf0, 0xf, 0xff, 0x98,

    /* U+012E "Į" */
    0x0, 0x67, 0xf9, 0x80, 0x3f, 0xff, 0xe0, 0x1f,
    0xff, 0x12, 0x0, 0xe6, 0x10, 0x66, 0x1, 0xc8,
    0x34, 0x80, 0x28, 0x1, 0x60, 0x11, 0x80, 0x2d,
    0x50, 0x3c, 0x0, 0xd5, 0x20, 0xb2, 0x40, 0x48,
    0x0,

    /* U+012F "į" */
    0x0, 0xab, 0xec, 0x2, 0x45, 0x4, 0x50, 0x3,
    0x0, 0x42, 0x0, 0x2a, 0x59, 0x40, 0x9, 0x69,
    0x80, 0x3f, 0xef, 0xf8, 0x3, 0xff, 0xfe, 0x1,
    0xff, 0xd5, 0xb0, 0x5, 0x0, 0x21, 0x3, 0x14,
    0x0, 0xe0, 0x66, 0x0, 0xe3, 0x56, 0x10, 0x40,
    0x5, 0x4c, 0x82, 0x98, 0x40, 0xb8,

    /* U+0130 "İ" */
    0x6, 0xed, 0x20, 0x91, 0x28, 0x1, 0x0, 0x10,
    0x63, 0x3c, 0x1, 0x4c, 0x0, 0x7d, 0x9f, 0xe6,
    0x0, 0xff, 0xff, 0x80, 0x7f, 0xf3, 0x40,

    /* U+0131 "ı" */
    0xff, 0x80, 0x3f, 0xfe, 0x20,

    /* U+0132 "Ĳ" */
    0xcf, 0xf3, 0x0, 0x7f, 0xf0, 0x2b, 0xfc, 0xe0,
    0x1f, 0xff, 0xf0, 0xf, 0xff, 0xf8, 0x7, 0xff,
    0xfc, 0x3, 0xff, 0x92, 0x31, 0x7, 0x0, 0xff,
    0xe2, 0x1b, 0xba, 0x0, 0x3f, 0xf8, 0x86, 0x1,
    0x8, 0x7, 0x8, 0x0, 0x40, 0x3c, 0x20, 0x12,
    0x0, 0x61, 0x40, 0x1, 0x0, 0x7c, 0xa0, 0xb,
    0x30, 0x0, 0xd0, 0x0, 0x50, 0x3, 0xe8, 0x0,
    0xe, 0x6e, 0x72, 0x0, 0x24, 0x3, 0xf1, 0x58,
    0x80, 0x8, 0xc0, 0x27, 0x70, 0x7, 0xf2, 0x7b,
    0x90, 0x0, 0x57, 0x20, 0x0,

    /* U+0133 "ĳ" */
    0x5, 0xa6, 0x0, 0xc9, 0x4c, 0x5, 0x4b, 0x28,
    0x0, 0x2b, 0x59, 0x46, 0x0, 0x84, 0x0, 0x20,
    0x11, 0x22, 0x82, 0x28, 0x0, 0xd8, 0x11, 0x82,
    0xbe, 0xc0, 0x34, 0xfd, 0x80, 0x7f, 0xf0, 0xbf,
    0xe0, 0xd, 0xff, 0x8, 0x7, 0xff, 0xfc, 0x3,
    0xff, 0xfe, 0x1, 0xff, 0xd3, 0xff, 0x80, 0x3f,
    0xf8, 0xe2, 0x1, 0xf2, 0x0, 0x4, 0x3, 0xc9,
    0x76, 0x0, 0x20, 0x7, 0x89, 0x0, 0x3, 0x60,
    0x1f, 0x89, 0xbc, 0x40,

    /* U+0134 "Ĵ" */
    0x0, 0xfe, 0x18, 0x83, 0x0, 0x7f, 0xf0, 0x7,
    0x1d, 0xd2, 0xe0, 0x1f, 0xf6, 0x91, 0x24, 0x21,
    0x40, 0x3f, 0xac, 0xc3, 0xd9, 0x81, 0x46, 0x1,
    0xf1, 0x1b, 0xd9, 0x4, 0xc3, 0xa8, 0x7, 0xc5,
    0x10, 0x40, 0x9, 0xe1, 0x80, 0x3f, 0xf9, 0xe9,
    0xfe, 0xd0, 0xf, 0xff, 0xf8, 0x7, 0xff, 0xfc,
    0x3, 0xff, 0xdc, 0xd1, 0x2, 0x0, 0xff, 0xe0,
    0xd3, 0xbc, 0x1, 0xff, 0xc1, 0x70, 0x1, 0x0,
    0x70, 0x80, 0x4, 0x3, 0x10, 0x3, 0x0, 0x3b,
    0xc0, 0xc, 0x1, 0xb4, 0x0, 0x8e, 0x1, 0x32,
    0x80, 0x3c, 0x3, 0x22, 0x0, 0x11, 0xd9, 0xd2,
    0x0, 0x35, 0x0, 0xea, 0x30, 0x0, 0x98, 0x80,
    0xb, 0x40, 0x3c, 0x39, 0x48, 0x20, 0x27, 0x3a,
    0x20, 0x1c,

    /* U+0135 "ĵ" */
    0x0, 0x93, 0xfe, 0x40, 0xe, 0x2b, 0x2, 0xb,
    0x20, 0x8, 0x70, 0xf, 0x50, 0x30, 0x40, 0x70,
    0x45, 0xa1, 0x44, 0x3a, 0x3, 0xbf, 0xc2, 0x3,
    0xbf, 0x80, 0x1f, 0xfc, 0x4f, 0xf8, 0x3, 0xff,
    0xfe, 0x1, 0xff, 0xff, 0x0, 0xff, 0xf0, 0x28,
    0x0, 0x80, 0x39, 0x72, 0x80, 0x8, 0x1, 0xc4,
    0x60, 0x2, 0x80, 0xf, 0x89, 0xf0, 0x40, 0x30,

    /* U+0136 "Ķ" */
    0xcf, 0xf3, 0x0, 0x7c, 0x3d, 0xfe, 0xe1, 0x0,
    0xff, 0xb4, 0x40, 0x70, 0x40, 0x3f, 0xd6, 0x60,
    0xd, 0x20, 0xf, 0xf4, 0xa0, 0x2, 0x8c, 0x3,
    0xfc, 0xec, 0x0, 0x85, 0x0, 0xff, 0x34, 0x0,
    0x19, 0xc0, 0x3e, 0x30, 0x2, 0x48, 0x1, 0x64,
    0x3, 0xfc, 0x54, 0x0, 0x3a, 0x0, 0xff, 0xbc,
    0x40, 0xb4, 0x3, 0xfe, 0xa2, 0x0, 0x30, 0x80,
    0x7f, 0xb9, 0x40, 0x24, 0x50, 0xf, 0xf2, 0x0,
    0xa8, 0x2, 0xc4, 0x3, 0xfc, 0x39, 0x44, 0x3,
    0x40, 0x1f, 0xed, 0x20, 0x90, 0x2, 0x30, 0x7,
    0xe8, 0x30, 0x2, 0x30, 0x2, 0x48, 0x3, 0xe1,
    0x0, 0xd2, 0x40, 0xe, 0x0, 0xff, 0xe0, 0xf0,
    0x0, 0xdc, 0x3, 0xff, 0x80, 0x6e, 0x0, 0x82,
    0x0, 0xff, 0xe0, 0x41, 0x0, 0x38, 0x3, 0xff,
    0x83, 0xc0, 0x3, 0x70, 0xf, 0xfe, 0x1, 0xb8,
    0x2, 0xb, 0x3f, 0xcc, 0x1, 0xfa, 0x3f, 0xe2,
    0x0, 0xf1, 0x19, 0x80, 0x3f, 0xf8, 0x59, 0x8d,
    0x0, 0xff, 0xe0, 0x90, 0x83, 0x80, 0x7f, 0xf0,
    0x5c, 0x1, 0x40, 0x1f, 0xfc, 0x1c, 0x2, 0x30,
    0xf, 0xfe, 0xa, 0x82, 0x80, 0x7f, 0x0,

    /* U+0137 "ķ" */
    0xff, 0x80, 0x3f, 0xff, 0xe5, 0xff, 0x38, 0x7,
    0xe1, 0xc0, 0x3, 0x38, 0x7, 0xc3, 0x82, 0x9,
    0x20, 0x1f, 0xb4, 0x80, 0xec, 0x3, 0xf5, 0x18,
    0x16, 0x80, 0x7e, 0x95, 0x1, 0xf1, 0x0, 0xfa,
    0x18, 0x1, 0xa4, 0x1, 0xf9, 0xc0, 0x3f, 0xf8,
    0xba, 0x20, 0x1f, 0x8f, 0x44, 0x6, 0xc0, 0x3f,
    0x69, 0x50, 0x1, 0x58, 0x3, 0xe1, 0x4, 0x60,
    0x4, 0x90, 0x7, 0xf4, 0x90, 0x3, 0xc0, 0x3f,
    0xde, 0x0, 0x29, 0x0, 0xfe, 0x29, 0x0, 0x32,
    0x0, 0x7f, 0x32, 0x0, 0x28, 0x7f, 0xe0, 0xf,
    0x5f, 0xfb, 0x84, 0x3, 0x9, 0x98, 0x40, 0x3f,
    0xd1, 0x98, 0x50, 0xf, 0xf2, 0x0, 0xa0, 0x7,
    0xf8, 0x81, 0x80, 0x3f, 0xc8, 0x0, 0xa0, 0xf,
    0xf1, 0x81, 0x10, 0x3, 0xe0,

    /* U+0138 "ĸ" */
    0xff, 0x80, 0x38, 0x7b, 0xfd, 0x20, 0x1f, 0xa8,
    0x40, 0xe4, 0x3, 0xe7, 0x40, 0x1d, 0x0, 0xf8,
    0xe0, 0x1, 0x42, 0x1, 0xf7, 0x0, 0x1d, 0x0,
    0x3e, 0xa2, 0x4, 0x80, 0xf, 0x95, 0x40, 0x34,
    0x1, 0xf7, 0xd0, 0x3, 0x44, 0x3, 0xfc, 0x24,
    0x1, 0xfb, 0x14, 0x7, 0x40, 0x3f, 0x1d, 0x10,
    0x1c, 0x80, 0x7f, 0x78, 0x1, 0x94, 0x3, 0xf1,
    0x48, 0x2, 0x88, 0x3, 0xf3, 0x28, 0x3, 0xc0,
    0x3f, 0xa8, 0x80, 0xac, 0x3, 0xfb, 0x80, 0x8,
    0xe0,

    /* U+0139 "Ĺ" */
    0x0, 0x11, 0x98, 0x40, 0x3f, 0xbf, 0x30, 0x60,
    0x1f, 0x90, 0x82, 0x8, 0x3, 0xf7, 0x81, 0x38,
    0x7, 0xe3, 0x40, 0xe0, 0xf, 0xe3, 0xff, 0x18,
    0x7, 0xff, 0x2b, 0x3f, 0xcc, 0x1, 0xff, 0xff,
    0x0, 0xff, 0xff, 0x80, 0x7f, 0xff, 0xc0, 0x3f,
    0x5e, 0x67, 0xe7, 0x0, 0x88, 0xcf, 0xf7, 0x0,
    0x7f, 0xf0, 0x40,

    /* U+013A "ĺ" */
    0x0, 0x19, 0xc0, 0x2, 0xcc, 0x70, 0x2, 0xc0,
    0x1c, 0x0, 0x60, 0x63, 0x7, 0x1, 0x90, 0x3,
    0xff, 0x0, 0x7f, 0x7f, 0xc0, 0x1f, 0xff, 0xf0,
    0xf, 0xff, 0x20,

    /* U+013B "Ļ" */
    0xcf, 0xf3, 0x0, 0x7f, 0xff, 0xc0, 0x3f, 0xff,
    0xe0, 0x1f, 0xff, 0xf0, 0xf, 0xd7, 0x99, 0xf9,
    0xc0, 0x22, 0x33, 0xfd, 0xc0, 0x1f, 0xfc, 0x1c,
    0xff, 0xff, 0xa4, 0x3, 0x8c, 0xc4, 0x1, 0xfc,
    0x79, 0x8b, 0x0, 0xfe, 0x40, 0x6, 0x80, 0x7f,
    0x68, 0xa, 0x0, 0x7f, 0x20, 0x30, 0x7, 0xf0,
    0x88, 0x28, 0x3, 0xc0,

    /* U+013C "ļ" */
    0x0, 0x7f, 0xc0, 0x1f, 0xff, 0xf0, 0xf, 0xff,
    0x27, 0xfc, 0x1, 0x19, 0xc0, 0x2, 0xcc, 0x40,
    0x1, 0xc0, 0x1c, 0x0, 0xc0, 0x2, 0x80, 0x14,
    0x14, 0x2, 0x30, 0xe0, 0x0,

    /* U+013D "Ľ" */
    0x0, 0xf2, 0x7f, 0x94, 0x2, 0xcf, 0xf3, 0x0,
    0x73, 0x0, 0x7f, 0xf0, 0xc, 0x3, 0xfe, 0x10,
    0xf, 0xfe, 0x1, 0x0, 0x7f, 0x96, 0xbc, 0x3,
    0xfc, 0x2a, 0x60, 0x1f, 0xff, 0xf0, 0xf, 0xff,
    0xf8, 0x7, 0xff, 0x6, 0xf3, 0x3f, 0x38, 0x4,
    0x46, 0x7f, 0xb8, 0x3, 0xff, 0x82,

    /* U+013E "ľ" */
    0x0, 0xc3, 0xfe, 0x8f, 0xf8, 0x3, 0x70, 0x7,
    0xc4, 0x1, 0xf3, 0x0, 0x7c, 0x40, 0x18, 0x6a,
    0x80, 0x1e, 0x55, 0x0, 0x7f, 0xff, 0xc0, 0x3f,
    0xfc, 0x40,

    /* U+013F "Ŀ" */
    0xbf, 0xf3, 0x0, 0x7f, 0xff, 0xc0, 0x3f, 0xf8,
    0xcb, 0xda, 0x60, 0x1f, 0xd6, 0x25, 0x0, 0x1f,
    0xc6, 0x0, 0x20, 0xf, 0xef, 0x67, 0x90, 0xf,
    0xe2, 0x98, 0x0, 0xff, 0xff, 0x80, 0x7f, 0xaf,
    0x33, 0xf3, 0x80, 0x44, 0x67, 0xfb, 0x80, 0x3f,
    0xf8, 0x20,

    /* U+0140 "ŀ" */
    0xff, 0x80, 0x3f, 0xff, 0xcf, 0xda, 0x40, 0x18,
    0x60, 0x4a, 0x40, 0x31, 0x80, 0x7e, 0x26, 0x0,
    0x78, 0x7, 0x4f, 0x7a, 0x0, 0x78, 0x40, 0x3f,
    0xfe, 0xa0,

    /* U+0141 "Ł" */
    0x0, 0xb7, 0xfc, 0x80, 0x1f, 0xff, 0xf0, 0xf,
    0x8a, 0xcc, 0x3, 0xff, 0x81, 0x1a, 0x80, 0x1f,
    0xf6, 0xe9, 0xc0, 0x3f, 0xf8, 0x2c, 0x40, 0x34,
    0x60, 0x1f, 0x10, 0x6, 0x7e, 0x50, 0xf, 0x2f,
    0x0, 0x6d, 0x80, 0xf, 0x9a, 0x84, 0x2, 0xb2,
    0x0, 0xfc, 0x20, 0x1f, 0xfc, 0x31, 0x5e, 0x20,
    0xf, 0xfe, 0x3, 0x50, 0x80, 0x7f, 0xfd, 0xe7,
    0x33, 0xf3, 0x0, 0x78, 0x8c, 0xff, 0x70, 0x7,
    0xff, 0x10,

    /* U+0142 "ł" */
    0x0, 0xbf, 0xe0, 0xf, 0xff, 0x13, 0x90, 0x7,
    0xb6, 0x4, 0x3, 0xc4, 0x2, 0x0, 0x70, 0x8,
    0xf4, 0x87, 0x60, 0x2, 0xc2, 0x2, 0x20, 0x7,
    0xe4, 0xd0, 0xf, 0x1d, 0x90, 0x7, 0xff, 0xfc,
    0x2,

    /* U+0143 "Ń" */
    0x0, 0xfe, 0x23, 0x30, 0x80, 0x7f, 0xf0, 0x7,
    0x73, 0x84, 0x3, 0xff, 0x80, 0xc0, 0x9, 0x0,
    0xff, 0xe0, 0xc8, 0x2a, 0x0, 0x7f, 0xf0, 0x18,
    0x45, 0x60, 0x1f, 0xfc, 0x16, 0xfe, 0x10, 0xf,
    0xfe, 0x5e, 0x7f, 0xc4, 0x1, 0xf8, 0xff, 0xdc,
    0x1, 0xb8, 0x3, 0xff, 0x88, 0x6c, 0x1, 0xff,
    0xc4, 0x81, 0x0, 0xff, 0xe0, 0xa0, 0xc, 0x0,
    0x7f, 0xf0, 0x78, 0x41, 0x8c, 0x3, 0xff, 0x80,
    0x32, 0x0, 0xe0, 0xf, 0xfe, 0x0, 0xb8, 0x81,
    0x38, 0x7, 0xfc, 0x61, 0x60, 0x8, 0x10, 0xf,
    0xfe, 0x2, 0x98, 0x2, 0xc0, 0x3f, 0xf8, 0x3c,
    0x0, 0x54, 0x0, 0xff, 0xe0, 0x13, 0x80, 0x24,
    0x3, 0xff, 0x83, 0x2, 0x5, 0x0, 0x1f, 0xfc,
    0x1a, 0x0, 0x39, 0x0, 0x7f, 0xf0, 0x11, 0x0,
    0x8, 0x10, 0xf, 0xfe, 0x5, 0x0, 0x15, 0x80,
    0x3f, 0xf8, 0x3, 0x0, 0xf, 0x0, 0xff, 0xe0,
    0xb9, 0x2, 0x0, 0x7f, 0xf0, 0xb8, 0x3, 0xff,
    0x88, 0x6c, 0x1, 0xff, 0xc4, 0x81, 0x0, 0x80,

    /* U+0144 "ń" */
    0x0, 0xf1, 0x7f, 0xb4, 0x3, 0xfa, 0xc0, 0x1c,
    0x1, 0xf8, 0x58, 0x18, 0xc0, 0x3f, 0x30, 0xc,
    0x80, 0x7f, 0x2e, 0x78, 0x7, 0xf8, 0x8c, 0x40,
    0x3b, 0xfd, 0xc0, 0x31, 0xbf, 0xd4, 0x60, 0x1c,
    0x5e, 0xe4, 0x2, 0xb8, 0xa0, 0x1b, 0x85, 0x1d,
    0x40, 0x2a, 0x10, 0x0, 0x9e, 0x5c, 0x56, 0x0,
    0x4c, 0x1, 0x49, 0x80, 0x46, 0xe0, 0xc, 0x0,
    0x90, 0x3, 0xb0, 0x0, 0xe0, 0x11, 0x0, 0x73,
    0x80, 0x4, 0x3, 0xff, 0xfe, 0x1, 0xff, 0xde,

    /* U+0145 "Ņ" */
    0xcf, 0xf8, 0x80, 0x3f, 0x1f, 0xfb, 0x80, 0x37,
    0x0, 0x7f, 0xf1, 0xd, 0x80, 0x3f, 0xf8, 0x90,
    0x20, 0x1f, 0xfc, 0x14, 0x1, 0x80, 0xf, 0xfe,
    0xf, 0x8, 0x31, 0x80, 0x7f, 0xf0, 0x6, 0x40,
    0x1c, 0x1, 0xff, 0xc0, 0x17, 0x10, 0x27, 0x0,
    0xff, 0x8c, 0x2c, 0x1, 0x2, 0x1, 0xff, 0xc0,
    0x53, 0x0, 0x58, 0x7, 0xff, 0x7, 0x80, 0xa,
    0x80, 0x1f, 0xfc, 0x2, 0x70, 0x4, 0x80, 0x7f,
    0xf0, 0x60, 0x40, 0xa0, 0x3, 0xff, 0x83, 0x40,
    0x7, 0x20, 0xf, 0xfe, 0x2, 0x20, 0x1, 0x2,
    0x1, 0xff, 0xc0, 0xa0, 0x2, 0xb0, 0x7, 0xff,
    0x0, 0x60, 0x1, 0xe0, 0x1f, 0xfc, 0x17, 0x20,
    0x40, 0xf, 0xfe, 0x17, 0x0, 0x7f, 0xf1, 0xd,
    0x80, 0x3f, 0xf8, 0x90, 0x20, 0x16, 0x7f, 0x98,
    0x3, 0xf0, 0xf7, 0xfb, 0x80, 0x3e, 0x33, 0x80,
    0x3f, 0xf8, 0x59, 0x8f, 0x0, 0xff, 0xe0, 0xa0,
    0x2, 0xc0, 0x3f, 0xf8, 0x26, 0x0, 0x60, 0xf,
    0xfe, 0xe, 0x2, 0x8, 0x7, 0xff, 0x5, 0x43,
    0x80, 0x3f, 0x0,

    /* U+0146 "ņ" */
    0xff, 0x70, 0xc, 0x6f, 0xf5, 0x18, 0x7, 0x17,
    0xb9, 0x0, 0xae, 0x28, 0x6, 0xe1, 0x47, 0x50,
    0xa, 0x84, 0x0, 0x27, 0x97, 0x15, 0x80, 0x13,
    0x0, 0x52, 0x60, 0x11, 0xb8, 0x3, 0x0, 0x24,
    0x0, 0xec, 0x0, 0x38, 0x4, 0x40, 0x1c, 0xe0,
    0x1, 0x0, 0xff, 0xff, 0x80, 0x7f, 0xf7, 0xbf,
    0xe0, 0xf, 0x1f, 0xfb, 0x40, 0x38, 0xcc, 0x40,
    0x1f, 0xc7, 0x98, 0x80, 0xf, 0xe4, 0x0, 0x70,
    0x7, 0xf6, 0x80, 0xa0, 0x7, 0xf2, 0x3, 0x0,
    0x7f, 0x8, 0x82, 0xc0, 0x3c,

    /* U+0147 "Ň" */
    0x0, 0xcf, 0xc, 0x1, 0x2c, 0x40, 0x40, 0x3e,
    0x27, 0x97, 0x4, 0xa7, 0x11, 0x0, 0x7c, 0xb0,
    0x10, 0xd4, 0xb, 0x20, 0x1f, 0xce, 0xc1, 0x22,
    0x74, 0x1, 0xff, 0x4c, 0x3c, 0x68, 0x7, 0xff,
    0x5, 0xe1, 0xc4, 0x3, 0xff, 0x97, 0x9f, 0xf1,
    0x0, 0x7e, 0x3f, 0xf7, 0x0, 0x6e, 0x0, 0xff,
    0xe2, 0x1b, 0x0, 0x7f, 0xf1, 0x20, 0x40, 0x3f,
    0xf8, 0x28, 0x3, 0x0, 0x1f, 0xfc, 0x1e, 0x10,
    0x63, 0x0, 0xff, 0xe0, 0xc, 0x80, 0x38, 0x3,
    0xff, 0x80, 0x2e, 0x20, 0x4e, 0x1, 0xff, 0x18,
    0x58, 0x2, 0x4, 0x3, 0xff, 0x80, 0xa6, 0x0,
    0xb0, 0xf, 0xfe, 0xf, 0x0, 0x15, 0x0, 0x3f,
    0xf8, 0x4, 0xe0, 0x9, 0x0, 0xff, 0xe0, 0xc0,
    0x81, 0x40, 0x7, 0xff, 0x6, 0x80, 0xe, 0x40,
    0x1f, 0xfc, 0x4, 0x40, 0x2, 0x4, 0x3, 0xff,
    0x81, 0x40, 0x5, 0x60, 0xf, 0xfe, 0x0, 0xc0,
    0x3, 0xc0, 0x3f, 0xf8, 0x2e, 0x40, 0x80, 0x1f,
    0xfc, 0x2e, 0x0, 0xff, 0xe2, 0x1b, 0x0, 0x7f,
    0xf1, 0x20, 0x40, 0x20,

    /* U+0148 "ň" */
    0x1, 0xdf, 0xd0, 0x0, 0xf7, 0xe0, 0x4, 0x3e,
    0x25, 0x41, 0xa2, 0x5a, 0x1, 0x8b, 0x41, 0x74,
    0xc7, 0xc4, 0x3, 0x8e, 0x80, 0x83, 0x48, 0x3,
    0xe5, 0xff, 0x8c, 0x3, 0xff, 0x8b, 0xfe, 0xe0,
    0x18, 0xdf, 0xea, 0x30, 0xe, 0x2f, 0x72, 0x1,
    0x5c, 0x50, 0xd, 0xc2, 0x8e, 0xa0, 0x15, 0x8,
    0x0, 0x4f, 0x2e, 0x2b, 0x0, 0x26, 0x0, 0xa4,
    0xc0, 0x23, 0x70, 0x6, 0x0, 0x48, 0x1, 0xd8,
    0x0, 0x70, 0x8, 0x80, 0x39, 0xc0, 0x2, 0x1,
    0xff, 0xff, 0x0, 0xff, 0xef, 0x0,

    /* U+014A "Ŋ" */
    0xcf, 0xf8, 0x80, 0x3f, 0x1f, 0xfb, 0x80, 0x3b,
    0x80, 0x3f, 0xf8, 0xa6, 0xc0, 0x1f, 0xfc, 0x58,
    0x10, 0xf, 0xfe, 0x12, 0x0, 0xc0, 0x7, 0xff,
    0xb, 0x84, 0x18, 0xc0, 0x3f, 0xf8, 0x23, 0x20,
    0xe, 0x0, 0xff, 0xe0, 0x8b, 0x88, 0x13, 0x80,
    0x7f, 0xf0, 0xc, 0x2c, 0x1, 0x2, 0x1, 0xff,
    0xc1, 0x53, 0x0, 0x58, 0x7, 0xff, 0xb, 0x80,
    0xa, 0x80, 0x1f, 0xfc, 0x12, 0x70, 0x4, 0x80,
    0x7f, 0xf0, 0xa0, 0x40, 0xa0, 0x3, 0xff, 0x85,
    0x40, 0x7, 0x20, 0xf, 0xfe, 0xa, 0x20, 0x1,
    0x2, 0x1, 0xff, 0xc1, 0xa0, 0x2, 0xb0, 0x7,
    0xff, 0x4, 0x60, 0x1, 0xe0, 0x1f, 0xfc, 0x27,
    0x20, 0x40, 0xf, 0xfe, 0x1f, 0x0, 0x7f, 0xf1,
    0x4d, 0x80, 0x21, 0x0, 0xff, 0xe0, 0xc0, 0x80,
    0x6c, 0xff, 0x30, 0x7, 0xe1, 0xf0, 0xf, 0xfe,
    0xb9, 0x0, 0x7f, 0xf0, 0xea, 0xf0, 0x0, 0x40,
    0x1f, 0xfc, 0x4, 0x40, 0x5, 0x60, 0x1f, 0xfc,
    0x3, 0x0, 0x1d, 0x30, 0x0,

    /* U+014B "ŋ" */
    0xff, 0x70, 0xc, 0x6f, 0xf5, 0x18, 0x7, 0x17,
    0xb9, 0x0, 0xae, 0x28, 0x6, 0xe1, 0x47, 0x50,
    0xa, 0x84, 0x0, 0x27, 0x97, 0x15, 0x80, 0x13,
    0x0, 0x52, 0x60, 0x11, 0xb8, 0x3, 0x0, 0x24,
    0x0, 0xec, 0x0, 0x38, 0x4, 0x40, 0x1c, 0xe0,
    0x1, 0x0, 0xff, 0xff, 0x80, 0x7f, 0xf7, 0xbf,
    0xe0, 0xf, 0xfe, 0xa3, 0x0, 0x4, 0x3, 0xc3,
    0x79, 0x40, 0x6, 0x0, 0xf1, 0xa1, 0x80, 0x52,
    0x1, 0xe3, 0x10, 0x14, 0xc3,

    /* U+014C "Ō" */
    0x0, 0xe1, 0xff, 0xfa, 0x40, 0x3f, 0xfa, 0x23,
    0x99, 0xf5, 0x80, 0x7f, 0xc6, 0x7f, 0x10, 0x7,
    0xff, 0x95, 0xaf, 0xbf, 0xdb, 0x26, 0x1, 0xfc,
    0xbd, 0x28, 0x20, 0x2, 0x6c, 0xa1, 0x0, 0xf4,
    0x50, 0x80, 0x7e, 0x5c, 0x20, 0xc, 0xce, 0x0,
    0x29, 0xef, 0xf6, 0x28, 0x0, 0xbc, 0x2, 0x19,
    0x0, 0x1e, 0x30, 0x80, 0xe, 0xa4, 0x0, 0x4e,
    0x0, 0x90, 0x0, 0xe8, 0x80, 0x79, 0x9c, 0x1,
    0x20, 0x6, 0x0, 0x40, 0x80, 0x7e, 0x81, 0x1,
    0x52, 0x10, 0x3, 0x80, 0x7f, 0x9c, 0x1, 0x8e,
    0x0, 0x21, 0x0, 0xff, 0x60, 0x1, 0x4c, 0x0,
    0xc0, 0x1f, 0xf0, 0x80, 0x4, 0x40, 0x1, 0x0,
    0xff, 0x9c, 0x0, 0x62, 0x0, 0x10, 0xf, 0xf9,
    0xc0, 0x6, 0x60, 0x3, 0x0, 0x7f, 0xc2, 0x0,
    0x17, 0x0, 0x10, 0x80, 0x7f, 0xb0, 0x0, 0xa4,
    0x20, 0x7, 0x0, 0xff, 0x38, 0x3, 0x1, 0x80,
    0x10, 0x20, 0x1f, 0xa0, 0x40, 0xa, 0x12, 0x0,
    0x1d, 0x10, 0xf, 0x2b, 0x80, 0x1c, 0x0, 0x32,
    0x0, 0x3c, 0x61, 0x0, 0x1d, 0x50, 0x0, 0x50,
    0x1, 0x33, 0x80, 0xa, 0x7b, 0xfd, 0x8a, 0x0,
    0x1f, 0x0, 0xe8, 0x91, 0x0, 0xfc, 0x9e, 0x40,
    0x1e, 0x6e, 0x94, 0x10, 0x1, 0x36, 0x58, 0x80,
    0x40,

    /* U+014D "ō" */
    0x0, 0x9b, 0xff, 0xe4, 0x0, 0xff, 0xe4, 0xbe,
    0x67, 0xca, 0x1, 0xe1, 0x33, 0xf8, 0x40, 0x3f,
    0xf9, 0x4b, 0x7d, 0xfb, 0x68, 0x1, 0xe1, 0xca,
    0x41, 0x2, 0x4b, 0xb0, 0x80, 0x6c, 0x30, 0x1,
    0xa9, 0x80, 0x13, 0x40, 0x29, 0x20, 0x1c, 0xc5,
    0x66, 0x4, 0xd, 0xc0, 0xc, 0x0, 0xd3, 0x0,
    0x8e, 0xc0, 0x12, 0xa, 0x0, 0x33, 0x0, 0x72,
    0x90, 0xa, 0x68, 0x1, 0x0, 0x3e, 0x40, 0x1,
    0x90, 0x3, 0x80, 0x3e, 0xe0, 0x7, 0x80, 0x7f,
    0xf0, 0xc8, 0x1, 0xc0, 0x1f, 0x70, 0x3, 0xf4,
    0x0, 0x80, 0x1f, 0x20, 0x0, 0xd0, 0x0, 0x66,
    0x0, 0xe5, 0x20, 0x14, 0x16, 0x0, 0x69, 0x80,
    0x47, 0x60, 0x9, 0x0, 0x49, 0x0, 0xe6, 0x2b,
    0x30, 0x20, 0x6e, 0x1, 0x61, 0x80, 0xd, 0x4c,
    0x0, 0x9a, 0x1, 0x87, 0x29, 0x4, 0x9, 0x2a,
    0xc4, 0x0,

    /* U+014E "Ŏ" */
    0x0, 0xe3, 0x84, 0x0, 0xd0, 0xe0, 0x1f, 0xe6,
    0x7f, 0x0, 0x91, 0xe8, 0x3, 0xfc, 0x80, 0x8e,
    0x7, 0x21, 0x40, 0x1f, 0xe1, 0x90, 0x8f, 0xc2,
    0x37, 0x0, 0xff, 0x9a, 0xcc, 0x49, 0xf0, 0x3,
    0xff, 0x82, 0x99, 0xdb, 0x0, 0x1f, 0xfd, 0x46,
    0xbe, 0xff, 0x6c, 0x98, 0x7, 0xf2, 0xf4, 0xa0,
    0x80, 0x9, 0xb2, 0x84, 0x3, 0xd1, 0x42, 0x1,
    0xf9, 0x70, 0x80, 0x33, 0x38, 0x0, 0xa7, 0xbf,
    0xd8, 0xa0, 0x2, 0xf0, 0x8, 0x64, 0x0, 0x78,
    0xc2, 0x0, 0x3a, 0x90, 0x1, 0x38, 0x2, 0x40,
    0x3, 0xa2, 0x1, 0xe6, 0x70, 0x4, 0x80, 0x18,
    0x1, 0x2, 0x1, 0xfa, 0x4, 0x5, 0x48, 0x40,
    0xe, 0x1, 0xfe, 0x70, 0x6, 0x38, 0x0, 0x84,
    0x3, 0xfd, 0x80, 0x5, 0x30, 0x3, 0x0, 0x7f,
    0xc2, 0x0, 0x11, 0x0, 0x4, 0x3, 0xfe, 0x70,
    0x1, 0x88, 0x0, 0x40, 0x3f, 0xe7, 0x0, 0x19,
    0x80, 0xc, 0x1, 0xff, 0x8, 0x0, 0x5c, 0x0,
    0x42, 0x1, 0xfe, 0xc0, 0x2, 0x90, 0x80, 0x1c,
    0x3, 0xfc, 0xe0, 0xc, 0x6, 0x0, 0x40, 0x80,
    0x7e, 0x81, 0x0, 0x28, 0x48, 0x0, 0x74, 0x40,
    0x3c, 0xae, 0x0, 0x70, 0x0, 0xc8, 0x0, 0xf1,
    0x84, 0x0, 0x75, 0x40, 0x1, 0x40, 0x4, 0xce,
    0x0, 0x29, 0xef, 0xf6, 0x28, 0x0, 0x7c, 0x3,
    0xa2, 0x44, 0x3, 0xf2, 0x79, 0x0, 0x79, 0xba,
    0x50, 0x40, 0x4, 0xd9, 0x62, 0x1, 0x0,

    /* U+014F "ŏ" */
    0x0, 0x9a, 0x8, 0x2, 0x38, 0x50, 0xf, 0x63,
    0xa0, 0x5, 0x6f, 0xa0, 0x1e, 0xf0, 0x84, 0x5,
    0x70, 0xb0, 0xf, 0x2a, 0x86, 0xfe, 0x81, 0xcc,
    0x3, 0xea, 0x82, 0x2, 0x98, 0x0, 0xfe, 0x7d,
    0xfd, 0x60, 0xf, 0xfe, 0x62, 0xdf, 0x7e, 0xda,
    0x0, 0x78, 0x72, 0x90, 0x40, 0x92, 0xec, 0x20,
    0x1b, 0xc, 0x0, 0x6a, 0x60, 0x4, 0xd0, 0xa,
    0x48, 0x7, 0x31, 0x59, 0x81, 0x3, 0x70, 0x3,
    0x0, 0x34, 0xc0, 0x23, 0xb0, 0x4, 0x82, 0x80,
    0xc, 0xc0, 0x1c, 0xa4, 0x2, 0x9a, 0x0, 0x40,
    0xf, 0x90, 0x0, 0x64, 0x0, 0xe0, 0xf, 0xb8,
    0x1, 0xe0, 0x1f, 0xfc, 0x32, 0x0, 0x70, 0x7,
    0xdc, 0x0, 0xfd, 0x0, 0x20, 0x7, 0xc8, 0x0,
    0x34, 0x0, 0x19, 0x80, 0x39, 0x48, 0x5, 0x5,
    0x80, 0x1a, 0x60, 0x11, 0xd8, 0x2, 0x40, 0x12,
    0x40, 0x39, 0x8a, 0xcc, 0x8, 0x1b, 0x80, 0x58,
    0x60, 0x3, 0x53, 0x0, 0x26, 0x80, 0x61, 0xca,
    0x41, 0x2, 0x4a, 0xb1, 0x0, 0x0,

    /* U+0150 "Ő" */
    0x0, 0xf8, 0xcc, 0x40, 0x3, 0x38, 0x3, 0xfc,
    0xf9, 0x84, 0x5, 0xcc, 0x48, 0x7, 0xfa, 0x80,
    0x98, 0x20, 0x6, 0xc0, 0x3f, 0x8c, 0x82, 0x1,
    0x88, 0x34, 0x40, 0x3f, 0xa8, 0xd, 0x42, 0x2,
    0xc, 0x3, 0xfd, 0x3f, 0x80, 0xe, 0xf7, 0x0,
    0xff, 0xe9, 0xb5, 0xf7, 0xfb, 0x64, 0xc0, 0x3f,
    0x97, 0xa5, 0x4, 0x0, 0x4d, 0x94, 0x20, 0x1e,
    0x8a, 0x10, 0xf, 0xcb, 0x84, 0x1, 0x99, 0xc0,
    0x5, 0x3d, 0xfe, 0xc5, 0x0, 0x17, 0x80, 0x43,
    0x20, 0x3, 0xc6, 0x10, 0x1, 0xd4, 0x80, 0x9,
    0xc0, 0x12, 0x0, 0x1d, 0x10, 0xf, 0x33, 0x80,
    0x24, 0x0, 0xc0, 0x8, 0x10, 0xf, 0xd0, 0x20,
    0x2a, 0x42, 0x0, 0x70, 0xf, 0xf3, 0x80, 0x31,
    0xc0, 0x4, 0x20, 0x1f, 0xec, 0x0, 0x29, 0x80,
    0x18, 0x3, 0xfe, 0x10, 0x0, 0x88, 0x0, 0x20,
    0x1f, 0xf3, 0x80, 0xc, 0x40, 0x2, 0x1, 0xff,
    0x38, 0x0, 0xcc, 0x0, 0x60, 0xf, 0xf8, 0x40,
    0x2, 0xe0, 0x2, 0x10, 0xf, 0xf6, 0x0, 0x14,
    0x84, 0x0, 0xe0, 0x1f, 0xe7, 0x0, 0x60, 0x30,
    0x2, 0x4, 0x3, 0xf4, 0x8, 0x1, 0x42, 0x40,
    0x3, 0xa2, 0x1, 0xe5, 0x70, 0x3, 0x80, 0x6,
    0x40, 0x7, 0x8c, 0x20, 0x3, 0xaa, 0x0, 0xa,
    0x0, 0x26, 0x70, 0x1, 0x4f, 0x7f, 0xb1, 0x40,
    0x3, 0xe0, 0x1d, 0x12, 0x20, 0x1f, 0x93, 0xc8,
    0x3, 0xcd, 0xd2, 0x82, 0x0, 0x26, 0xcb, 0x10,
    0x8,

    /* U+0151 "ő" */
    0x0, 0xc2, 0x66, 0x10, 0x1, 0x98, 0x80, 0x3d,
    0xb9, 0x83, 0x9, 0xcc, 0x20, 0x7, 0x11, 0x83,
    0x11, 0x18, 0x15, 0x80, 0x3a, 0x80, 0x10, 0x12,
    0x5, 0x40, 0x1e, 0x60, 0x81, 0x34, 0xe, 0x0,
    0xfb, 0xbd, 0xc0, 0xff, 0xc6, 0x1, 0xff, 0xcb,
    0x5b, 0xef, 0xdb, 0x40, 0xf, 0xe, 0x52, 0x8,
    0x12, 0x5d, 0x84, 0x3, 0x61, 0x80, 0xd, 0x4c,
    0x0, 0x9a, 0x1, 0x49, 0x0, 0xe6, 0x2b, 0x30,
    0x20, 0x6e, 0x0, 0x60, 0x6, 0x98, 0x4, 0x76,
    0x0, 0x90, 0x50, 0x1, 0x98, 0x3, 0x94, 0x80,
    0x53, 0x40, 0x8, 0x1, 0xf2, 0x0, 0xc, 0x80,
    0x1c, 0x1, 0xf7, 0x0, 0x3c, 0x3, 0xff, 0x86,
    0x40, 0xe, 0x0, 0xfb, 0x80, 0x1f, 0xa0, 0x4,
    0x0, 0xf9, 0x0, 0x6, 0x80, 0x3, 0x30, 0x7,
    0x29, 0x0, 0xa0, 0xb0, 0x3, 0x4c, 0x2, 0x3b,
    0x0, 0x48, 0x2, 0x48, 0x7, 0x31, 0x59, 0x81,
    0x3, 0x70, 0xb, 0xc, 0x0, 0x6a, 0x60, 0x4,
    0xd0, 0xc, 0x39, 0x48, 0x20, 0x49, 0x56, 0x20,
    0x0,

    /* U+0152 "Œ" */
    0x0, 0xf3, 0x5f, 0x7f, 0xff, 0xf1, 0x1c, 0x3,
    0x2f, 0x4a, 0x8, 0x7, 0xff, 0x21, 0xe8, 0x40,
    0x2, 0x67, 0x10, 0x4, 0x67, 0xfc, 0x40, 0x5,
    0x80, 0x1, 0xe7, 0x66, 0x56, 0x0, 0x3c, 0xcf,
    0xe5, 0x1, 0xb0, 0x2, 0xe1, 0x80, 0x7f, 0xf1,
    0xe4, 0x40, 0xa8, 0x3, 0xff, 0x92, 0xc0, 0x8,
    0x0, 0xff, 0xe4, 0x90, 0x80, 0x14, 0x3, 0xff,
    0x92, 0xc0, 0x3, 0x0, 0xff, 0xe5, 0x10, 0x1,
    0x80, 0x3f, 0xe3, 0xff, 0xfd, 0x80, 0x20, 0x1f,
    0xfc, 0xd1, 0x0, 0x8, 0x7, 0xff, 0x0, 0xcf,
    0xf2, 0x81, 0x0, 0x1c, 0x3, 0xfe, 0x3c, 0xcf,
    0xd2, 0xc, 0x0, 0x30, 0xf, 0xfe, 0x51, 0x8,
    0x1, 0x40, 0x3f, 0xf9, 0x4c, 0x0, 0x80, 0xf,
    0xfe, 0x54, 0x88, 0x15, 0x0, 0x7f, 0xf2, 0x46,
    0xc0, 0xb, 0x88, 0x1, 0xff, 0xc8, 0x58, 0x0,
    0x1d, 0xfe, 0xe6, 0x2c, 0x0, 0x79, 0x9f, 0xcc,
    0x1, 0x3d, 0x8, 0x4, 0x46, 0x62, 0x0, 0x8c,
    0xff, 0xb8, 0x3, 0x2f, 0x4a, 0x8, 0x7, 0xff,
    0x14,

    /* U+0153 "œ" */
    0x0, 0xcb, 0x7d, 0xfb, 0x68, 0x1, 0x8e, 0xbb,
    0xfb, 0x18, 0x3, 0xc3, 0x94, 0x82, 0x4, 0x97,
    0x61, 0x7, 0xc5, 0x10, 0x13, 0x9d, 0x30, 0xd,
    0x86, 0x0, 0x35, 0x30, 0x2, 0x6c, 0x40, 0x0,
    0x4a, 0x80, 0x2, 0xd1, 0x0, 0x49, 0x0, 0xe6,
    0x2b, 0x30, 0x20, 0x6e, 0x0, 0xad, 0xab, 0xe4,
    0x1, 0xb0, 0x3, 0x0, 0x34, 0xc0, 0x23, 0xb0,
    0xc, 0xea, 0x1, 0xd, 0x0, 0x14, 0x54, 0x0,
    0x66, 0x0, 0xe5, 0x10, 0xa, 0x40, 0x38, 0x54,
    0x0, 0xfa, 0x0, 0x40, 0xf, 0x94, 0x2, 0x45,
    0x5f, 0x18, 0x3, 0x88, 0x1, 0xc0, 0x1f, 0xf5,
    0x57, 0xcc, 0x0, 0x10, 0xf, 0xfe, 0x71, 0x0,
    0x38, 0x3, 0xfe, 0xff, 0xff, 0x4e, 0x80, 0x10,
    0x3, 0xe5, 0x0, 0xff, 0xe1, 0x20, 0x0, 0xcc,
    0x1, 0xca, 0x20, 0x13, 0x80, 0x79, 0x9c, 0xc0,
    0x58, 0x1, 0xa6, 0x1, 0x1d, 0x80, 0x68, 0x60,
    0xc, 0xb3, 0x18, 0x41, 0x24, 0x3, 0x98, 0xac,
    0xc0, 0x81, 0xb8, 0x2, 0x7a, 0xa9, 0xb4, 0x0,
    0x62, 0x0, 0x61, 0x80, 0xd, 0x4c, 0x0, 0x9b,
    0x10, 0x0, 0xa, 0xa8, 0x80, 0xd, 0x20, 0x10,
    0xe5, 0x20, 0x81, 0x25, 0x58, 0x83, 0xeb, 0x10,
    0x0, 0x57, 0x24, 0x0,

    /* U+0154 "Ŕ" */
    0x0, 0xf8, 0x4c, 0xc4, 0x1, 0xff, 0xc0, 0xbc,
    0xc3, 0x0, 0x7f, 0xc4, 0xa0, 0xa8, 0x1, 0xff,
    0x58, 0xd, 0x80, 0x7f, 0xc2, 0xc1, 0x62, 0x1,
    0xff, 0xf, 0xf9, 0x40, 0x3f, 0xf9, 0x79, 0xff,
    0xf7, 0x64, 0x10, 0x7, 0xff, 0x0, 0x4d, 0xf5,
    0x80, 0x3c, 0x46, 0x78, 0x40, 0x29, 0x50, 0xe,
    0xbc, 0xcd, 0xda, 0x60, 0xb, 0x0, 0xff, 0x8b,
    0x80, 0x2, 0xa0, 0x1f, 0xf1, 0x20, 0x0, 0x80,
    0x3f, 0xf8, 0x4, 0x0, 0xe0, 0xf, 0xfe, 0x1,
    0x0, 0x38, 0x3, 0xfe, 0x14, 0x0, 0x10, 0x7,
    0xf8, 0xb4, 0x0, 0x2a, 0x1, 0xaf, 0x33, 0x6e,
    0x8c, 0x1, 0x0, 0x1c, 0x46, 0x78, 0x80, 0x28,
    0x60, 0xf, 0xfe, 0xe, 0xb8, 0x7, 0xa7, 0xfe,
    0xe0, 0x9, 0x40, 0x3f, 0xe1, 0x70, 0x4, 0x80,
    0x7f, 0xf0, 0x24, 0x0, 0x2e, 0x1, 0xff, 0xc,
    0x0, 0x20, 0x40, 0x3f, 0xe7, 0x10, 0x4, 0x80,
    0x7f, 0xf0, 0x24, 0x0, 0xe2, 0x1, 0xff, 0x38,
    0x80, 0x20, 0x3, 0xff, 0x81, 0x0, 0x6, 0x20,

    /* U+0155 "ŕ" */
    0x0, 0xd1, 0xfe, 0x70, 0xe, 0x70, 0x37, 0x0,
    0xce, 0x0, 0xf0, 0xe, 0x90, 0x73, 0x0, 0xed,
    0xc8, 0x0, 0xf1, 0x98, 0x3, 0x7f, 0xc0, 0x77,
    0xde, 0x60, 0x12, 0x62, 0x8, 0x7, 0x48, 0x12,
    0xa0, 0x6, 0x2a, 0xda, 0xb3, 0x0, 0xa1, 0x40,
    0x3e, 0x60, 0xf, 0xc2, 0x1, 0xff, 0xff, 0x0,
    0xff, 0x80,

    /* U+0156 "Ŗ" */
    0xcf, 0xff, 0xbb, 0x20, 0x80, 0x3f, 0xf8, 0x2,
    0x6f, 0xac, 0x1, 0xe2, 0x33, 0xc2, 0x1, 0x4a,
    0x80, 0x75, 0xe6, 0x6e, 0xd3, 0x0, 0x58, 0x7,
    0xfc, 0x5c, 0x0, 0x15, 0x0, 0xff, 0x89, 0x0,
    0x4, 0x1, 0xff, 0xc0, 0x20, 0x7, 0x0, 0x7f,
    0xf0, 0x8, 0x1, 0xc0, 0x1f, 0xf0, 0xa0, 0x0,
    0x80, 0x3f, 0xc5, 0xa0, 0x1, 0x50, 0xd, 0x79,
    0x9b, 0x74, 0x60, 0x8, 0x0, 0xe2, 0x33, 0xc4,
    0x1, 0x43, 0x0, 0x7f, 0xf0, 0x75, 0xc0, 0x3d,
    0x3f, 0xf7, 0x0, 0x4a, 0x1, 0xff, 0xb, 0x80,
    0x24, 0x3, 0xff, 0x81, 0x20, 0x1, 0x70, 0xf,
    0xf8, 0x60, 0x1, 0x2, 0x1, 0xff, 0x38, 0x80,
    0x24, 0x3, 0xff, 0x81, 0x20, 0x7, 0x10, 0xf,
    0xf9, 0xc4, 0x1, 0x0, 0x1f, 0xfc, 0x8, 0x0,
    0x31, 0x67, 0xf9, 0x80, 0x3e, 0x6f, 0xf8, 0x80,
    0x3c, 0x66, 0x20, 0xf, 0xfe, 0x2, 0xe6, 0x28,
    0x3, 0xff, 0x81, 0xa0, 0xa, 0x0, 0xff, 0xe0,
    0x20, 0x19, 0x0, 0x7f, 0xf0, 0xc, 0x2c, 0x3,
    0xff, 0x80, 0x60, 0x6, 0x0, 0xfc,

    /* U+0157 "ŗ" */
    0x0, 0x7f, 0xc0, 0x77, 0xde, 0x60, 0x1c, 0x98,
    0x82, 0x1, 0xf4, 0x81, 0x2a, 0x0, 0x78, 0xab,
    0x6a, 0xcc, 0x3, 0xa1, 0x40, 0x3f, 0x98, 0x3,
    0xfc, 0x20, 0x1f, 0xff, 0xf0, 0xf, 0xfe, 0x9f,
    0xfc, 0x1, 0xf8, 0xce, 0x0, 0xf8, 0xb3, 0x10,
    0x1, 0xf3, 0x80, 0x38, 0x3, 0xed, 0x0, 0x28,
    0x7, 0xc8, 0xa, 0x1, 0xf8, 0xc3, 0x80, 0x3e,

    /* U+0158 "Ř" */
    0x0, 0x24, 0x38, 0x80, 0xa, 0x20, 0x80, 0x1e,
    0x55, 0x46, 0x80, 0x3d, 0xd5, 0x40, 0x1e, 0x1f,
    0x13, 0x9b, 0x21, 0xf1, 0x0, 0xf8, 0xb4, 0x19,
    0x3, 0x48, 0x3, 0xf8, 0xed, 0xdd, 0x86, 0x1,
    0xff, 0x24, 0x40, 0xc0, 0x3f, 0xf9, 0x79, 0xff,
    0xf7, 0x64, 0x10, 0x7, 0xff, 0x0, 0x4d, 0xf5,
    0x80, 0x3c, 0x46, 0x78, 0x40, 0x29, 0x50, 0xe,
    0xbc, 0xcd, 0xda, 0x60, 0xb, 0x0, 0xff, 0x8b,
    0x80, 0x2, 0xa0, 0x1f, 0xf1, 0x20, 0x0, 0x80,
    0x3f, 0xf8, 0x4, 0x0, 0xe0, 0xf, 0xfe, 0x1,
    0x0, 0x38, 0x3, 0xfe, 0x14, 0x0, 0x10, 0x7,
    0xf8, 0xb4, 0x0, 0x2a, 0x1, 0xaf, 0x33, 0x6e,
    0x8c, 0x1, 0x0, 0x1c, 0x46, 0x78, 0x80, 0x28,
    0x60, 0xf, 0xfe, 0xe, 0xb8, 0x7, 0xa7, 0xfe,
    0xe0, 0x9, 0x40, 0x3f, 0xe1, 0x70, 0x4, 0x80,
    0x7f, 0xf0, 0x24, 0x0, 0x2e, 0x1, 0xff, 0xc,
    0x0, 0x20, 0x40, 0x3f, 0xe7, 0x10, 0x4, 0x80,
    0x7f, 0xf0, 0x24, 0x0, 0xe2, 0x1, 0xff, 0x38,
    0x80, 0x20, 0x3, 0xff, 0x81, 0x0, 0x6, 0x20,

    /* U+0159 "ř" */
    0x5f, 0xf3, 0x0, 0x1f, 0xfc, 0xca, 0xe1, 0x26,
    0x90, 0xe, 0xc1, 0xa, 0x1b, 0x60, 0xd0, 0x1,
    0x51, 0x88, 0x24, 0x80, 0x76, 0x7f, 0xac, 0x3,
    0xff, 0x85, 0xff, 0x1, 0xdf, 0x79, 0x80, 0x64,
    0xc4, 0x10, 0xf, 0x48, 0x12, 0xa0, 0x7, 0x15,
    0x6d, 0x59, 0x80, 0x68, 0x50, 0xf, 0xcc, 0x1,
    0xfc, 0x20, 0x1f, 0xff, 0xf0, 0xf, 0xfe, 0x40,

    /* U+015A "Ś" */
    0x0, 0xfc, 0xff, 0xe8, 0x0, 0xff, 0xe0, 0x48,
    0x14, 0x0, 0x7f, 0xcc, 0x21, 0xc0, 0x1f, 0xfc,
    0xb, 0x6, 0x30, 0xf, 0xfe, 0x7, 0x64, 0x80,
    0x7f, 0xf0, 0x4c, 0xc0, 0x1f, 0xfc, 0xf3, 0x9d,
    0xef, 0xeb, 0x60, 0xf, 0xab, 0x18, 0x84, 0x5,
    0x27, 0x4c, 0x3, 0x62, 0x80, 0x42, 0x40, 0x11,
    0x61, 0x80, 0x18, 0xc0, 0xf, 0xdc, 0xdf, 0xa2,
    0x0, 0x78, 0x2, 0x80, 0x11, 0x1, 0x0, 0x97,
    0x0, 0x6, 0x40, 0x40, 0x5, 0x0, 0xf0, 0xba,
    0x20, 0x40, 0x33, 0x0, 0x7d, 0x17, 0x63, 0x5,
    0x0, 0x48, 0x80, 0x7f, 0xd0, 0x0, 0x2e, 0xa4,
    0x0, 0xfe, 0x3b, 0x0, 0x96, 0xfe, 0xd8, 0x40,
    0x3c, 0x9c, 0xe2, 0x1, 0x24, 0xf4, 0x88, 0x7,
    0xc, 0x75, 0xb9, 0x80, 0x4d, 0xe6, 0x1, 0xf2,
    0x46, 0x74, 0x8, 0xe, 0x80, 0x7f, 0x85, 0xfc,
    0x80, 0x58, 0x4, 0x40, 0x1f, 0x86, 0x80, 0x1e,
    0xfd, 0xcb, 0x0, 0xfd, 0xe0, 0x11, 0x80, 0x10,
    0x80, 0x3c, 0x2c, 0x0, 0xf4, 0x20, 0x6, 0x30,
    0x6, 0x5c, 0x10, 0x3, 0x87, 0x0, 0x6, 0x7f,
    0xb9, 0xf4, 0x40, 0x9, 0x10, 0x3b, 0x10, 0x8,
    0x44, 0x1, 0xc, 0xb0, 0x4, 0x9d, 0x28, 0x20,
    0x1, 0x48, 0xf6, 0x0, 0x0,

    /* U+015B "ś" */
    0x0, 0xf8, 0x8c, 0xc2, 0x1, 0xfd, 0x98, 0xd0,
    0xf, 0xe6, 0x10, 0xb1, 0x0, 0xfd, 0x60, 0x8a,
    0x1, 0xf9, 0x48, 0x28, 0x3, 0xf9, 0x7f, 0xc2,
    0x1, 0xff, 0xc8, 0x5a, 0xef, 0xf6, 0x40, 0x7,
    0x5d, 0x28, 0x80, 0xd, 0xf4, 0x40, 0x14, 0x80,
    0x5, 0x87, 0x10, 0x2d, 0x0, 0x28, 0x3, 0x29,
    0xe3, 0x8c, 0xd, 0xc, 0x0, 0x46, 0x1, 0xba,
    0xb9, 0x8, 0x0, 0x48, 0x1, 0x89, 0x44, 0x5,
    0x0, 0x17, 0x67, 0x30, 0xf, 0x51, 0x0, 0x12,
    0x33, 0xed, 0x40, 0x21, 0xd9, 0x40, 0xc, 0x95,
    0x40, 0xc, 0xd7, 0xf9, 0x6, 0x0, 0x56, 0x0,
    0xf1, 0xbe, 0x30, 0x3, 0x4e, 0x2d, 0x0, 0x3b,
    0x0, 0xe, 0xae, 0x92, 0x20, 0x1a, 0x40, 0xa,
    0xc2, 0x5, 0xd5, 0x15, 0xc6, 0x0, 0x80, 0xd1,
    0x0, 0x2b, 0xa8, 0x80, 0xe0, 0x81, 0xf4, 0x18,
    0x0, 0x4e, 0x38, 0xc0,

    /* U+015C "Ŝ" */
    0x0, 0xf2, 0x44, 0x10, 0x3, 0xfe, 0x3b, 0x77,
    0x59, 0x80, 0x7f, 0x16, 0x82, 0xb0, 0x69, 0x0,
    0x7c, 0x3e, 0x25, 0x52, 0x63, 0xe2, 0x1, 0xe5,
    0x53, 0xf8, 0x3, 0x5d, 0x54, 0x1, 0xe4, 0x88,
    0x10, 0x0, 0x62, 0x8, 0x1, 0xff, 0xcb, 0x39,
    0xde, 0xfe, 0xb6, 0x0, 0xfa, 0xb1, 0x88, 0x40,
    0x52, 0x74, 0xc0, 0x36, 0x28, 0x4, 0x24, 0x1,
    0x16, 0x18, 0x1, 0x8c, 0x0, 0xfd, 0xcd, 0xfa,
    0x20, 0x7, 0x80, 0x28, 0x1, 0x10, 0x10, 0x9,
    0x70, 0x0, 0x64, 0x4, 0x0, 0x50, 0xf, 0xb,
    0xa2, 0x4, 0x3, 0x30, 0x7, 0xd1, 0x76, 0x30,
    0x50, 0x4, 0x88, 0x7, 0xfd, 0x0, 0x2, 0xea,
    0x40, 0xf, 0xe3, 0xb0, 0x9, 0x6f, 0xed, 0x84,
    0x3, 0xc9, 0xce, 0x20, 0x12, 0x4f, 0x48, 0x80,
    0x70, 0xc7, 0x5b, 0x98, 0x4, 0xde, 0x60, 0x1f,
    0x24, 0x67, 0x40, 0x80, 0xe8, 0x7, 0xf8, 0x5f,
    0xc8, 0x5, 0x80, 0x44, 0x1, 0xf8, 0x68, 0x1,
    0xef, 0xdc, 0xb0, 0xf, 0xde, 0x1, 0x18, 0x1,
    0x8, 0x3, 0xc2, 0xc0, 0xf, 0x42, 0x0, 0x63,
    0x0, 0x65, 0xc1, 0x0, 0x38, 0x70, 0x0, 0x67,
    0xfb, 0x9f, 0x44, 0x0, 0x91, 0x3, 0xb1, 0x0,
    0x84, 0x40, 0x10, 0xcb, 0x0, 0x49, 0xd2, 0x82,
    0x0, 0x14, 0x8f, 0x60, 0x0,

    /* U+015D "ŝ" */
    0x0, 0xe6, 0x87, 0x10, 0xf, 0xd1, 0x2f, 0x1a,
    0x1, 0xf3, 0x38, 0x48, 0x9d, 0x80, 0x72, 0xc8,
    0x3b, 0x68, 0x24, 0x80, 0x62, 0x78, 0x80, 0x1d,
    0xb8, 0x88, 0x2, 0x78, 0x70, 0x9, 0x22, 0x2,
    0x1, 0xff, 0xc5, 0x5a, 0xef, 0xf6, 0x40, 0x7,
    0x5d, 0x28, 0x80, 0xd, 0xf4, 0x40, 0x14, 0x80,
    0x5, 0x87, 0x10, 0x2d, 0x0, 0x28, 0x3, 0x29,
    0xe3, 0x8c, 0xd, 0xc, 0x0, 0x46, 0x1, 0xba,
    0xb9, 0x8, 0x0, 0x48, 0x1, 0x89, 0x44, 0x5,
    0x0, 0x17, 0x67, 0x30, 0xf, 0x51, 0x0, 0x12,
    0x33, 0xed, 0x40, 0x21, 0xd9, 0x40, 0xc, 0x95,
    0x40, 0xc, 0xd7, 0xf9, 0x6, 0x0, 0x56, 0x0,
    0xf1, 0xbe, 0x30, 0x3, 0x4e, 0x2d, 0x0, 0x3b,
    0x0, 0xe, 0xae, 0x92, 0x20, 0x1a, 0x40, 0xa,
    0xc2, 0x5, 0xd5, 0x15, 0xc6, 0x0, 0x80, 0xd1,
    0x0, 0x2b, 0xa8, 0x80, 0xe0, 0x81, 0xf4, 0x18,
    0x0, 0x4e, 0x38, 0xc0,

    /* U+015E "Ş" */
    0x0, 0xc7, 0x3b, 0xdf, 0xd6, 0xc0, 0x1f, 0x56,
    0x31, 0x8, 0xa, 0x4e, 0x98, 0x6, 0xc5, 0x0,
    0x84, 0x80, 0x22, 0xc3, 0x0, 0x31, 0x80, 0x1f,
    0xb9, 0xbf, 0x44, 0x0, 0xf0, 0x5, 0x0, 0x22,
    0x2, 0x1, 0x2e, 0x0, 0xc, 0x80, 0x80, 0xa,
    0x1, 0xe1, 0x74, 0x40, 0x80, 0x66, 0x0, 0xfa,
    0x2e, 0xc6, 0xa, 0x0, 0x91, 0x0, 0xff, 0xa0,
    0x0, 0x5d, 0x48, 0x1, 0xfc, 0x76, 0x1, 0x2d,
    0xfd, 0xb0, 0x80, 0x79, 0x39, 0xc4, 0x2, 0x49,
    0xe9, 0x10, 0xe, 0x18, 0xeb, 0x73, 0x0, 0x9b,
    0xcc, 0x3, 0xe4, 0x8c, 0xe8, 0x10, 0x1d, 0x0,
    0xff, 0xb, 0xf9, 0x0, 0xb0, 0x8, 0x80, 0x3f,
    0xd, 0x0, 0x3d, 0xfb, 0x96, 0x1, 0xfb, 0xc0,
    0x23, 0x0, 0x21, 0x0, 0x78, 0x58, 0x1, 0xe8,
    0x40, 0xc, 0x60, 0xc, 0xb8, 0x20, 0x7, 0xe,
    0x0, 0xc, 0xff, 0x73, 0xe8, 0x80, 0x12, 0x20,
    0x76, 0x20, 0x10, 0x88, 0x2, 0x19, 0x60, 0x9,
    0x3a, 0x50, 0x40, 0x2, 0x91, 0xec, 0x1, 0xe6,
    0xbe, 0x33, 0x75, 0xb8, 0x80, 0x7f, 0x88, 0xf9,
    0xc0, 0x3f, 0xf8, 0x11, 0x0, 0x83, 0x0, 0xff,
    0x99, 0xdc, 0xc, 0x1, 0xfe, 0x49, 0x93, 0x3,
    0x80, 0x7f, 0xb1, 0x98, 0x52, 0x40, 0x18,

    /* U+015F "ş" */
    0x0, 0x96, 0xbb, 0xfd, 0x90, 0x1, 0xd7, 0x4a,
    0x20, 0x3, 0x7d, 0x10, 0x5, 0x20, 0x1, 0x61,
    0xc4, 0xb, 0x40, 0xa, 0x0, 0xca, 0x78, 0xe3,
    0x3, 0x43, 0x0, 0x11, 0x80, 0x6e, 0xae, 0x42,
    0x0, 0x12, 0x0, 0x62, 0x51, 0x1, 0x40, 0x5,
    0xd9, 0xcc, 0x3, 0xd4, 0x40, 0x4, 0x8c, 0xfb,
    0x50, 0x8, 0x76, 0x50, 0x3, 0x25, 0x50, 0x3,
    0x35, 0xfe, 0x41, 0x80, 0x15, 0x80, 0x3c, 0x6f,
    0x8c, 0x0, 0xd3, 0x8b, 0x40, 0xe, 0xc0, 0x3,
    0xab, 0xa4, 0x88, 0x6, 0x90, 0x2, 0xb0, 0x81,
    0x75, 0x45, 0x71, 0x80, 0x20, 0x34, 0x40, 0xa,
    0xea, 0x20, 0x38, 0x20, 0x7d, 0x6, 0x1, 0x1c,
    0x71, 0x80, 0x67, 0xcc, 0x4, 0xe3, 0x80, 0x7e,
    0x60, 0x9c, 0x30, 0xf, 0xcf, 0xa, 0x7c, 0x1,
    0xf8, 0x9e, 0x80, 0x80, 0x3f, 0x44, 0xd8, 0x18,
    0x7, 0xe6, 0x62, 0xa7, 0x0, 0x40,

    /* U+0160 "Š" */
    0x0, 0x97, 0x74, 0x80, 0x3, 0xdd, 0x38, 0x7,
    0x95, 0x8a, 0x84, 0x34, 0x81, 0xc0, 0x3e, 0xa1,
    0x15, 0x50, 0x43, 0xc0, 0x3f, 0xd, 0x2, 0x28,
    0x51, 0x0, 0x7f, 0x24, 0x99, 0xa1, 0x40, 0x3f,
    0xe6, 0xcc, 0x38, 0x7, 0xff, 0x38, 0xe7, 0x7b,
    0xfa, 0xdc, 0x40, 0x3d, 0x58, 0xc4, 0x20, 0x29,
    0x1c, 0xc0, 0x1b, 0x14, 0x2, 0x12, 0x10, 0xa,
    0x58, 0x0, 0xc6, 0x0, 0x7e, 0xe6, 0xf6, 0x20,
    0x2, 0x0, 0x14, 0x0, 0x88, 0x8, 0x4, 0x76,
    0x40, 0x28, 0x4, 0x0, 0x50, 0xf, 0xb7, 0xfc,
    0x80, 0x19, 0x80, 0x3f, 0xf8, 0xa, 0x0, 0x91,
    0x0, 0xff, 0xa0, 0x0, 0x5d, 0x48, 0x1, 0xfc,
    0x76, 0x1, 0x2d, 0xfd, 0xb0, 0x80, 0x79, 0x39,
    0xc4, 0x2, 0x49, 0xe9, 0x10, 0xe, 0x18, 0xeb,
    0x73, 0x0, 0x9b, 0xcc, 0x3, 0xe4, 0x8c, 0xe8,
    0x10, 0x1d, 0x0, 0xff, 0xb, 0xf9, 0x0, 0xb0,
    0x99, 0x88, 0x3, 0xe1, 0xa0, 0x7, 0xb6, 0x62,
    0x40, 0x3f, 0x78, 0x4, 0x80, 0x4, 0x30, 0xf,
    0xb, 0x0, 0x3c, 0xc8, 0x1, 0xae, 0x1, 0x97,
    0x4, 0x0, 0xe1, 0xc0, 0x1, 0x8f, 0xee, 0x7d,
    0x10, 0x2, 0x44, 0xf, 0x8, 0x2, 0x11, 0x0,
    0x43, 0x2c, 0x1, 0x1e, 0xca, 0x8, 0x0, 0x52,
    0x3d, 0x80, 0x0,

    /* U+0161 "š" */
    0x0, 0x34, 0x38, 0x4, 0x91, 0x2, 0x0, 0x89,
    0xe2, 0x0, 0x76, 0xe4, 0x40, 0x9, 0x28, 0x1d,
    0xb4, 0x12, 0x80, 0x39, 0x5c, 0x24, 0x4e, 0xc0,
    0x3e, 0x89, 0x78, 0xd0, 0xf, 0xe6, 0x87, 0x10,
    0xf, 0xfe, 0x42, 0xd7, 0x7f, 0xb2, 0x0, 0x3a,
    0xe9, 0x44, 0x0, 0x6f, 0xa2, 0x0, 0xa4, 0x0,
    0x2c, 0x38, 0x81, 0x68, 0x1, 0x40, 0x19, 0x4f,
    0x1c, 0x60, 0x68, 0x60, 0x2, 0x30, 0xd, 0xd5,
    0xc8, 0x40, 0x2, 0x40, 0xc, 0x4a, 0x20, 0x28,
    0x0, 0xbb, 0x39, 0x80, 0x7a, 0x88, 0x0, 0x91,
    0x9f, 0x6a, 0x1, 0xe, 0xca, 0x0, 0x64, 0xaa,
    0x0, 0x66, 0xbf, 0xc8, 0x30, 0x2, 0xb0, 0x7,
    0x8d, 0xf1, 0x80, 0x1a, 0x71, 0x68, 0x1, 0xd8,
    0x0, 0x75, 0x74, 0x91, 0x0, 0xd2, 0x0, 0x56,
    0x10, 0x2e, 0xa8, 0xae, 0x30, 0x4, 0x6, 0x88,
    0x1, 0x5d, 0x44, 0x7, 0x4, 0xf, 0xa0, 0xc0,
    0x2, 0x71, 0xc6, 0x0,

    /* U+0162 "Ţ" */
    0xcf, 0xff, 0xfe, 0x18, 0x7, 0xff, 0x19, 0x4c,
    0xf8, 0x80, 0x2, 0x67, 0xe0, 0x9c, 0xce, 0xb0,
    0x2, 0xe6, 0x78, 0x3, 0xff, 0xfe, 0x1, 0xff,
    0xff, 0x0, 0xff, 0xff, 0x80, 0x7f, 0xfe, 0xd9,
    0x46, 0xc0, 0x3f, 0xf8, 0x4c, 0x34, 0xa0, 0x1f,
    0xfc, 0x14, 0x54, 0xa3, 0x0, 0xff, 0xe0, 0x45,
    0x30, 0x20, 0x7, 0xfc, 0x73, 0x26, 0x3, 0x0,
    0xff, 0x95, 0x98, 0x70, 0x80, 0x1c,

    /* U+0163 "ţ" */
    0x0, 0x24, 0x41, 0x0, 0x3d, 0x8e, 0xec, 0x0,
    0xff, 0xe6, 0x5f, 0xb8, 0x1, 0xff, 0xd2, 0x1,
    0xff, 0x6b, 0x98, 0x0, 0xdd, 0xda, 0xd, 0x8,
    0x0, 0x48, 0x82, 0x0, 0x7f, 0xff, 0x7c, 0x3,
    0xff, 0x80, 0x60, 0x1e, 0x40, 0x2, 0x65, 0xb0,
    0x4, 0x6a, 0x0, 0x34, 0xd0, 0xd, 0x50, 0x1,
    0xfc, 0xe6, 0x6f, 0xb0, 0xf, 0x11, 0xe3, 0x0,
    0x7a, 0x5c, 0xa4, 0x80, 0x39, 0xe1, 0x1, 0xc0,
    0x32, 0x4c, 0x94, 0x1c, 0x3, 0x63, 0x30, 0xa4,
    0x80,

    /* U+0164 "Ť" */
    0x0, 0x8e, 0x20, 0x60, 0x13, 0xc3, 0x0, 0x7c,
    0x66, 0x7d, 0x10, 0xb8, 0x75, 0x0, 0xfd, 0x44,
    0x3b, 0x8, 0x16, 0x60, 0x1f, 0x87, 0xc4, 0xdc,
    0x29, 0x0, 0x3f, 0xc5, 0xae, 0xea, 0x50, 0xf,
    0xfe, 0x1, 0xc4, 0x14, 0x3, 0xff, 0x99, 0x9f,
    0xff, 0xfc, 0x30, 0xf, 0xfe, 0x32, 0x99, 0xf1,
    0x0, 0x4, 0xcf, 0xc1, 0x39, 0x9d, 0x60, 0x5,
    0xcc, 0xf0, 0x7, 0xff, 0xfc, 0x3, 0xff, 0xfe,
    0x1, 0xff, 0xff, 0x0, 0xff, 0xfa, 0x80,

    /* U+0165 "ť" */
    0x0, 0xf9, 0x15, 0x0, 0x3e, 0x9a, 0xf0, 0xf,
    0xe2, 0x0, 0xfe, 0xe0, 0x3, 0x6e, 0x98, 0x2,
    0x30, 0x7, 0x11, 0x38, 0x2, 0x60, 0xf, 0xb7,
    0xc8, 0x3, 0xfd, 0x7e, 0xe0, 0x7, 0xff, 0x48,
    0x7, 0xfd, 0xae, 0x60, 0x3, 0x77, 0x68, 0x34,
    0x20, 0x1, 0x22, 0x8, 0x1, 0xff, 0xfd, 0xf0,
    0xf, 0xfe, 0x1, 0x80, 0x79, 0x0, 0x9, 0x96,
    0xc0, 0x11, 0xa8, 0x0, 0xd3, 0x40, 0x35, 0x41,
    0x0, 0x60,

    /* U+0166 "Ŧ" */
    0xcf, 0xff, 0xfe, 0x18, 0x7, 0xff, 0x19, 0x4c,
    0xf8, 0x80, 0x2, 0x67, 0xe0, 0x9c, 0xce, 0xb0,
    0x2, 0xe6, 0x78, 0x3, 0xff, 0xfe, 0x1, 0xff,
    0xc1, 0x8f, 0xfa, 0x40, 0x9, 0xff, 0x68, 0x7,
    0xff, 0x2a, 0xe6, 0x63, 0x0, 0xa6, 0x68, 0x0,
    0xe3, 0x66, 0xa8, 0x0, 0x8c, 0xd2, 0x80, 0x7f,
    0xff, 0xc0, 0x3f, 0xfe, 0x80,

    /* U+0167 "ŧ" */
    0x0, 0x47, 0xfa, 0x0, 0x3f, 0xfa, 0x57, 0xee,
    0x0, 0x7f, 0xf4, 0x80, 0x7f, 0x6b, 0x98, 0x0,
    0xdd, 0xda, 0xd0, 0x80, 0x4, 0x88, 0x20, 0x7,
    0xf5, 0xfb, 0x80, 0x1f, 0xfd, 0x20, 0x1f, 0xd1,
    0x4a, 0x0, 0x5a, 0xa8, 0xd4, 0x80, 0x4, 0xaa,
    0x30, 0xf, 0xfe, 0x47, 0x80, 0x7e, 0x10, 0x1,
    0x80, 0x72, 0x0, 0x13, 0x2d, 0x80, 0x4, 0xa0,
    0x3, 0x4d, 0x0, 0xaa, 0x8, 0x2,

    /* U+0168 "Ũ" */
    0x0, 0xc3, 0x7f, 0xae, 0x2d, 0xf0, 0x1, 0xfa,
    0x50, 0xa, 0x3a, 0x43, 0x0, 0x3f, 0x20, 0x66,
    0x18, 0x44, 0xe8, 0x1, 0xfb, 0x3c, 0xcd, 0x3d,
    0xc8, 0x0, 0xff, 0xed, 0xe7, 0xf9, 0x80, 0x3f,
    0xab, 0xfc, 0xe0, 0x1f, 0xff, 0xf0, 0xf, 0xff,
    0xf8, 0x7, 0xff, 0xa9, 0xc0, 0x3f, 0xf8, 0x82,
    0x0, 0xe0, 0xf, 0xe7, 0x0, 0xe, 0x80, 0x14,
    0x3, 0xf1, 0x10, 0x0, 0xaa, 0x0, 0x14, 0x0,
    0x7d, 0xc0, 0x1, 0x32, 0x50, 0x3, 0xd9, 0x80,
    0x4b, 0xa6, 0x0, 0xb0, 0x5, 0x10, 0x1, 0x33,
    0xfe, 0xa2, 0x0, 0x32, 0x80, 0x5a, 0xa0, 0x1f,
    0xd1, 0x20, 0x1d, 0x58, 0xe6, 0x20, 0x27, 0x1c,
    0xe0, 0x10,

    /* U+0169 "ũ" */
    0x0, 0x16, 0x7f, 0xfa, 0x0, 0x34, 0x98, 0x7,
    0x24, 0x80, 0x6b, 0xff, 0xf5, 0x88, 0x7, 0xff,
    0x43, 0xfe, 0x0, 0xf1, 0xff, 0xb4, 0x3, 0xff,
    0xfe, 0x1, 0xff, 0xe1, 0x20, 0xe, 0x60, 0x8,
    0x80, 0x8, 0x1, 0xde, 0x1, 0x20, 0x2, 0x10,
    0x2, 0x85, 0x0, 0xa8, 0x0, 0x37, 0xb7, 0xce,
    0xc0, 0x11, 0xc0, 0x4, 0x48, 0x29, 0x0, 0x19,
    0xed, 0x4, 0xa, 0x2c, 0x40, 0x20,

    /* U+016A "Ū" */
    0x0, 0xcf, 0xff, 0xf1, 0x80, 0x7f, 0xf3, 0x5b,
    0x33, 0xe3, 0x0, 0xfc, 0x26, 0x7f, 0x0, 0x7f,
    0xf6, 0xf3, 0xfc, 0xc0, 0x1f, 0xd5, 0xfe, 0x70,
    0xf, 0xff, 0xf8, 0x7, 0xff, 0xfc, 0x3, 0xff,
    0xd4, 0xe0, 0x1f, 0xfc, 0x41, 0x0, 0x70, 0x7,
    0xf3, 0x80, 0x7, 0x40, 0xa, 0x1, 0xf8, 0x88,
    0x0, 0x55, 0x0, 0xa, 0x0, 0x3e, 0xe0, 0x0,
    0x99, 0x28, 0x1, 0xec, 0xc0, 0x25, 0xd3, 0x0,
    0x58, 0x2, 0x88, 0x0, 0x99, 0xff, 0x51, 0x0,
    0x19, 0x40, 0x2d, 0x50, 0xf, 0xe8, 0x90, 0xe,
    0xac, 0x73, 0x10, 0x13, 0x8e, 0x70, 0x8,

    /* U+016B "ū" */
    0x0, 0x37, 0xff, 0xc8, 0x1, 0xff, 0xc5, 0x7c,
    0xcf, 0x90, 0x3, 0x9, 0x9f, 0xc0, 0x1f, 0xfc,
    0x4f, 0xf8, 0x3, 0xc7, 0xfe, 0xd0, 0xf, 0xff,
    0xf8, 0x7, 0xff, 0x84, 0x80, 0x39, 0x80, 0x22,
    0x0, 0x20, 0x7, 0x78, 0x4, 0x80, 0x8, 0x40,
    0xa, 0x14, 0x2, 0xa0, 0x0, 0xde, 0xdf, 0x3b,
    0x0, 0x47, 0x0, 0x11, 0x20, 0xa4, 0x0, 0x67,
    0xb4, 0x10, 0x28, 0xb1, 0x0, 0x80,

    /* U+016C "Ŭ" */
    0x0, 0xcd, 0x2, 0x1, 0x1c, 0x20, 0x7, 0xed,
    0x74, 0x0, 0xa5, 0xcc, 0x3, 0xf6, 0x85, 0x98,
    0x32, 0x82, 0x80, 0x7e, 0x64, 0x1c, 0xf9, 0x8,
    0x20, 0xf, 0xeb, 0x82, 0x13, 0xa7, 0x0, 0xff,
    0x9f, 0x7b, 0x14, 0x3, 0xff, 0x97, 0x9f, 0xe6,
    0x0, 0xfe, 0xaf, 0xf3, 0x80, 0x7f, 0xff, 0xc0,
    0x3f, 0xff, 0xe0, 0x1f, 0xfe, 0xa7, 0x0, 0xff,
    0xe2, 0x8, 0x3, 0x80, 0x3f, 0x9c, 0x0, 0x3a,
    0x0, 0x50, 0xf, 0xc4, 0x40, 0x2, 0xa8, 0x0,
    0x50, 0x1, 0xf7, 0x0, 0x4, 0xc9, 0x40, 0xf,
    0x66, 0x1, 0x2e, 0x98, 0x2, 0xc0, 0x14, 0x40,
    0x4, 0xcf, 0xfa, 0x88, 0x0, 0xca, 0x1, 0x6a,
    0x80, 0x7f, 0x44, 0x80, 0x75, 0x63, 0x98, 0x80,
    0x9c, 0x73, 0x80, 0x40,

    /* U+016D "ŭ" */
    0x0, 0x34, 0x8, 0x4, 0x70, 0x80, 0x1b, 0x1d,
    0xc0, 0x15, 0x3e, 0x0, 0x6f, 0x8, 0x40, 0x56,
    0xa, 0x0, 0xca, 0xa1, 0xbf, 0xa0, 0x72, 0x0,
    0xea, 0x82, 0x2, 0x98, 0x0, 0xf9, 0xf7, 0xf5,
    0x80, 0x3f, 0xf8, 0xbf, 0xf0, 0x7, 0x8f, 0xfd,
    0xa0, 0x1f, 0xff, 0xf0, 0xf, 0xff, 0x9, 0x0,
    0x73, 0x0, 0x44, 0x0, 0x40, 0xe, 0xf0, 0x9,
    0x0, 0x10, 0x80, 0x14, 0x28, 0x5, 0x40, 0x1,
    0xbd, 0xbe, 0x76, 0x0, 0x8e, 0x0, 0x22, 0x41,
    0x48, 0x0, 0xcf, 0x68, 0x20, 0x51, 0x62, 0x1,
    0x0,

    /* U+016E "Ů" */
    0x0, 0xf3, 0xf7, 0xea, 0x80, 0x7f, 0xd5, 0x2,
    0x44, 0xa6, 0x0, 0xfe, 0x15, 0x1e, 0xdb, 0xb,
    0x0, 0xfe, 0x20, 0x21, 0x4, 0x2, 0x0, 0xfe,
    0x20, 0x34, 0x7, 0x3, 0x0, 0xfe, 0x18, 0xb,
    0xf8, 0x8, 0x0, 0xff, 0x3d, 0xa1, 0xae, 0xa0,
    0x7, 0xfc, 0x97, 0x94, 0x40, 0x1e, 0xcf, 0xf3,
    0x0, 0x7f, 0x57, 0xf9, 0xc0, 0x3f, 0xff, 0xe0,
    0x1f, 0xff, 0xf0, 0xf, 0xff, 0x53, 0x80, 0x7f,
    0xf1, 0x4, 0x1, 0xc0, 0x1f, 0xce, 0x0, 0x1d,
    0x0, 0x28, 0x7, 0xe2, 0x20, 0x1, 0x54, 0x0,
    0x28, 0x0, 0xfb, 0x80, 0x2, 0x64, 0xa0, 0x7,
    0xb3, 0x0, 0x97, 0x4c, 0x1, 0x60, 0xa, 0x20,
    0x2, 0x67, 0xfd, 0x44, 0x0, 0x65, 0x0, 0xb5,
    0x40, 0x3f, 0xa2, 0x40, 0x3a, 0xb1, 0xcc, 0x40,
    0x4e, 0x39, 0xc0, 0x20,

    /* U+016F "ů" */
    0x0, 0xcd, 0xbf, 0x8a, 0x1, 0xf4, 0x49, 0x9,
    0xd2, 0x80, 0x70, 0xb8, 0x6f, 0x58, 0x58, 0x7,
    0x10, 0x19, 0x2, 0x8, 0x80, 0x38, 0x80, 0xc8,
    0x10, 0x44, 0x1, 0xc2, 0xe1, 0xbd, 0x61, 0x0,
    0x1e, 0x88, 0x10, 0x95, 0x30, 0x7, 0xcf, 0xbf,
    0xaa, 0x1, 0xbf, 0xe0, 0xf, 0x1f, 0xfb, 0x40,
    0x3f, 0xff, 0xe0, 0x1f, 0xfe, 0x12, 0x0, 0xe6,
    0x0, 0x88, 0x0, 0x80, 0x1d, 0xe0, 0x12, 0x0,
    0x21, 0x0, 0x28, 0x50, 0xa, 0x80, 0x3, 0x7b,
    0x7c, 0xec, 0x1, 0x1c, 0x0, 0x44, 0x82, 0x90,
    0x1, 0x9e, 0xd0, 0x40, 0xa2, 0xc4, 0x2,

    /* U+0170 "Ű" */
    0x0, 0xec, 0xff, 0x18, 0x47, 0xf9, 0xc0, 0x3e,
    0x23, 0x5, 0x32, 0x70, 0x47, 0x0, 0xfa, 0x80,
    0x16, 0x10, 0x3, 0x40, 0x1f, 0x94, 0x1c, 0x4d,
    0x42, 0x84, 0x3, 0xf7, 0x64, 0x1, 0x66, 0x10,
    0x3, 0xf8, 0xcc, 0x0, 0x13, 0x30, 0x7, 0xff,
    0x2f, 0x3f, 0xcc, 0x1, 0xfd, 0x5f, 0xe7, 0x0,
    0xff, 0xff, 0x80, 0x7f, 0xff, 0xc0, 0x3f, 0xfd,
    0x4e, 0x1, 0xff, 0xc4, 0x10, 0x7, 0x0, 0x7f,
    0x38, 0x0, 0x74, 0x0, 0xa0, 0x1f, 0x88, 0x80,
    0x5, 0x50, 0x0, 0xa0, 0x3, 0xee, 0x0, 0x9,
    0x92, 0x80, 0x1e, 0xcc, 0x2, 0x5d, 0x30, 0x5,
    0x80, 0x28, 0x80, 0x9, 0x9f, 0xf5, 0x10, 0x1,
    0x94, 0x2, 0xd5, 0x0, 0xfe, 0x89, 0x0, 0xea,
    0xc7, 0x31, 0x1, 0x38, 0xe7, 0x0, 0x80,

    /* U+0171 "ű" */
    0x0, 0x88, 0xcc, 0x20, 0x26, 0x62, 0x0, 0xdf,
    0x98, 0x0, 0x5e, 0x61, 0xc0, 0x22, 0x20, 0x38,
    0x92, 0x83, 0x28, 0x5, 0x40, 0x32, 0x12, 0x5,
    0x20, 0x19, 0x82, 0x45, 0x10, 0x1e, 0x1, 0xdd,
    0xee, 0x9, 0xfe, 0x20, 0xf, 0xfe, 0x27, 0xfc,
    0x1, 0xe3, 0xff, 0x68, 0x7, 0xff, 0xfc, 0x3,
    0xff, 0xc2, 0x40, 0x1c, 0xc0, 0x11, 0x0, 0x10,
    0x3, 0xbc, 0x2, 0x40, 0x4, 0x20, 0x5, 0xa,
    0x1, 0x50, 0x0, 0x6f, 0x6f, 0x9d, 0x80, 0x23,
    0x80, 0x8, 0x90, 0x52, 0x0, 0x33, 0xda, 0x8,
    0x14, 0x58, 0x80, 0x40,

    /* U+0172 "Ų" */
    0xcf, 0xf3, 0x0, 0x7f, 0x57, 0xf9, 0xc0, 0x3f,
    0xff, 0xe0, 0x1f, 0xff, 0xf0, 0xf, 0xff, 0x53,
    0x80, 0x7f, 0xf0, 0xf4, 0x40, 0x1c, 0x1, 0xfc,
    0xe0, 0x6, 0xd0, 0x2, 0x80, 0x7e, 0x22, 0x0,
    0x2d, 0x40, 0x5, 0x0, 0x1f, 0x70, 0x4, 0xe4,
    0xa0, 0x7, 0xb3, 0x0, 0x97, 0x4c, 0x0, 0x60,
    0xa, 0x20, 0x2, 0x67, 0xfd, 0x44, 0x1, 0x60,
    0x5, 0xaa, 0x1, 0xfe, 0xf0, 0xe, 0xac, 0x73,
    0x10, 0xd, 0x1e, 0x1, 0xf1, 0xc6, 0x48, 0x1,
    0xfd, 0xc0, 0x3f, 0xd1, 0x0, 0xb8, 0x0, 0xff,
    0xe0, 0x38, 0x1a, 0x0, 0x7f, 0xf0, 0xcd, 0x5c,
    0x40, 0x3f, 0xe4, 0x0, 0x54, 0x48, 0x7, 0xfd,
    0x4c, 0x20, 0x7c, 0x1, 0xc0,

    /* U+0173 "ų" */
    0xff, 0x80, 0x3c, 0x7f, 0xed, 0x0, 0xff, 0xff,
    0x80, 0x7f, 0xfa, 0xc8, 0x3, 0x98, 0x3, 0x10,
    0x1, 0x0, 0x3b, 0xc0, 0x32, 0x0, 0x21, 0x0,
    0x28, 0x50, 0xd, 0x40, 0x1, 0xbd, 0xbe, 0x76,
    0x0, 0xc7, 0x0, 0x11, 0x20, 0xa4, 0x0, 0x73,
    0xda, 0x8, 0x14, 0x59, 0x0, 0x8, 0x2, 0x4b,
    0xef, 0xd7, 0x3c, 0x3, 0xe0, 0xf, 0xee, 0x2,
    0xc1, 0x0, 0xfc, 0x64, 0x8, 0x1, 0xff, 0xc1,
    0x45, 0x70, 0xf, 0xc6, 0x40, 0x55, 0xa, 0x1,
    0xfb, 0xd4, 0x40, 0xc4,

    /* U+0174 "Ŵ" */
    0x0, 0xff, 0xe0, 0x1c, 0x41, 0x0, 0x3f, 0xf9,
    0x67, 0x8e, 0xeb, 0x30, 0xf, 0xfe, 0x49, 0x68,
    0x23, 0x6, 0x90, 0x7, 0xff, 0x1c, 0x7c, 0x4a,
    0xe4, 0xc7, 0xc4, 0x3, 0xff, 0x8c, 0xaa, 0x7f,
    0x0, 0x6b, 0xaa, 0x80, 0x3f, 0xf8, 0xc9, 0x10,
    0x20, 0x0, 0xc4, 0x10, 0x3, 0xff, 0xb2, 0x5f,
    0xf0, 0x80, 0x7d, 0x9f, 0xed, 0x0, 0xfd, 0xff,
    0x21, 0x8, 0x1, 0x0, 0x3e, 0x30, 0x1, 0x8,
    0x7, 0x90, 0x2, 0x40, 0x40, 0x6, 0x0, 0x79,
    0x0, 0x32, 0x0, 0x7b, 0x0, 0x8, 0x0, 0xc0,
    0x2, 0x0, 0x7b, 0x0, 0x36, 0x0, 0x79, 0x0,
    0x18, 0x0, 0x70, 0x1, 0x8, 0x7, 0x20, 0x9,
    0x2, 0x0, 0x78, 0xc0, 0x8, 0x0, 0x12, 0x0,
    0x20, 0x7, 0x18, 0x2b, 0x81, 0x8, 0x6, 0x40,
    0x0, 0x98, 0x4, 0x80, 0xc, 0x0, 0xc8, 0x0,
    0x3d, 0x0, 0x20, 0x6, 0xc0, 0x2, 0x0, 0x6c,
    0x0, 0x20, 0x6, 0xc0, 0x6, 0x20, 0x3, 0x0,
    0x32, 0x0, 0x30, 0x3, 0x20, 0x0, 0x84, 0x2,
    0x40, 0x2, 0x98, 0x1, 0x0, 0x31, 0x80, 0x10,
    0x3, 0x9, 0x80, 0x14, 0x0, 0x26, 0x4, 0x20,
    0x60, 0x42, 0x0, 0x30, 0x1, 0x10, 0x3, 0x90,
    0x1, 0x80, 0x5, 0x0, 0x28, 0x2, 0xc0, 0x8,
    0x0, 0x40, 0x2, 0x0, 0x7b, 0x0, 0x8, 0x0,
    0xc0, 0x6, 0x0, 0x10, 0x1, 0x80, 0xc, 0x0,
    0x60, 0x7, 0x90, 0x0, 0x60, 0x4, 0x0, 0x20,
    0x0, 0xc0, 0x8, 0x0, 0x40, 0x2, 0x0, 0x7c,
    0x60, 0x3, 0x3, 0x3, 0x0, 0xc8, 0x4, 0x24,
    0x0, 0x21, 0x0, 0xfa, 0xc0, 0x8, 0x60, 0x4,
    0x0, 0xd8, 0x0, 0x54, 0x0, 0x28, 0x7, 0xe4,
    0x0, 0x6a, 0x0, 0x30, 0x3, 0x20, 0x3, 0x3c,
    0x1, 0x80, 0x1f, 0x8c, 0x0, 0xfa, 0x0, 0x40,
    0xc, 0x62, 0x6, 0xa0, 0x4, 0x0, 0xfe, 0x40,
    0x27, 0x4, 0x0, 0xf2, 0x2, 0x98, 0x18, 0x7,
    0xfb, 0x0, 0x4, 0x18, 0x1, 0xec, 0x1, 0x0,
    0x58, 0x7, 0xf9, 0x40, 0x32, 0x0, 0x79, 0x0,
    0x32, 0x0, 0x7f, 0x88, 0x40, 0x23, 0x0, 0xf1,
    0x8, 0x4, 0x60, 0x1c,

    /* U+0175 "ŵ" */
    0x0, 0xfe, 0x3f, 0xf9, 0x40, 0x3f, 0xf8, 0xa5,
    0xa0, 0x41, 0x46, 0x1, 0xff, 0xc3, 0x1f, 0x13,
    0xd5, 0xd, 0x20, 0xf, 0xfe, 0x16, 0x90, 0xe8,
    0x51, 0xf, 0x88, 0x7, 0xff, 0x7, 0x3f, 0x84,
    0x1, 0xbf, 0xa2, 0x1, 0xff, 0xd1, 0x1f, 0xf8,
    0x40, 0x3b, 0xfe, 0x30, 0xe, 0xef, 0xf2, 0x9,
    0x80, 0x10, 0x3, 0x20, 0x5, 0x60, 0x18, 0x84,
    0x0, 0x80, 0x80, 0xc, 0x0, 0xd8, 0x1, 0x20,
    0x6, 0x40, 0x2, 0x0, 0x2c, 0x0, 0x80, 0x19,
    0x0, 0x23, 0x0, 0xd8, 0x0, 0xd0, 0x1, 0x88,
    0x10, 0x80, 0x46, 0xc, 0x0, 0x40, 0x9, 0x0,
    0x8, 0x1, 0x20, 0x1, 0x0, 0x8, 0x0, 0xb0,
    0x6, 0x0, 0x8, 0x40, 0x88, 0x1, 0x78, 0x3,
    0x0, 0x18, 0x2, 0x48, 0x8, 0x0, 0x40, 0x2,
    0x0, 0x64, 0x0, 0x20, 0x1, 0x1, 0x3, 0x0,
    0xc0, 0x18, 0x0, 0xd0, 0xc, 0x26, 0x4, 0x20,
    0x61, 0x80, 0x80, 0x3, 0x4, 0x0, 0x20, 0x7,
    0x58, 0x1, 0x10, 0x0, 0x40, 0x30, 0x2, 0x8,
    0x81, 0x0, 0x3c, 0x80, 0xd, 0x30, 0x12, 0x0,
    0x20, 0x6a, 0x0, 0x34, 0x3, 0xc6, 0x20, 0x9a,
    0xe, 0x1, 0x68, 0x26, 0x0, 0x1c, 0x3, 0xe4,
    0x3, 0x40, 0xc0, 0x9, 0x0, 0x50, 0x8, 0x40,
    0x3e, 0xf0, 0x0, 0x82, 0x0, 0x44, 0x40, 0x20,
    0x50, 0xf, 0xc8, 0x1, 0x18, 0x80, 0x64, 0x0,
    0xb0, 0x3, 0xf0, 0x98, 0x1, 0x0, 0x3b, 0x0,
    0x24, 0x0, 0xc0,

    /* U+0176 "Ŷ" */
    0x0, 0xfc, 0x6a, 0xa0, 0xf, 0xfe, 0x1a, 0x65,
    0x52, 0xc0, 0x3f, 0xf8, 0x27, 0x60, 0xa2, 0x92,
    0x1, 0xff, 0x16, 0x82, 0x55, 0x1, 0x9c, 0x3,
    0xfd, 0x6a, 0x94, 0x9, 0x9, 0x84, 0x1, 0xfd,
    0x37, 0x61, 0x0, 0x3d, 0xd8, 0x80, 0x3f, 0xf9,
    0x63, 0xdf, 0xe9, 0x0, 0xfe, 0x2f, 0xf9, 0xc6,
    0x0, 0xc, 0x60, 0x1f, 0xa0, 0x0, 0x4e, 0xc,
    0x60, 0xf, 0x0, 0xf8, 0xd4, 0x1, 0x0, 0x17,
    0x80, 0xd, 0x40, 0x3d, 0xe0, 0x4, 0x50, 0x8,
    0xd4, 0x1, 0x0, 0x1c, 0xa6, 0x0, 0x90, 0xe,
    0xb0, 0x1, 0x38, 0x6, 0xb0, 0x3, 0x90, 0x7,
    0xc, 0x0, 0x20, 0x40, 0x10, 0x20, 0x30, 0x1,
    0xf3, 0x90, 0x2, 0x0, 0x5c, 0x1, 0x60, 0x1f,
    0xd2, 0x0, 0x62, 0x90, 0x1, 0xa8, 0x7, 0xf2,
    0x28, 0x2, 0x1c, 0x1, 0xe0, 0x1f, 0xf5, 0x80,
    0x14, 0x0, 0xc6, 0x1, 0xff, 0xc, 0x0, 0x43,
    0x0, 0x1f, 0xfc, 0x17, 0x10, 0x4, 0x88, 0x7,
    0xff, 0x8, 0x80, 0x4, 0x1, 0xff, 0xff, 0x0,
    0xff, 0xfa, 0x80,

    /* U+0177 "ŷ" */
    0x0, 0xf5, 0x7f, 0xb0, 0x3, 0xfe, 0x95, 0x1,
    0x3a, 0x0, 0xfe, 0x76, 0xb, 0xd0, 0x58, 0x0,
    0xf9, 0x60, 0x21, 0xe, 0x41, 0xd8, 0x3, 0xcb,
    0xfe, 0x70, 0x3, 0x7f, 0x98, 0x3, 0xff, 0x8e,
    0x7f, 0xf0, 0x80, 0x7d, 0xdf, 0xe4, 0x32, 0x0,
    0x38, 0x7, 0x90, 0x40, 0x50, 0x28, 0x1, 0xa0,
    0x1e, 0xd0, 0x3, 0x80, 0x18, 0x0, 0x82, 0x1,
    0xce, 0x0, 0xa0, 0x0, 0xa0, 0x1, 0xc0, 0x32,
    0x8, 0x11, 0x80, 0x5a, 0x0, 0xd0, 0xd, 0xa0,
    0xa, 0x0, 0xcc, 0x0, 0x41, 0x0, 0x9c, 0x0,
    0xc0, 0x1c, 0xa0, 0x7, 0x0, 0x20, 0x82, 0x8,
    0x7, 0x70, 0x3, 0x40, 0x1c, 0x0, 0xe0, 0xf,
    0x20, 0x82, 0x0, 0x14, 0x0, 0xa0, 0x1f, 0x38,
    0x1, 0x50, 0x0, 0xa0, 0x1f, 0xa8, 0x1, 0x9a,
    0x0, 0xe0, 0xf, 0xc6, 0x40, 0x88, 0x1, 0x40,
    0xf, 0xea, 0x2, 0x20, 0x30, 0x7, 0xf9, 0x80,
    0x35, 0x0, 0x7f, 0x85, 0x0, 0x6, 0x40, 0x1f,
    0xfc, 0x2a, 0x0, 0xff, 0xe0, 0x20, 0x1, 0xc0,
    0x3f, 0xe8, 0x0, 0x28, 0x80, 0x7e, 0x7b, 0xc7,
    0x0, 0x40, 0x7, 0xf5, 0x21, 0x80, 0x24, 0x80,
    0x3f, 0x8, 0x0, 0x52, 0xd8, 0x3, 0xf0,

    /* U+0178 "Ÿ" */
    0x0, 0xe5, 0xec, 0x10, 0x3, 0xfd, 0x80, 0x7f,
    0xa0, 0x4e, 0x40, 0x10, 0x8, 0xa0, 0x1f, 0xcc,
    0x0, 0xe0, 0x0, 0x80, 0x18, 0x3, 0xfa, 0x9e,
    0x58, 0x1, 0x8f, 0x46, 0x1, 0xfc, 0x30, 0xc0,
    0x11, 0x42, 0x80, 0x7f, 0xf3, 0x7, 0xbf, 0xd2,
    0x1, 0xfc, 0x5f, 0xf3, 0x8c, 0x0, 0x18, 0xc0,
    0x3f, 0x40, 0x0, 0x9c, 0x18, 0xc0, 0x1e, 0x1,
    0xf1, 0xa8, 0x2, 0x0, 0x2f, 0x0, 0x1a, 0x80,
    0x7b, 0xc0, 0x8, 0xa0, 0x11, 0xa8, 0x2, 0x0,
    0x39, 0x4c, 0x1, 0x20, 0x1d, 0x60, 0x2, 0x70,
    0xd, 0x60, 0x7, 0x20, 0xe, 0x18, 0x0, 0x40,
    0x80, 0x20, 0x40, 0x60, 0x3, 0xe7, 0x20, 0x4,
    0x0, 0xb8, 0x2, 0xc0, 0x3f, 0xa4, 0x0, 0xc5,
    0x20, 0x3, 0x50, 0xf, 0xe4, 0x50, 0x4, 0x38,
    0x3, 0xc0, 0x3f, 0xeb, 0x0, 0x28, 0x1, 0x8c,
    0x3, 0xfe, 0x18, 0x0, 0x86, 0x0, 0x3f, 0xf8,
    0x2e, 0x20, 0x9, 0x10, 0xf, 0xfe, 0x11, 0x0,
    0x8, 0x3, 0xff, 0xfe, 0x1, 0xff, 0xf5,

    /* U+0179 "Ź" */
    0x0, 0xfc, 0x26, 0x62, 0x0, 0xff, 0xe0, 0x5e,
    0x61, 0x80, 0x3f, 0xe1, 0x50, 0x54, 0x0, 0xff,
    0xa4, 0x6, 0xc0, 0x3f, 0xf8, 0xe, 0x10, 0x20,
    0x1f, 0xfc, 0xf, 0xf3, 0x0, 0x7f, 0xf2, 0x9b,
    0xff, 0xff, 0x84, 0x60, 0x1f, 0xfc, 0x42, 0x44,
    0xff, 0x10, 0x0, 0x49, 0x2e, 0xff, 0xa8, 0xc0,
    0x16, 0x20, 0x1f, 0xea, 0x10, 0x55, 0x0, 0x7f,
    0x99, 0x0, 0x6c, 0x3, 0xfc, 0x32, 0x0, 0xb1,
    0x0, 0xff, 0x50, 0x1, 0x54, 0x1, 0xfe, 0x64,
    0x1, 0xb0, 0xf, 0xf0, 0xc8, 0x2, 0xc4, 0x3,
    0xfd, 0x40, 0x5, 0x50, 0x7, 0xf9, 0x90, 0x6,
    0xc0, 0x3f, 0xc3, 0x20, 0xb, 0x10, 0xf, 0xf5,
    0x0, 0x11, 0x40, 0x3f, 0xcc, 0x80, 0x34, 0x1,
    0xfe, 0x19, 0x0, 0x58, 0x80, 0x7f, 0xa8, 0x0,
    0xaa, 0x0, 0xff, 0x32, 0x1, 0x50, 0x7, 0xf8,
    0x60, 0x2, 0xbb, 0xff, 0x1a, 0x88, 0x0, 0x91,
    0x3f, 0xcc, 0x1, 0xff, 0xc4,

    /* U+017A "ź" */
    0x0, 0xfb, 0x7f, 0xc6, 0x1, 0xf9, 0x8, 0x1c,
    0xc0, 0x3f, 0x78, 0x14, 0x0, 0x7e, 0x24, 0x9,
    0x0, 0xfe, 0x3c, 0xc2, 0x0, 0x7f, 0x9, 0x98,
    0x3, 0xdf, 0xff, 0xf5, 0x80, 0x7f, 0xf0, 0x8c,
    0xfe, 0x20, 0xb, 0x3, 0x33, 0xe4, 0x0, 0x1b,
    0x80, 0x7c, 0xac, 0x0, 0xe0, 0xf, 0x8a, 0x80,
    0x14, 0x40, 0x1f, 0x70, 0x1, 0x54, 0x1, 0xf4,
    0x98, 0x15, 0x0, 0x7c, 0xac, 0x0, 0xe0, 0xf,
    0x86, 0xc0, 0x10, 0x60, 0x1f, 0x68, 0x82, 0x38,
    0x7, 0xd0, 0x60, 0x34, 0x1, 0xf2, 0x38, 0x2,
    0x84, 0x3, 0xc3, 0x40, 0x14, 0x66, 0x7a, 0xd4,
    0x40, 0x23, 0x3f, 0x90, 0x3, 0xff, 0x82,

    /* U+017B "Ż" */
    0x0, 0xf2, 0x77, 0x10, 0x3, 0xff, 0x81, 0x22,
    0x28, 0x0, 0xff, 0xe0, 0x30, 0x1, 0xc0, 0x3f,
    0xf8, 0x14, 0xcc, 0xa0, 0xf, 0xfe, 0x0, 0xcc,
    0x84, 0x3, 0xff, 0x94, 0xdf, 0xff, 0xfc, 0x23,
    0x0, 0xff, 0xe2, 0x12, 0x27, 0xf8, 0x80, 0x2,
    0x49, 0x77, 0xfd, 0x46, 0x0, 0xb1, 0x0, 0xff,
    0x50, 0x82, 0xa8, 0x3, 0xfc, 0xc8, 0x3, 0x60,
    0x1f, 0xe1, 0x90, 0x5, 0x88, 0x7, 0xfa, 0x80,
    0xa, 0xa0, 0xf, 0xf3, 0x20, 0xd, 0x80, 0x7f,
    0x86, 0x40, 0x16, 0x20, 0x1f, 0xea, 0x0, 0x2a,
    0x80, 0x3f, 0xcc, 0x80, 0x36, 0x1, 0xfe, 0x19,
    0x0, 0x58, 0x80, 0x7f, 0xa8, 0x0, 0x8a, 0x1,
    0xfe, 0x64, 0x1, 0xa0, 0xf, 0xf0, 0xc8, 0x2,
    0xc4, 0x3, 0xfd, 0x40, 0x5, 0x50, 0x7, 0xf9,
    0x90, 0xa, 0x80, 0x3f, 0xc3, 0x0, 0x15, 0xdf,
    0xf8, 0xd4, 0x40, 0x4, 0x89, 0xfe, 0x60, 0xf,
    0xfe, 0x20,

    /* U+017C "ż" */
    0x0, 0xe7, 0xfc, 0x10, 0xf, 0xc3, 0x0, 0x72,
    0x1, 0xf8, 0x40, 0x2f, 0x0, 0xfe, 0xc5, 0x87,
    0x0, 0xfe, 0x3a, 0x70, 0xf, 0xfe, 0x3f, 0xff,
    0xfd, 0x60, 0x1f, 0xfc, 0x23, 0x3f, 0x88, 0x2,
    0xc0, 0xcc, 0xf9, 0x0, 0x6, 0xe0, 0x1f, 0x2b,
    0x0, 0x38, 0x3, 0xe2, 0xa0, 0x5, 0x10, 0x7,
    0xdc, 0x0, 0x55, 0x0, 0x7d, 0x26, 0x5, 0x40,
    0x1f, 0x2b, 0x0, 0x38, 0x3, 0xe1, 0xb0, 0x4,
    0x18, 0x7, 0xda, 0x20, 0x8e, 0x1, 0xf4, 0x18,
    0xd, 0x0, 0x7c, 0x8e, 0x0, 0xa1, 0x0, 0xf0,
    0xd0, 0x5, 0x19, 0x9e, 0xb5, 0x10, 0x8, 0xcf,
    0xe4, 0x0, 0xff, 0xe0, 0x80,

    /* U+017D "Ž" */
    0x0, 0x92, 0x20, 0x20, 0x2, 0x88, 0x20, 0x7,
    0x95, 0x4f, 0xa0, 0xf, 0x75, 0x50, 0x7, 0x87,
    0xc4, 0xea, 0x84, 0x3e, 0x20, 0x1f, 0x16, 0x82,
    0xa8, 0x34, 0x80, 0x3f, 0x8e, 0xdd, 0xd6, 0x60,
    0x1f, 0xf2, 0x44, 0x10, 0x3, 0xff, 0x94, 0xdf,
    0xff, 0xfc, 0x23, 0x0, 0xff, 0xe2, 0x12, 0x27,
    0xf8, 0x80, 0x2, 0x49, 0x77, 0xfd, 0x46, 0x0,
    0xb1, 0x0, 0xff, 0x50, 0x82, 0xa8, 0x3, 0xfc,
    0xc8, 0x3, 0x60, 0x1f, 0xe1, 0x90, 0x5, 0x88,
    0x7, 0xfa, 0x80, 0xa, 0xa0, 0xf, 0xf3, 0x20,
    0xd, 0x80, 0x7f, 0x86, 0x40, 0x16, 0x20, 0x1f,
    0xea, 0x0, 0x2a, 0x80, 0x3f, 0xcc, 0x80, 0x36,
    0x1, 0xfe, 0x19, 0x0, 0x58, 0x80, 0x7f, 0xa8,
    0x0, 0x8a, 0x1, 0xfe, 0x64, 0x1, 0xa0, 0xf,
    0xf0, 0xc8, 0x2, 0xc4, 0x3, 0xfd, 0x40, 0x5,
    0x50, 0x7, 0xf9, 0x90, 0xa, 0x80, 0x3f, 0xc3,
    0x0, 0x15, 0xdf, 0xf8, 0xd4, 0x40, 0x4, 0x89,
    0xfe, 0x60, 0xf, 0xfe, 0x20,

    /* U+017E "ž" */
    0x0, 0x57, 0xf8, 0xc0, 0x17, 0xfe, 0x20, 0xa,
    0x90, 0x34, 0x61, 0x2, 0xc8, 0x3, 0x51, 0xe,
    0x38, 0x52, 0x0, 0x70, 0xe0, 0x90, 0x42, 0x80,
    0x7c, 0x3d, 0xfe, 0x70, 0xf, 0xfe, 0x37, 0xff,
    0xfd, 0x60, 0x1f, 0xfc, 0x23, 0x3f, 0x88, 0x2,
    0xc0, 0xcc, 0xf9, 0x0, 0x6, 0xe0, 0x1f, 0x2b,
    0x0, 0x38, 0x3, 0xe2, 0xa0, 0x5, 0x10, 0x7,
    0xdc, 0x0, 0x55, 0x0, 0x7d, 0x26, 0x5, 0x40,
    0x1f, 0x2b, 0x0, 0x38, 0x3, 0xe1, 0xb0, 0x4,
    0x18, 0x7, 0xda, 0x20, 0x8e, 0x1, 0xf4, 0x18,
    0xd, 0x0, 0x7c, 0x8e, 0x0, 0xa1, 0x0, 0xf0,
    0xd0, 0x5, 0x19, 0x9e, 0xb5, 0x10, 0x8, 0xcf,
    0xe4, 0x0, 0xff, 0xe0, 0x80,

    /* U+017F "ſ" */
    0x1, 0x8d, 0xfe, 0xb0, 0x1c, 0x72, 0x1, 0x70,
    0x82, 0x0, 0x1a, 0x58, 0x20, 0x2, 0x72, 0xdc,
    0x8, 0x0, 0xe0, 0x1f, 0x8, 0x7, 0xff, 0xfc,
    0x3, 0xff, 0xda,

    /* U+2014 "—" */
    0xbb, 0xff, 0xe8, 0x22, 0x7f, 0xf4, 0x0, 0x3f,
    0xfa, 0x0,

    /* U+2026 "…" */
    0x0, 0x8, 0x7, 0xc2, 0x1, 0xf8, 0x40, 0x7,
    0xdc, 0xa0, 0xe, 0xae, 0xe1, 0x80, 0x63, 0xee,
    0x50, 0x48, 0x82, 0x90, 0x4, 0x6a, 0x3, 0x20,
    0x1a, 0x4, 0x14, 0x80, 0x3f, 0x8, 0x7, 0xe1,
    0x0, 0xd0, 0x61, 0x4, 0x1, 0x13, 0x81, 0xc0,
    0x6, 0x83, 0x8, 0x20,

    /* U+F001 "" */
    0x0, 0xff, 0xe6, 0x89, 0x80, 0x7f, 0xf2, 0xce,
    0x37, 0xb2, 0x40, 0x3f, 0xf8, 0xc2, 0xb5, 0xd8,
    0xe4, 0x0, 0x60, 0xf, 0xfe, 0x19, 0x3e, 0x75,
    0x28, 0x80, 0x7f, 0xf1, 0x92, 0x7b, 0x60, 0xc0,
    0x3f, 0xf8, 0xc2, 0xd7, 0xf6, 0xc2, 0x1, 0xff,
    0xc8, 0x8e, 0x94, 0x0, 0xff, 0xe6, 0x38, 0x7,
    0xff, 0x78, 0x59, 0x0, 0x3f, 0xf9, 0x47, 0x19,
    0xd2, 0x60, 0x1f, 0xfc, 0x61, 0x5a, 0xec, 0x73,
    0x0, 0xff, 0xe3, 0x13, 0xdf, 0x52, 0x88, 0x7,
    0xff, 0x1d, 0x77, 0x50, 0x80, 0x1f, 0xfc, 0xb2,
    0x20, 0x7, 0xff, 0xfc, 0x3, 0xff, 0xf8, 0x2f,
    0x59, 0x48, 0x1, 0xff, 0xc9, 0x5e, 0x85, 0x35,
    0x30, 0xf, 0xfe, 0x41, 0x50, 0x7, 0xff, 0x0,
    0x4c, 0xc2, 0x1, 0xfe, 0x50, 0xf, 0xf8, 0xf3,
    0xb3, 0x1c, 0x1, 0xfe, 0x20, 0xf, 0xe2, 0x5c,
    0x30, 0xf, 0xfe, 0x12, 0xa0, 0x7, 0xe9, 0x80,
    0xf, 0xfe, 0x2d, 0xc0, 0x80, 0x64, 0xd4, 0x20,
    0xf, 0xef, 0x0, 0xfc, 0xfd, 0xcc, 0xdf, 0xb2,
    0x5, 0x0, 0xfe, 0x50, 0xf, 0xf0, 0x99, 0x0,
    0x6a, 0x50, 0xf, 0xd, 0x90, 0x7, 0xff, 0x1a,
    0xb6, 0x15, 0x4d, 0x5c, 0x80, 0x1f, 0xfc, 0x60,

    /* U+F008 "" */
    0x9b, 0x0, 0xb3, 0xff, 0xff, 0x89, 0x60, 0x15,
    0xcb, 0x2a, 0x24, 0x40, 0x1f, 0xfc, 0x45, 0x44,
    0x95, 0x80, 0x6e, 0xe1, 0x0, 0x2a, 0xff, 0xf0,
    0x0, 0x3, 0x77, 0x8, 0x4, 0xef, 0x0, 0xa,
    0xab, 0xff, 0x80, 0x20, 0x7, 0x78, 0x2, 0x38,
    0x88, 0xc0, 0x3f, 0xf8, 0x89, 0x11, 0x18, 0x7,
    0xff, 0x48, 0x40, 0x21, 0x0, 0xff, 0xe2, 0x30,
    0x4, 0x20, 0x2, 0xff, 0x88, 0x3, 0xff, 0x88,
    0x5f, 0xf1, 0x0, 0x46, 0x70, 0x0, 0xc0, 0x3f,
    0xf8, 0x66, 0x70, 0x4, 0x79, 0x91, 0x80, 0xee,
    0xff, 0xf0, 0x4, 0xf, 0x32, 0x30, 0xf, 0xe2,
    0x2f, 0xfe, 0x0, 0x1, 0xc0, 0x3f, 0xf8, 0x24,
    0x5f, 0xfc, 0x0, 0x3, 0x80, 0x78, 0xf3, 0x23,
    0x1, 0xdd, 0xff, 0xe0, 0x8, 0x1e, 0x64, 0x60,
    0x11, 0x9c, 0x0, 0x30, 0xf, 0xfe, 0x19, 0x9c,
    0x1, 0x17, 0xfc, 0x40, 0x1f, 0xfc, 0x42, 0xff,
    0x88, 0x0, 0x20, 0x10, 0x80, 0x7f, 0xf1, 0x18,
    0x2, 0x10, 0xf, 0xfe, 0x91, 0xc4, 0x46, 0x1,
    0xff, 0xc4, 0x48, 0x88, 0xc0, 0x27, 0x78, 0x0,
    0x55, 0x5f, 0xfc, 0x1, 0x0, 0x3b, 0xc0, 0x10,
    0xdd, 0xc2, 0x0, 0x55, 0xff, 0xe0, 0x0, 0x6,
    0xee, 0x10, 0x55, 0x22, 0x44, 0x1, 0xff, 0xc4,
    0x54, 0x49, 0x58,

    /* U+F00B "" */
    0x9f, 0xff, 0x58, 0x2, 0xbf, 0xff, 0xf8, 0x92,
    0xc0, 0x1e, 0x42, 0x15, 0x0, 0xff, 0xe2, 0x30,
    0x7, 0xff, 0xfc, 0x3, 0xff, 0xb2, 0xa0, 0x1e,
    0x32, 0x13, 0x0, 0xff, 0xe2, 0x2d, 0x7f, 0xfb,
    0x0, 0x19, 0xff, 0xff, 0xc4, 0xa0, 0xf, 0xfe,
    0x84, 0xff, 0xfa, 0xc0, 0x17, 0xff, 0xff, 0xc4,
    0x96, 0x0, 0xf2, 0x10, 0xa0, 0x7, 0xff, 0x11,
    0x80, 0x3f, 0xff, 0xe0, 0x1f, 0xfd, 0x95, 0x0,
    0xf1, 0x90, 0xa0, 0x7, 0xff, 0x11, 0xab, 0xff,
    0xd8, 0x0, 0xbf, 0xff, 0xfe, 0x24, 0x80, 0x7f,
    0xf4, 0x2b, 0xff, 0xd8, 0x0, 0xcf, 0xff, 0xfe,
    0x25, 0x28, 0x7, 0x8c, 0x84, 0xc0, 0x3f, 0xf8,
    0x8a, 0x1, 0xff, 0xff, 0x0, 0xff, 0xec, 0xb0,
    0x7, 0x90, 0x85, 0x40, 0x3f, 0xf8, 0x8c,

    /* U+F00C "" */
    0x0, 0xff, 0xe5, 0xb7, 0x48, 0x7, 0xff, 0x31,
    0xa4, 0x5a, 0x80, 0x3f, 0xf9, 0x4d, 0x20, 0x12,
    0xc8, 0x7, 0xff, 0x21, 0xa4, 0x3, 0x98, 0x3,
    0xff, 0x8e, 0xd2, 0x1, 0xe7, 0x0, 0xff, 0xe3,
    0x34, 0x80, 0x79, 0xe0, 0x3, 0xff, 0x8a, 0xd2,
    0x1, 0xe7, 0x80, 0xa, 0x39, 0x40, 0x3f, 0xe6,
    0x90, 0xf, 0x3c, 0x0, 0x52, 0xe3, 0x4c, 0x1,
    0xfc, 0xd2, 0x1, 0xe7, 0x80, 0xa, 0x58, 0x2,
    0x96, 0x0, 0xf9, 0xa4, 0x3, 0xcf, 0x0, 0x19,
    0x80, 0x3a, 0x58, 0x3, 0x9a, 0x40, 0x3c, 0xf0,
    0x1, 0xce, 0x1, 0xe9, 0x60, 0x9, 0xa4, 0x3,
    0xcf, 0x0, 0x1e, 0x87, 0x0, 0xf4, 0xb0, 0x34,
    0x80, 0x79, 0xe0, 0x3, 0xf4, 0x38, 0x7, 0xa6,
    0xa4, 0x3, 0xcf, 0x0, 0x1f, 0xe8, 0x70, 0xf,
    0x28, 0x7, 0x9e, 0x0, 0x3f, 0xf8, 0x10, 0xe0,
    0x1f, 0xf3, 0xc0, 0x7, 0xff, 0xa, 0x1c, 0x3,
    0xf9, 0xe0, 0x3, 0xff, 0x89, 0xe, 0x1, 0xf4,
    0x40, 0x3, 0xff, 0x8d, 0x10, 0x0, 0xe8, 0x70,
    0xf, 0xfe, 0x43, 0xc0, 0x5, 0xe, 0x1, 0xff,
    0xca, 0x78, 0x18, 0x70, 0xf, 0xfe, 0x18,

    /* U+F00D "" */
    0x0, 0xff, 0xe2, 0x8, 0x6, 0x6f, 0xf2, 0x0,
    0x7f, 0x16, 0xf5, 0x0, 0x1a, 0x40, 0x16, 0xa0,
    0x1f, 0x16, 0x10, 0x2d, 0x4, 0x0, 0x6a, 0x50,
    0xe, 0x2c, 0x10, 0x9, 0x48, 0x80, 0x1d, 0x4a,
    0x1, 0x16, 0x8, 0x7, 0x1f, 0x8, 0x7, 0x52,
    0x81, 0x60, 0x80, 0x75, 0x9, 0x60, 0x80, 0x75,
    0x36, 0x8, 0x7, 0x52, 0x80, 0xb, 0x4, 0x3,
    0xa4, 0x40, 0x3a, 0x94, 0x3, 0x16, 0x8, 0x7,
    0xfa, 0x94, 0x3, 0xc5, 0x82, 0x1, 0xfa, 0x94,
    0x3, 0xf1, 0x50, 0x7, 0xce, 0xa0, 0x1f, 0xc5,
    0x40, 0x1f, 0x3a, 0x80, 0x7e, 0x2c, 0x10, 0xf,
    0xd4, 0xa0, 0x1e, 0x2c, 0x10, 0xf, 0xf5, 0x28,
    0x6, 0x2c, 0x10, 0xe, 0x91, 0x0, 0xea, 0x50,
    0x1, 0x60, 0x80, 0x75, 0xb6, 0x8, 0x7, 0x52,
    0x87, 0x8, 0x7, 0x5a, 0x1, 0x60, 0x80, 0x75,
    0x9, 0x0, 0x75, 0xa0, 0x4, 0x58, 0x20, 0x1c,
    0x70, 0x1, 0xad, 0x0, 0x38, 0xb0, 0x40, 0x25,
    0x26, 0x90, 0x5, 0xa0, 0x7, 0xc5, 0x84, 0xb,
    0x40, 0x6, 0xff, 0x20, 0x7, 0xf1, 0x6f, 0x50,
    0x0,

    /* U+F011 "" */
    0x0, 0xff, 0xe0, 0x34, 0xc9, 0x80, 0x3f, 0xf9,
    0x65, 0x2c, 0xc9, 0x20, 0xf, 0xfe, 0x50, 0x80,
    0x61, 0x0, 0xff, 0xe2, 0xd, 0x40, 0x7, 0xff,
    0x2, 0x28, 0x40, 0x3f, 0x8f, 0xd5, 0xd8, 0x3,
    0xfc, 0xce, 0xbe, 0x60, 0x1f, 0x16, 0x88, 0x2,
    0x0, 0x3f, 0xd0, 0x0, 0x1c, 0x30, 0xf, 0x78,
    0x80, 0x7f, 0xf1, 0xf8, 0x40, 0x34, 0x90, 0x4,
    0x3a, 0x1, 0xfe, 0xd1, 0x0, 0x8a, 0x0, 0x22,
    0x60, 0x8, 0x70, 0xc0, 0x3f, 0xc7, 0x82, 0x1,
    0x31, 0x0, 0x2c, 0x3, 0x59, 0x0, 0x7f, 0xf0,
    0xa, 0xc0, 0x35, 0x80, 0x1c, 0x2, 0x35, 0x0,
    0xff, 0xe1, 0x29, 0x80, 0x4e, 0x6, 0x20, 0x14,
    0x80, 0x7f, 0xf1, 0x28, 0x2, 0x13, 0x50, 0xc,
    0xa0, 0x1f, 0xfc, 0x46, 0x0, 0xca, 0x20, 0x10,
    0x80, 0x7f, 0xf1, 0x84, 0x2, 0xef, 0x0, 0x8c,
    0x3, 0xc2, 0x1, 0x84, 0x3, 0xc6, 0x1, 0xf8,
    0xc0, 0x3c, 0x42, 0x0, 0x12, 0x0, 0xf1, 0x80,
    0x5f, 0xc0, 0x10, 0x80, 0x7d, 0xdb, 0xae, 0x0,
    0xf8, 0x40, 0x21, 0x50, 0xc, 0xa0, 0x1f, 0x11,
    0x0, 0x3e, 0x50, 0xc, 0xa6, 0x20, 0x17, 0x0,
    0x7f, 0xf1, 0x38, 0x2, 0x13, 0x7, 0x0, 0x91,
    0x0, 0x1f, 0xfc, 0x24, 0x40, 0x4, 0xe0, 0xb,
    0x0, 0xd4, 0x40, 0x1f, 0xfc, 0x2, 0xa0, 0xd,
    0x60, 0x2, 0x60, 0x8, 0x70, 0xc0, 0x3f, 0xc7,
    0x82, 0x1, 0x31, 0x0, 0x50, 0x20, 0x10, 0xe4,
    0x0, 0x7e, 0x8c, 0x10, 0x8, 0xa0, 0x3, 0xe,
    0x80, 0x73, 0xfd, 0x3a, 0xa9, 0xeb, 0xdc, 0x3,
    0xf, 0x88, 0x7, 0x1e, 0x8, 0x7, 0x2c, 0x55,
    0x21, 0x40, 0x38, 0x74, 0x80, 0x3e, 0x3c, 0x30,
    0xf, 0xfe, 0x11, 0xf9, 0x80, 0x7f, 0x16, 0x48,
    0x80, 0x7f, 0x86, 0x70, 0x40, 0x3f, 0xf8, 0xd,
    0xd6, 0xc4, 0x1, 0x9, 0x35, 0xf3, 0x0, 0x7f,
    0xf1, 0x12, 0x77, 0xfe, 0xed, 0x94, 0x0, 0xfe,

    /* U+F013 "" */
    0x0, 0xff, 0xec, 0x16, 0x7f, 0xed, 0x60, 0xf,
    0xfe, 0x3b, 0x98, 0x6, 0x2c, 0x0, 0xff, 0xf1,
    0x68, 0x7, 0x98, 0x40, 0x3f, 0xe1, 0xc8, 0x0,
    0x2e, 0xb8, 0x7, 0x8f, 0xa0, 0x0, 0xda, 0x80,
    0x1d, 0xa6, 0xfd, 0x54, 0x20, 0xf, 0xe7, 0xcc,
    0x49, 0x50, 0x80, 0x4e, 0x60, 0x1, 0x50, 0xf,
    0xfe, 0x1, 0x98, 0x0, 0x34, 0x0, 0x18, 0x0,
    0xff, 0xe5, 0x22, 0x1, 0x80, 0x3f, 0xf9, 0x9e,
    0x16, 0x1, 0xfc, 0x31, 0x9b, 0x44, 0x1, 0xfc,
    0x83, 0xe6, 0x1, 0xf0, 0xfb, 0x99, 0x2e, 0xa0,
    0x7, 0xc3, 0x22, 0x79, 0x0, 0x1e, 0xa1, 0x0,
    0xeb, 0x10, 0xe, 0x4f, 0x60, 0x8, 0xc0, 0x38,
    0x50, 0x3, 0xe7, 0x0, 0xe2, 0x10, 0xc, 0x20,
    0x1c, 0x40, 0x1f, 0x84, 0x3, 0x8c, 0x3, 0x84,
    0x3, 0x88, 0x3, 0xf0, 0x80, 0x71, 0x0, 0x71,
    0x80, 0x70, 0xa0, 0x7, 0xce, 0x1, 0xc6, 0x20,
    0x3, 0xc8, 0x0, 0xf5, 0x8, 0x7, 0x58, 0x80,
    0x72, 0x7b, 0x7, 0x98, 0x7, 0xc3, 0xee, 0x64,
    0xba, 0x80, 0x1f, 0xc, 0x8d, 0x80, 0x7f, 0xc,
    0x66, 0xd1, 0x0, 0x7f, 0x20, 0xb0, 0x80, 0x7f,
    0xf2, 0xfc, 0x6, 0x40, 0x3f, 0xf9, 0x48, 0x80,
    0x3, 0x98, 0x0, 0x54, 0x3, 0xff, 0x80, 0x66,
    0x0, 0xd, 0x0, 0x6d, 0x37, 0xea, 0xa1, 0x0,
    0x7f, 0x3e, 0x62, 0x8a, 0x84, 0x3, 0xe, 0x40,
    0x1, 0x75, 0xc0, 0x3c, 0x7f, 0x0, 0x5, 0xd4,
    0x0, 0xff, 0xe0, 0x68, 0x7, 0x98, 0x3, 0xff,
    0xc4, 0xe6, 0x1, 0x8b, 0x0, 0x3f, 0xf8, 0xe5,
    0x9f, 0xfb, 0x58, 0x3, 0xfc,

    /* U+F015 "" */
    0x0, 0xff, 0xe1, 0x1b, 0xb0, 0x7, 0x24, 0x44,
    0x80, 0x1f, 0xfc, 0x67, 0xc8, 0x9d, 0x10, 0xb,
    0x9d, 0xee, 0x0, 0xff, 0xe2, 0xd4, 0x0, 0x45,
    0xe6, 0x0, 0x10, 0x8, 0x40, 0x3f, 0xf8, 0x63,
    0x8a, 0x1, 0xc3, 0x8c, 0x1, 0xff, 0xc8, 0x3f,
    0x30, 0x9, 0xcc, 0x2, 0x99, 0x0, 0x7f, 0xf1,
    0x9b, 0x4, 0x0, 0x39, 0x18, 0xa0, 0x13, 0x20,
    0x7, 0xff, 0x12, 0x24, 0x2, 0x2c, 0x33, 0xd,
    0x40, 0x7, 0xff, 0x18, 0x6d, 0xc0, 0x24, 0xd2,
    0x8c, 0xc1, 0x3d, 0x80, 0x7f, 0xf1, 0xb, 0x10,
    0x2, 0x7b, 0xb, 0x70, 0x2d, 0x44, 0x69, 0x0,
    0x7f, 0xf0, 0x53, 0x48, 0x2, 0xa8, 0x2d, 0x40,
    0xd, 0x6e, 0x58, 0x80, 0x12, 0x50, 0x7, 0x9e,
    0xc0, 0x21, 0xc5, 0x3c, 0x20, 0xf, 0x45, 0xd,
    0xb0, 0x4, 0xb8, 0x20, 0x15, 0x40, 0x4, 0x7e,
    0x6d, 0x82, 0x1, 0xf9, 0x70, 0x66, 0x40, 0x11,
    0xf9, 0x85, 0xa8, 0x4, 0xb8, 0x33, 0x20, 0xf,
    0xf8, 0xfc, 0xda, 0xc4, 0x0, 0x38, 0x80, 0x1a,
    0x28, 0x6d, 0x80, 0x3f, 0xf8, 0x23, 0x8a, 0x98,
    0x40, 0x13, 0xd9, 0x5, 0xb9, 0x62, 0x0, 0x7f,
    0xf1, 0x2a, 0xb, 0x50, 0x24, 0xc3, 0x35, 0x2,
    0x48, 0x3, 0xff, 0x8c, 0xe6, 0x17, 0x8c, 0x0,
    0x12, 0x0, 0x38, 0x7, 0xff, 0x21, 0xc0, 0x6,
    0x1, 0xff, 0xe3, 0xbf, 0xfc, 0x60, 0x1f, 0xfc,
    0xe6, 0x0, 0xcc, 0x1, 0xff, 0xff, 0x0, 0xff,
    0xfd, 0xa0, 0x7, 0x88, 0x80, 0x1b, 0x0, 0x3c,
    0x2a, 0x1, 0xc0,

    /* U+F019 "" */
    0x0, 0xff, 0x8d, 0x57, 0x18, 0x7, 0xff, 0x25,
    0x72, 0xab, 0x62, 0x80, 0x7f, 0xf2, 0x34, 0x3,
    0xda, 0x1, 0xff, 0xff, 0x0, 0xff, 0xff, 0x80,
    0x7f, 0xff, 0xc0, 0x3f, 0xf8, 0x23, 0x9b, 0xb9,
    0x80, 0x3c, 0xdb, 0xbb, 0x4, 0x3, 0xf2, 0x99,
    0x16, 0x10, 0xf, 0x9, 0x16, 0x35, 0x0, 0xfc,
    0x8c, 0x1, 0xff, 0xc4, 0x64, 0x0, 0xfe, 0x96,
    0x0, 0xff, 0xe1, 0x34, 0x80, 0x7f, 0xd2, 0xc0,
    0x1f, 0xfc, 0x6, 0x90, 0xf, 0xfe, 0xc, 0xb8,
    0x7, 0xf9, 0xe4, 0x3, 0xff, 0x87, 0xe, 0x1,
    0xf9, 0xe0, 0x3, 0xff, 0x8b, 0xe, 0x1, 0xe7,
    0x80, 0xf, 0xf0, 0x8f, 0xe0, 0x87, 0x0, 0xcf,
    0x0, 0x23, 0xf8, 0x2f, 0xbb, 0xf6, 0x8c, 0x38,
    0x1, 0xe0, 0x77, 0xbb, 0xf5, 0xa0, 0x7, 0xe2,
    0xf2, 0x89, 0x94, 0x16, 0x10, 0x7, 0xe4, 0x0,
    0xff, 0xe, 0x1b, 0x30, 0xf0, 0x80, 0x3f, 0xf9,
    0x23, 0x9b, 0xac, 0x10, 0xf, 0xfe, 0x61, 0x10,
    0x3, 0xff, 0xa9, 0x7c, 0x29, 0xee, 0x1, 0xff,
    0xca, 0x13, 0x7, 0x10, 0xc, 0x20, 0x1f, 0xfc,
    0x6a, 0xd1, 0x3e, 0x70, 0x0, 0xec, 0x3b, 0xff,
    0xf3, 0x23, 0x40,

    /* U+F01C "" */
    0x0, 0xf1, 0x5f, 0xff, 0xff, 0xf, 0xa0, 0x3,
    0xff, 0x80, 0x38, 0x80, 0x1f, 0xfc, 0x31, 0x78,
    0x0, 0xff, 0xac, 0x40, 0x3f, 0xf8, 0xce, 0x60,
    0x1f, 0xca, 0xa0, 0x1, 0x3b, 0xff, 0xf0, 0x58,
    0x2, 0xe0, 0xf, 0xc3, 0x60, 0x17, 0x44, 0x7f,
    0xf0, 0x65, 0x0, 0x5, 0x0, 0x1f, 0x58, 0x80,
    0x1c, 0xc0, 0x3f, 0xf8, 0x54, 0x20, 0x7, 0x30,
    0xe, 0x55, 0x0, 0xa, 0x0, 0x3f, 0xf8, 0x63,
    0x60, 0x17, 0x0, 0x61, 0xb0, 0xb, 0x80, 0x3f,
    0xf8, 0xaa, 0x80, 0x2, 0x80, 0xa, 0xc4, 0x0,
    0xe6, 0x1, 0xff, 0xc6, 0xa1, 0x0, 0x39, 0x82,
    0xa8, 0x0, 0x50, 0x1, 0xff, 0xc7, 0x1b, 0x0,
    0xb8, 0x20, 0x2, 0x68, 0x8e, 0x70, 0xf, 0xe4,
    0x88, 0xed, 0x10, 0x1, 0x29, 0x0, 0x48, 0xef,
    0xd0, 0xc0, 0x1f, 0xa9, 0xdf, 0xc2, 0x1, 0x10,
    0x7, 0xfd, 0x0, 0x1f, 0x38, 0x80, 0x7f, 0xbc,
    0x3, 0xfe, 0x16, 0x0, 0xf4, 0x80, 0x7f, 0xf3,
    0x27, 0xff, 0xc2, 0x1, 0xff, 0xff, 0x0, 0xff,
    0xfa, 0x7a, 0x0, 0x7f, 0xf4, 0x92, 0x90, 0x3,
    0xff, 0x9e, 0x34, 0x60,

    /* U+F021 "" */
    0x0, 0xff, 0xe6, 0x2c, 0x41, 0x80, 0x3f, 0x92,
    0x77, 0xbf, 0xdd, 0x6e, 0x40, 0x1d, 0xe, 0xe9,
    0x0, 0xf9, 0xb6, 0xd8, 0x84, 0x0, 0x29, 0x1b,
    0x66, 0x1, 0xff, 0xc0, 0x1b, 0x92, 0x0, 0xff,
    0x26, 0x50, 0x80, 0x80, 0x7c, 0x5e, 0x80, 0x1e,
    0x11, 0x0, 0x79, 0x7c, 0xdc, 0x3, 0xc5, 0x82,
    0x1, 0x9a, 0xff, 0xb9, 0xf6, 0x80, 0x18, 0x75,
    0x80, 0x3d, 0xe2, 0x1, 0x1e, 0xca, 0x0, 0x64,
    0xbc, 0x30, 0x8, 0x48, 0x3, 0xa4, 0x80, 0x26,
    0xc2, 0x0, 0xfc, 0x78, 0xe0, 0x1f, 0x89, 0x80,
    0x26, 0x90, 0xf, 0xc2, 0x20, 0x4, 0x38, 0x7,
    0xd6, 0x1, 0x14, 0x80, 0x7e, 0x3e, 0xe7, 0xfb,
    0x98, 0x3, 0xe7, 0x0, 0xa4, 0x3, 0xf9, 0xc0,
    0x30, 0x88, 0x3, 0xc6, 0x20, 0x1, 0x40, 0xf,
    0xfe, 0x50, 0xa1, 0x9a, 0x0, 0x3f, 0xca, 0x86,
    0x7f, 0xe5, 0x2b, 0xcc, 0x30, 0x7, 0xf8, 0x6f,
    0x33, 0xfd, 0x40, 0x1f, 0xfe, 0xca, 0xcc, 0xff,
    0x58, 0x80, 0x7f, 0x9a, 0xf2, 0xc9, 0x4c, 0xff,
    0xc8, 0xa0, 0x1f, 0xe8, 0x43, 0x40, 0xf, 0xfe,
    0x5a, 0x88, 0x0, 0x48, 0x3, 0xc2, 0x20, 0xc,
    0xe0, 0x1f, 0xd0, 0x1, 0x38, 0x7, 0xcd, 0xdf,
    0xee, 0xe1, 0x80, 0x7e, 0xa2, 0x0, 0xac, 0x3,
    0xe7, 0x80, 0x0, 0x88, 0x3, 0xf4, 0xa8, 0x4,
    0xc4, 0x1, 0xf9, 0xec, 0x80, 0x3f, 0x16, 0x30,
    0x4, 0x52, 0x1, 0xc4, 0x20, 0x12, 0x6d, 0x20,
    0x6, 0x4a, 0xd3, 0x0, 0x87, 0xc0, 0x3c, 0xda,
    0x20, 0x19, 0x6f, 0xfb, 0x9f, 0x6a, 0x1, 0x87,
    0x8, 0x3, 0xce, 0x7e, 0xa0, 0x1e, 0x11, 0x0,
    0x79, 0x3c, 0x80, 0x3e, 0x10, 0x1a, 0xc4, 0x0,
    0xff, 0x14, 0xd8, 0x80, 0x7f, 0xf0, 0xe, 0xf6,
    0xc, 0x3, 0x13, 0x5e, 0xb0, 0x7, 0xd2, 0xee,
    0x80, 0xe, 0x27, 0xcf, 0xfd, 0xb2, 0x80, 0x1f,
    0xc0,

    /* U+F026 "" */
    0x0, 0xff, 0xe6, 0x9d, 0xb0, 0x7, 0xf8, 0xf1,
    0x24, 0x3, 0xf8, 0xf0, 0x3, 0xfe, 0x3c, 0x0,
    0xff, 0x8f, 0x0, 0x38, 0xe2, 0x3d, 0x80, 0x1e,
    0xd7, 0x7f, 0x0, 0x7c, 0x20, 0x1f, 0xff, 0xf0,
    0xf, 0xfe, 0xc3, 0x0, 0x7f, 0xf0, 0x67, 0xff,
    0xce, 0x1, 0xff, 0xc1, 0x87, 0x0, 0xff, 0xe0,
    0xc3, 0x80, 0x7f, 0xf0, 0x61, 0xc0, 0x3f, 0xf8,
    0x30, 0xe0, 0x60, 0x1f, 0xf4, 0x76, 0x0,

    /* U+F027 "" */
    0x0, 0xff, 0xea, 0x1d, 0xb0, 0x7, 0xff, 0x14,
    0xf5, 0x24, 0x3, 0xff, 0x88, 0x78, 0x20, 0x1f,
    0xfc, 0x53, 0xc0, 0xf, 0xfe, 0x31, 0xe0, 0x7,
    0xff, 0x0, 0xe2, 0x3d, 0x80, 0x1f, 0xfc, 0x1d,
    0x77, 0xf0, 0x7, 0xf0, 0xdc, 0x80, 0x4, 0x3,
    0xff, 0x86, 0xe8, 0xd8, 0x1, 0xff, 0xc5, 0x73,
    0x3, 0x70, 0xf, 0xfe, 0x20, 0xe0, 0x85, 0x0,
    0x7f, 0xf1, 0x90, 0x8, 0x3, 0xff, 0x8c, 0xe0,
    0x40, 0x1f, 0xfc, 0x5b, 0x20, 0x50, 0xf, 0xfe,
    0x23, 0x20, 0x14, 0x0, 0x7f, 0xf1, 0x10, 0x93,
    0x1, 0x80, 0x3f, 0xf8, 0x65, 0xb6, 0x21, 0x3f,
    0xfe, 0x60, 0xf, 0xfe, 0x44, 0xb0, 0x7, 0xff,
    0x22, 0x58, 0x3, 0xff, 0x91, 0x2c, 0x1, 0xff,
    0xc8, 0x97, 0x3, 0x0, 0xff, 0xe3, 0x46, 0xe0,
    0x7, 0xc0,

    /* U+F028 "" */
    0x0, 0xff, 0xe5, 0xc, 0x28, 0x7, 0xff, 0x45,
    0x9e, 0xa8, 0x1, 0xff, 0xd0, 0x40, 0x2, 0xe0,
    0x80, 0x7f, 0xf0, 0xce, 0xd8, 0x3, 0xf1, 0xe9,
    0x1, 0xe8, 0x7, 0xff, 0x8, 0xf1, 0x24, 0x3,
    0xc4, 0x20, 0x58, 0x60, 0x72, 0x1, 0xff, 0xc0,
    0x3c, 0x0, 0xfc, 0x9b, 0xea, 0x3, 0xa2, 0xc,
    0x60, 0x1f, 0xe3, 0xc0, 0xf, 0xe1, 0x1, 0xa6,
    0x1, 0xa0, 0x7, 0x80, 0x7f, 0x1e, 0x0, 0x7f,
    0x96, 0x0, 0x12, 0x80, 0x8a, 0x6, 0x80, 0x71,
    0x1e, 0xc0, 0xf, 0xfe, 0x3, 0xd0, 0x2, 0x80,
    0x10, 0x0, 0xe0, 0xd7, 0x7f, 0x0, 0x7f, 0xe,
    0x50, 0x82, 0xb8, 0xb, 0x1, 0x18, 0x28, 0x8,
    0x7, 0xff, 0xd, 0xcd, 0x70, 0x1, 0x20, 0xa,
    0x0, 0x20, 0x0, 0x80, 0x3f, 0xf8, 0x8e, 0x60,
    0x50, 0x2, 0xa0, 0x60, 0xc, 0x0, 0x38, 0x7,
    0xff, 0x10, 0x70, 0x81, 0x40, 0x1a, 0x0, 0x20,
    0x70, 0x1, 0x0, 0x7f, 0xf1, 0x9c, 0x8, 0x0,
    0x20, 0x1, 0x1, 0x0, 0xff, 0xe4, 0xb8, 0x10,
    0x0, 0x40, 0x2, 0x2, 0x1, 0xff, 0xc7, 0x1c,
    0x20, 0x50, 0x6, 0x80, 0x8, 0x1c, 0x0, 0x40,
    0x1f, 0xfc, 0x47, 0x30, 0x28, 0x1, 0x50, 0x30,
    0x6, 0x0, 0x1c, 0x3, 0xff, 0x88, 0xe6, 0xb8,
    0x0, 0x80, 0x5, 0x0, 0x14, 0x4, 0x98, 0x3,
    0xff, 0x86, 0x39, 0x42, 0xa, 0xc0, 0x2c, 0x6,
    0x40, 0x81, 0x3f, 0xfe, 0x70, 0xf, 0xfe, 0x3,
    0xd0, 0x2, 0x80, 0x12, 0x0, 0xe0, 0xf, 0xd0,
    0xe0, 0x1f, 0xe5, 0x80, 0x4, 0xa0, 0x22, 0x81,
    0xa0, 0x7, 0xf4, 0x38, 0x7, 0xf0, 0x80, 0xd3,
    0x0, 0xd0, 0x3, 0xc0, 0x3f, 0xe8, 0x70, 0xf,
    0xc9, 0xbe, 0xa0, 0x38, 0x20, 0xc6, 0x1, 0xff,
    0xc0, 0x87, 0x3, 0x0, 0xf1, 0x8, 0x16, 0x10,
    0x1c, 0x80, 0x7f, 0xf0, 0xa3, 0xb0, 0x3, 0xf1,
    0xe9, 0x1, 0xe8, 0x7, 0xff, 0x10, 0x40, 0x3f,
    0x90, 0x0, 0xb8, 0x20, 0x1f, 0xfc, 0xe6, 0x7a,
    0xa0, 0x7, 0x80,

    /* U+F03E "" */
    0x1b, 0xff, 0xff, 0xe6, 0x58, 0xd2, 0x0, 0x7f,
    0xf3, 0x12, 0x90, 0x3, 0xff, 0x9c, 0x80, 0x19,
    0xb3, 0x60, 0x3, 0xff, 0x96, 0xd2, 0x64, 0xf4,
    0x1, 0xff, 0xca, 0xb0, 0xc, 0xa2, 0x1, 0xff,
    0xd8, 0x27, 0x0, 0xff, 0x94, 0x3, 0x18, 0x80,
    0x7c, 0x79, 0x12, 0x1, 0xfe, 0x85, 0x0, 0x1f,
    0x0, 0x7c, 0x7a, 0x20, 0xd2, 0x1, 0xfe, 0xae,
    0xe6, 0x10, 0x7, 0x8f, 0x44, 0x2, 0x69, 0x0,
    0xff, 0x8, 0xc0, 0x1e, 0x3d, 0x10, 0xe, 0x69,
    0x0, 0xff, 0x1f, 0xe0, 0x80, 0x47, 0xa2, 0x1,
    0xf3, 0x30, 0x3, 0xf1, 0xe8, 0x9e, 0x88, 0x1e,
    0x88, 0x7, 0xf0, 0x80, 0x7c, 0x7a, 0x20, 0x3,
    0xd4, 0xd1, 0x0, 0xff, 0xe2, 0x96, 0x88, 0x6,
    0x3b, 0x10, 0xf, 0xfe, 0x32, 0x88, 0x7, 0xff,
    0xa9, 0x22, 0x3f, 0xf9, 0x8, 0x1, 0xe3, 0x77,
    0xff, 0xe4, 0x18, 0x4, 0x80, 0x1f, 0xfc, 0xe4,
    0xa4, 0x0, 0xff, 0xe6, 0x25, 0x0,

    /* U+F043 "" */
    0x0, 0xfc, 0x72, 0xa0, 0x1f, 0xfc, 0x5d, 0x6a,
    0x20, 0xf, 0xfe, 0x1a, 0x8, 0x2, 0x80, 0x3f,
    0xf8, 0x7c, 0x1, 0x30, 0x7, 0xff, 0x8, 0x54,
    0x2, 0x14, 0x0, 0xff, 0xe0, 0xc8, 0x7, 0x40,
    0x7, 0xff, 0x0, 0x5c, 0x3, 0x8d, 0x0, 0x3f,
    0xe9, 0x0, 0xfa, 0x0, 0x3f, 0xc4, 0xe0, 0x1f,
    0x1b, 0x0, 0x7f, 0x70, 0x7, 0xf4, 0x88, 0x7,
    0xce, 0x60, 0x1f, 0xea, 0x0, 0xf1, 0xc0, 0x7,
    0xfc, 0x8e, 0x1, 0xdc, 0x1, 0xff, 0xc1, 0x83,
    0x0, 0x9c, 0x80, 0x3f, 0xf8, 0x50, 0x1, 0x48,
    0x7, 0xff, 0xd, 0xc, 0x18, 0x40, 0x3f, 0xf8,
    0x94, 0x1a, 0x1, 0xff, 0xc5, 0x70, 0x60, 0xf,
    0xfe, 0x28, 0x88, 0x80, 0xb, 0xe4, 0x1, 0xff,
    0xc1, 0x21, 0x0, 0x10, 0x38, 0x7, 0xff, 0x4,
    0x4c, 0x0, 0x81, 0x80, 0x1f, 0xfc, 0x13, 0x40,
    0x1, 0x93, 0x18, 0x7, 0xfc, 0x43, 0xa0, 0x14,
    0x86, 0x30, 0x7, 0xfa, 0x81, 0xc, 0x0, 0x94,
    0x13, 0xfa, 0x60, 0x1e, 0x16, 0x0, 0x70, 0x4,
    0xba, 0xc2, 0x4e, 0x1, 0xeb, 0x10, 0x1, 0x50,
    0x4, 0x53, 0xde, 0x80, 0x1c, 0xea, 0x1, 0x96,
    0xc4, 0x3, 0xfd, 0x30, 0x1, 0xe4, 0xf7, 0x0,
    0xf9, 0x75, 0x80, 0x3f, 0xc, 0x7d, 0xcc, 0x4d,
    0xfd, 0x10, 0x7, 0x0,

    /* U+F048 "" */
    0x48, 0x88, 0x3, 0xfe, 0x77, 0x7, 0xbb, 0xc6,
    0x1, 0xfd, 0x71, 0x9, 0x0, 0xff, 0xe0, 0xe,
    0x20, 0x1, 0x40, 0x3f, 0xe1, 0xc3, 0x0, 0xff,
    0xe1, 0x17, 0x90, 0x7, 0xff, 0x8, 0xf0, 0x40,
    0x3f, 0xf8, 0x49, 0x82, 0x1, 0xff, 0xc2, 0x4b,
    0x0, 0xff, 0xe1, 0xb5, 0x80, 0x7f, 0xf0, 0xde,
    0x40, 0x3f, 0xf8, 0x71, 0x0, 0xf, 0xfe, 0x22,
    0x0, 0x7f, 0xfe, 0xe8, 0x80, 0x3f, 0xf8, 0x8d,
    0x86, 0x1, 0xff, 0xc4, 0x1c, 0x40, 0xf, 0xfe,
    0x2d, 0xa8, 0x7, 0xff, 0x16, 0x98, 0x3, 0xff,
    0x8b, 0x30, 0x1, 0xff, 0xc5, 0x79, 0x0, 0xff,
    0xe2, 0xb5, 0x0, 0x7f, 0xf1, 0x56, 0xc0, 0x27,
    0x20, 0x0, 0x88, 0x3, 0xf2, 0x61, 0x12, 0x27,
    0xfd, 0xc4, 0x1, 0xfc, 0x7b, 0xa3,

    /* U+F04B "" */
    0x3, 0x75, 0x0, 0xff, 0xe4, 0xbe, 0x45, 0x61,
    0x80, 0x7f, 0xf1, 0xe4, 0x2, 0x3c, 0x91, 0x0,
    0xff, 0xe2, 0x88, 0x7, 0x37, 0xb0, 0x7, 0xff,
    0x2c, 0x67, 0x4c, 0x3, 0xff, 0x96, 0x59, 0x42,
    0x1, 0xff, 0xcb, 0x5e, 0x70, 0xf, 0xfe, 0x64,
    0x6a, 0x0, 0x7f, 0xf2, 0xca, 0xec, 0x40, 0x1f,
    0xfc, 0xb4, 0xd8, 0x0, 0xff, 0xe6, 0x3f, 0x28,
    0x7, 0xff, 0x2c, 0x6a, 0xc8, 0x3, 0xff, 0x96,
    0x9a, 0xe0, 0x1f, 0xfc, 0xc8, 0x40, 0xf, 0xfe,
    0x61, 0x80, 0x7f, 0xf3, 0xc, 0x3, 0xff, 0x97,
    0x8, 0x1, 0xff, 0xc9, 0x4d, 0x70, 0xf, 0xfe,
    0x40, 0xd5, 0x90, 0x7, 0xff, 0x21, 0xf9, 0x40,
    0x3f, 0xf9, 0x9, 0xb0, 0x1, 0xff, 0xc8, 0x2b,
    0xb1, 0x0, 0x7f, 0xf2, 0x23, 0x50, 0x3, 0xff,
    0x90, 0xbc, 0xe0, 0x1f, 0xfc, 0x82, 0xca, 0x10,
    0xf, 0xfe, 0x38, 0xce, 0x98, 0x7, 0xff, 0x8,
    0x40, 0x39, 0xbd, 0x80, 0x3f, 0xf8, 0x90, 0x1,
    0x1e, 0x48, 0x80, 0x7f, 0xf1, 0x5b, 0x22, 0xf0,
    0xc0, 0x3f, 0xf8, 0xe0,

    /* U+F04C "" */
    0x1a, 0xef, 0xfe, 0xd5, 0x0, 0xc3, 0x5d, 0xff,
    0xda, 0xa1, 0x6a, 0x20, 0x1c, 0x54, 0x40, 0x15,
    0xa8, 0x80, 0x71, 0x51, 0x28, 0x7, 0xf2, 0x80,
    0x4a, 0x1, 0xfc, 0xa0, 0x1f, 0xef, 0x0, 0xff,
    0xe0, 0xf8, 0x7, 0xff, 0xfc, 0x3, 0xff, 0xfe,
    0x1, 0xff, 0xff, 0x0, 0xff, 0xff, 0x80, 0x7f,
    0xff, 0xc0, 0x3f, 0xfe, 0x1e, 0x1, 0xff, 0xc1,
    0xf1, 0x0, 0xfe, 0x10, 0x8, 0x40, 0x3f, 0x86,
    0x0, 0x3f, 0x13, 0x0, 0x50, 0x1, 0xf8, 0x99,
    0x96, 0xec, 0xd9, 0xe3, 0x0, 0x33, 0x5b, 0xb3,
    0x67, 0x8c, 0x0,

    /* U+F04D "" */
    0x3, 0x88, 0xff, 0xe4, 0x30, 0x1, 0xb1, 0xdf,
    0xff, 0x91, 0x3a, 0x10, 0x1, 0xff, 0xca, 0x26,
    0x10, 0xf, 0xfe, 0x58, 0x80, 0x7f, 0xf3, 0x3c,
    0x3, 0xff, 0xfe, 0x1, 0xff, 0xff, 0x0, 0xff,
    0xff, 0x80, 0x7f, 0xff, 0xc0, 0x3f, 0xff, 0xe0,
    0x1f, 0xff, 0xef, 0x50, 0xf, 0xfe, 0x5a, 0xda,
    0x88, 0x7, 0xff, 0x1c, 0xa8, 0x80,

    /* U+F051 "" */
    0x5, 0x81, 0x0, 0xff, 0x34, 0x41, 0xd6, 0x9f,
    0xc8, 0x3, 0xfa, 0x1d, 0xd0, 0x40, 0x1, 0xc3,
    0x0, 0xfc, 0x20, 0x17, 0x80, 0x43, 0x88, 0x1,
    0xff, 0xc5, 0xb5, 0x0, 0xff, 0xe2, 0xd3, 0x0,
    0x7f, 0xf1, 0x66, 0x0, 0x3f, 0xf8, 0xaf, 0x20,
    0x1f, 0xfc, 0x56, 0xa0, 0xf, 0xfe, 0x2a, 0xd8,
    0x7, 0xff, 0x15, 0x30, 0x3, 0xff, 0x8a, 0x60,
    0x1f, 0xff, 0xa1, 0xc0, 0xf, 0xfe, 0x18, 0xe1,
    0x80, 0x7f, 0xf0, 0x8b, 0x8, 0x3, 0xff, 0x84,
    0x58, 0x40, 0x1f, 0xfc, 0x23, 0xc1, 0x0, 0xff,
    0xe1, 0x26, 0x8, 0x7, 0xff, 0x9, 0x6c, 0x3,
    0xff, 0x86, 0xd4, 0x1, 0xff, 0x78, 0x4, 0xf2,
    0x1, 0xff, 0xc0, 0x63, 0x9, 0x80, 0xf, 0xe3,
    0x0, 0x10, 0xe7, 0xb0, 0x7, 0xfb, 0x3f, 0xda,

    /* U+F052 "" */
    0x0, 0xff, 0x86, 0x69, 0x40, 0x3f, 0xf9, 0x23,
    0xec, 0xb5, 0x0, 0x1f, 0xfc, 0x71, 0xc1, 0x0,
    0x9d, 0x80, 0x3f, 0xf8, 0xda, 0x40, 0x1d, 0x2a,
    0x1, 0xff, 0xc4, 0xb3, 0x0, 0xfa, 0x90, 0x3,
    0xff, 0x85, 0x48, 0x1, 0xfd, 0x66, 0x1, 0xff,
    0xc0, 0x95, 0x0, 0xff, 0xb4, 0x80, 0x3f, 0xd0,
    0xc0, 0x1f, 0xfc, 0x1, 0xc1, 0x0, 0xfc, 0xce,
    0x1, 0xff, 0xc2, 0x1c, 0x10, 0xf, 0x2c, 0x80,
    0x7f, 0xf1, 0xb, 0x40, 0x39, 0x28, 0x3, 0xff,
    0x8c, 0x76, 0x1, 0x1d, 0x80, 0x7f, 0xf2, 0x12,
    0x80, 0x1e, 0x1, 0xff, 0xca, 0x55, 0x1, 0x80,
    0x7f, 0xf2, 0xc8, 0x14, 0x3, 0xff, 0x96, 0x81,
    0x68, 0x1, 0xff, 0xc8, 0x19, 0x30, 0x1b, 0xff,
    0xff, 0xe4, 0x73, 0x0, 0x7f, 0xf4, 0x1b, 0xff,
    0xff, 0x95, 0xa2, 0x12, 0x1, 0xff, 0xca, 0x26,
    0x0, 0xff, 0xe6, 0xf8, 0x7, 0xff, 0xa4, 0x40,
    0x3f, 0xf9, 0x7c, 0x16, 0x20, 0x1f, 0xfc, 0x94,
    0x60,

    /* U+F053 "" */
    0x0, 0xff, 0x8e, 0x4c, 0x3, 0xff, 0x80, 0x98,
    0xd8, 0x60, 0x1f, 0xe4, 0xb0, 0xb, 0x40, 0x3f,
    0x92, 0xc0, 0x31, 0x0, 0x7e, 0x4b, 0x0, 0xc5,
    0xa0, 0x1f, 0x25, 0x80, 0x62, 0xc1, 0x0, 0xf2,
    0x58, 0x6, 0x2c, 0x10, 0xf, 0x25, 0x80, 0x62,
    0xc1, 0x0, 0xf2, 0x58, 0x6, 0x2c, 0x10, 0xf,
    0x25, 0x80, 0x62, 0xc1, 0x0, 0xf2, 0x58, 0x6,
    0x2c, 0x10, 0xf, 0x1d, 0x80, 0x62, 0xc1, 0x0,
    0xf9, 0x0, 0x3a, 0x84, 0x3, 0xf3, 0xa0, 0x6,
    0x86, 0x0, 0xfe, 0xb4, 0x0, 0xd2, 0xc0, 0x1f,
    0xd6, 0x80, 0x1a, 0x58, 0x3, 0xfa, 0xd0, 0x3,
    0x4b, 0x0, 0x7f, 0x5a, 0x0, 0x69, 0x60, 0xf,
    0xeb, 0x40, 0xd, 0x2c, 0x1, 0xfd, 0x66, 0x1,
    0xa5, 0x80, 0x3f, 0xb0, 0xc0, 0x34, 0xb0, 0x7,
    0xf6, 0x18, 0x6, 0x90, 0xf, 0xf6, 0x18, 0x4,
    0xa0, 0x1f, 0xf6, 0x20, 0x2d, 0x0, 0x7f, 0xf0,
    0x2f, 0x68, 0x0,

    /* U+F054 "" */
    0x0, 0x3c, 0x0, 0x7f, 0xf0, 0x6a, 0x1e, 0xc0,
    0x3f, 0xe6, 0x50, 0x2, 0x58, 0x7, 0xf8, 0x80,
    0x32, 0x58, 0x7, 0xf2, 0x40, 0x6, 0x4b, 0x0,
    0xfe, 0x78, 0x0, 0xc9, 0x60, 0x1f, 0xcf, 0x0,
    0x19, 0x2c, 0x3, 0xf9, 0xe0, 0x3, 0x25, 0x80,
    0x7f, 0x3c, 0x0, 0x64, 0xb0, 0xf, 0xe7, 0x80,
    0xc, 0x96, 0x1, 0xfc, 0xf0, 0x1, 0x92, 0xc0,
    0x3f, 0x9e, 0x0, 0x32, 0x50, 0x7, 0xf3, 0x8,
    0x6, 0x50, 0xf, 0xc3, 0xa2, 0x1, 0xa8, 0x3,
    0xe1, 0xd3, 0x0, 0xd4, 0xa0, 0x1e, 0x1d, 0x30,
    0xd, 0x4a, 0x1, 0xe1, 0xd3, 0x0, 0xd4, 0xa0,
    0x1e, 0x1d, 0x30, 0xd, 0x4a, 0x1, 0xe1, 0xd3,
    0x0, 0xd4, 0xa0, 0x1e, 0x1c, 0x30, 0xd, 0x4a,
    0x1, 0xe1, 0xc2, 0x0, 0xd4, 0xa0, 0x1f, 0x31,
    0x0, 0x6a, 0x50, 0xf, 0xca, 0x1, 0xa9, 0x40,
    0x3f, 0x8b, 0x0, 0x14, 0xa0, 0x1f, 0xf1, 0xf7,
    0x14, 0x3, 0xfe,

    /* U+F067 "" */
    0x0, 0xff, 0x2d, 0x52, 0x4, 0x3, 0xff, 0x8e,
    0x74, 0xaa, 0x7a, 0x0, 0xff, 0xe3, 0xb0, 0x6,
    0x60, 0xf, 0xfe, 0x39, 0x80, 0x63, 0x0, 0xff,
    0xff, 0x80, 0x7f, 0xff, 0xc0, 0x3f, 0xcd, 0xff,
    0xfa, 0x40, 0x30, 0xff, 0xfe, 0xc1, 0x90, 0xf,
    0xfe, 0x51, 0xb0, 0x7, 0xff, 0x33, 0xc0, 0x3f,
    0xf9, 0x9e, 0xc0, 0x1f, 0xfc, 0xa1, 0x59, 0xdc,
    0xcf, 0x9c, 0x3, 0xe, 0x67, 0xef, 0x20, 0x23,
    0x3f, 0xb8, 0x3, 0x8c, 0xff, 0x8, 0x7, 0xff,
    0xfc, 0x3, 0xff, 0xfe, 0x1, 0xfe, 0x20, 0xc,
    0x40, 0x1f, 0xfc, 0x74, 0x72, 0x21, 0xf8, 0x7,
    0xf8,

    /* U+F068 "" */
    0x1, 0x22, 0xff, 0xe4, 0x8, 0x2, 0x3b, 0x77,
    0xff, 0x91, 0xdc, 0x17, 0x0, 0xff, 0xe5, 0xb,
    0x0, 0x7f, 0xf3, 0x3c, 0x3, 0xff, 0x99, 0xf0,
    0x1, 0xff, 0xca, 0x16, 0x7e, 0xdd, 0xff, 0xe4,
    0x77, 0x4,

    /* U+F06E "" */
    0x0, 0xff, 0x13, 0x56, 0xf7, 0xfb, 0xb2, 0x54,
    0x3, 0xff, 0x8e, 0xb9, 0xb2, 0xa4, 0x20, 0x1,
    0x36, 0xaf, 0xa2, 0x0, 0xff, 0xe1, 0x1e, 0x51,
    0x80, 0x64, 0x54, 0x20, 0xc, 0xbb, 0x22, 0x1,
    0xff, 0x46, 0x18, 0x4, 0x55, 0xf7, 0x57, 0xbc,
    0xe0, 0x19, 0xbd, 0x0, 0x3f, 0xad, 0xc0, 0x32,
    0xea, 0x80, 0x70, 0xc6, 0x8, 0x4, 0x36, 0xc0,
    0x1f, 0x62, 0x0, 0x64, 0xa0, 0x8, 0xe6, 0x4a,
    0x0, 0x3c, 0x10, 0xd, 0x2e, 0x1, 0xd4, 0x60,
    0x18, 0x6c, 0x3, 0x99, 0x95, 0xa4, 0x5, 0x60,
    0x1d, 0xa, 0x1, 0x3a, 0x80, 0x74, 0x80, 0x7f,
    0x16, 0x8, 0x29, 0x0, 0x75, 0x10, 0x14, 0x0,
    0x79, 0x40, 0x3a, 0x40, 0x30, 0xc8, 0x1, 0x40,
    0x3d, 0xc1, 0x20, 0x1f, 0x10, 0x24, 0x35, 0xa8,
    0x7, 0x28, 0x3, 0x40, 0x3c, 0x6a, 0x80, 0x1e,
    0x10, 0x1, 0xbc, 0xa0, 0x7, 0x88, 0x0, 0x20,
    0x1f, 0x62, 0x0, 0x78, 0x40, 0x2, 0x1, 0xfc,
    0x20, 0x1, 0x0, 0xfb, 0x28, 0x3, 0xe2, 0x7,
    0x0, 0xfe, 0x70, 0x6, 0x80, 0x78, 0xd4, 0x64,
    0x3, 0xca, 0x2, 0xe0, 0x1f, 0xac, 0x0, 0xa0,
    0x1e, 0xe0, 0x3, 0x28, 0x7, 0x48, 0x2, 0x14,
    0x3, 0xd6, 0x40, 0xa4, 0x1, 0xd4, 0x40, 0x15,
    0x20, 0x6, 0x1b, 0x0, 0x55, 0xa9, 0x1b, 0xf2,
    0x1, 0x58, 0x7, 0x42, 0x80, 0x75, 0xa0, 0x6,
    0x4a, 0x0, 0x25, 0x6e, 0x40, 0x81, 0xe0, 0x80,
    0x69, 0x70, 0xf, 0xae, 0x0, 0x32, 0xea, 0x80,
    0x70, 0xc6, 0x8, 0x4, 0x36, 0xc0, 0x1f, 0xcf,
    0x86, 0x1, 0x15, 0x7d, 0xd5, 0x33, 0x9c, 0x3,
    0x37, 0xa0, 0x7, 0xfc, 0x79, 0x66, 0x1, 0x91,
    0x54, 0x60, 0x19, 0x76, 0x44, 0x3, 0xff, 0x84,
    0x99, 0xb2, 0xa4, 0x1, 0x9, 0xb5, 0x7d, 0x10,
    0x7, 0xe0,

    /* U+F070 "" */
    0x4, 0x40, 0x7, 0xff, 0x51, 0x2e, 0xd0, 0x1,
    0xff, 0xd3, 0xa0, 0x3, 0xe0, 0x80, 0x7f, 0xf4,
    0x58, 0x2, 0x3f, 0x30, 0xf, 0xfe, 0x84, 0x50,
    0x4, 0x38, 0xe0, 0x18, 0x9a, 0xb7, 0xfd, 0xdb,
    0x6e, 0x60, 0x1f, 0xfc, 0x15, 0xd2, 0x0, 0xa2,
    0x85, 0xb7, 0x52, 0xa4, 0x0, 0x12, 0x48, 0xcd,
    0x70, 0xf, 0xfe, 0x1, 0x6a, 0x80, 0x4b, 0xd2,
    0x40, 0x19, 0x15, 0x4, 0x2, 0x28, 0xe6, 0x0,
    0xff, 0xe0, 0x54, 0x0, 0x7c, 0x75, 0xf7, 0x57,
    0xd8, 0x80, 0x10, 0xcd, 0x88, 0x7, 0xfc, 0xf8,
    0x20, 0x18, 0xb1, 0x40, 0x38, 0xee, 0x0, 0x32,
    0x79, 0x0, 0x7f, 0xc7, 0xe8, 0x1, 0x16, 0x8,
    0x35, 0xd2, 0x80, 0x1e, 0x0, 0x30, 0xe1, 0x0,
    0x7f, 0xc3, 0x6e, 0x1, 0x1f, 0xa0, 0xa2, 0xd6,
    0x8, 0x3a, 0x0, 0x61, 0xf1, 0x0, 0xf5, 0x69,
    0x0, 0x51, 0x60, 0x10, 0xdd, 0x80, 0x23, 0xd0,
    0x4, 0x0, 0x71, 0x50, 0x7, 0x2a, 0x8b, 0x54,
    0x2, 0x4d, 0x20, 0x8, 0xc0, 0x31, 0xa8, 0x18,
    0x80, 0x72, 0x28, 0x6, 0xb0, 0xa, 0xa4, 0x2,
    0x2d, 0x50, 0xf, 0xde, 0x0, 0x50, 0xf, 0x58,
    0x4, 0x42, 0x1, 0x9b, 0x8, 0x2, 0xa9, 0x0,
    0xf8, 0x40, 0x2, 0x1, 0xe1, 0x20, 0x1, 0x8,
    0x7, 0x1f, 0x0, 0x66, 0xc1, 0x0, 0xe1, 0x0,
    0x30, 0x7, 0x84, 0x80, 0x2b, 0x0, 0xf1, 0x80,
    0x71, 0xfa, 0x0, 0x67, 0x20, 0x20, 0xf, 0x58,
    0x6, 0x54, 0x0, 0xf2, 0x0, 0x70, 0xdc, 0x0,
    0x45, 0xb2, 0x20, 0x1c, 0xca, 0x1, 0xd6, 0x40,
    0x1d, 0x0, 0x1f, 0x3d, 0x88, 0x4, 0xc0, 0x1c,
    0x72, 0x1, 0xf7, 0x88, 0x6, 0x38, 0x0, 0xf9,
    0x3c, 0xc0, 0x3e, 0x1d, 0x0, 0xfc, 0x58, 0x40,
    0x19, 0xdc, 0x1, 0xf0, 0xe3, 0x0, 0x70, 0xe0,
    0x80, 0x7f, 0x16, 0x20, 0x6, 0x8c, 0x40, 0xf,
    0xa6, 0x80, 0x30, 0xa0, 0x7, 0xfc, 0x37, 0x22,
    0x1, 0x1d, 0xf5, 0xd5, 0xa8, 0x4, 0xba, 0x40,
    0x14, 0xd0, 0x7, 0xff, 0x1, 0xba, 0x8, 0x2,
    0x14, 0x54, 0xa8, 0x0, 0x8b, 0x54, 0x2, 0x5d,
    0x20, 0xf, 0xfe, 0x3, 0xee, 0x42, 0x10, 0x80,
    0x8, 0xd0, 0x3, 0x54, 0x0, 0x45, 0xaa, 0x1,
    0xff, 0xc1, 0x37, 0xbd, 0xef, 0xf6, 0xda, 0x0,
    0x73, 0xe0, 0x80, 0x55, 0x0, 0x1f, 0xfd, 0x3,
    0xf3, 0x0, 0x98, 0x3, 0xff, 0xa2, 0x38, 0xe0,
    0xa, 0x0, 0xff, 0xe9, 0xc5, 0xd9, 0x0,

    /* U+F071 "" */
    0x0, 0xff, 0xe1, 0xa4, 0x38, 0x80, 0x7f, 0xf4,
    0x16, 0xde, 0x30, 0x3, 0xff, 0x9e, 0x36, 0x1,
    0x13, 0x80, 0x7f, 0xf3, 0xa4, 0x40, 0x34, 0x8,
    0x7, 0xff, 0x30, 0x9c, 0x3, 0xd6, 0x1, 0xff,
    0xcc, 0x90, 0xf, 0x94, 0xc0, 0x3f, 0xf9, 0x48,
    0x80, 0xf, 0xde, 0x1, 0xff, 0xca, 0x90, 0xf,
    0xe3, 0x50, 0xf, 0xfe, 0x43, 0x10, 0x7, 0xfa,
    0xc0, 0x3f, 0xf8, 0xe3, 0x0, 0x1f, 0xf0, 0xc0,
    0x7, 0xff, 0x1a, 0x4, 0x2, 0x7f, 0xfb, 0x84,
    0x2, 0x71, 0x0, 0xff, 0xe2, 0x13, 0x0, 0x6e,
    0x0, 0x84, 0x3, 0xac, 0x3, 0xff, 0x89, 0x20,
    0x1c, 0x20, 0x18, 0x40, 0x32, 0x98, 0x7, 0xff,
    0x9, 0x10, 0x1, 0xde, 0x1, 0xfe, 0xf0, 0xf,
    0xfe, 0x14, 0x80, 0x7f, 0xf1, 0x4d, 0x40, 0x3f,
    0xf8, 0xe, 0x40, 0x1e, 0x10, 0x8, 0x40, 0x3e,
    0xb0, 0xf, 0xf8, 0x60, 0x3, 0xe3, 0x0, 0x8c,
    0x3, 0xe1, 0x80, 0xf, 0xf4, 0x0, 0x7e, 0x10,
    0x8, 0x40, 0x3f, 0x39, 0x0, 0x7e, 0x26, 0x0,
    0xfc, 0xc2, 0x0, 0x50, 0xf, 0xe8, 0x0, 0xfd,
    0x20, 0x1f, 0xc5, 0xdf, 0xe9, 0x0, 0xfe, 0x53,
    0x0, 0xf2, 0xa0, 0x7, 0xfa, 0xbf, 0x90, 0x3,
    0xfd, 0xe0, 0x1e, 0x80, 0xf, 0xf4, 0x28, 0xd,
    0x88, 0x7, 0xf1, 0xb0, 0x6, 0x72, 0x0, 0xff,
    0x18, 0x6, 0x20, 0xf, 0xf4, 0x0, 0x43, 0x0,
    0x1f, 0xf6, 0x0, 0x42, 0x60, 0x1f, 0xe1, 0x80,
    0x4, 0x0, 0x7f, 0xf0, 0x1d, 0x84, 0xf4, 0x3,
    0xff, 0x80, 0xe2, 0xc, 0x1, 0xff, 0xc1, 0x9e,
    0xc3, 0x0, 0xff, 0xe0, 0xb0, 0x8, 0x7, 0xff,
    0x48, 0x42, 0x40, 0x3f, 0xfa, 0x22, 0xc0, 0xf6,
    0xec, 0xdf, 0xfc, 0xd7, 0x8f, 0x0,

    /* U+F074 "" */
    0x0, 0xff, 0xe4, 0xb5, 0x10, 0x7, 0xff, 0x36,
    0x57, 0xc, 0x3, 0xff, 0x9c, 0x3a, 0x60, 0x2,
    0x44, 0xe3, 0x0, 0xff, 0x12, 0x24, 0x1, 0xe,
    0x98, 0x6d, 0xdf, 0x65, 0x80, 0x7e, 0x3d, 0xbb,
    0x80, 0x30, 0xe9, 0x80, 0x7c, 0x94, 0x1, 0xe3,
    0xc0, 0xf, 0xe1, 0xe0, 0xf, 0xcb, 0x20, 0x18,
    0xb4, 0x3, 0xff, 0x92, 0xd0, 0x0, 0x1c, 0x10,
    0xf, 0xf1, 0x67, 0x6e, 0xe9, 0x0, 0xc4, 0x3,
    0x82, 0x1, 0x16, 0xe8, 0x3, 0x16, 0x8, 0x88,
    0xb3, 0x40, 0x1, 0x28, 0x34, 0x80, 0x22, 0xc2,
    0x20, 0x4, 0x58, 0x20, 0x1f, 0x3b, 0x8e, 0xc3,
    0xc, 0x2, 0x1f, 0x10, 0x0, 0x81, 0x60, 0x80,
    0x7f, 0x46, 0x5, 0x98, 0x4, 0x38, 0x40, 0x15,
    0x3e, 0x8, 0x7, 0xff, 0x2, 0x90, 0x3, 0x69,
    0x0, 0x64, 0x81, 0x0, 0xff, 0xe0, 0x4a, 0x80,
    0x6b, 0x30, 0xe, 0x48, 0x10, 0xf, 0xfa, 0x18,
    0x3, 0x52, 0x2f, 0x10, 0x5, 0x4f, 0x82, 0x1,
    0xfc, 0xee, 0x0, 0xd2, 0xa9, 0x43, 0xe2, 0x0,
    0x10, 0x2c, 0x10, 0x0, 0x91, 0x66, 0x80, 0xd,
    0xc, 0x76, 0x0, 0x2c, 0x22, 0x0, 0x45, 0x82,
    0x1d, 0xbb, 0xa4, 0x3, 0x3b, 0x80, 0x84, 0x2,
    0x2d, 0xd0, 0x6, 0x2c, 0x10, 0xf, 0xe6, 0x80,
    0x0, 0xe0, 0x80, 0x7f, 0x8b, 0x0, 0x3f, 0x2c,
    0x80, 0x62, 0xd0, 0xf, 0xfe, 0x3a, 0x50, 0x7,
    0x8f, 0x0, 0x3f, 0x87, 0xf6, 0xef, 0xb2, 0xc0,
    0x3f, 0x1e, 0xdd, 0xc0, 0x18, 0x74, 0x88, 0x89,
    0xc6, 0x1, 0xfe, 0x24, 0x48, 0x2, 0x1d, 0x30,
    0xf, 0xfe, 0x60, 0xe9, 0x80, 0x7f, 0xf2, 0xe5,
    0x70, 0xc0, 0x20,

    /* U+F077 "" */
    0x0, 0xff, 0x9e, 0xc8, 0x3, 0xff, 0x93, 0x10,
    0x4c, 0x20, 0xf, 0xfe, 0x3c, 0x38, 0x0, 0x70,
    0x80, 0x3f, 0xf8, 0xb0, 0xe0, 0x18, 0x70, 0x80,
    0x3f, 0xf8, 0x70, 0xe0, 0x1e, 0x1c, 0x20, 0xf,
    0xfe, 0xc, 0x38, 0x7, 0xe1, 0xc2, 0x0, 0xff,
    0xa1, 0xc0, 0x32, 0xe0, 0x6, 0x1c, 0x20, 0xf,
    0xe8, 0x70, 0xc, 0xb4, 0x78, 0x1, 0x87, 0x8,
    0x3, 0xe8, 0x70, 0xc, 0xb4, 0x0, 0x3c, 0x0,
    0xc3, 0x84, 0x1, 0xd0, 0xe0, 0x19, 0x68, 0x3,
    0x1e, 0x0, 0x61, 0xc2, 0x0, 0xa1, 0xc0, 0x32,
    0xd0, 0x7, 0x8f, 0x0, 0x30, 0xe1, 0x3, 0x38,
    0x6, 0x5a, 0x0, 0xfc, 0x78, 0x1, 0x87, 0x3,
    0xc0, 0x32, 0xd0, 0x7, 0xf8, 0xf0, 0x3, 0x8,
    0xa0, 0x80, 0xb, 0x40, 0x1f, 0xfc, 0x3, 0xc0,
    0xa, 0x44, 0x58, 0xaf, 0x40, 0x1f, 0xfc, 0x23,
    0xc4, 0xa6, 0x0,

    /* U+F078 "" */
    0x1, 0xa8, 0x0, 0xff, 0xe2, 0x1d, 0xa8, 0x0,
    0x71, 0x5e, 0x80, 0x3f, 0xf8, 0x47, 0x89, 0x4c,
    0x10, 0x40, 0x5, 0xa0, 0xf, 0xfe, 0x1, 0xe0,
    0x5, 0x23, 0xe0, 0x19, 0x68, 0x3, 0xfc, 0x78,
    0x1, 0x88, 0x59, 0xc0, 0x32, 0xd0, 0x7, 0xe3,
    0xc0, 0xc, 0x3e, 0x0, 0x87, 0x0, 0xcb, 0x40,
    0x1e, 0x3c, 0x0, 0xc3, 0x84, 0x1, 0x43, 0x80,
    0x65, 0xa0, 0xc, 0x78, 0x1, 0x87, 0x8, 0x3,
    0xa1, 0xc0, 0x32, 0xd0, 0x0, 0xf0, 0x3, 0xe,
    0x10, 0x7, 0xd0, 0xe0, 0x19, 0x68, 0xf0, 0x3,
    0xe, 0x10, 0x7, 0xf4, 0x38, 0x6, 0x5c, 0x0,
    0xc3, 0x84, 0x1, 0xff, 0x43, 0x80, 0x7e, 0x1c,
    0x20, 0xf, 0xfe, 0xc, 0x38, 0x7, 0x87, 0x8,
    0x3, 0xff, 0x87, 0xe, 0x1, 0x87, 0x8, 0x3,
    0xff, 0x8b, 0xe, 0x0, 0x1c, 0x20, 0xf, 0xfe,
    0x3c, 0x4a, 0xe1, 0x0, 0x7f, 0x80,

    /* U+F079 "" */
    0x0, 0xf2, 0x10, 0x7, 0xff, 0x52, 0x6f, 0x50,
    0x3, 0xff, 0xa5, 0x2c, 0x0, 0xb4, 0x0, 0xca,
    0xef, 0xff, 0xc1, 0x60, 0xf, 0xe9, 0x60, 0xd,
    0x68, 0x0, 0x4a, 0x88, 0xff, 0xe0, 0xcb, 0x80,
    0x7d, 0x2c, 0x1, 0xeb, 0x40, 0x60, 0xf, 0xfe,
    0x1f, 0x0, 0x7a, 0x58, 0x3, 0xf5, 0xa1, 0x58,
    0x7, 0xff, 0x22, 0x58, 0x3, 0xc2, 0x1, 0x5a,
    0x23, 0xff, 0xfe, 0x10, 0xf, 0xcc, 0x1, 0x58,
    0x80, 0x1d, 0x80, 0x2d, 0x0, 0xff, 0xe4, 0xc0,
    0x2, 0x90, 0x3, 0x4a, 0x80, 0xd8, 0x7, 0xff,
    0x25, 0xf3, 0x54, 0x3, 0xd5, 0x7e, 0x40, 0x1f,
    0xfc, 0xa3, 0x20, 0xf, 0xc8, 0x20, 0x1f, 0xff,
    0xf0, 0xf, 0xfe, 0xd0, 0xcc, 0x0, 0x7c, 0x54,
    0xe0, 0x1f, 0xfc, 0xad, 0x67, 0xa0, 0xe, 0x2c,
    0x58, 0x60, 0xf, 0xfe, 0x49, 0x0, 0x16, 0x40,
    0x23, 0xf1, 0x0, 0x78, 0x7, 0xe5, 0x77, 0xff,
    0x18, 0x50, 0x4, 0xc2, 0x0, 0x52, 0x0, 0x1c,
    0x0, 0x7e, 0x38, 0x8f, 0xf6, 0x2a, 0x58, 0x7,
    0xf1, 0xe8, 0x80, 0x7f, 0xf2, 0x28, 0x12, 0xc0,
    0x3e, 0x3d, 0x10, 0xf, 0x38, 0x7, 0xff, 0x9,
    0x40, 0x9, 0x80, 0x1c, 0x7a, 0x20, 0x1f, 0x4f,
    0xff, 0xff, 0xa, 0x80, 0x23, 0xc0, 0x8, 0xf4,
    0x40, 0x3f, 0xfa, 0x7, 0x84, 0x98, 0x20, 0x18,

    /* U+F07B "" */
    0x1b, 0xff, 0xfe, 0xc1, 0x0, 0xff, 0xe1, 0xd2,
    0x0, 0x7f, 0x1e, 0x88, 0x7, 0xff, 0x9, 0x0,
    0x3f, 0xe3, 0xd1, 0x0, 0xff, 0xe7, 0x1e, 0xc4,
    0x7f, 0x9c, 0xc0, 0x3f, 0xf8, 0x66, 0xef, 0xfe,
    0x8c, 0x50, 0xf, 0xfe, 0x7d, 0x80, 0x7f, 0xf3,
    0xc4, 0x3, 0xff, 0xfe, 0x1, 0xff, 0xff, 0x0,
    0xff, 0xff, 0x80, 0x7f, 0xff, 0xc0, 0x3f, 0xfb,
    0x8, 0x1, 0xff, 0xce, 0x4a, 0x40, 0xf, 0xfe,
    0x62, 0x50,

    /* U+F093 "" */
    0x0, 0xff, 0xe0, 0x98, 0x80, 0x7f, 0xf3, 0x5f,
    0x3c, 0x80, 0x3f, 0xf9, 0x6f, 0x0, 0x38, 0x40,
    0x1f, 0xfc, 0x97, 0x80, 0x8, 0x70, 0x80, 0x3f,
    0xf8, 0xef, 0x0, 0x1c, 0x38, 0x40, 0x1f, 0xfc,
    0x57, 0x80, 0xf, 0x87, 0x8, 0x3, 0xff, 0x86,
    0xf0, 0x1, 0xfc, 0x38, 0x40, 0x1f, 0xfc, 0x17,
    0x80, 0xf, 0xf8, 0x70, 0x80, 0x3f, 0xe7, 0x80,
    0xf, 0xfe, 0x8, 0xe1, 0x0, 0x7f, 0x2c, 0x0,
    0x7f, 0xf0, 0xc7, 0x0, 0x3f, 0x8c, 0x3, 0xff,
    0x8a, 0x20, 0x1f, 0xcd, 0xbb, 0xc6, 0x1, 0xe9,
    0xdd, 0xdc, 0x1, 0xfe, 0x22, 0xe7, 0x0, 0xf1,
    0x17, 0x8, 0x7, 0xff, 0xfc, 0x3, 0xff, 0xfe,
    0x1, 0xff, 0xcc, 0x11, 0xf8, 0x3, 0xff, 0x80,
    0x23, 0xf0, 0x5f, 0x77, 0xd8, 0x2, 0x1, 0xe7,
    0xc, 0xee, 0xfa, 0xd0, 0x3, 0xe3, 0x1b, 0x76,
    0x6d, 0x26, 0x26, 0x1, 0xf2, 0x0, 0x7f, 0x68,
    0x44, 0xce, 0x61, 0xd0, 0xf, 0xfe, 0x31, 0xf6,
    0x67, 0xb8, 0xc0, 0x3f, 0xf9, 0x6, 0x7e, 0x0,
    0xff, 0xe9, 0x5f, 0xa, 0x7b, 0x80, 0x7f, 0xf2,
    0x84, 0xc1, 0xc4, 0x3, 0x8, 0x7, 0xff, 0x1a,
    0xb4, 0x4f, 0x9c, 0x0, 0x3b, 0xe, 0xff, 0xfc,
    0xc8, 0xd0,

    /* U+F095 "" */
    0x0, 0xff, 0xe4, 0xb3, 0x8, 0x3, 0xff, 0x9a,
    0x93, 0x2d, 0xeb, 0x73, 0x0, 0xff, 0xe4, 0xf8,
    0x4, 0x29, 0x19, 0x80, 0xf, 0xfe, 0x39, 0x20,
    0x7, 0xc6, 0x1, 0xff, 0xc7, 0xb0, 0xf, 0xc2,
    0x1, 0xff, 0xc6, 0x16, 0x0, 0xff, 0xe7, 0xb0,
    0x7, 0xf1, 0x0, 0x7f, 0xf1, 0xa8, 0x3, 0xf9,
    0x80, 0x3f, 0xf8, 0xcc, 0x1, 0xfd, 0xa0, 0x1f,
    0xfc, 0x6b, 0x40, 0xf, 0xc8, 0x1, 0xff, 0xc7,
    0xb7, 0x0, 0xf8, 0xc0, 0x3f, 0xf9, 0x11, 0x0,
    0xe, 0x60, 0xf, 0xfe, 0x56, 0x80, 0x76, 0x80,
    0x7f, 0xf2, 0x4d, 0x40, 0x31, 0x20, 0x7, 0xff,
    0x27, 0xc0, 0x3a, 0x0, 0x3f, 0xf9, 0x32, 0x60,
    0x18, 0xd4, 0x3, 0xff, 0x90, 0xcc, 0x0, 0xef,
    0x0, 0xff, 0x13, 0x8, 0x7, 0xcb, 0x20, 0x1c,
    0xe6, 0x1, 0xf9, 0x2f, 0x67, 0x40, 0x3c, 0xd4,
    0x1, 0xc7, 0x0, 0x1f, 0x36, 0xda, 0x0, 0xe,
    0x80, 0x35, 0x48, 0x7, 0xe, 0x80, 0x79, 0xfe,
    0x48, 0x3, 0x95, 0xc1, 0x79, 0x40, 0x38, 0x70,
    0x40, 0x3d, 0x0, 0x1f, 0xd1, 0xb4, 0x20, 0x1c,
    0x38, 0x40, 0x1f, 0x18, 0x7, 0xf8, 0x80, 0x3c,
    0x58, 0x40, 0x1f, 0x90, 0x3, 0xff, 0x88, 0xba,
    0x40, 0x1f, 0xd8, 0x1, 0xff, 0xc2, 0x19, 0xa0,
    0xf, 0xf9, 0x40, 0x3f, 0xf8, 0x2d, 0xec, 0x1,
    0xff, 0xc0, 0x12, 0x0, 0xfe, 0x16, 0xe9, 0x10,
    0xf, 0xfe, 0x12, 0x0, 0x78, 0x9a, 0xfa, 0x44,
    0x3, 0xff, 0x89, 0x11, 0x4d, 0x67, 0xec, 0xa0,
    0x7, 0xff, 0x14,

    /* U+F0C4 "" */
    0x0, 0x96, 0x64, 0xe4, 0x1, 0xff, 0xc6, 0x2d,
    0xa6, 0x64, 0x6b, 0x80, 0x7f, 0xb, 0xdd, 0xa0,
    0x40, 0x70, 0x80, 0x3a, 0x1c, 0x3, 0xe2, 0xf8,
    0x44, 0x3f, 0x9c, 0x88, 0x4, 0x20, 0x14, 0x8,
    0x7, 0x16, 0x8, 0x6, 0x17, 0x50, 0x0, 0xf7,
    0x20, 0x2, 0x40, 0xc, 0x58, 0x20, 0x1d, 0x48,
    0x40, 0x6, 0x10, 0x70, 0x8, 0x80, 0x22, 0xc1,
    0x0, 0xea, 0x50, 0x10, 0x2, 0x0, 0x10, 0x2,
    0x10, 0x1, 0x60, 0x80, 0x75, 0x28, 0x1, 0x0,
    0x7, 0xb7, 0x60, 0x8, 0x80, 0xf0, 0x40, 0x3a,
    0x94, 0x2, 0x80, 0x8, 0x90, 0x3, 0x52, 0xe8,
    0x80, 0x75, 0x28, 0x6, 0x2b, 0x0, 0xfc, 0x34,
    0x20, 0x1d, 0x4a, 0x1, 0xe4, 0xe7, 0x32, 0x0,
    0xff, 0xa9, 0x40, 0x3f, 0xc, 0x66, 0xd0, 0x7,
    0xf5, 0x28, 0x7, 0xff, 0x5, 0x60, 0x3, 0xe8,
    0x50, 0xf, 0xfe, 0x11, 0xc8, 0x7, 0xd2, 0x40,
    0x1f, 0xf2, 0xcc, 0xb4, 0x40, 0x3e, 0x1c, 0x20,
    0xf, 0xc5, 0xb4, 0xcc, 0x10, 0xf, 0xe1, 0xc2,
    0x0, 0xf0, 0xe1, 0x0, 0x7e, 0x60, 0xe, 0x1c,
    0x20, 0xe, 0x91, 0x0, 0x84, 0x3, 0x54, 0xd0,
    0x7, 0xe, 0x10, 0x6, 0x50, 0x0, 0xf7, 0x20,
    0x3, 0x96, 0x80, 0x38, 0x70, 0x80, 0x22, 0x0,
    0x30, 0x83, 0x80, 0x44, 0x0, 0x5a, 0x0, 0xe1,
    0xc2, 0x0, 0x8, 0x1, 0x0, 0x8, 0x1, 0x8,
    0x4, 0xb4, 0x1, 0xc3, 0x84, 0x8, 0x0, 0x3d,
    0xbb, 0x0, 0x48, 0x1, 0x96, 0x80, 0x38, 0x70,
    0xa0, 0x2, 0x24, 0x0, 0x98, 0x80, 0x39, 0x6c,
    0x3, 0x85, 0x8a, 0xc0, 0x3c, 0x92, 0x1, 0xf2,
    0x62, 0x8, 0x26, 0x20, 0x27, 0x39, 0x92, 0x55,
    0x80, 0x7f, 0x1d, 0xf7, 0xd9, 0x80,

    /* U+F0C5 "" */
    0x0, 0xf8, 0x51, 0x3f, 0x88, 0xc, 0x3, 0xff,
    0x81, 0x97, 0x7f, 0xd4, 0x1b, 0x60, 0x1f, 0xf1,
    0x0, 0x7f, 0xf0, 0x12, 0xc0, 0x3f, 0xf9, 0x89,
    0x60, 0x1f, 0xfc, 0xc4, 0xb0, 0xf, 0xfe, 0x62,
    0x22, 0xbf, 0xf2, 0x0, 0x7f, 0xc4, 0x1d, 0xff,
    0x91, 0x40, 0x3f, 0xf8, 0x8b, 0x97, 0x7c, 0x60,
    0x1f, 0xfc, 0x63, 0x44, 0xe6, 0x0, 0xff, 0xff,
    0x80, 0x7f, 0xff, 0xc0, 0x3f, 0xff, 0xe0, 0x1f,
    0xff, 0xf0, 0xf, 0xfe, 0x90, 0x82, 0x80, 0x7f,
    0xf0, 0xc5, 0x0, 0x3b, 0x82, 0xbf, 0xff, 0xf8,
    0x7c, 0x20, 0x1c, 0x94, 0x40, 0x1f, 0xfc, 0xb5,
    0xdf, 0xff, 0xe8, 0x0, 0xff, 0xea, 0x8, 0x7,
    0xff, 0x13, 0x80, 0x3e, 0xd8, 0x77, 0xff, 0xe1,
    0x4b, 0x0, 0x7c,

    /* U+F0C7 "" */
    0x4, 0x88, 0xff, 0xe1, 0xb9, 0x0, 0x79, 0xad,
    0xdf, 0xff, 0x87, 0x1a, 0x80, 0x1d, 0x0, 0x1f,
    0xfc, 0x6b, 0x40, 0xc, 0x20, 0x1f, 0xfc, 0x7b,
    0x40, 0xf, 0x37, 0xff, 0xff, 0x4, 0x80, 0x2b,
    0x40, 0xe, 0x10, 0xf, 0xfe, 0xb, 0x0, 0x6b,
    0x30, 0xf, 0xfe, 0x66, 0x80, 0x7f, 0xf3, 0x4,
    0xc0, 0x3f, 0xf9, 0x8e, 0x1, 0xff, 0xd0, 0x57,
    0x7f, 0xfe, 0xa, 0x80, 0x7f, 0x8a, 0x23, 0xff,
    0x82, 0x20, 0x1f, 0xff, 0x77, 0xde, 0xa1, 0x0,
    0xff, 0xe3, 0xc4, 0x8, 0x57, 0x40, 0x3f, 0xf8,
    0xee, 0x1, 0x8d, 0x0, 0x3f, 0xf8, 0xa6, 0x1,
    0xe3, 0x0, 0xff, 0xe2, 0x90, 0x7, 0x84, 0x3,
    0xff, 0x8a, 0x26, 0x1, 0xce, 0x1, 0xff, 0xc6,
    0xe1, 0x0, 0xa4, 0x40, 0x3f, 0xf8, 0xc5, 0xf5,
    0x3a, 0xc0, 0x1f, 0xfc, 0x81, 0x56, 0x20, 0xf,
    0xf3, 0xa8, 0x7, 0xff, 0x28, 0x4e, 0xd4, 0x40,
    0x3f, 0xf8, 0xe7, 0xa0,

    /* U+F0C9 "" */
    0x0, 0xff, 0xe6, 0xef, 0xff, 0xff, 0x2d, 0x48,
    0x3, 0xff, 0x97, 0xa0, 0x1f, 0xfc, 0xd5, 0x11,
    0xff, 0xe5, 0x16, 0x57, 0x77, 0xff, 0x2b, 0x50,
    0x3, 0xff, 0xfe, 0xf7, 0x7f, 0xfc, 0xaa, 0x28,
    0x44, 0xff, 0xe5, 0x2a, 0x80, 0x3f, 0xf9, 0x9e,
    0x20, 0x1f, 0xfc, 0xbe, 0xfb, 0xbf, 0xfe, 0x56,
    0x30, 0xa2, 0x7f, 0xf2, 0x8c, 0x3, 0xff, 0xfe,
    0x15, 0xdd, 0xff, 0xca, 0xd4, 0x51, 0x1f, 0xfe,
    0x51, 0x60, 0x7, 0xff, 0x34, 0x80, 0x3f, 0xf9,
    0x7b, 0xaf, 0xff, 0xfe, 0x5a, 0x80,

    /* U+F0E0 "" */
    0x1b, 0xff, 0xff, 0xe6, 0x58, 0xd2, 0x0, 0x7f,
    0xf3, 0x12, 0x90, 0x3, 0xff, 0x9c, 0x80, 0x1f,
    0xfd, 0x5, 0x0, 0xff, 0xe7, 0x2d, 0x40, 0x7,
    0xff, 0x32, 0x28, 0x1f, 0x4, 0x3, 0xff, 0x90,
    0x38, 0xe1, 0xca, 0x7e, 0x80, 0x1f, 0xfc, 0x64,
    0xf3, 0x5e, 0x1a, 0x91, 0xb8, 0x0, 0xff, 0xe2,
    0x45, 0x8c, 0xd0, 0x80, 0x1b, 0x49, 0xf0, 0x80,
    0x3f, 0xf8, 0x5, 0x8e, 0x5a, 0xc0, 0x1c, 0x5a,
    0xc7, 0xaa, 0x1, 0xfe, 0x5d, 0x36, 0xd2, 0x0,
    0xfd, 0x34, 0x35, 0x20, 0x1f, 0xa6, 0x82, 0xa4,
    0x3, 0xfe, 0x5f, 0x36, 0xd2, 0x0, 0xc5, 0xac,
    0x7a, 0xa0, 0x1f, 0xfc, 0x11, 0xc6, 0x2d, 0x81,
    0x14, 0x69, 0x3e, 0x10, 0x7, 0xff, 0x12, 0x6c,
    0x5f, 0xb8, 0xe3, 0x70, 0x1, 0xff, 0xc7, 0x4e,
    0x95, 0x54, 0xf2, 0x0, 0x7f, 0xf2, 0x9a, 0xa8,
    0xc0, 0x1f, 0xff, 0x84, 0x0, 0xff, 0xe7, 0x25,
    0x20, 0x7, 0xff, 0x31, 0x28,

    /* U+F0E7 "" */
    0x0, 0xa2, 0xef, 0xf4, 0x0, 0x7e, 0x37, 0x44,
    0xfc, 0xe4, 0x1, 0xf2, 0x80, 0x7f, 0x88, 0x3,
    0xee, 0x0, 0xfe, 0x40, 0xf, 0xc4, 0x1, 0xfd,
    0xc0, 0x1f, 0x98, 0x3, 0xf9, 0x0, 0x3f, 0x10,
    0x7, 0xe4, 0x10, 0xf, 0xc2, 0x1, 0xfb, 0x40,
    0x3f, 0x18, 0x7, 0xf3, 0x80, 0x7e, 0x60, 0xf,
    0xee, 0xff, 0xed, 0x20, 0x20, 0xf, 0xfe, 0x19,
    0x28, 0x70, 0x7, 0xff, 0x11, 0x80, 0x80, 0x3f,
    0xf8, 0x70, 0x20, 0xc0, 0x1f, 0xfc, 0x22, 0x70,
    0x1, 0x0, 0x7f, 0xf0, 0xa0, 0x2, 0x50, 0xf,
    0xfe, 0xa, 0x28, 0x5, 0x5f, 0xfe, 0xa0, 0xf,
    0x48, 0x7, 0xfd, 0xa0, 0x1c, 0xc4, 0x1, 0xff,
    0x20, 0x6, 0x18, 0x0, 0xff, 0xe0, 0x18, 0x6,
    0x81, 0x0, 0xff, 0x8c, 0x3, 0x13, 0x0, 0x7f,
    0xf0, 0x10, 0x3, 0x48, 0x7, 0xff, 0x7, 0x0,
    0x24, 0x40, 0x7, 0xff, 0x5, 0x40, 0x29, 0x0,
    0xff, 0xe0, 0x90, 0x80, 0x1c, 0x80, 0x3f, 0xf8,
    0x28, 0x0, 0x18, 0x0, 0xff, 0xe1, 0x60, 0x2,
    0x0, 0x3f, 0xf8, 0x66, 0x6, 0xc0, 0x1f, 0xfc,
    0x39, 0xcc, 0x0, 0x7f, 0x80,

    /* U+F0EA "" */
    0x0, 0xf8, 0x50, 0xc0, 0x3f, 0xf9, 0x2f, 0xd7,
    0x9c, 0x60, 0x1f, 0xfc, 0x14, 0x99, 0xe8, 0x1,
    0x1, 0xd9, 0x9d, 0x2, 0x1, 0xf5, 0xb3, 0x70,
    0x2f, 0x70, 0x44, 0xcd, 0x9e, 0x0, 0x3f, 0xf9,
    0x86, 0x1, 0xff, 0xc2, 0x5f, 0xe1, 0x0, 0xff,
    0xf1, 0x9c, 0xdd, 0xfd, 0x20, 0x1f, 0xfc, 0x24,
    0xc6, 0x44, 0xf8, 0xc0, 0x3f, 0xf8, 0x52, 0x15,
    0xff, 0xf5, 0x6, 0xb0, 0x7, 0xfc, 0x42, 0xa0,
    0x1f, 0xc7, 0x2c, 0x1, 0xff, 0xcc, 0x96, 0x0,
    0xff, 0xe6, 0x4b, 0x0, 0x7f, 0xf3, 0x24, 0xc0,
    0x3f, 0xf8, 0xf5, 0x77, 0x88, 0x3, 0xff, 0x8a,
    0x82, 0x89, 0xc2, 0x1, 0xff, 0xc5, 0x1e, 0xff,
    0xe5, 0x0, 0xff, 0xff, 0x80, 0x7f, 0xf9, 0x94,
    0x3, 0xff, 0x99, 0x5f, 0xfe, 0x0, 0xff, 0xff,
    0x80, 0x7f, 0xf3, 0x84, 0x40, 0x1f, 0xfc, 0x27,
    0x0, 0xfe, 0xfb, 0xbf, 0xfe, 0xe, 0x90,

    /* U+F0F3 "" */
    0x0, 0xff, 0x9e, 0x88, 0x3, 0xff, 0x92, 0xb0,
    0xbe, 0x1, 0xff, 0xc9, 0x20, 0x1, 0x0, 0x7f,
    0xf1, 0xca, 0x28, 0x2, 0xa5, 0x0, 0xff, 0xe2,
    0x4e, 0xb9, 0x0, 0x4b, 0x5a, 0x80, 0x1f, 0xfc,
    0x1, 0xc6, 0x0, 0xfc, 0x56, 0xa0, 0x1f, 0xf6,
    0x98, 0x7, 0xfd, 0x48, 0x1, 0xfc, 0xc6, 0x1,
    0xff, 0xc1, 0x90, 0xf, 0xe8, 0x0, 0xff, 0xe1,
    0x12, 0x80, 0x7c, 0x62, 0x1, 0xff, 0xc3, 0xe0,
    0xf, 0x94, 0x3, 0xff, 0x88, 0xc0, 0x1f, 0x8,
    0x7, 0xff, 0x10, 0x80, 0x3e, 0xf0, 0xf, 0xfe,
    0x60, 0x80, 0x7f, 0xf1, 0x44, 0x3, 0xca, 0x1,
    0xff, 0xc5, 0x50, 0xf, 0x18, 0x7, 0xff, 0x14,
    0xc0, 0x38, 0xc0, 0x3f, 0xf8, 0xd8, 0x1, 0xd4,
    0x1, 0xff, 0xc6, 0x41, 0x0, 0x8d, 0x80, 0x3f,
    0xf8, 0xf6, 0x0, 0x1d, 0x0, 0xff, 0xe4, 0x2b,
    0x85, 0x8, 0x7, 0xff, 0x26, 0xd, 0x40, 0x3f,
    0xf9, 0x69, 0x0, 0x1f, 0xfc, 0xa2, 0x66, 0x7f,
    0xff, 0xf2, 0xb4, 0x40, 0x3f, 0xfa, 0xa7, 0xff,
    0xeb, 0x0, 0xff, 0xe2, 0x98, 0x80, 0x76, 0x80,
    0x7f, 0xf1, 0xb4, 0x40, 0x26, 0x60, 0x7, 0xff,
    0x18, 0xfe, 0xa3, 0x24, 0x3, 0xfc,

    /* U+F11C "" */
    0x1b, 0xff, 0xff, 0xe7, 0xf2, 0x85, 0x20, 0x7,
    0xff, 0x3c, 0x68, 0xd0, 0x3, 0xff, 0xa4, 0x80,
    0x11, 0x3b, 0x98, 0x0, 0xef, 0x0, 0x19, 0xdc,
    0x20, 0xae, 0xe4, 0x2, 0x77, 0x30, 0x5, 0xe0,
    0x12, 0xc4, 0x24, 0xe, 0x22, 0x30, 0x98, 0x82,
    0x5, 0xc4, 0x3c, 0x2a, 0x21, 0x20, 0x1f, 0xfd,
    0xb1, 0x0, 0x8, 0x8, 0x4, 0x20, 0x20, 0x6,
    0x2, 0x0, 0x10, 0x70, 0x0, 0x40, 0x3e, 0x6f,
    0xf7, 0x1, 0x7f, 0xc4, 0x1d, 0xfe, 0x30, 0xcf,
    0xf4, 0x83, 0x7f, 0xb8, 0x3, 0xfc, 0x46, 0x61,
    0x1, 0x33, 0x10, 0x0, 0xcc, 0x40, 0x3, 0x38,
    0x3, 0xff, 0x83, 0xf9, 0x88, 0x8, 0xcc, 0x70,
    0x3e, 0x63, 0x40, 0xb3, 0x25, 0x0, 0xff, 0xe4,
    0x8, 0x7, 0x8, 0x7, 0xff, 0x34, 0x40, 0x38,
    0x40, 0x3f, 0xf8, 0xbf, 0x98, 0x80, 0x8c, 0xc7,
    0x3, 0xe6, 0x34, 0xb, 0x32, 0x50, 0xf, 0xfe,
    0x1, 0x19, 0x84, 0x4, 0xcc, 0x40, 0x3, 0x31,
    0x0, 0xc, 0xe0, 0xf, 0xf3, 0x7f, 0xb8, 0xb,
    0xff, 0xff, 0x83, 0x20, 0xdf, 0xee, 0x0, 0xf8,
    0x40, 0x2, 0x2, 0x1, 0xff, 0xc1, 0x20, 0xe0,
    0x0, 0x80, 0x7f, 0xf6, 0xd6, 0x21, 0x20, 0x71,
    0x1f, 0xfc, 0x1f, 0xa, 0x88, 0x48, 0x7, 0xc4,
    0xee, 0x60, 0x3, 0xbf, 0xff, 0x5, 0x0, 0x9d,
    0xcc, 0x1, 0x7a, 0x0, 0x7f, 0xf4, 0x92, 0x90,
    0x3, 0xff, 0x9e, 0x34, 0x60,

    /* U+F124 "" */
    0x0, 0xff, 0xe6, 0xab, 0x90, 0x7, 0xff, 0x35,
    0xba, 0xa3, 0x50, 0x3, 0xff, 0x92, 0x31, 0xd2,
    0x20, 0x14, 0x80, 0x7f, 0xf1, 0xca, 0x79, 0xc4,
    0x3, 0x8c, 0x3, 0xff, 0x8a, 0x75, 0xac, 0x1,
    0xf9, 0xc0, 0x3f, 0xf8, 0x69, 0x98, 0x50, 0xf,
    0xf5, 0x80, 0x7f, 0xf0, 0x5b, 0x6c, 0xc0, 0x3f,
    0xe4, 0x20, 0xf, 0xf0, 0xbf, 0x49, 0x0, 0x7f,
    0xf0, 0x60, 0x3, 0xf8, 0x63, 0xa0, 0x40, 0x3f,
    0xf8, 0x46, 0x60, 0xf, 0x8a, 0xb9, 0xc0, 0x3f,
    0xf8, 0xb2, 0x1, 0xe4, 0xbd, 0x50, 0xf, 0xfe,
    0x31, 0x28, 0x6, 0x1b, 0xb2, 0x0, 0x7f, 0xf2,
    0x2c, 0x3, 0xa9, 0x0, 0x3f, 0xf9, 0x22, 0xc0,
    0x1c, 0x80, 0x1f, 0xfc, 0xa9, 0x0, 0xf1, 0x0,
    0x7f, 0xf2, 0x98, 0x3, 0xd2, 0x1, 0xff, 0xc9,
    0x61, 0x0, 0xf2, 0x7e, 0x5d, 0xff, 0x10, 0x7,
    0xf5, 0x80, 0x7f, 0x1a, 0x27, 0xf0, 0x80, 0x7e,
    0x52, 0x0, 0xff, 0xe8, 0x48, 0x7, 0xff, 0x41,
    0xc, 0x3, 0xff, 0xa1, 0xe0, 0x1f, 0xfd, 0x2,
    0x40, 0xf, 0xfe, 0x84, 0x0, 0x7f, 0xf4, 0x5,
    0x40, 0x3f, 0xfa, 0x12, 0x1, 0xff, 0xcb, 0x70,
    0xe, 0x70, 0xf, 0xfe, 0x58, 0x80, 0x67, 0x0,
    0xff, 0xe6, 0x40, 0x4, 0x50, 0x1, 0xff, 0xcc,
    0x2e, 0x89, 0xd0, 0xf, 0xfe, 0x0,

    /* U+F15B "" */
    0x14, 0x4f, 0xf8, 0x40, 0xc0, 0x3d, 0x97, 0x7f,
    0xf2, 0x86, 0x50, 0x7, 0x10, 0x7, 0xff, 0x9,
    0x68, 0x3, 0xff, 0x90, 0xb4, 0x1, 0xff, 0xc8,
    0x5a, 0x0, 0xff, 0xe4, 0x2d, 0x0, 0x7f, 0xf2,
    0x16, 0x40, 0x3f, 0xf8, 0x48, 0x9e, 0x20, 0xf,
    0xfe, 0x6, 0x5, 0xdf, 0xc0, 0x1f, 0xfc, 0x7,
    0xff, 0xfc, 0x1, 0xff, 0xff, 0x0, 0xff, 0xff,
    0x80, 0x7f, 0xff, 0xc0, 0x3f, 0xff, 0xe0, 0x1f,
    0xfe, 0xd2, 0x0, 0xff, 0xe3, 0x96, 0x5d, 0xff,
    0xf1, 0xf0,

    /* U+F1EB "" */
    0x0, 0xff, 0xf1, 0x9b, 0x4d, 0x5e, 0x5d, 0x4b,
    0x18, 0x7, 0xff, 0x20, 0x9f, 0x3f, 0x25, 0x95,
    0xd, 0x15, 0xa7, 0x3f, 0x1c, 0x80, 0x3f, 0xf8,
    0x47, 0x7b, 0x6, 0x1, 0xff, 0xc1, 0x38, 0xdb,
    0x30, 0xf, 0xf1, 0x66, 0x10, 0x3, 0xff, 0x8e,
    0x99, 0x82, 0x0, 0xfa, 0x34, 0xc0, 0x3f, 0x12,
    0x2a, 0xc8, 0x40, 0x1f, 0x8f, 0x60, 0x3, 0xe,
    0xb8, 0x7, 0x8e, 0x33, 0xf6, 0xea, 0xab, 0xdf,
    0xc8, 0x30, 0xf, 0x3e, 0x88, 0x1f, 0x90, 0x7,
    0x36, 0xe3, 0x98, 0x7, 0xf1, 0xbe, 0x6b, 0x0,
    0x71, 0x79, 0xe8, 0x80, 0x64, 0xd9, 0x20, 0xf,
    0xfe, 0x19, 0x4e, 0xa0, 0x6, 0x1d, 0x90, 0xd,
    0x36, 0x40, 0x1f, 0xfc, 0x72, 0xb9, 0x0, 0xd2,
    0xf0, 0x3, 0xac, 0x1, 0xe4, 0x8b, 0xef, 0xfb,
    0x6e, 0x10, 0x3, 0xcd, 0xa4, 0x10, 0xe0, 0xf7,
    0xe4, 0x1, 0x86, 0x3a, 0xdd, 0x4, 0x2, 0x24,
    0x7b, 0xe8, 0x10, 0xc, 0x59, 0x6e, 0x1, 0x20,
    0x80, 0x66, 0xf7, 0x10, 0xf, 0xf8, 0x5f, 0xd8,
    0x3, 0xa, 0x0, 0x7e, 0x1b, 0x91, 0x0, 0xff,
    0xe1, 0x8c, 0xd8, 0x80, 0x7f, 0xf0, 0x29, 0x0,
    0x3c, 0x6f, 0x13, 0xe, 0x60, 0x1e, 0x4d, 0x0,
    0xff, 0xe0, 0x18, 0x6, 0x18, 0xfc, 0x87, 0x67,
    0x8c, 0xf8, 0x10, 0xc, 0x80, 0x1f, 0xfc, 0x8,
    0x60, 0x3, 0x73, 0x80, 0x7f, 0x3f, 0x30, 0x1,
    0xa0, 0x3, 0xff, 0x83, 0x32, 0xb9, 0x0, 0xff,
    0xe0, 0xcd, 0xc4, 0x80, 0x7f, 0xf0, 0xd9, 0x0,
    0x3e, 0x10, 0xf, 0x91, 0xc0, 0x3f, 0xf9, 0x6f,
    0xfd, 0xee, 0x1, 0xff, 0xd1, 0x78, 0x0, 0xa1,
    0xc0, 0x3f, 0xfa, 0x12, 0x1, 0xd2, 0x1, 0xff,
    0xd0, 0x10, 0xe, 0x10, 0xf, 0xfe, 0x81, 0x80,
    0x71, 0x80, 0x7f, 0xf4, 0x20, 0x3, 0xa0, 0x3,
    0xff, 0xa0, 0x98, 0x84, 0x98, 0x80, 0x1f, 0xfc,
    0x20,

    /* U+F240 "" */
    0x2, 0x67, 0x7f, 0xfe, 0x82, 0x0, 0x4b, 0xb3,
    0x11, 0xff, 0xd0, 0xb9, 0x0, 0x40, 0x7, 0xff,
    0x4d, 0x84, 0x8, 0x3, 0xff, 0xa8, 0x40, 0x19,
    0xff, 0xff, 0xf9, 0xb6, 0x1, 0x64, 0x80, 0x7f,
    0xf5, 0x98, 0x3, 0xb3, 0xff, 0xff, 0x94, 0x1,
    0xff, 0xd8, 0x67, 0x30, 0xf, 0xfe, 0xa1, 0x42,
    0x0, 0x7f, 0xff, 0xc0, 0x3f, 0xf9, 0xe7, 0xee,
    0x1, 0xff, 0xd4, 0x70, 0xf, 0xf6, 0x7f, 0xff,
    0xf2, 0x80, 0x3c, 0x20, 0x11, 0xbb, 0xff, 0xf3,
    0x74, 0x2, 0x5d, 0x0, 0x92, 0x23, 0xff, 0x9a,
    0xc0, 0x14, 0x9a, 0x0, 0x7f, 0xf4, 0xc4, 0xc2,
    0x90, 0x3, 0xff, 0xa2, 0x5a, 0x0, 0x1b, 0xff,
    0xff, 0xe8, 0xe9, 0x80, 0x0,

    /* U+F241 "" */
    0x2, 0x67, 0x7f, 0xfe, 0x82, 0x0, 0x4b, 0xb3,
    0x11, 0xff, 0xd0, 0xb9, 0x0, 0x40, 0x7, 0xff,
    0x4d, 0x84, 0x8, 0x3, 0xff, 0xa8, 0x40, 0x19,
    0xff, 0xff, 0xf9, 0xb6, 0x1, 0x64, 0x80, 0x7f,
    0xf5, 0x98, 0x3, 0xbb, 0xff, 0xff, 0x89, 0x20,
    0x1f, 0xfd, 0xd6, 0x73, 0x0, 0xff, 0xea, 0x14,
    0x20, 0x7, 0xff, 0xfc, 0x3, 0xff, 0x9e, 0x7e,
    0xe0, 0x1f, 0xfd, 0x47, 0x0, 0xff, 0x77, 0xff,
    0xff, 0x12, 0x40, 0x3f, 0xe1, 0x0, 0x8d, 0xdf,
    0xff, 0x9b, 0xa0, 0x12, 0xe8, 0x4, 0x91, 0x1f,
    0xfc, 0xd6, 0x0, 0xa4, 0xd0, 0x3, 0xff, 0xa6,
    0x26, 0x14, 0x80, 0x1f, 0xfd, 0x12, 0xd0, 0x0,
    0xdf, 0xff, 0xff, 0x47, 0x4c, 0x0,

    /* U+F242 "" */
    0x2, 0x67, 0x7f, 0xfe, 0x82, 0x0, 0x4b, 0xb3,
    0x11, 0xff, 0xd0, 0xb9, 0x0, 0x40, 0x7, 0xff,
    0x4d, 0x84, 0x8, 0x3, 0xff, 0xa8, 0x40, 0x19,
    0xff, 0xff, 0xf9, 0xb6, 0x1, 0x64, 0x80, 0x7f,
    0xf5, 0x98, 0x3, 0xbb, 0xff, 0xfe, 0x50, 0xf,
    0xff, 0x13, 0x39, 0x80, 0x7f, 0xf5, 0xa, 0x10,
    0x3, 0xff, 0xfe, 0x1, 0xff, 0xcf, 0x3f, 0x70,
    0xf, 0xfe, 0xa3, 0x80, 0x7f, 0xbb, 0xff, 0xfe,
    0x50, 0xf, 0xfe, 0x20, 0x80, 0x46, 0xef, 0xff,
    0xcd, 0xd0, 0x9, 0x74, 0x2, 0x48, 0x8f, 0xfe,
    0x6b, 0x0, 0x52, 0x68, 0x1, 0xff, 0xd3, 0x13,
    0xa, 0x40, 0xf, 0xfe, 0x89, 0x68, 0x0, 0x6f,
    0xff, 0xff, 0xa3, 0xa6, 0x0,

    /* U+F243 "" */
    0x2, 0x67, 0x7f, 0xfe, 0x82, 0x0, 0x4b, 0xb3,
    0x11, 0xff, 0xd0, 0xb9, 0x0, 0x40, 0x7, 0xff,
    0x4d, 0x84, 0x8, 0x3, 0xff, 0xa8, 0x40, 0x19,
    0xff, 0xff, 0xf9, 0xb6, 0x1, 0x64, 0x80, 0x7f,
    0xf5, 0x98, 0x3, 0xbb, 0xff, 0xc2, 0x1, 0xff,
    0xe7, 0x67, 0x30, 0xf, 0xfe, 0xa1, 0x42, 0x0,
    0x7f, 0xff, 0xc0, 0x3f, 0xf9, 0xe7, 0xee, 0x1,
    0xff, 0xd4, 0x70, 0xf, 0xf7, 0x7f, 0xf8, 0x40,
    0x3f, 0xf9, 0x22, 0x1, 0x1b, 0xbf, 0xff, 0x37,
    0x40, 0x25, 0xd0, 0x9, 0x22, 0x3f, 0xf9, 0xac,
    0x1, 0x49, 0xa0, 0x7, 0xff, 0x4c, 0x4c, 0x29,
    0x0, 0x3f, 0xfa, 0x25, 0xa0, 0x1, 0xbf, 0xff,
    0xfe, 0x8e, 0x98, 0x0,

    /* U+F244 "" */
    0x2, 0x67, 0x7f, 0xfe, 0x82, 0x0, 0x4b, 0xb3,
    0x11, 0xff, 0xd0, 0xb9, 0x0, 0x40, 0x7, 0xff,
    0x4d, 0x84, 0x8, 0x3, 0xff, 0xa8, 0x40, 0x19,
    0xff, 0xff, 0xf9, 0xb6, 0x1, 0x64, 0x80, 0x7f,
    0xf5, 0x98, 0x3, 0xff, 0xe8, 0xce, 0x60, 0x1f,
    0xfd, 0x42, 0x84, 0x0, 0xff, 0xff, 0x80, 0x7f,
    0xf3, 0xcf, 0xdc, 0x3, 0xff, 0xa8, 0xe0, 0x1f,
    0xfd, 0xb1, 0x0, 0x8d, 0xdf, 0xff, 0x9b, 0xa0,
    0x12, 0xe8, 0x4, 0x91, 0x1f, 0xfc, 0xd6, 0x0,
    0xa4, 0xd0, 0x3, 0xff, 0xa6, 0x26, 0x14, 0x80,
    0x1f, 0xfd, 0x12, 0xd0, 0x0, 0xdf, 0xff, 0xff,
    0x47, 0x4c, 0x0,

    /* U+F287 "" */
    0x0, 0xff, 0xe4, 0x8, 0x7, 0xff, 0x55, 0x7b,
    0xa4, 0x0, 0xff, 0xe8, 0x9, 0x1d, 0x8, 0xd,
    0x88, 0x7, 0xff, 0x34, 0x6f, 0xb7, 0x0, 0x39,
    0x0, 0x3f, 0xf9, 0xb4, 0x80, 0x64, 0x1, 0xc2,
    0x1, 0xff, 0xcc, 0x54, 0x1e, 0xcd, 0x30, 0x8,
    0xd0, 0x3, 0xff, 0x99, 0x1, 0x62, 0x0, 0xc8,
    0x58, 0xc0, 0xf, 0xfe, 0x21, 0x8, 0x7, 0x90,
    0x88, 0xa0, 0x19, 0xe9, 0xc0, 0x3f, 0xf8, 0x69,
    0xdb, 0xd8, 0x40, 0x1a, 0x2, 0x0, 0x3f, 0xf8,
    0x6e, 0x80, 0x1c, 0x96, 0x20, 0x3, 0xc1, 0x0,
    0x21, 0x8a, 0x80, 0x7f, 0xf0, 0xee, 0xe2, 0x0,
    0xa0, 0x3, 0x86, 0xcd, 0x68, 0x1d, 0x13, 0xff,
    0x88, 0x20, 0x9a, 0xe0, 0x3, 0x0, 0xf2, 0xe5,
    0x8, 0x35, 0xdf, 0xff, 0x10, 0x80, 0x28, 0xd0,
    0x10, 0xf, 0xa, 0x27, 0x18, 0x0, 0xd1, 0x3f,
    0xf8, 0x0, 0x18, 0x60, 0x18, 0x3, 0xd5, 0x77,
    0xd8, 0xc0, 0xd7, 0x7f, 0xfc, 0x3, 0x0, 0x3f,
    0x28, 0x42, 0x0, 0x67, 0x40, 0xf, 0x48, 0xa9,
    0x0, 0x7f, 0xf0, 0x13, 0x60, 0x3, 0x5d, 0x3c,
    0x64, 0x0, 0x7e, 0x90, 0x80, 0xf, 0xfb, 0x2c,
    0x80, 0x3c, 0xb0, 0xe6, 0x1, 0xfc, 0xc0, 0xa4,
    0x0, 0x6d, 0xdd, 0x84, 0x1, 0xff, 0xcb, 0x17,
    0xe, 0x0, 0x79, 0x16, 0x36, 0x0, 0xff, 0xe6,
    0x41, 0x9b, 0xf5, 0xc0, 0x3f, 0xfa, 0x7a, 0xa0,
    0x42, 0x1, 0xff, 0xd3, 0x1a, 0xfe, 0x60, 0xf,
    0xfe, 0xb0, 0x88, 0x3, 0xff, 0xaf, 0x1f, 0xfc,
    0x80, 0x1f, 0x80,

    /* U+F293 "" */
    0x0, 0xfe, 0x13, 0x43, 0x20, 0xf, 0xfe, 0x11,
    0xd7, 0x73, 0x2f, 0x37, 0xed, 0x40, 0x3f, 0xd5,
    0x8a, 0x20, 0x1e, 0x4a, 0xc1, 0x0, 0xf0, 0xe2,
    0x80, 0x63, 0x80, 0xe, 0x3c, 0x10, 0xe, 0xa3,
    0x0, 0xf3, 0xb8, 0x3, 0x8b, 0x40, 0x32, 0xa0,
    0x7, 0xe8, 0x60, 0xe, 0x35, 0x0, 0xa4, 0x3,
    0xfd, 0x2a, 0x1, 0xdc, 0x0, 0x23, 0x0, 0xff,
    0xa9, 0x0, 0x32, 0x8, 0x20, 0x6, 0x50, 0xe,
    0x39, 0xb, 0x30, 0xc, 0x81, 0x80, 0x13, 0x56,
    0x8, 0x6, 0x69, 0xd, 0x20, 0xb, 0x41, 0x80,
    0x24, 0x13, 0xd1, 0x0, 0x8, 0x10, 0x8, 0x80,
    0x22, 0x2, 0x0, 0x8b, 0x4, 0xf5, 0xc0, 0x9,
    0x61, 0x46, 0x1, 0x30, 0x8, 0x6, 0x2c, 0x13,
    0xa0, 0x2b, 0x9, 0x50, 0xc, 0x20, 0x1f, 0x16,
    0x8, 0x80, 0x27, 0x60, 0xe, 0x31, 0x0, 0xf8,
    0xb0, 0x40, 0xb, 0x0, 0x1f, 0xfc, 0x46, 0x10,
    0x3, 0x0, 0x7e, 0x10, 0xf, 0x92, 0xc0, 0x23,
    0xc0, 0xf, 0x18, 0x7, 0xc9, 0x60, 0x40, 0x22,
    0x3b, 0x0, 0xf8, 0x40, 0x32, 0x58, 0x2f, 0x1,
    0xe0, 0xa5, 0x0, 0x61, 0x2, 0x0, 0x92, 0xc1,
    0x68, 0x2, 0x2c, 0x5, 0x80, 0x9, 0x81, 0x40,
    0x39, 0x68, 0x2, 0x10, 0xb0, 0x1a, 0x0, 0xb4,
    0x30, 0x2, 0x4d, 0xa0, 0xe, 0x96, 0x1c, 0x20,
    0x8, 0xc1, 0x0, 0x31, 0x0, 0x42, 0x6, 0xc3,
    0x84, 0x1, 0x90, 0x5, 0x40, 0x3f, 0xc3, 0x84,
    0x1, 0x94, 0x2, 0x80, 0xf, 0xe1, 0xc2, 0x0,
    0xe8, 0x0, 0x8a, 0x40, 0x3e, 0x1d, 0x20, 0xe,
    0x72, 0x0, 0xcd, 0x20, 0x1c, 0x7a, 0x60, 0x1c,
    0x90, 0x1, 0xe6, 0xd5, 0x0, 0x84, 0xc0, 0x30,
    0xc5, 0x80, 0x7e, 0x2a, 0xea, 0x75, 0x44, 0x2b,
    0xdf, 0x38, 0x6,

    /* U+F2ED "" */
    0x0, 0xfc, 0x28, 0x9e, 0x30, 0xf, 0xfe, 0x20,
    0xf5, 0xdf, 0xb2, 0x40, 0x3f, 0x2c, 0x47, 0xb4,
    0x3, 0xf3, 0x44, 0x7c, 0x34, 0xef, 0xe3, 0x0,
    0xfe, 0x77, 0xf9, 0x80, 0x3f, 0xf9, 0x9e, 0x80,
    0x1f, 0xfc, 0xa1, 0xcb, 0xff, 0xff, 0xe5, 0x72,
    0x1, 0x44, 0x7f, 0xf2, 0x18, 0x2, 0x67, 0x7f,
    0xfe, 0x45, 0x0, 0x7f, 0xfb, 0xaa, 0x80, 0x13,
    0x68, 0x4, 0x7c, 0x60, 0x1f, 0xfc, 0x7, 0x70,
    0x5, 0xe4, 0x20, 0x6, 0x16, 0x0, 0xff, 0xff,
    0x80, 0x7f, 0xff, 0xc0, 0x3f, 0xff, 0xe0, 0x1f,
    0xff, 0x27, 0x70, 0x5, 0xe4, 0x20, 0x6, 0x16,
    0x0, 0xf9, 0xc0, 0x35, 0x50, 0x2, 0x6d, 0x0,
    0x8f, 0x8c, 0x2, 0x70, 0x8, 0x40, 0x3f, 0xf9,
    0x2, 0x1, 0x13, 0x0, 0x7f, 0xf1, 0xe0, 0x3,
    0x4d, 0xc3, 0xbf, 0xff, 0xe, 0x78, 0x80, 0x0,

    /* U+F304 "" */
    0x0, 0xff, 0xe5, 0x33, 0x4, 0x3, 0xff, 0x98,
    0x3b, 0x32, 0xf3, 0x0, 0xff, 0xe5, 0xf, 0x90,
    0x0, 0x70, 0xc0, 0x3f, 0xf9, 0x3, 0xe2, 0x1,
    0xd8, 0x60, 0x1f, 0xfc, 0x78, 0x10, 0xf, 0xb0,
    0xc0, 0x3f, 0xf8, 0x82, 0x12, 0x80, 0x1f, 0xbc,
    0x3, 0xff, 0x86, 0x3f, 0x81, 0x68, 0x1, 0xf1,
    0x80, 0x7f, 0xf0, 0x87, 0xc4, 0xf0, 0x2d, 0x0,
    0x3c, 0x80, 0x1f, 0xfc, 0x11, 0xf1, 0x0, 0x1e,
    0x5, 0xa0, 0x6, 0x1a, 0x0, 0xff, 0xe0, 0xf,
    0x88, 0x6, 0x3c, 0xb, 0x40, 0x0, 0xf8, 0x80,
    0x7f, 0xc3, 0xe2, 0x1, 0xe3, 0xc0, 0xb4, 0x1f,
    0x10, 0xf, 0xf8, 0x7c, 0x40, 0x3f, 0x1e, 0x5,
    0xf8, 0x80, 0x7f, 0xc3, 0xe2, 0x1, 0xfe, 0x3a,
    0x1, 0x0, 0xff, 0x87, 0xc4, 0x3, 0xfe, 0x18,
    0x0, 0xff, 0xe0, 0xf, 0x88, 0x7, 0xfc, 0x38,
    0x40, 0x1f, 0xf0, 0xf8, 0x80, 0x7f, 0xc3, 0x84,
    0x1, 0xff, 0xf, 0x88, 0x7, 0xfc, 0x38, 0x40,
    0x1f, 0xf0, 0xf8, 0x80, 0x7f, 0xc3, 0x84, 0x1,
    0xff, 0xf, 0x88, 0x7, 0xfc, 0x38, 0x40, 0x1f,
    0xf0, 0xf8, 0x80, 0x7f, 0xc3, 0x84, 0x1, 0xff,
    0xf, 0x88, 0x7, 0xfc, 0x38, 0x40, 0x1f, 0xfc,
    0x4, 0x10, 0xf, 0xf8, 0x70, 0x80, 0x3f, 0xf8,
    0x24, 0x1, 0xff, 0xe, 0x10, 0x7, 0xff, 0xb,
    0x80, 0x3f, 0xc3, 0x84, 0x1, 0xff, 0xc3, 0x20,
    0xf, 0xe1, 0xc2, 0x0, 0xff, 0xe2, 0x30, 0x7,
    0xe1, 0xc2, 0x0, 0xff, 0xe2, 0x90, 0x7, 0xc3,
    0x84, 0x1, 0xff, 0xc6, 0x10, 0xe, 0x13, 0xc2,
    0x0, 0xff, 0xe3, 0xec, 0x4d, 0xef, 0xf6, 0x10,
    0x7, 0xff, 0x1c,

    /* U+F55A "" */
    0x0, 0xfe, 0x8e, 0xff, 0xff, 0xe4, 0xea, 0x80,
    0x7f, 0x5b, 0x88, 0x7, 0xff, 0x24, 0xa9, 0x40,
    0x3e, 0xb4, 0x0, 0xff, 0xe6, 0xc0, 0x7, 0xad,
    0x0, 0x3f, 0xf9, 0xc4, 0x1, 0xd6, 0x80, 0x1f,
    0xcc, 0xc0, 0xf, 0x33, 0x0, 0x3f, 0xf8, 0x36,
    0x80, 0x1f, 0xcf, 0x32, 0x70, 0xc, 0xf3, 0x28,
    0x0, 0xff, 0xad, 0x0, 0x3f, 0x86, 0x0, 0x10,
    0xe0, 0x7, 0x80, 0x3, 0x88, 0x7, 0xf5, 0xa0,
    0x7, 0xf8, 0x60, 0x2, 0x87, 0x74, 0x0, 0x50,
    0x20, 0x1f, 0xad, 0x0, 0x3f, 0xf8, 0xf, 0x0,
    0x14, 0x40, 0x2, 0x87, 0x0, 0xfd, 0x48, 0x1,
    0xff, 0xc2, 0x78, 0x0, 0xf4, 0x38, 0x7, 0xf2,
    0x80, 0x7f, 0xf1, 0x1d, 0x0, 0x32, 0x38, 0x7,
    0xf9, 0x40, 0x3f, 0xf8, 0x8e, 0x80, 0x19, 0x1c,
    0x3, 0xfd, 0x48, 0x1, 0xff, 0xc2, 0x78, 0x0,
    0xf4, 0x38, 0x7, 0xfa, 0xd0, 0x3, 0xff, 0x80,
    0xf0, 0x1, 0x44, 0x0, 0x28, 0x70, 0xf, 0xf5,
    0xa0, 0x7, 0xf8, 0x60, 0x2, 0x87, 0x74, 0x0,
    0x50, 0x20, 0x1f, 0xeb, 0x40, 0xf, 0xe1, 0x80,
    0x4, 0x38, 0x1, 0xe0, 0x1, 0x2, 0x1, 0xff,
    0x5a, 0x0, 0x7f, 0x3c, 0xc9, 0xc0, 0x33, 0xcc,
    0x9c, 0x3, 0xff, 0x83, 0x68, 0x1, 0xfc, 0xcc,
    0x0, 0xf3, 0x30, 0x3, 0xff, 0x87, 0x68, 0x1,
    0xff, 0xce, 0x20, 0xf, 0xad, 0x40, 0x3f, 0xf9,
    0xb0, 0x1, 0xfa, 0x9c, 0x40, 0x3f, 0xf9, 0x25,
    0x4a,

    /* U+F7C2 "" */
    0x0, 0xf0, 0xbc, 0x47, 0xf3, 0xa8, 0x7, 0xc3,
    0x90, 0xef, 0xfd, 0x15, 0x82, 0x1, 0x8b, 0x8,
    0x3, 0xff, 0x80, 0x76, 0x1, 0x16, 0x10, 0x7,
    0xff, 0x9, 0x40, 0x5, 0x82, 0x1b, 0xfc, 0xb,
    0xfe, 0x12, 0xff, 0x38, 0x6, 0x2c, 0x10, 0xf,
    0xfe, 0x29, 0xe0, 0x80, 0x7f, 0xf1, 0xb4, 0x40,
    0x3f, 0xf8, 0xe2, 0x1, 0xff, 0xce, 0xdf, 0xe0,
    0x5f, 0xf0, 0x97, 0xf9, 0xc0, 0x3f, 0xff, 0xe0,
    0x1f, 0xff, 0xf0, 0xf, 0xff, 0xf8, 0x7, 0xff,
    0xfc, 0x3, 0xff, 0x8c, 0x20, 0x1f, 0xfc, 0x71,
    0x60, 0xf, 0xfe, 0x3b, 0x42, 0x80, 0x7f, 0xf1,
    0x5a, 0x2, 0xb6, 0xef, 0xff, 0x87, 0xb2, 0x0,

    /* U+F8A2 "" */
    0x0, 0xff, 0xe7, 0xa0, 0x7, 0xff, 0x3e, 0x6c,
    0x40, 0x3f, 0xf9, 0xb2, 0xc0, 0x1f, 0xfc, 0xe9,
    0x60, 0xf, 0xe5, 0xc5, 0x0, 0xff, 0xe1, 0x1b,
    0x0, 0x7f, 0x3d, 0x1c, 0x0, 0x7f, 0xf0, 0x9c,
    0x3, 0xfa, 0x20, 0x1, 0xff, 0xce, 0x97, 0x0,
    0xff, 0xe7, 0x53, 0x0, 0x7f, 0xf3, 0xad, 0x40,
    0x38, 0xbf, 0xff, 0xf8, 0x56, 0x1, 0xd4, 0x80,
    0x1f, 0xfc, 0xf6, 0x0, 0xff, 0xe8, 0x70, 0x80,
    0x7f, 0xf3, 0x44, 0x45, 0xe4, 0x1, 0xc3, 0x55,
    0xff, 0xc6, 0xf0, 0x0, 0xe1, 0x80, 0x63, 0x55,
    0xff, 0xe3, 0x8, 0x4, 0x38, 0x60, 0x1f, 0xfd,
    0xc, 0x40, 0xf, 0xfe, 0x85, 0xa8, 0x20, 0x7,
    0xff, 0x3a, 0xba, 0x40, 0x3f, 0xf9, 0x0
};


/*---------------------
 *  GLYPH DESCRIPTION
 *--------------------*/

static const lv_font_fmt_txt_glyph_dsc_t glyph_dsc[] = {
    {.bitmap_index = 0, .adv_w = 0, .box_w = 0, .box_h = 0, .ofs_x = 0, .ofs_y = 0} /* id = 0 reserved */,
    {.bitmap_index = 0, .adv_w = 119, .box_w = 0, .box_h = 0, .ofs_x = 0, .ofs_y = 0},
    {.bitmap_index = 0, .adv_w = 136, .box_w = 5, .box_h = 21, .ofs_x = 2, .ofs_y = 0},
    {.bitmap_index = 37, .adv_w = 222, .box_w = 9, .box_h = 9, .ofs_x = 2, .ofs_y = 12},
    {.bitmap_index = 71, .adv_w = 286, .box_w = 18, .box_h = 21, .ofs_x = 0, .ofs_y = 0},
    {.bitmap_index = 219, .adv_w = 289, .box_w = 16, .box_h = 28, .ofs_x = 1, .ofs_y = -3},
    {.bitmap_index = 374, .adv_w = 445, .box_w = 23, .box_h = 21, .ofs_x = 2, .ofs_y = 0},
    {.bitmap_index = 564, .adv_w = 293, .box_w = 17, .box_h = 21, .ofs_x = 1, .ofs_y = 0},
    {.bitmap_index = 720, .adv_w = 140, .box_w = 4, .box_h = 9, .ofs_x = 2, .ofs_y = 12},
    {.bitmap_index = 737, .adv_w = 165, .box_w = 8, .box_h = 27, .ofs_x = 2, .ofs_y = -4},
    {.bitmap_index = 831, .adv_w = 165, .box_w = 7, .box_h = 27, .ofs_x = 1, .ofs_y = -4},
    {.bitmap_index = 921, .adv_w = 233, .box_w = 12, .box_h = 12, .ofs_x = 1, .ofs_y = 9},
    {.bitmap_index = 985, .adv_w = 299, .box_w = 15, .box_h = 14, .ofs_x = 2, .ofs_y = 1},
    {.bitmap_index = 1018, .adv_w = 136, .box_w = 6, .box_h = 9, .ofs_x = 1, .ofs_y = -5},
    {.bitmap_index = 1047, .adv_w = 207, .box_w = 10, .box_h = 3, .ofs_x = 1, .ofs_y = 8},
    {.bitmap_index = 1055, .adv_w = 136, .box_w = 5, .box_h = 5, .ofs_x = 2, .ofs_y = 0},
    {.bitmap_index = 1067, .adv_w = 166, .box_w = 10, .box_h = 25, .ofs_x = 0, .ofs_y = -3},
    {.bitmap_index = 1159, .adv_w = 289, .box_w = 16, .box_h = 21, .ofs_x = 1, .ofs_y = 0},
    {.bitmap_index = 1301, .adv_w = 186, .box_w = 9, .box_h = 21, .ofs_x = 1, .ofs_y = 0},
    {.bitmap_index = 1333, .adv_w = 276, .box_w = 15, .box_h = 21, .ofs_x = 1, .ofs_y = 0},
    {.bitmap_index = 1449, .adv_w = 281, .box_w = 16, .box_h = 21, .ofs_x = 1, .ofs_y = 0},
    {.bitmap_index = 1589, .adv_w = 294, .box_w = 16, .box_h = 21, .ofs_x = 1, .ofs_y = 0},
    {.bitmap_index = 1680, .adv_w = 270, .box_w = 15, .box_h = 21, .ofs_x = 1, .ofs_y = 0},
    {.bitmap_index = 1804, .adv_w = 282, .box_w = 16, .box_h = 21, .ofs_x = 1, .ofs_y = 0},
    {.bitmap_index = 1953, .adv_w = 256, .box_w = 14, .box_h = 21, .ofs_x = 1, .ofs_y = 0},
    {.bitmap_index = 2048, .adv_w = 282, .box_w = 16, .box_h = 21, .ofs_x = 1, .ofs_y = 0},
    {.bitmap_index = 2201, .adv_w = 282, .box_w = 16, .box_h = 21, .ofs_x = 1, .ofs_y = 0},
    {.bitmap_index = 2348, .adv_w = 136, .box_w = 5, .box_h = 16, .ofs_x = 2, .ofs_y = 0},
    {.bitmap_index = 2376, .adv_w = 141, .box_w = 6, .box_h = 21, .ofs_x = 1, .ofs_y = -5},
    {.bitmap_index = 2424, .adv_w = 299, .box_w = 14, .box_h = 17, .ofs_x = 2, .ofs_y = 0},
    {.bitmap_index = 2510, .adv_w = 299, .box_w = 14, .box_h = 9, .ofs_x = 2, .ofs_y = 4},
    {.bitmap_index = 2538, .adv_w = 299, .box_w = 14, .box_h = 17, .ofs_x = 3, .ofs_y = 0},
    {.bitmap_index = 2628, .adv_w = 236, .box_w = 13, .box_h = 21, .ofs_x = 1, .ofs_y = 0},
    {.bitmap_index = 2730, .adv_w = 440, .box_w = 25, .box_h = 27, .ofs_x = 1, .ofs_y = -6},
    {.bitmap_index = 3013, .adv_w = 318, .box_w = 20, .box_h = 21, .ofs_x = 0, .ofs_y = 0},
    {.bitmap_index = 3165, .adv_w = 294, .box_w = 15, .box_h = 21, .ofs_x = 2, .ofs_y = 0},
    {.bitmap_index = 3270, .adv_w = 329, .box_w = 19, .box_h = 21, .ofs_x = 1, .ofs_y = 0},
    {.bitmap_index = 3423, .adv_w = 323, .box_w = 17, .box_h = 21, .ofs_x = 2, .ofs_y = 0},
    {.bitmap_index = 3542, .adv_w = 270, .box_w = 14, .box_h = 21, .ofs_x = 2, .ofs_y = 0},
    {.bitmap_index = 3586, .adv_w = 264, .box_w = 13, .box_h = 21, .ofs_x = 2, .ofs_y = 0},
    {.bitmap_index = 3621, .adv_w = 335, .box_w = 19, .box_h = 21, .ofs_x = 1, .ofs_y = 0},
    {.bitmap_index = 3780, .adv_w = 334, .box_w = 17, .box_h = 21, .ofs_x = 2, .ofs_y = 0},
    {.bitmap_index = 3813, .adv_w = 122, .box_w = 4, .box_h = 21, .ofs_x = 2, .ofs_y = 0},
    {.bitmap_index = 3820, .adv_w = 258, .box_w = 13, .box_h = 21, .ofs_x = 1, .ofs_y = 0},
    {.bitmap_index = 3879, .adv_w = 308, .box_w = 17, .box_h = 21, .ofs_x = 2, .ofs_y = 0},
    {.bitmap_index = 4001, .adv_w = 253, .box_w = 13, .box_h = 21, .ofs_x = 2, .ofs_y = 0},
    {.bitmap_index = 4025, .adv_w = 409, .box_w = 22, .box_h = 21, .ofs_x = 2, .ofs_y = 0},
    {.bitmap_index = 4179, .adv_w = 339, .box_w = 17, .box_h = 21, .ofs_x = 2, .ofs_y = 0},
    {.bitmap_index = 4289, .adv_w = 343, .box_w = 19, .box_h = 21, .ofs_x = 1, .ofs_y = 0},
    {.bitmap_index = 4450, .adv_w = 287, .box_w = 15, .box_h = 21, .ofs_x = 2, .ofs_y = 0},
    {.bitmap_index = 4533, .adv_w = 344, .box_w = 19, .box_h = 23, .ofs_x = 1, .ofs_y = -2},
    {.bitmap_index = 4710, .adv_w = 290, .box_w = 16, .box_h = 21, .ofs_x = 2, .ofs_y = 0},
    {.bitmap_index = 4824, .adv_w = 289, .box_w = 16, .box_h = 21, .ofs_x = 1, .ofs_y = 0},
    {.bitmap_index = 4967, .adv_w = 292, .box_w = 17, .box_h = 21, .ofs_x = 1, .ofs_y = 0},
    {.bitmap_index = 4999, .adv_w = 332, .box_w = 17, .box_h = 21, .ofs_x = 2, .ofs_y = 0},
    {.bitmap_index = 5069, .adv_w = 318, .box_w = 20, .box_h = 21, .ofs_x = 0, .ofs_y = 0},
    {.bitmap_index = 5225, .adv_w = 449, .box_w = 28, .box_h = 21, .ofs_x = 0, .ofs_y = 0},
    {.bitmap_index = 5470, .adv_w = 314, .box_w = 19, .box_h = 21, .ofs_x = 0, .ofs_y = 0},
    {.bitmap_index = 5628, .adv_w = 312, .box_w = 19, .box_h = 21, .ofs_x = 0, .ofs_y = 0},
    {.bitmap_index = 5734, .adv_w = 287, .box_w = 16, .box_h = 21, .ofs_x = 1, .ofs_y = 0},
    {.bitmap_index = 5836, .adv_w = 165, .box_w = 7, .box_h = 27, .ofs_x = 2, .ofs_y = -4},
    {.bitmap_index = 5859, .adv_w = 166, .box_w = 10, .box_h = 25, .ofs_x = 0, .ofs_y = -3},
    {.bitmap_index = 5950, .adv_w = 165, .box_w = 7, .box_h = 27, .ofs_x = 1, .ofs_y = -4},
    {.bitmap_index = 5973, .adv_w = 214, .box_w = 12, .box_h = 9, .ofs_x = 1, .ofs_y = 12},
    {.bitmap_index = 6021, .adv_w = 207, .box_w = 13, .box_h = 3, .ofs_x = 0, .ofs_y = -3},
    {.bitmap_index = 6031, .adv_w = 151, .box_w = 6, .box_h = 5, .ofs_x = 2, .ofs_y = 18},
    {.bitmap_index = 6046, .adv_w = 254, .box_w = 13, .box_h = 16, .ofs_x = 1, .ofs_y = 0},
    {.bitmap_index = 6143, .adv_w = 277, .box_w = 14, .box_h = 21, .ofs_x = 2, .ofs_y = 0},
    {.bitmap_index = 6238, .adv_w = 259, .box_w = 14, .box_h = 16, .ofs_x = 1, .ofs_y = 0},
    {.bitmap_index = 6333, .adv_w = 277, .box_w = 15, .box_h = 21, .ofs_x = 1, .ofs_y = 0},
    {.bitmap_index = 6436, .adv_w = 263, .box_w = 15, .box_h = 16, .ofs_x = 1, .ofs_y = 0},
    {.bitmap_index = 6539, .adv_w = 170, .box_w = 11, .box_h = 22, .ofs_x = 0, .ofs_y = 0},
    {.bitmap_index = 6592, .adv_w = 278, .box_w = 15, .box_h = 22, .ofs_x = 1, .ofs_y = -6},
    {.bitmap_index = 6734, .adv_w = 270, .box_w = 13, .box_h = 21, .ofs_x = 2, .ofs_y = 0},
    {.bitmap_index = 6784, .adv_w = 113, .box_w = 5, .box_h = 22, .ofs_x = 1, .ofs_y = 0},
    {.bitmap_index = 6803, .adv_w = 113, .box_w = 7, .box_h = 28, .ofs_x = -1, .ofs_y = -6},
    {.bitmap_index = 6843, .adv_w = 250, .box_w = 14, .box_h = 21, .ofs_x = 2, .ofs_y = 0},
    {.bitmap_index = 6921, .adv_w = 113, .box_w = 4, .box_h = 21, .ofs_x = 2, .ofs_y = 0},
    {.bitmap_index = 6927, .adv_w = 398, .box_w = 21, .box_h = 16, .ofs_x = 2, .ofs_y = 0},
    {.bitmap_index = 7004, .adv_w = 270, .box_w = 13, .box_h = 16, .ofs_x = 2, .ofs_y = 0},
    {.bitmap_index = 7052, .adv_w = 271, .box_w = 15, .box_h = 16, .ofs_x = 1, .ofs_y = 0},
    {.bitmap_index = 7158, .adv_w = 277, .box_w = 14, .box_h = 22, .ofs_x = 2, .ofs_y = -6},
    {.bitmap_index = 7259, .adv_w = 277, .box_w = 15, .box_h = 22, .ofs_x = 1, .ofs_y = -6},
    {.bitmap_index = 7366, .adv_w = 173, .box_w = 9, .box_h = 16, .ofs_x = 2, .ofs_y = 0},
    {.bitmap_index = 7395, .adv_w = 241, .box_w = 13, .box_h = 16, .ofs_x = 1, .ofs_y = 0},
    {.bitmap_index = 7493, .adv_w = 152, .box_w = 9, .box_h = 20, .ofs_x = 0, .ofs_y = 0},
    {.bitmap_index = 7536, .adv_w = 270, .box_w = 13, .box_h = 16, .ofs_x = 2, .ofs_y = 0},
    {.bitmap_index = 7581, .adv_w = 257, .box_w = 16, .box_h = 16, .ofs_x = 0, .ofs_y = 0},
    {.bitmap_index = 7685, .adv_w = 371, .box_w = 23, .box_h = 16, .ofs_x = 0, .ofs_y = 0},
    {.bitmap_index = 7850, .adv_w = 250, .box_w = 15, .box_h = 16, .ofs_x = 0, .ofs_y = 0},
    {.bitmap_index = 7954, .adv_w = 258, .box_w = 16, .box_h = 22, .ofs_x = 0, .ofs_y = -6},
    {.bitmap_index = 8089, .adv_w = 250, .box_w = 13, .box_h = 16, .ofs_x = 1, .ofs_y = 0},
    {.bitmap_index = 8159, .adv_w = 197, .box_w = 10, .box_h = 27, .ofs_x = 1, .ofs_y = -4},
    {.bitmap_index = 8245, .adv_w = 155, .box_w = 4, .box_h = 35, .ofs_x = 3, .ofs_y = -7},
    {.bitmap_index = 8256, .adv_w = 197, .box_w = 10, .box_h = 27, .ofs_x = 1, .ofs_y = -4},
    {.bitmap_index = 8347, .adv_w = 299, .box_w = 15, .box_h = 6, .ofs_x = 2, .ofs_y = 6},
    {.bitmap_index = 8391, .adv_w = 119, .box_w = 0, .box_h = 0, .ofs_x = 0, .ofs_y = 0},
    {.bitmap_index = 8391, .adv_w = 136, .box_w = 5, .box_h = 22, .ofs_x = 2, .ofs_y = -6},
    {.bitmap_index = 8429, .adv_w = 259, .box_w = 14, .box_h = 21, .ofs_x = 1, .ofs_y = 0},
    {.bitmap_index = 8540, .adv_w = 278, .box_w = 15, .box_h = 21, .ofs_x = 1, .ofs_y = 0},
    {.bitmap_index = 8651, .adv_w = 330, .box_w = 18, .box_h = 19, .ofs_x = 1, .ofs_y = 0},
    {.bitmap_index = 8791, .adv_w = 249, .box_w = 16, .box_h = 21, .ofs_x = 0, .ofs_y = 0},
    {.bitmap_index = 8906, .adv_w = 131, .box_w = 4, .box_h = 25, .ofs_x = 2, .ofs_y = -4},
    {.bitmap_index = 8926, .adv_w = 255, .box_w = 14, .box_h = 26, .ofs_x = 1, .ofs_y = -5},
    {.bitmap_index = 9090, .adv_w = 270, .box_w = 11, .box_h = 4, .ofs_x = 3, .ofs_y = 18},
    {.bitmap_index = 9112, .adv_w = 410, .box_w = 22, .box_h = 22, .ofs_x = 2, .ofs_y = 0},
    {.bitmap_index = 9328, .adv_w = 205, .box_w = 12, .box_h = 12, .ofs_x = 0, .ofs_y = 9},
    {.bitmap_index = 9397, .adv_w = 273, .box_w = 15, .box_h = 14, .ofs_x = 1, .ofs_y = 2},
    {.bitmap_index = 9496, .adv_w = 299, .box_w = 12, .box_h = 7, .ofs_x = 3, .ofs_y = 4},
    {.bitmap_index = 9513, .adv_w = 298, .box_w = 17, .box_h = 17, .ofs_x = 1, .ofs_y = 5},
    {.bitmap_index = 9639, .adv_w = 208, .box_w = 9, .box_h = 3, .ofs_x = 2, .ofs_y = 19},
    {.bitmap_index = 9647, .adv_w = 205, .box_w = 11, .box_h = 10, .ofs_x = 1, .ofs_y = 12},
    {.bitmap_index = 9698, .adv_w = 299, .box_w = 14, .box_h = 15, .ofs_x = 2, .ofs_y = 1},
    {.bitmap_index = 9746, .adv_w = 201, .box_w = 11, .box_h = 12, .ofs_x = 1, .ofs_y = 12},
    {.bitmap_index = 9804, .adv_w = 204, .box_w = 11, .box_h = 12, .ofs_x = 1, .ofs_y = 12},
    {.bitmap_index = 9868, .adv_w = 151, .box_w = 6, .box_h = 5, .ofs_x = 2, .ofs_y = 18},
    {.bitmap_index = 9884, .adv_w = 269, .box_w = 15, .box_h = 22, .ofs_x = 2, .ofs_y = -6},
    {.bitmap_index = 9940, .adv_w = 269, .box_w = 14, .box_h = 21, .ofs_x = 1, .ofs_y = 0},
    {.bitmap_index = 10010, .adv_w = 136, .box_w = 5, .box_h = 5, .ofs_x = 2, .ofs_y = 8},
    {.bitmap_index = 10022, .adv_w = 135, .box_w = 6, .box_h = 7, .ofs_x = 2, .ofs_y = -6},
    {.bitmap_index = 10043, .adv_w = 141, .box_w = 7, .box_h = 12, .ofs_x = 1, .ofs_y = 12},
    {.bitmap_index = 10060, .adv_w = 217, .box_w = 12, .box_h = 12, .ofs_x = 1, .ofs_y = 9},
    {.bitmap_index = 10128, .adv_w = 273, .box_w = 15, .box_h = 14, .ofs_x = 1, .ofs_y = 2},
    {.bitmap_index = 10228, .adv_w = 366, .box_w = 21, .box_h = 22, .ofs_x = 1, .ofs_y = 0},
    {.bitmap_index = 10385, .adv_w = 385, .box_w = 22, .box_h = 22, .ofs_x = 1, .ofs_y = 0},
    {.bitmap_index = 10555, .adv_w = 401, .box_w = 23, .box_h = 21, .ofs_x = 1, .ofs_y = 0},
    {.bitmap_index = 10737, .adv_w = 236, .box_w = 13, .box_h = 22, .ofs_x = 1, .ofs_y = -6},
    {.bitmap_index = 10840, .adv_w = 318, .box_w = 20, .box_h = 28, .ofs_x = 0, .ofs_y = 0},
    {.bitmap_index = 11022, .adv_w = 318, .box_w = 20, .box_h = 28, .ofs_x = 0, .ofs_y = 0},
    {.bitmap_index = 11206, .adv_w = 318, .box_w = 20, .box_h = 28, .ofs_x = 0, .ofs_y = 0},
    {.bitmap_index = 11398, .adv_w = 318, .box_w = 20, .box_h = 27, .ofs_x = 0, .ofs_y = 0},
    {.bitmap_index = 11578, .adv_w = 318, .box_w = 20, .box_h = 27, .ofs_x = 0, .ofs_y = 0},
    {.bitmap_index = 11766, .adv_w = 318, .box_w = 20, .box_h = 29, .ofs_x = 0, .ofs_y = 0},
    {.bitmap_index = 11972, .adv_w = 450, .box_w = 27, .box_h = 21, .ofs_x = 0, .ofs_y = 0},
    {.bitmap_index = 12116, .adv_w = 329, .box_w = 19, .box_h = 27, .ofs_x = 1, .ofs_y = -6},
    {.bitmap_index = 12304, .adv_w = 270, .box_w = 14, .box_h = 28, .ofs_x = 2, .ofs_y = 0},
    {.bitmap_index = 12375, .adv_w = 270, .box_w = 14, .box_h = 28, .ofs_x = 2, .ofs_y = 0},
    {.bitmap_index = 12446, .adv_w = 270, .box_w = 14, .box_h = 28, .ofs_x = 2, .ofs_y = 0},
    {.bitmap_index = 12526, .adv_w = 270, .box_w = 14, .box_h = 27, .ofs_x = 2, .ofs_y = 0},
    {.bitmap_index = 12604, .adv_w = 122, .box_w = 6, .box_h = 28, .ofs_x = 0, .ofs_y = 0},
    {.bitmap_index = 12632, .adv_w = 122, .box_w = 6, .box_h = 28, .ofs_x = 2, .ofs_y = 0},
    {.bitmap_index = 12660, .adv_w = 122, .box_w = 10, .box_h = 28, .ofs_x = -1, .ofs_y = 0},
    {.bitmap_index = 12704, .adv_w = 122, .box_w = 10, .box_h = 27, .ofs_x = -1, .ofs_y = 0},
    {.bitmap_index = 12744, .adv_w = 333, .box_w = 20, .box_h = 21, .ofs_x = 0, .ofs_y = 0},
    {.bitmap_index = 12878, .adv_w = 339, .box_w = 17, .box_h = 27, .ofs_x = 2, .ofs_y = 0},
    {.bitmap_index = 13015, .adv_w = 343, .box_w = 19, .box_h = 28, .ofs_x = 1, .ofs_y = 0},
    {.bitmap_index = 13205, .adv_w = 343, .box_w = 19, .box_h = 28, .ofs_x = 1, .ofs_y = 0},
    {.bitmap_index = 13397, .adv_w = 343, .box_w = 19, .box_h = 28, .ofs_x = 1, .ofs_y = 0},
    {.bitmap_index = 13597, .adv_w = 343, .box_w = 19, .box_h = 27, .ofs_x = 1, .ofs_y = 0},
    {.bitmap_index = 13785, .adv_w = 343, .box_w = 19, .box_h = 28, .ofs_x = 1, .ofs_y = 0},
    {.bitmap_index = 13981, .adv_w = 299, .box_w = 15, .box_h = 15, .ofs_x = 2, .ofs_y = 1},
    {.bitmap_index = 14078, .adv_w = 343, .box_w = 19, .box_h = 23, .ofs_x = 1, .ofs_y = -1},
    {.bitmap_index = 14272, .adv_w = 332, .box_w = 17, .box_h = 28, .ofs_x = 2, .ofs_y = 0},
    {.bitmap_index = 14375, .adv_w = 332, .box_w = 17, .box_h = 28, .ofs_x = 2, .ofs_y = 0},
    {.bitmap_index = 14478, .adv_w = 332, .box_w = 17, .box_h = 28, .ofs_x = 2, .ofs_y = 0},
    {.bitmap_index = 14586, .adv_w = 332, .box_w = 17, .box_h = 28, .ofs_x = 2, .ofs_y = 0},
    {.bitmap_index = 14691, .adv_w = 312, .box_w = 19, .box_h = 28, .ofs_x = 0, .ofs_y = 0},
    {.bitmap_index = 14831, .adv_w = 290, .box_w = 14, .box_h = 21, .ofs_x = 2, .ofs_y = 0},
    {.bitmap_index = 14909, .adv_w = 282, .box_w = 15, .box_h = 21, .ofs_x = 2, .ofs_y = 0},
    {.bitmap_index = 15027, .adv_w = 254, .box_w = 13, .box_h = 23, .ofs_x = 1, .ofs_y = 0},
    {.bitmap_index = 15148, .adv_w = 254, .box_w = 13, .box_h = 23, .ofs_x = 1, .ofs_y = 0},
    {.bitmap_index = 15271, .adv_w = 254, .box_w = 13, .box_h = 23, .ofs_x = 1, .ofs_y = 0},
    {.bitmap_index = 15402, .adv_w = 254, .box_w = 13, .box_h = 21, .ofs_x = 1, .ofs_y = 0},
    {.bitmap_index = 15514, .adv_w = 254, .box_w = 13, .box_h = 22, .ofs_x = 1, .ofs_y = 0},
    {.bitmap_index = 15643, .adv_w = 254, .box_w = 13, .box_h = 24, .ofs_x = 1, .ofs_y = 0},
    {.bitmap_index = 15781, .adv_w = 410, .box_w = 24, .box_h = 16, .ofs_x = 1, .ofs_y = 0},
    {.bitmap_index = 15952, .adv_w = 259, .box_w = 14, .box_h = 22, .ofs_x = 1, .ofs_y = -6},
    {.bitmap_index = 16076, .adv_w = 263, .box_w = 15, .box_h = 23, .ofs_x = 1, .ofs_y = 0},
    {.bitmap_index = 16207, .adv_w = 263, .box_w = 15, .box_h = 23, .ofs_x = 1, .ofs_y = 0},
    {.bitmap_index = 16336, .adv_w = 263, .box_w = 15, .box_h = 23, .ofs_x = 1, .ofs_y = 0},
    {.bitmap_index = 16474, .adv_w = 263, .box_w = 15, .box_h = 22, .ofs_x = 1, .ofs_y = 0},
    {.bitmap_index = 16610, .adv_w = 113, .box_w = 7, .box_h = 22, .ofs_x = -1, .ofs_y = 0},
    {.bitmap_index = 16639, .adv_w = 113, .box_w = 6, .box_h = 22, .ofs_x = 2, .ofs_y = 0},
    {.bitmap_index = 16665, .adv_w = 113, .box_w = 11, .box_h = 22, .ofs_x = -2, .ofs_y = 0},
    {.bitmap_index = 16705, .adv_w = 113, .box_w = 11, .box_h = 22, .ofs_x = -2, .ofs_y = 0},
    {.bitmap_index = 16746, .adv_w = 263, .box_w = 15, .box_h = 23, .ofs_x = 1, .ofs_y = 0},
    {.bitmap_index = 16895, .adv_w = 270, .box_w = 13, .box_h = 21, .ofs_x = 2, .ofs_y = 0},
    {.bitmap_index = 16968, .adv_w = 271, .box_w = 15, .box_h = 23, .ofs_x = 1, .ofs_y = 0},
    {.bitmap_index = 17102, .adv_w = 271, .box_w = 15, .box_h = 23, .ofs_x = 1, .ofs_y = 0},
    {.bitmap_index = 17234, .adv_w = 271, .box_w = 15, .box_h = 23, .ofs_x = 1, .ofs_y = 0},
    {.bitmap_index = 17374, .adv_w = 271, .box_w = 15, .box_h = 21, .ofs_x = 1, .ofs_y = 0},
    {.bitmap_index = 17496, .adv_w = 271, .box_w = 15, .box_h = 22, .ofs_x = 1, .ofs_y = 0},
    {.bitmap_index = 17636, .adv_w = 299, .box_w = 14, .box_h = 16, .ofs_x = 2, .ofs_y = 0},
    {.bitmap_index = 17698, .adv_w = 271, .box_w = 15, .box_h = 18, .ofs_x = 1, .ofs_y = -1},
    {.bitmap_index = 17826, .adv_w = 270, .box_w = 13, .box_h = 23, .ofs_x = 2, .ofs_y = 0},
    {.bitmap_index = 17898, .adv_w = 270, .box_w = 13, .box_h = 23, .ofs_x = 2, .ofs_y = 0},
    {.bitmap_index = 17969, .adv_w = 270, .box_w = 13, .box_h = 23, .ofs_x = 2, .ofs_y = 0},
    {.bitmap_index = 18049, .adv_w = 270, .box_w = 13, .box_h = 22, .ofs_x = 2, .ofs_y = 0},
    {.bitmap_index = 18127, .adv_w = 258, .box_w = 16, .box_h = 28, .ofs_x = 0, .ofs_y = -6},
    {.bitmap_index = 18291, .adv_w = 277, .box_w = 14, .box_h = 27, .ofs_x = 2, .ofs_y = -6},
    {.bitmap_index = 18393, .adv_w = 258, .box_w = 16, .box_h = 28, .ofs_x = 0, .ofs_y = -6},
    {.bitmap_index = 18564, .adv_w = 318, .box_w = 20, .box_h = 27, .ofs_x = 0, .ofs_y = 0},
    {.bitmap_index = 18733, .adv_w = 254, .box_w = 13, .box_h = 21, .ofs_x = 1, .ofs_y = 0},
    {.bitmap_index = 18845, .adv_w = 318, .box_w = 20, .box_h = 28, .ofs_x = 0, .ofs_y = 0},
    {.bitmap_index = 19038, .adv_w = 254, .box_w = 13, .box_h = 23, .ofs_x = 1, .ofs_y = 0},
    {.bitmap_index = 19166, .adv_w = 318, .box_w = 20, .box_h = 27, .ofs_x = 0, .ofs_y = -6},
    {.bitmap_index = 19352, .adv_w = 254, .box_w = 14, .box_h = 22, .ofs_x = 1, .ofs_y = -6},
    {.bitmap_index = 19482, .adv_w = 329, .box_w = 19, .box_h = 28, .ofs_x = 1, .ofs_y = 0},
    {.bitmap_index = 19666, .adv_w = 259, .box_w = 14, .box_h = 23, .ofs_x = 1, .ofs_y = 0},
    {.bitmap_index = 19787, .adv_w = 329, .box_w = 19, .box_h = 28, .ofs_x = 1, .ofs_y = 0},
    {.bitmap_index = 19979, .adv_w = 259, .box_w = 14, .box_h = 23, .ofs_x = 1, .ofs_y = 0},
    {.bitmap_index = 20108, .adv_w = 329, .box_w = 19, .box_h = 28, .ofs_x = 1, .ofs_y = 0},
    {.bitmap_index = 20287, .adv_w = 259, .box_w = 14, .box_h = 22, .ofs_x = 1, .ofs_y = 0},
    {.bitmap_index = 20404, .adv_w = 329, .box_w = 19, .box_h = 28, .ofs_x = 1, .ofs_y = 0},
    {.bitmap_index = 20596, .adv_w = 259, .box_w = 14, .box_h = 23, .ofs_x = 1, .ofs_y = 0},
    {.bitmap_index = 20723, .adv_w = 323, .box_w = 17, .box_h = 28, .ofs_x = 2, .ofs_y = 0},
    {.bitmap_index = 20879, .adv_w = 325, .box_w = 19, .box_h = 23, .ofs_x = 1, .ofs_y = 0},
    {.bitmap_index = 21014, .adv_w = 333, .box_w = 20, .box_h = 21, .ofs_x = 0, .ofs_y = 0},
    {.bitmap_index = 21148, .adv_w = 277, .box_w = 17, .box_h = 21, .ofs_x = 1, .ofs_y = 0},
    {.bitmap_index = 21273, .adv_w = 270, .box_w = 14, .box_h = 27, .ofs_x = 2, .ofs_y = 0},
    {.bitmap_index = 21334, .adv_w = 263, .box_w = 15, .box_h = 21, .ofs_x = 1, .ofs_y = 0},
    {.bitmap_index = 21452, .adv_w = 270, .box_w = 14, .box_h = 28, .ofs_x = 2, .ofs_y = 0},
    {.bitmap_index = 21531, .adv_w = 263, .box_w = 15, .box_h = 23, .ofs_x = 1, .ofs_y = 0},
    {.bitmap_index = 21669, .adv_w = 270, .box_w = 14, .box_h = 27, .ofs_x = 2, .ofs_y = 0},
    {.bitmap_index = 21736, .adv_w = 263, .box_w = 15, .box_h = 22, .ofs_x = 1, .ofs_y = 0},
    {.bitmap_index = 21862, .adv_w = 270, .box_w = 15, .box_h = 27, .ofs_x = 2, .ofs_y = -6},
    {.bitmap_index = 21939, .adv_w = 263, .box_w = 15, .box_h = 22, .ofs_x = 1, .ofs_y = -6},
    {.bitmap_index = 22070, .adv_w = 270, .box_w = 14, .box_h = 28, .ofs_x = 2, .ofs_y = 0},
    {.bitmap_index = 22150, .adv_w = 263, .box_w = 15, .box_h = 23, .ofs_x = 1, .ofs_y = 0},
    {.bitmap_index = 22287, .adv_w = 335, .box_w = 19, .box_h = 28, .ofs_x = 1, .ofs_y = 0},
    {.bitmap_index = 22485, .adv_w = 278, .box_w = 15, .box_h = 29, .ofs_x = 1, .ofs_y = -6},
    {.bitmap_index = 22662, .adv_w = 335, .box_w = 19, .box_h = 28, .ofs_x = 1, .ofs_y = 0},
    {.bitmap_index = 22859, .adv_w = 278, .box_w = 15, .box_h = 29, .ofs_x = 1, .ofs_y = -6},
    {.bitmap_index = 23036, .adv_w = 335, .box_w = 19, .box_h = 28, .ofs_x = 1, .ofs_y = 0},
    {.bitmap_index = 23222, .adv_w = 278, .box_w = 15, .box_h = 28, .ofs_x = 1, .ofs_y = -6},
    {.bitmap_index = 23386, .adv_w = 335, .box_w = 19, .box_h = 28, .ofs_x = 1, .ofs_y = -7},
    {.bitmap_index = 23582, .adv_w = 278, .box_w = 15, .box_h = 30, .ofs_x = 1, .ofs_y = -6},
    {.bitmap_index = 23757, .adv_w = 334, .box_w = 17, .box_h = 28, .ofs_x = 2, .ofs_y = 0},
    {.bitmap_index = 23828, .adv_w = 270, .box_w = 17, .box_h = 28, .ofs_x = -2, .ofs_y = 0},
    {.bitmap_index = 23921, .adv_w = 352, .box_w = 20, .box_h = 21, .ofs_x = 1, .ofs_y = 0},
    {.bitmap_index = 23980, .adv_w = 270, .box_w = 15, .box_h = 21, .ofs_x = 0, .ofs_y = 0},
    {.bitmap_index = 24050, .adv_w = 122, .box_w = 10, .box_h = 27, .ofs_x = -1, .ofs_y = 0},
    {.bitmap_index = 24085, .adv_w = 113, .box_w = 9, .box_h = 21, .ofs_x = -1, .ofs_y = 0},
    {.bitmap_index = 24114, .adv_w = 122, .box_w = 9, .box_h = 27, .ofs_x = -1, .ofs_y = 0},
    {.bitmap_index = 24139, .adv_w = 113, .box_w = 9, .box_h = 21, .ofs_x = -1, .ofs_y = 0},
    {.bitmap_index = 24160, .adv_w = 122, .box_w = 10, .box_h = 28, .ofs_x = -1, .ofs_y = 0},
    {.bitmap_index = 24204, .adv_w = 113, .box_w = 9, .box_h = 22, .ofs_x = -1, .ofs_y = 0},
    {.bitmap_index = 24236, .adv_w = 122, .box_w = 7, .box_h = 27, .ofs_x = 0, .ofs_y = -6},
    {.bitmap_index = 24269, .adv_w = 113, .box_w = 7, .box_h = 28, .ofs_x = -1, .ofs_y = -6},
    {.bitmap_index = 24315, .adv_w = 122, .box_w = 5, .box_h = 27, .ofs_x = 1, .ofs_y = 0},
    {.bitmap_index = 24338, .adv_w = 113, .box_w = 4, .box_h = 16, .ofs_x = 2, .ofs_y = 0},
    {.bitmap_index = 24343, .adv_w = 380, .box_w = 20, .box_h = 21, .ofs_x = 2, .ofs_y = 0},
    {.bitmap_index = 24420, .adv_w = 226, .box_w = 12, .box_h = 28, .ofs_x = 1, .ofs_y = -6},
    {.bitmap_index = 24488, .adv_w = 258, .box_w = 17, .box_h = 28, .ofs_x = 1, .ofs_y = 0},
    {.bitmap_index = 24594, .adv_w = 113, .box_w = 11, .box_h = 28, .ofs_x = -2, .ofs_y = -6},
    {.bitmap_index = 24650, .adv_w = 308, .box_w = 17, .box_h = 28, .ofs_x = 2, .ofs_y = -7},
    {.bitmap_index = 24809, .adv_w = 250, .box_w = 14, .box_h = 28, .ofs_x = 2, .ofs_y = -7},
    {.bitmap_index = 24918, .adv_w = 245, .box_w = 13, .box_h = 16, .ofs_x = 2, .ofs_y = 0},
    {.bitmap_index = 24991, .adv_w = 253, .box_w = 13, .box_h = 28, .ofs_x = 2, .ofs_y = 0},
    {.bitmap_index = 25042, .adv_w = 113, .box_w = 6, .box_h = 28, .ofs_x = 2, .ofs_y = 0},
    {.bitmap_index = 25069, .adv_w = 253, .box_w = 13, .box_h = 28, .ofs_x = 2, .ofs_y = -7},
    {.bitmap_index = 25121, .adv_w = 113, .box_w = 6, .box_h = 28, .ofs_x = 0, .ofs_y = -7},
    {.bitmap_index = 25150, .adv_w = 253, .box_w = 13, .box_h = 22, .ofs_x = 2, .ofs_y = 0},
    {.bitmap_index = 25196, .adv_w = 161, .box_w = 8, .box_h = 22, .ofs_x = 2, .ofs_y = 0},
    {.bitmap_index = 25222, .adv_w = 254, .box_w = 13, .box_h = 21, .ofs_x = 2, .ofs_y = 0},
    {.bitmap_index = 25264, .adv_w = 174, .box_w = 9, .box_h = 21, .ofs_x = 2, .ofs_y = 0},
    {.bitmap_index = 25290, .adv_w = 268, .box_w = 16, .box_h = 21, .ofs_x = 0, .ofs_y = 0},
    {.bitmap_index = 25356, .adv_w = 113, .box_w = 9, .box_h = 21, .ofs_x = -1, .ofs_y = 0},
    {.bitmap_index = 25389, .adv_w = 339, .box_w = 17, .box_h = 28, .ofs_x = 2, .ofs_y = 0},
    {.bitmap_index = 25533, .adv_w = 270, .box_w = 13, .box_h = 22, .ofs_x = 2, .ofs_y = 0},
    {.bitmap_index = 25605, .adv_w = 339, .box_w = 17, .box_h = 28, .ofs_x = 2, .ofs_y = -7},
    {.bitmap_index = 25752, .adv_w = 270, .box_w = 13, .box_h = 23, .ofs_x = 2, .ofs_y = -7},
    {.bitmap_index = 25829, .adv_w = 339, .box_w = 17, .box_h = 28, .ofs_x = 2, .ofs_y = 0},
    {.bitmap_index = 25977, .adv_w = 270, .box_w = 13, .box_h = 22, .ofs_x = 2, .ofs_y = 0},
    {.bitmap_index = 26055, .adv_w = 339, .box_w = 18, .box_h = 27, .ofs_x = 2, .ofs_y = -6},
    {.bitmap_index = 26196, .adv_w = 270, .box_w = 13, .box_h = 22, .ofs_x = 2, .ofs_y = -6},
    {.bitmap_index = 26265, .adv_w = 343, .box_w = 19, .box_h = 27, .ofs_x = 1, .ofs_y = 0},
    {.bitmap_index = 26442, .adv_w = 271, .box_w = 15, .box_h = 21, .ofs_x = 1, .ofs_y = 0},
    {.bitmap_index = 26564, .adv_w = 343, .box_w = 19, .box_h = 28, .ofs_x = 1, .ofs_y = 0},
    {.bitmap_index = 26763, .adv_w = 271, .box_w = 15, .box_h = 23, .ofs_x = 1, .ofs_y = 0},
    {.bitmap_index = 26905, .adv_w = 343, .box_w = 19, .box_h = 28, .ofs_x = 1, .ofs_y = 0},
    {.bitmap_index = 27106, .adv_w = 271, .box_w = 15, .box_h = 23, .ofs_x = 1, .ofs_y = 0},
    {.bitmap_index = 27251, .adv_w = 452, .box_w = 26, .box_h = 21, .ofs_x = 1, .ofs_y = 0},
    {.bitmap_index = 27396, .adv_w = 446, .box_w = 26, .box_h = 16, .ofs_x = 1, .ofs_y = 0},
    {.bitmap_index = 27568, .adv_w = 290, .box_w = 16, .box_h = 28, .ofs_x = 2, .ofs_y = 0},
    {.bitmap_index = 27712, .adv_w = 173, .box_w = 9, .box_h = 22, .ofs_x = 2, .ofs_y = 0},
    {.bitmap_index = 27762, .adv_w = 290, .box_w = 16, .box_h = 28, .ofs_x = 2, .ofs_y = -7},
    {.bitmap_index = 27912, .adv_w = 173, .box_w = 11, .box_h = 23, .ofs_x = 0, .ofs_y = -7},
    {.bitmap_index = 27968, .adv_w = 290, .box_w = 16, .box_h = 28, .ofs_x = 2, .ofs_y = 0},
    {.bitmap_index = 28120, .adv_w = 173, .box_w = 10, .box_h = 22, .ofs_x = 1, .ofs_y = 0},
    {.bitmap_index = 28176, .adv_w = 289, .box_w = 16, .box_h = 28, .ofs_x = 1, .ofs_y = 0},
    {.bitmap_index = 28349, .adv_w = 241, .box_w = 13, .box_h = 23, .ofs_x = 1, .ofs_y = 0},
    {.bitmap_index = 28473, .adv_w = 289, .box_w = 16, .box_h = 28, .ofs_x = 1, .ofs_y = 0},
    {.bitmap_index = 28654, .adv_w = 241, .box_w = 13, .box_h = 23, .ofs_x = 1, .ofs_y = 0},
    {.bitmap_index = 28786, .adv_w = 289, .box_w = 16, .box_h = 27, .ofs_x = 1, .ofs_y = -6},
    {.bitmap_index = 28961, .adv_w = 241, .box_w = 13, .box_h = 22, .ofs_x = 1, .ofs_y = -6},
    {.bitmap_index = 29087, .adv_w = 289, .box_w = 16, .box_h = 28, .ofs_x = 1, .ofs_y = 0},
    {.bitmap_index = 29266, .adv_w = 241, .box_w = 13, .box_h = 23, .ofs_x = 1, .ofs_y = 0},
    {.bitmap_index = 29398, .adv_w = 292, .box_w = 17, .box_h = 27, .ofs_x = 1, .ofs_y = -6},
    {.bitmap_index = 29460, .adv_w = 152, .box_w = 10, .box_h = 26, .ofs_x = 0, .ofs_y = -6},
    {.bitmap_index = 29533, .adv_w = 292, .box_w = 17, .box_h = 28, .ofs_x = 1, .ofs_y = 0},
    {.bitmap_index = 29604, .adv_w = 178, .box_w = 10, .box_h = 24, .ofs_x = 0, .ofs_y = 0},
    {.bitmap_index = 29670, .adv_w = 292, .box_w = 17, .box_h = 21, .ofs_x = 1, .ofs_y = 0},
    {.bitmap_index = 29723, .adv_w = 152, .box_w = 9, .box_h = 20, .ofs_x = 0, .ofs_y = 0},
    {.bitmap_index = 29785, .adv_w = 332, .box_w = 17, .box_h = 27, .ofs_x = 2, .ofs_y = 0},
    {.bitmap_index = 29883, .adv_w = 270, .box_w = 13, .box_h = 21, .ofs_x = 2, .ofs_y = 0},
    {.bitmap_index = 29945, .adv_w = 332, .box_w = 17, .box_h = 27, .ofs_x = 2, .ofs_y = 0},
    {.bitmap_index = 30032, .adv_w = 270, .box_w = 13, .box_h = 21, .ofs_x = 2, .ofs_y = 0},
    {.bitmap_index = 30094, .adv_w = 332, .box_w = 17, .box_h = 28, .ofs_x = 2, .ofs_y = 0},
    {.bitmap_index = 30202, .adv_w = 270, .box_w = 13, .box_h = 23, .ofs_x = 2, .ofs_y = 0},
    {.bitmap_index = 30283, .adv_w = 332, .box_w = 17, .box_h = 29, .ofs_x = 2, .ofs_y = 0},
    {.bitmap_index = 30399, .adv_w = 270, .box_w = 13, .box_h = 24, .ofs_x = 2, .ofs_y = 0},
    {.bitmap_index = 30486, .adv_w = 332, .box_w = 17, .box_h = 28, .ofs_x = 2, .ofs_y = 0},
    {.bitmap_index = 30597, .adv_w = 270, .box_w = 13, .box_h = 23, .ofs_x = 2, .ofs_y = 0},
    {.bitmap_index = 30681, .adv_w = 332, .box_w = 17, .box_h = 27, .ofs_x = 2, .ofs_y = -6},
    {.bitmap_index = 30782, .adv_w = 270, .box_w = 14, .box_h = 22, .ofs_x = 2, .ofs_y = -6},
    {.bitmap_index = 30858, .adv_w = 449, .box_w = 28, .box_h = 28, .ofs_x = 0, .ofs_y = 0},
    {.bitmap_index = 31150, .adv_w = 371, .box_w = 23, .box_h = 22, .ofs_x = 0, .ofs_y = 0},
    {.bitmap_index = 31353, .adv_w = 312, .box_w = 19, .box_h = 28, .ofs_x = 0, .ofs_y = 0},
    {.bitmap_index = 31500, .adv_w = 258, .box_w = 16, .box_h = 28, .ofs_x = 0, .ofs_y = -6},
    {.bitmap_index = 31667, .adv_w = 312, .box_w = 19, .box_h = 27, .ofs_x = 0, .ofs_y = 0},
    {.bitmap_index = 31810, .adv_w = 287, .box_w = 16, .box_h = 28, .ofs_x = 1, .ofs_y = 0},
    {.bitmap_index = 31943, .adv_w = 250, .box_w = 13, .box_h = 22, .ofs_x = 1, .ofs_y = 0},
    {.bitmap_index = 32038, .adv_w = 287, .box_w = 16, .box_h = 27, .ofs_x = 1, .ofs_y = 0},
    {.bitmap_index = 32168, .adv_w = 250, .box_w = 13, .box_h = 22, .ofs_x = 1, .ofs_y = 0},
    {.bitmap_index = 32261, .adv_w = 287, .box_w = 16, .box_h = 28, .ofs_x = 1, .ofs_y = 0},
    {.bitmap_index = 32402, .adv_w = 250, .box_w = 13, .box_h = 22, .ofs_x = 1, .ofs_y = 0},
    {.bitmap_index = 32503, .adv_w = 145, .box_w = 8, .box_h = 22, .ofs_x = 2, .ofs_y = 0},
    {.bitmap_index = 32530, .adv_w = 448, .box_w = 28, .box_h = 3, .ofs_x = 0, .ofs_y = 8},
    {.bitmap_index = 32540, .adv_w = 408, .box_w = 22, .box_h = 5, .ofs_x = 2, .ofs_y = 0},
    {.bitmap_index = 32584, .adv_w = 448, .box_w = 28, .box_h = 29, .ofs_x = 0, .ofs_y = -4},
    {.bitmap_index = 32752, .adv_w = 448, .box_w = 28, .box_h = 21, .ofs_x = 0, .ofs_y = 0},
    {.bitmap_index = 32931, .adv_w = 448, .box_w = 28, .box_h = 25, .ofs_x = 0, .ofs_y = -2},
    {.bitmap_index = 33042, .adv_w = 448, .box_w = 28, .box_h = 21, .ofs_x = 0, .ofs_y = 0},
    {.bitmap_index = 33201, .adv_w = 308, .box_w = 20, .box_h = 21, .ofs_x = 0, .ofs_y = 0},
    {.bitmap_index = 33354, .adv_w = 448, .box_w = 28, .box_h = 29, .ofs_x = 0, .ofs_y = -4},
    {.bitmap_index = 33618, .adv_w = 448, .box_w = 27, .box_h = 29, .ofs_x = 1, .ofs_y = -4},
    {.bitmap_index = 33839, .adv_w = 504, .box_w = 32, .box_h = 25, .ofs_x = 0, .ofs_y = -2},
    {.bitmap_index = 34050, .adv_w = 448, .box_w = 28, .box_h = 29, .ofs_x = 0, .ofs_y = -4},
    {.bitmap_index = 34213, .adv_w = 504, .box_w = 32, .box_h = 21, .ofs_x = 0, .ofs_y = 0},
    {.bitmap_index = 34369, .adv_w = 448, .box_w = 28, .box_h = 29, .ofs_x = 0, .ofs_y = -4},
    {.bitmap_index = 34626, .adv_w = 224, .box_w = 14, .box_h = 23, .ofs_x = 0, .ofs_y = -1},
    {.bitmap_index = 34689, .adv_w = 336, .box_w = 21, .box_h = 23, .ofs_x = 0, .ofs_y = -1},
    {.bitmap_index = 34803, .adv_w = 504, .box_w = 32, .box_h = 27, .ofs_x = 0, .ofs_y = -3},
    {.bitmap_index = 35078, .adv_w = 448, .box_w = 28, .box_h = 21, .ofs_x = 0, .ofs_y = 0},
    {.bitmap_index = 35212, .adv_w = 308, .box_w = 20, .box_h = 29, .ofs_x = 0, .ofs_y = -4},
    {.bitmap_index = 35392, .adv_w = 392, .box_w = 18, .box_h = 26, .ofs_x = 3, .ofs_y = -3},
    {.bitmap_index = 35502, .adv_w = 392, .box_w = 25, .box_h = 29, .ofs_x = 0, .ofs_y = -4},
    {.bitmap_index = 35650, .adv_w = 392, .box_w = 25, .box_h = 25, .ofs_x = 0, .ofs_y = -2},
    {.bitmap_index = 35733, .adv_w = 392, .box_w = 25, .box_h = 25, .ofs_x = 0, .ofs_y = -2},
    {.bitmap_index = 35787, .adv_w = 392, .box_w = 18, .box_h = 26, .ofs_x = 3, .ofs_y = -3},
    {.bitmap_index = 35899, .adv_w = 392, .box_w = 26, .box_h = 25, .ofs_x = -1, .ofs_y = -2},
    {.bitmap_index = 36036, .adv_w = 280, .box_w = 16, .box_h = 25, .ofs_x = 1, .ofs_y = -2},
    {.bitmap_index = 36167, .adv_w = 280, .box_w = 16, .box_h = 25, .ofs_x = 1, .ofs_y = -2},
    {.bitmap_index = 36298, .adv_w = 392, .box_w = 25, .box_h = 25, .ofs_x = 0, .ofs_y = -2},
    {.bitmap_index = 36387, .adv_w = 392, .box_w = 25, .box_h = 7, .ofs_x = 0, .ofs_y = 7},
    {.bitmap_index = 36421, .adv_w = 504, .box_w = 32, .box_h = 21, .ofs_x = 0, .ofs_y = 0},
    {.bitmap_index = 36671, .adv_w = 560, .box_w = 35, .box_h = 29, .ofs_x = 0, .ofs_y = -4},
    {.bitmap_index = 37006, .adv_w = 504, .box_w = 33, .box_h = 29, .ofs_x = -1, .ofs_y = -4},
    {.bitmap_index = 37244, .adv_w = 448, .box_w = 28, .box_h = 25, .ofs_x = 0, .ofs_y = -2},
    {.bitmap_index = 37471, .adv_w = 392, .box_w = 25, .box_h = 15, .ofs_x = 0, .ofs_y = 3},
    {.bitmap_index = 37594, .adv_w = 392, .box_w = 25, .box_h = 15, .ofs_x = 0, .ofs_y = 3},
    {.bitmap_index = 37720, .adv_w = 560, .box_w = 35, .box_h = 22, .ofs_x = 0, .ofs_y = 0},
    {.bitmap_index = 37904, .adv_w = 448, .box_w = 28, .box_h = 21, .ofs_x = 0, .ofs_y = 0},
    {.bitmap_index = 37970, .adv_w = 448, .box_w = 28, .box_h = 29, .ofs_x = 0, .ofs_y = -4},
    {.bitmap_index = 38140, .adv_w = 448, .box_w = 29, .box_h = 29, .ofs_x = -1, .ofs_y = -4},
    {.bitmap_index = 38351, .adv_w = 392, .box_w = 25, .box_h = 25, .ofs_x = 0, .ofs_y = -2},
    {.bitmap_index = 38589, .adv_w = 392, .box_w = 25, .box_h = 29, .ofs_x = 0, .ofs_y = -4},
    {.bitmap_index = 38696, .adv_w = 392, .box_w = 25, .box_h = 25, .ofs_x = 0, .ofs_y = -2},
    {.bitmap_index = 38828, .adv_w = 392, .box_w = 25, .box_h = 23, .ofs_x = 0, .ofs_y = -1},
    {.bitmap_index = 38906, .adv_w = 448, .box_w = 28, .box_h = 21, .ofs_x = 0, .ofs_y = 0},
    {.bitmap_index = 39039, .adv_w = 280, .box_w = 19, .box_h = 29, .ofs_x = -1, .ofs_y = -4},
    {.bitmap_index = 39196, .adv_w = 392, .box_w = 25, .box_h = 29, .ofs_x = 0, .ofs_y = -4},
    {.bitmap_index = 39323, .adv_w = 392, .box_w = 25, .box_h = 29, .ofs_x = 0, .ofs_y = -4},
    {.bitmap_index = 39489, .adv_w = 504, .box_w = 32, .box_h = 21, .ofs_x = 0, .ofs_y = 0},
    {.bitmap_index = 39686, .adv_w = 448, .box_w = 30, .box_h = 29, .ofs_x = -1, .ofs_y = -4},
    {.bitmap_index = 39868, .adv_w = 336, .box_w = 21, .box_h = 29, .ofs_x = 0, .ofs_y = -4},
    {.bitmap_index = 39942, .adv_w = 560, .box_w = 35, .box_h = 26, .ofs_x = 0, .ofs_y = -2},
    {.bitmap_index = 40199, .adv_w = 560, .box_w = 35, .box_h = 19, .ofs_x = 0, .ofs_y = 1},
    {.bitmap_index = 40300, .adv_w = 560, .box_w = 35, .box_h = 19, .ofs_x = 0, .ofs_y = 1},
    {.bitmap_index = 40402, .adv_w = 560, .box_w = 35, .box_h = 19, .ofs_x = 0, .ofs_y = 1},
    {.bitmap_index = 40503, .adv_w = 560, .box_w = 35, .box_h = 19, .ofs_x = 0, .ofs_y = 1},
    {.bitmap_index = 40603, .adv_w = 560, .box_w = 35, .box_h = 19, .ofs_x = 0, .ofs_y = 1},
    {.bitmap_index = 40694, .adv_w = 560, .box_w = 36, .box_h = 23, .ofs_x = 0, .ofs_y = -1},
    {.bitmap_index = 40905, .adv_w = 392, .box_w = 22, .box_h = 29, .ofs_x = 1, .ofs_y = -4},
    {.bitmap_index = 41148, .adv_w = 392, .box_w = 25, .box_h = 29, .ofs_x = 0, .ofs_y = -4},
    {.bitmap_index = 41268, .adv_w = 448, .box_w = 29, .box_h = 29, .ofs_x = -1, .ofs_y = -4},
    {.bitmap_index = 41495, .adv_w = 560, .box_w = 35, .box_h = 21, .ofs_x = 0, .ofs_y = 0},
    {.bitmap_index = 41696, .adv_w = 336, .box_w = 21, .box_h = 29, .ofs_x = 0, .ofs_y = -4},
    {.bitmap_index = 41792, .adv_w = 451, .box_w = 29, .box_h = 19, .ofs_x = 0, .ofs_y = 1}
};

/*---------------------
 *  CHARACTER MAPPING
 *--------------------*/

static const uint16_t unicode_list_4[] = {
    0x0, 0x12, 0xcfed, 0xcff4, 0xcff7, 0xcff8, 0xcff9, 0xcffd,
    0xcfff, 0xd001, 0xd005, 0xd008, 0xd00d, 0xd012, 0xd013, 0xd014,
    0xd02a, 0xd02f, 0xd034, 0xd037, 0xd038, 0xd039, 0xd03d, 0xd03e,
    0xd03f, 0xd040, 0xd053, 0xd054, 0xd05a, 0xd05c, 0xd05d, 0xd060,
    0xd063, 0xd064, 0xd065, 0xd067, 0xd07f, 0xd081, 0xd0b0, 0xd0b1,
    0xd0b3, 0xd0b5, 0xd0cc, 0xd0d3, 0xd0d6, 0xd0df, 0xd108, 0xd110,
    0xd147, 0xd1d7, 0xd22c, 0xd22d, 0xd22e, 0xd22f, 0xd230, 0xd273,
    0xd27f, 0xd2d9, 0xd2f0, 0xd546, 0xd7ae, 0xd88e
};

/*Collect the unicode lists and glyph_id offsets*/
static const lv_font_fmt_txt_cmap_t cmaps[] =
{
    {
        .range_start = 32, .range_length = 95, .glyph_id_start = 1,
        .unicode_list = NULL, .glyph_id_ofs_list = NULL, .list_length = 0, .type = LV_FONT_FMT_TXT_CMAP_FORMAT0_TINY
    },
    {
        .range_start = 160, .range_length = 13, .glyph_id_start = 96,
        .unicode_list = NULL, .glyph_id_ofs_list = NULL, .list_length = 0, .type = LV_FONT_FMT_TXT_CMAP_FORMAT0_TINY
    },
    {
        .range_start = 174, .range_length = 155, .glyph_id_start = 109,
        .unicode_list = NULL, .glyph_id_ofs_list = NULL, .list_length = 0, .type = LV_FONT_FMT_TXT_CMAP_FORMAT0_TINY
    },
    {
        .range_start = 330, .range_length = 54, .glyph_id_start = 264,
        .unicode_list = NULL, .glyph_id_ofs_list = NULL, .list_length = 0, .type = LV_FONT_FMT_TXT_CMAP_FORMAT0_TINY
    },
    {
        .range_start = 8212, .range_length = 55439, .glyph_id_start = 318,
        .unicode_list = unicode_list_4, .glyph_id_ofs_list = NULL, .list_length = 62, .type = LV_FONT_FMT_TXT_CMAP_SPARSE_TINY
    }
};

/*-----------------
 *    KERNING
 *----------------*/


/*Map glyph_ids to kern left classes*/
static const uint8_t kern_left_class_mapping[] =
{
    0, 0, 0, 1, 0, 0, 0, 2,
    1, 3, 0, 4, 5, 6, 5, 6,
    7, 8, 9, 10, 11, 12, 13, 14,
    15, 11, 8, 16, 16, 0, 17, 18,
    0, 19, 0, 0, 0, 0, 0, 0,
    0, 0, 0, 0, 0, 0, 0, 0,
    0, 0, 0, 0, 0, 0, 0, 0,
    0, 0, 0, 0, 3, 20, 0, 4,
    21, 0, 0, 0, 0, 0, 0, 0,
    0, 0, 0, 0, 0, 0, 0, 0,
    0, 0, 0, 0, 0, 0, 0, 0,
    0, 0, 0, 0, 3, 9, 0, 5,
    0, 22, 23, 0, 0, 0, 0, 0,
    0, 19, 0, 0, 0, 24, 0, 4,
    17, 0, 0, 0, 25, 9, 26, 0,
    0, 0, 27, 0, 0, 0, 28, 0,
    0, 0, 0, 0, 0, 0, 0, 0,
    0, 0, 0, 0, 0, 0, 0, 0,
    0, 0, 0, 0, 0, 0, 29, 0,
    0, 0, 0, 0, 0, 0, 0, 0,
    0, 0, 0, 0, 0, 0, 0, 0,
    0, 0, 0, 0, 0, 0, 0, 0,
    0, 0, 0, 0, 0, 0, 5, 0,
    0, 0, 0, 0, 0, 0, 0, 0,
    0, 0, 0, 0, 0, 0, 0, 0,
    0, 0, 0, 0, 0, 0, 0, 0,
    0, 0, 0, 0, 0, 0, 0, 0,
    0, 0, 0, 0, 0, 0, 0, 0,
    0, 0, 0, 0, 0, 0, 0, 0,
    0, 0, 0, 0, 0, 0, 0, 0,
    0, 0, 0, 0, 0, 0, 0, 0,
    0, 0, 0, 0, 0, 0, 0, 0,
    0, 0, 0, 0, 0, 0, 0, 0,
    0, 0, 0, 0, 0, 0, 0, 0,
    0, 0, 0, 0, 0, 0, 0, 0,
    0, 0, 0, 0, 0, 0, 0, 0,
    0, 0, 0, 0, 0, 0, 0, 0,
    0, 0, 0, 0, 0, 0, 0, 0,
    0, 0, 0, 0, 0, 0, 0, 0,
    0, 0, 0, 0, 0, 0, 0, 6,
    0, 0, 0, 0, 0, 0, 0, 0,
    0, 0, 0, 0, 0, 0, 0, 0,
    0, 0, 0, 0, 0, 0, 0, 0,
    0, 0, 0, 0, 0, 0, 0, 0,
    0, 0, 0, 0, 0, 0, 0, 0,
    0, 0, 0, 0, 0, 0, 0, 0,
    0, 0, 0, 0, 0, 0, 0, 0,
    0, 0, 0, 0
};

/*Map glyph_ids to kern right classes*/
static const uint8_t kern_right_class_mapping[] =
{
    0, 1, 2, 3, 4, 5, 0, 6,
    3, 0, 7, 8, 9, 10, 9, 10,
    11, 12, 13, 14, 15, 16, 17, 12,
    18, 19, 20, 21, 21, 22, 23, 0,
    24, 25, 0, 0, 0, 0, 0, 0,
    0, 0, 0, 0, 0, 0, 0, 0,
    0, 0, 0, 0, 0, 0, 0, 0,
    0, 0, 0, 0, 0, 26, 7, 8,
    27, 0, 0, 0, 0, 0, 0, 0,
    0, 0, 0, 0, 0, 0, 0, 0,
    0, 0, 0, 0, 0, 0, 0, 0,
    0, 0, 0, 0, 0, 28, 7, 9,
    0, 0, 29, 0, 0, 0, 0, 0,
    0, 25, 0, 30, 31, 32, 0, 8,
    23, 0, 0, 0, 0, 33, 9, 0,
    0, 0, 34, 0, 0, 0, 0, 0,
    0, 0, 0, 0, 0, 0, 0, 0,
    0, 0, 0, 0, 0, 0, 0, 0,
    0, 0, 0, 0, 0, 0, 34, 0,
    0, 0, 0, 0, 0, 0, 0, 0,
    0, 0, 0, 0, 0, 0, 0, 0,
    0, 0, 0, 0, 0, 0, 0, 0,
    0, 0, 0, 0, 0, 0, 9, 0,
    0, 0, 0, 0, 0, 0, 0, 0,
    0, 0, 0, 0, 0, 0, 0, 0,
    0, 0, 0, 0, 0, 0, 0, 0,
    0, 0, 0, 0, 0, 0, 0, 0,
    0, 0, 0, 0, 0, 0, 0, 0,
    0, 0, 0, 0, 0, 0, 0, 0,
    0, 0, 0, 0, 0, 0, 0, 0,
    0, 0, 0, 0, 0, 0, 0, 0,
    0, 0, 0, 0, 0, 0, 0, 0,
    0, 0, 0, 0, 0, 0, 0, 0,
    0, 0, 0, 0, 0, 0, 0, 0,
    0, 0, 0, 0, 0, 0, 0, 0,
    0, 0, 0, 0, 0, 0, 0, 0,
    0, 0, 0, 0, 0, 0, 0, 0,
    0, 0, 0, 0, 0, 0, 0, 0,
    0, 0, 0, 0, 0, 0, 0, 0,
    0, 0, 0, 0, 0, 0, 0, 10,
    0, 0, 0, 0, 0, 0, 0, 0,
    0, 0, 0, 0, 0, 0, 0, 0,
    0, 0, 0, 0, 0, 0, 0, 0,
    0, 0, 0, 0, 0, 0, 0, 0,
    0, 0, 0, 0, 0, 0, 0, 0,
    0, 0, 0, 0, 0, 0, 0, 0,
    0, 0, 0, 0, 0, 0, 0, 0,
    0, 0, 0, 0
};

/*Kern values between classes*/
static const int8_t kern_class_values[] =
{
    0, 0, 0, 0, 0, -15, 0, 0,
    0, -38, 0, 0, 0, 0, 0, -28,
    0, 0, 0, 0, 0, 0, 0, 0,
    0, 0, 0, 0, -7, 0, 0, 0,
    0, 0, 0, 0, -15, 0, 0, 0,
    0, 0, 0, 0, 0, 0, 0, 0,
    0, 0, 0, 0, 0, 0, 0, 0,
    0, 0, 0, -28, 0, 0, 0, 0,
    0, -10, 0, 0, 0, 0, 0, 0,
    0, 0, 0, 0, 0, 0, 0, 0,
    0, 0, 0, 0, 0, 0, 0, 0,
    0, 0, 0, 0, 0, 0, 0, 3,
    -4, 0, 0, 0, 0, 0, 0, 0,
    0, 0, 0, -15, 0, 0, 0, -61,
    0, 0, 0, 0, 0, -20, 0, 0,
    0, 0, 0, 0, 0, 0, -6, 0,
    -30, 0, 0, 0, 0, 0, 0, 0,
    0, 0, 0, 0, 0, 0, 0, 0,
    0, 0, 0, 0, 0, -13, -4, 0,
    0, -11, 0, 0, 0, 0, 0, 0,
    0, -22, 0, 0, 0, 0, 0, 0,
    -6, 0, -5, -2, -39, 0, 0, 0,
    0, 0, 0, 0, 0, -12, -39, 0,
    -11, 0, -5, -8, -11, -4, 0, 0,
    0, -39, -20, 0, 0, 0, 0, 0,
    0, 0, -23, 0, 0, 0, 0, 0,
    0, 0, 0, 0, 0, -18, 0, 0,
    0, 0, 0, 0, 0, 0, 0, 0,
    0, 0, 0, 0, 0, 1, 0, 0,
    0, 0, 0, 0, 0, 0, 0, 0,
    0, 0, 0, 0, 0, 0, 0, -12,
    0, 0, 0, 0, 0, 0, 0, -9,
    0, 0, 0, 0, 0, 0, 0, -7,
    -20, 0, 0, 0, 0, 0, 0, 0,
    0, 0, 0, 0, 0, 0, 3, 0,
    0, 0, 0, 0, 0, 0, 0, 0,
    0, 0, 0, 0, 0, 0, 0, 0,
    0, 0, 3, 0, 0, 0, 0, 0,
    0, 0, 0, 0, 0, 0, 0, 0,
    0, 0, 0, 0, 0, 0, 0, 0,
    0, -7, 0, 0, 0, 0, 0, 0,
    0, 0, 0, 0, 0, 0, 0, 0,
    0, 0, 0, 0, 0, 0, 0, 0,
    0, 0, 0, -5, 0, -10, 0, 0,
    0, 0, 0, 0, 0, 0, 0, 0,
    0, 0, 0, 0, 0, 0, 0, 0,
    0, -15, 0, 0, 0, 0, 0, 0,
    0, 0, 0, 0, 0, -11, 0, -15,
    0, 0, -12, 0, 0, 0, 0, 0,
    0, 0, 0, 0, 0, 0, 0, 0,
    0, 0, 0, 0, 0, -2, -18, 0,
    0, 0, 0, 0, 0, 0, 0, -1,
    0, -11, 0, 0, 0, 0, 0, 0,
    0, 0, 0, 0, 0, 0, 0, 0,
    0, 0, 0, 0, 0, 0, 0, -2,
    0, 0, 0, 0, 0, 0, 0, 0,
    0, 0, 0, -14, 0, 0, 0, 0,
    0, 0, 0, 0, 0, 0, 0, 0,
    0, 0, 0, 0, -20, 0, 0, 0,
    0, 0, 0, 0, 0, 0, 0, -25,
    0, -20, 0, 0, 0, -56, 0, -7,
    0, 0, -7, -26, -4, 9, -6, -4,
    -15, -41, 0, 0, 0, 0, -71, 0,
    -23, -28, 0, 0, 0, 0, 0, 0,
    0, 0, 0, 0, 0, 0, 0, 0,
    0, 0, 0, 0, 0, 0, 0, 0,
    0, 0, 0, 0, 0, 0, 0, -28,
    0, 0, 0, 0, 0, 0, 0, 0,
    0, 0, 0, 0, 0, 0, 0, 0,
    0, 0, 0, 0, 0, 0, 0, 0,
    0, 0, 0, 0, 0, 0, 0, 0,
    0, -30, 0, 0, 0, 0, 0, 0,
    0, 0, 0, 0, 0, 0, 0, 0,
    0, 0, 0, 0, 0, 0, 0, 0,
    0, 0, 0, -33, 0, 0, 0, 0,
    0, 0, 0, -33, 0, 0, 0, 0,
    0, 0, 0, 0, 0, 0, 0, 0,
    0, 0, 0, 0, 0, -20, -18, 0,
    0, 0, 0, 0, 0, 0, 0, 0,
    0, 0, 0, 0, 0, -16, -18, 0,
    0, 0, 0, -2, 0, 0, 0, 0,
    -35, 0, -2, 0, 0, -38, -15, 0,
    8, 0, -17, 0, 0, 0, 0, 0,
    0, 0, 0, -6, -23, -28, -16, -22,
    0, 0, -3, -15, -15, -32, -22, -15,
    0, 0, 0, 0, 0, 0, 0, -30,
    0, 0, 0, -20, -48, 0, -20, -25,
    -20, 0, -20, -20, 0, 0, 0, 0,
    -18, -35, 0, 15, 0, 0, 0, 0,
    -20, 0, 0, 0, 0, 0, 0, 0,
    0, 0, 0, 0, 0, 0, 0, 0,
    0, 0, 0, 0, 0, 0, 0, 0,
    0, 0, 0, -15, 0, 0, 0, 0,
    0, 0, 0, 0, 0, 0, -7, 0,
    0, 0, -5, 0, 0, 0, 0, 0,
    -15, 0, 0, 0, 0, 0, 0, 0,
    0, 0, 0, 0, 0, -24, 0, 0,
    0, 0, 0, -5, 0, 0, 0, 0,
    0, 0, 0, -15, 0, 0, 0, 0,
    0, 0, 0, 0, 0, -22, 0, 0,
    0, 0, 0, 0, 0, 0, -2, 0,
    0, 0, -13, 0, 0, 0, 0, 0,
    0, 0, 0, 0, 0, 0, 0, 0,
    -17, 0, -15, 0, 0, 0, 0, 0,
    0, 0, 0, 0, 0, -18, 0, 0,
    0, 0, -15, 0, 0, 0, -15, 0,
    0, 0, 0, 0, 0, 0, 0, 0,
    0, 0, 0, 0, 0, 0, 0, -13,
    -4, 0, 0, -11, 0, 0, 0, 0,
    0, 0, 0, -18, 0, 0, 0, 0,
    0, 0, -6, 0, 0, 0, 0, 0,
    0, 0, 0, 0, 0, 0, 0, 0,
    -18, -23, -20, 0, 0, -23, -15, 0,
    0, 0, 0, 0, 0, -28, 0, 0,
    0, 0, 0, 0, 0, 0, 0, 0,
    0, 0, 0, 0, 0, 0, 0, 0,
    0, 0, 0, 0, 0, 0, 0, 0,
    0, 0, 0, 0, 0, 0, 0, -41,
    0, 0, 0, 0, 0, 0, 0, 0,
    0, 0, 0, 0, 0, 0, 0, 0,
    0, 0, 0, 0, 0, 0, 0, 0,
    0, 0, 0, 0, 0, 0, 0, 0,
    0, -18, 0, 0, 0, 0, 0, 0,
    0, 0
};


/*Collect the kern class' data in one place*/
static const lv_font_fmt_txt_kern_classes_t kern_classes =
{
    .class_pair_values   = kern_class_values,
    .left_class_mapping  = kern_left_class_mapping,
    .right_class_mapping = kern_right_class_mapping,
    .left_class_cnt      = 29,
    .right_class_cnt     = 34,
};

/*--------------------
 *  ALL CUSTOM DATA
 *--------------------*/

#if LVGL_VERSION_MAJOR == 8
/*Store all the custom data of the font*/
static  lv_font_fmt_txt_glyph_cache_t cache;
#endif

#if LVGL_VERSION_MAJOR >= 8
static const lv_font_fmt_txt_dsc_t font_dsc = {
#else
static lv_font_fmt_txt_dsc_t font_dsc = {
#endif
    .glyph_bitmap = glyph_bitmap,
    .glyph_dsc = glyph_dsc,
    .cmaps = cmaps,
    .kern_dsc = &kern_classes,
    .kern_scale = 16,
    .cmap_num = 5,
    .bpp = 4,
    .kern_classes = 1,
    .bitmap_format = 1,
#if LVGL_VERSION_MAJOR == 8
    .cache = &cache
#endif
};



/*-----------------
 *  PUBLIC FONT
 *----------------*/

/*Initialize a public general font descriptor*/
#if LVGL_VERSION_MAJOR >= 8
const lv_font_t inter_28 = {
#else
lv_font_t inter_28 = {
#endif
    .get_glyph_dsc = lv_font_get_glyph_dsc_fmt_txt,    /*Function pointer to get glyph's data*/
    .get_glyph_bitmap = lv_font_get_bitmap_fmt_txt,    /*Function pointer to get glyph's bitmap*/
    .line_height = 36,          /*The maximum line height required by the font*/
    .base_line = 7,             /*Baseline measured from the bottom of the line*/
#if !(LVGL_VERSION_MAJOR == 6 && LVGL_VERSION_MINOR == 0)
    .subpx = LV_FONT_SUBPX_NONE,
#endif
#if LV_VERSION_CHECK(7, 4, 0) || LVGL_VERSION_MAJOR >= 8
    .underline_position = -5,
    .underline_thickness = 2,
#endif
    .dsc = &font_dsc,          /*The custom font data. Will be accessed by `get_glyph_bitmap/dsc` */
#if LV_VERSION_CHECK(8, 2, 0) || LVGL_VERSION_MAJOR >= 9
    .fallback = NULL,
#endif
    .user_data = NULL,
};



#endif /*#if INTER_28*/

