/*******************************************************************************
 * Size: 12 px
 * Bpp: 4
 * Opts: --bpp 4 --size 12 --font Inter-Medium-flat.ttf -r 0x20-0x7F,0xA0-0x17F,0x2014,0x2026 --font fa.woff -r 61441,61448,61451,61452,61452,61453,61457,61459,61461,61465,61468,61473,61478,61479,61480,61502,61507,61512,61515,61516,61517,61521,61522,61523,61524,61543,61544,61550,61552,61553,61556,61559,61560,61561,61563,61587,61589,61636,61637,61639,61641,61664,61671,61674,61683,61724,61732,61787,61931,62016,62017,62018,62019,62020,62087,62099,62212,62189,62810,63426,63650 --format lvgl -o stage/inter_12.c --force-fast-kern-format
 ******************************************************************************/

#ifdef LV_LVGL_H_INCLUDE_SIMPLE
#include "lvgl.h"
#else
#include "lvgl.h"
#endif

#ifndef INTER_12
#define INTER_12 1
#endif

#if INTER_12

/*-----------------
 *    BITMAPS
 *----------------*/

/*Store the image of the glyphs*/
static LV_ATTRIBUTE_LARGE_CONST const uint8_t glyph_bitmap[] = {
    /* U+0020 " " */

    /* U+0021 "!" */
    0xe, 0x80, 0x30, 0xb, 0xc0, 0x3e, 0x10, 0x7,
    0xb0, 0x4a, 0x3, 0x10,

    /* U+0022 "\"" */
    0xc8, 0x9b, 0x7f, 0x11, 0x0, 0x81, 0xea, 0xe6,
    0x0,

    /* U+0023 "#" */
    0x0, 0x4b, 0x4, 0x38, 0x4, 0xaa, 0x3, 0x30,
    0x1f, 0x9e, 0x7a, 0x5b, 0x1e, 0xf, 0x68, 0x73,
    0x3, 0xa8, 0x88, 0xc4, 0x2e, 0xc9, 0xf8, 0x7a,
    0x14, 0xaf, 0xac, 0xf8, 0x2, 0x2c, 0x23, 0xd1,
    0x0, 0x33, 0x1, 0x98, 0x0,

    /* U+0024 "$" */
    0x0, 0x98, 0xc0, 0x3c, 0x2e, 0x1, 0x86, 0xe2,
    0xec, 0x20, 0xc, 0x6, 0x87, 0xd0, 0x12, 0xfe,
    0x3e, 0xa0, 0x12, 0x9d, 0x2, 0x60, 0x6, 0x22,
    0x2e, 0x84, 0x0, 0x33, 0x28, 0x6c, 0x2, 0x80,
    0x1, 0xf9, 0x9, 0xbd, 0x71, 0xf9, 0x8, 0xad,
    0xda, 0x3, 0xc0, 0x9, 0xb1, 0x78, 0x40,

    /* U+0025 "%" */
    0x3d, 0xd2, 0x0, 0x5a, 0x41, 0x31, 0x3e, 0x0,
    0x9a, 0x20, 0x1, 0x80, 0x48, 0xae, 0x0, 0x9b,
    0x98, 0x9, 0xe0, 0x8, 0xf7, 0x47, 0x34, 0x40,
    0x1e, 0x45, 0x74, 0xdc, 0x20, 0xa, 0x78, 0x27,
    0xae, 0xc0, 0x9, 0xa2, 0x0, 0xf2, 0x2b, 0x80,
    0x23, 0xaa, 0xc0,

    /* U+0026 "&" */
    0x1, 0xcf, 0xb1, 0x0, 0xa0, 0x31, 0xe0, 0x3,
    0x29, 0xb0, 0x80, 0x56, 0xf2, 0x30, 0x1, 0x38,
    0xb4, 0x2, 0x1, 0x55, 0x23, 0x4e, 0xc5, 0x5,
    0x5d, 0x30, 0x85, 0x45, 0x8c, 0x81, 0xc0, 0xe6,
    0xf1, 0x29, 0x54,

    /* U+0027 "'" */
    0xc8, 0x7f, 0x1, 0xd5,

    /* U+0028 "(" */
    0x3, 0x60, 0x8e, 0x24, 0xa4, 0x12, 0xf5, 0x2,
    0x20, 0x38, 0x83, 0x88, 0x11, 0x3, 0x10, 0x14,
    0x10, 0x1f, 0xc0,

    /* U+0029 ")" */
    0x36, 0x0, 0xc, 0x98, 0x11, 0xd8, 0x1, 0x14,
    0x1, 0x84, 0x0, 0x60, 0x20, 0x30, 0x10, 0x30,
    0x10, 0x60, 0x20, 0xd3, 0x0, 0x3d, 0x2, 0x3,
    0x0,

    /* U+002A "*" */
    0x0, 0x2c, 0x80, 0x7, 0x74, 0x78, 0x83, 0xcc,
    0xb2, 0x83, 0xc8, 0x88, 0x31, 0xcf, 0x2c, 0x30,
    0x15, 0x81, 0x0,

    /* U+002B "+" */
    0x0, 0x4c, 0x80, 0x3f, 0x6f, 0xb3, 0x3f, 0xbf,
    0x55, 0x5b, 0x84, 0x43, 0x31, 0x10, 0x3, 0xf4,
    0xc8, 0x0,

    /* U+002C "," */
    0x7, 0x50, 0x90, 0x0, 0xa1, 0x98, 0x40,

    /* U+002D "-" */
    0x2f, 0xfa, 0xcb, 0x76, 0xa0,

    /* U+002E "." */
    0xa, 0x50, 0x72,

    /* U+002F "/" */
    0x0, 0xf, 0x88, 0x1, 0x8, 0x40, 0x18, 0x80,
    0x12, 0x68, 0x0, 0x49, 0x40, 0x8, 0x62, 0x0,
    0xc4, 0x0, 0x93, 0x0, 0x4, 0x44, 0x0, 0x21,
    0x80, 0x58, 0x80, 0x10,

    /* U+0030 "0" */
    0x0, 0x57, 0xf3, 0x80, 0x54, 0x97, 0x10, 0x50,
    0x15, 0xb4, 0x66, 0x48, 0x10, 0x20, 0x3, 0xc,
    0x18, 0x4, 0x0, 0x20, 0x6, 0x1, 0x0, 0x8,
    0x0, 0x81, 0x0, 0x18, 0x60, 0x2b, 0x68, 0xcc,
    0x90, 0x5, 0xa5, 0xc3, 0xa8, 0x0,

    /* U+0031 "1" */
    0x4, 0xef, 0x5, 0xb4, 0x0, 0xe, 0xf8, 0x1,
    0x8, 0x3, 0xff, 0xa0,

    /* U+0032 "2" */
    0x2, 0xcf, 0xd6, 0x0, 0x7b, 0xe5, 0x49, 0x8b,
    0x49, 0xb9, 0x28, 0xd9, 0x0, 0x91, 0x0, 0x36,
    0xaa, 0x0, 0x56, 0x14, 0x1, 0x5b, 0x68, 0x5,
    0x49, 0x4, 0x64, 0x45, 0xa, 0xcc, 0x58,

    /* U+0033 "3" */
    0x2, 0xbf, 0xe7, 0x0, 0x78, 0x64, 0x41, 0x1,
    0x68, 0xd8, 0xf0, 0x20, 0x40, 0xcd, 0x80, 0x1,
    0xfc, 0x64, 0x0, 0xe, 0xd3, 0xc0, 0xa8, 0x12,
    0xb2, 0x85, 0x4a, 0x2b, 0x20, 0xda, 0xdd, 0x9e,
    0x40,

    /* U+0034 "4" */
    0x0, 0xdb, 0xe2, 0x1, 0x9c, 0xc0, 0x38, 0xa2,
    0x0, 0x1d, 0x2c, 0xa0, 0x19, 0x55, 0x0, 0x18,
    0x6e, 0xc2, 0x1, 0x90, 0x6b, 0xf0, 0x38, 0xd7,
    0x32, 0xa0, 0xb3, 0x3, 0x39, 0x81, 0x40,

    /* U+0035 "5" */
    0xb, 0xff, 0xc4, 0xc, 0xf9, 0x91, 0x1, 0x61,
    0x9c, 0x2, 0x1f, 0xda, 0xa0, 0x6, 0xcd, 0x4a,
    0x31, 0x97, 0x39, 0x2b, 0x27, 0x0, 0xe3, 0x89,
    0x38, 0x2a, 0x1c, 0x4c, 0x5a, 0x20,

    /* U+0036 "6" */
    0x0, 0x4f, 0x72, 0x0, 0x12, 0xf7, 0x67, 0x80,
    0x6a, 0x55, 0x66, 0xc, 0x7, 0x7a, 0x91, 0x82,
    0x65, 0x6d, 0x2, 0x1e, 0x8a, 0xea, 0xc0, 0x1e,
    0x24, 0xe4, 0x67, 0xa0, 0xa7, 0xa8, 0x77, 0x0,

    /* U+0037 "7" */
    0x7f, 0xfe, 0x56, 0xcc, 0xa0, 0x18, 0x4c, 0xec,
    0x43, 0x0, 0x8d, 0x20, 0x3, 0x4a, 0x18, 0x4,
    0x4b, 0x0, 0x1a, 0xc, 0xc0, 0x11, 0x2c, 0x0,
    0x68, 0x34, 0x0, 0x80,

    /* U+0038 "8" */
    0x1, 0xbf, 0xe7, 0x0, 0x6b, 0xe4, 0x41, 0x40,
    0xe4, 0xd8, 0xf4, 0x13, 0xc0, 0xcd, 0x81, 0x29,
    0xf8, 0xc8, 0x1e, 0x99, 0x4e, 0xe4, 0x2b, 0x35,
    0x6a, 0x60, 0x82, 0x45, 0x72, 0xb5, 0xda, 0x4b,

    /* U+0039 "9" */
    0x2, 0xbf, 0xd6, 0x0, 0x7b, 0xe5, 0x4a, 0x20,
    0xb4, 0xdd, 0x3c, 0x0, 0x20, 0x1, 0x65, 0x9,
    0x4, 0x53, 0x1a, 0x6f, 0x97, 0x20, 0x1e, 0xe6,
    0x9a, 0x8d, 0xd9, 0x61, 0x2c, 0x71, 0xad, 0x6c,
    0x80,

    /* U+003A ":" */
    0xa, 0x50, 0x72, 0xd, 0x70, 0xf, 0xa9, 0x41,
    0xc8,

    /* U+003B ";" */
    0x8, 0x70, 0x2e, 0xa, 0x90, 0xf, 0x9d, 0x42,
    0x40, 0x2, 0x86, 0x61,

    /* U+003C "<" */
    0x0, 0xff, 0x34, 0x80, 0x1b, 0xa3, 0x1b, 0xae,
    0x39, 0x64, 0xfd, 0x80, 0x1a, 0xfb, 0x44, 0x5,
    0x5a, 0x1b, 0x0, 0x2, 0xad, 0xe0,

    /* U+003D "=" */
    0xbf, 0xfd, 0x93, 0x99, 0xb8, 0x8c, 0xf1, 0x5f,
    0xfe, 0xc9, 0xcc, 0xdc,

    /* U+003E ">" */
    0x0, 0xf4, 0xb0, 0x6, 0xc8, 0xe6, 0x0, 0x2f,
    0x45, 0xf3, 0x0, 0x1b, 0xce, 0x40, 0xab, 0x5f,
    0x63, 0x43, 0x68, 0xbb, 0x28, 0x80, 0x0,

    /* U+003F "?" */
    0x7, 0xef, 0xa1, 0x48, 0xbb, 0x24, 0x3d, 0x2a,
    0x20, 0x8d, 0x41, 0x17, 0x40, 0xb, 0x72, 0xc0,
    0xe, 0x66, 0x0, 0x53, 0x0, 0x1a, 0xdc, 0x3,
    0x2f, 0x0, 0x0,

    /* U+0040 "@" */
    0x0, 0x9b, 0x3b, 0xf1, 0x80, 0x3a, 0xed, 0x39,
    0xd3, 0x56, 0x1, 0x3b, 0x6a, 0x90, 0xae, 0x3b,
    0x80, 0x13, 0x20, 0x9e, 0xbc, 0x48, 0xa0, 0x31,
    0x46, 0x4d, 0xe3, 0x14, 0x21, 0x72, 0xc, 0x83,
    0x53, 0x0, 0xc2, 0x0, 0x10, 0xf, 0x85, 0x88,
    0x32, 0x40, 0xcc, 0x4a, 0x60, 0x60, 0x8e, 0xdf,
    0xea, 0x9b, 0xf0, 0x3, 0xc0, 0x57, 0xe2, 0xf7,
    0xc, 0x1, 0x1, 0xaa, 0x22, 0x45, 0x0, 0xec,
    0xa9, 0xee, 0x49, 0x0, 0x40,

    /* U+0041 "A" */
    0x0, 0xb3, 0xcc, 0x3, 0x84, 0xd2, 0x80, 0x39,
    0x8f, 0x9c, 0x3, 0xae, 0x94, 0x50, 0x2, 0x23,
    0x70, 0x5d, 0x0, 0x94, 0x3b, 0xd5, 0x80, 0x2a,
    0x7d, 0xd8, 0x14, 0xc, 0xa8, 0x8a, 0x5f, 0xb,
    0x12, 0x0, 0xb1, 0x40,

    /* U+0042 "B" */
    0xf, 0xfd, 0x62, 0x1, 0x46, 0x5b, 0x50, 0x4,
    0x66, 0x4b, 0x50, 0xf, 0x6a, 0x0, 0x57, 0xfe,
    0x6b, 0x0, 0xa7, 0x74, 0xf8, 0x1, 0x11, 0x56,
    0x46, 0x0, 0x33, 0xa0, 0x8, 0x1, 0x19, 0x84,
    0xa1,

    /* U+0043 "C" */
    0x0, 0x2e, 0xfe, 0xb8, 0x4, 0xd4, 0x95, 0x48,
    0x90, 0x4, 0xbc, 0xab, 0xd3, 0x9, 0x84, 0x80,
    0x4b, 0xe2, 0xc0, 0x20, 0x1e, 0x60, 0x10, 0xf,
    0x18, 0x30, 0x4, 0xbe, 0x21, 0x31, 0x2a, 0xf4,
    0xc2, 0xd, 0x49, 0x53, 0x12, 0x0,

    /* U+0044 "D" */
    0xf, 0xfb, 0xac, 0x80, 0x28, 0xcb, 0x7d, 0x20,
    0x1, 0x99, 0x70, 0xa0, 0x3, 0xd4, 0x80, 0x1e,
    0x21, 0x0, 0xf1, 0x8, 0x7, 0xa9, 0x0, 0x6,
    0x65, 0xc2, 0x80, 0x4, 0x65, 0xbe, 0x90,

    /* U+0045 "E" */
    0xf, 0xfe, 0x70, 0x4, 0x66, 0x4c, 0x0, 0x33,
    0xc2, 0x1, 0xfd, 0x7f, 0xf1, 0x0, 0x27, 0x32,
    0x20, 0x1, 0x19, 0xc0, 0x11, 0x9e, 0x10, 0x4,
    0x66, 0x52,

    /* U+0046 "F" */
    0xf, 0xfe, 0x60, 0x4, 0x66, 0x4e, 0x0, 0x33,
    0xc2, 0x1, 0xfd, 0x7f, 0xf0, 0x5, 0x39, 0x90,
    0x4, 0x46, 0x70, 0x7, 0xff, 0xc,

    /* U+0047 "G" */
    0x0, 0x2e, 0xfe, 0xc0, 0x4, 0xd4, 0xb5, 0x46,
    0xa0, 0x4, 0xc4, 0x15, 0xe8, 0x44, 0x60, 0xc0,
    0x12, 0x58, 0xb0, 0x8, 0x17, 0xfc, 0x8c, 0x2,
    0x5, 0xb6, 0xe, 0x60, 0xc0, 0x2, 0x20, 0x10,
    0x4c, 0x4a, 0xbc, 0xb0, 0x83, 0x52, 0x54, 0xc4,
    0x80,

    /* U+0048 "H" */
    0xf, 0x40, 0x9, 0xbc, 0x3, 0xff, 0x9d, 0x7f,
    0xf4, 0x80, 0x51, 0x99, 0x38, 0x4, 0x67, 0xb8,
    0x3, 0xff, 0x8a,

    /* U+0049 "I" */
    0xf, 0x40, 0xf, 0xfe, 0x60,

    /* U+004A "J" */
    0x0, 0xcd, 0xe0, 0x1f, 0xfc, 0xc1, 0x30, 0xc,
    0xda, 0x1, 0xa, 0xb, 0xa5, 0xa1, 0xcc, 0xad,
    0xac,

    /* U+004B "K" */
    0xf, 0x40, 0x2, 0x7b, 0x80, 0x62, 0xb6, 0x70,
    0x8, 0x71, 0x64, 0x2, 0x1d, 0x2a, 0x0, 0xd0,
    0x62, 0x1, 0xed, 0x38, 0x0, 0xd2, 0x56, 0xe6,
    0x1, 0xca, 0xae, 0x0, 0xf5, 0x9c, 0x80,

    /* U+004C "L" */
    0xf, 0x40, 0xf, 0xff, 0x21, 0x9e, 0x0, 0xa3,
    0x32, 0x40,

    /* U+004D "M" */
    0xf, 0xf1, 0x0, 0x45, 0xfe, 0x0, 0x94, 0x2,
    0xa0, 0xc, 0xb4, 0x1, 0x32, 0x0, 0x58, 0x46,
    0x8, 0x3a, 0x1, 0x11, 0xd0, 0x6a, 0x18, 0x6,
    0xa7, 0x6, 0xe0, 0xe, 0x71, 0x71, 0x50, 0xe,
    0x15, 0x87, 0x0, 0xfb, 0x82, 0x80, 0x20,

    /* U+004E "N" */
    0xf, 0xc0, 0x9, 0x3c, 0x40, 0x6, 0xc0, 0x1f,
    0x34, 0x88, 0x7, 0xb0, 0xec, 0x3, 0xef, 0x54,
    0x0, 0xf1, 0xb4, 0x80, 0x7d, 0x7, 0xa0, 0x1e,
    0x1b, 0x60, 0xf, 0x95, 0x0, 0x0,

    /* U+004F "O" */
    0x0, 0x2e, 0xfe, 0xb8, 0x4, 0xd4, 0x95, 0x48,
    0x90, 0x4, 0xbc, 0xab, 0xdb, 0x11, 0x84, 0x80,
    0x48, 0x28, 0xc0, 0x20, 0x18, 0xb9, 0x80, 0x40,
    0x31, 0x71, 0x83, 0x0, 0x48, 0x28, 0x13, 0x12,
    0xaf, 0x6c, 0x40, 0xd4, 0x95, 0x48, 0x90,

    /* U+0050 "P" */
    0xf, 0xfd, 0x62, 0x1, 0x46, 0x5b, 0x50, 0x4,
    0x66, 0x48, 0x40, 0xf, 0x8, 0x8, 0x6, 0x1f,
    0x21, 0x0, 0x5f, 0xf3, 0x70, 0x5, 0x39, 0xba,
    0x30, 0x8, 0x8c, 0x80, 0x3f, 0xe0,

    /* U+0051 "Q" */
    0x0, 0x2e, 0xfe, 0xb8, 0x4, 0xd4, 0x95, 0x48,
    0x90, 0x4, 0xbc, 0xab, 0xdb, 0x11, 0x84, 0x80,
    0x48, 0x28, 0xc0, 0x20, 0x18, 0xf9, 0x80, 0x40,
    0x31, 0x71, 0x83, 0x3, 0xe2, 0x82, 0x4, 0xc4,
    0x91, 0x29, 0x88, 0x1a, 0x92, 0x80, 0x7c, 0x2,
    0x5d, 0xfe, 0xc1, 0x0,

    /* U+0052 "R" */
    0xf, 0xfd, 0x84, 0x1, 0x46, 0x58, 0x78, 0x4,
    0x66, 0x48, 0x21, 0x0, 0xc3, 0xa2, 0x20, 0x5,
    0xff, 0x3d, 0x0, 0x53, 0x88, 0x48, 0x1, 0x11,
    0xc1, 0xa0, 0x7, 0x19, 0xbc, 0x3, 0xd0, 0x86,

    /* U+0053 "S" */
    0x2, 0xbf, 0xf5, 0x8, 0x3, 0xde, 0xe9, 0xe8,
    0x4, 0xa1, 0x17, 0xf0, 0x4, 0xa1, 0x0, 0x9c,
    0x1, 0x89, 0x5f, 0x42, 0x0, 0x18, 0xec, 0x1c,
    0x2, 0x90, 0x1, 0xf9, 0x9, 0xb5, 0x22, 0xc1,
    0x8, 0xb1, 0xae, 0x9f, 0xc0,

    /* U+0054 "T" */
    0x7f, 0xff, 0x2b, 0x66, 0xd, 0x73, 0x8, 0x26,
    0x60, 0x33, 0x84, 0x3, 0xff, 0xc8,

    /* U+0055 "U" */
    0xf, 0x40, 0x9, 0xb8, 0x3, 0xff, 0xba, 0x38,
    0x1, 0x61, 0x83, 0x3c, 0x2c, 0x2d, 0x84, 0x41,
    0xa9, 0x65, 0x80,

    /* U+0056 "V" */
    0x8e, 0x0, 0xcd, 0xe1, 0x42, 0x60, 0x16, 0xa8,
    0x11, 0x28, 0x0, 0x29, 0xe0, 0xa, 0x70, 0x3,
    0x82, 0x80, 0x14, 0x50, 0x35, 0x40, 0x22, 0x3d,
    0x4, 0xe0, 0xd, 0x4e, 0xa2, 0x80, 0x19, 0xc6,
    0x5c, 0x3, 0x85, 0xf, 0x40, 0x20,

    /* U+0057 "W" */
    0x9d, 0x0, 0xb7, 0x40, 0x16, 0x4e, 0x90, 0x80,
    0x91, 0x4, 0x0, 0x78, 0x80, 0x80, 0x84, 0x44,
    0x4, 0x4, 0x3, 0xd0, 0xc4, 0x46, 0x6, 0x18,
    0x82, 0x20, 0x13, 0xf1, 0x1, 0x10, 0x0, 0xc3,
    0x22, 0x3a, 0x11, 0xf, 0x0, 0x8, 0x14, 0x42,
    0x22, 0xa0, 0x40, 0x9, 0x19, 0x0, 0x8, 0xc6,
    0x1, 0xb0, 0x70, 0x1, 0x83, 0x60, 0x0,

    /* U+0058 "X" */
    0x2f, 0x60, 0x0, 0xf4, 0x1, 0x44, 0x88, 0x41,
    0xc0, 0x1, 0xce, 0xcd, 0xb8, 0x3, 0x72, 0xeb,
    0x98, 0x6, 0x24, 0x1a, 0x0, 0xe4, 0x41, 0xf0,
    0x6, 0x1a, 0x7e, 0x36, 0x0, 0xac, 0xe0, 0xa2,
    0x48, 0x15, 0x5c, 0x0, 0x73, 0xe0,

    /* U+0059 "Y" */
    0x6f, 0x20, 0xb, 0x30, 0xc, 0x72, 0x0, 0x53,
    0xf0, 0x7, 0xa2, 0x2, 0xd8, 0xc0, 0x6, 0xb2,
    0xe1, 0x0, 0x1a, 0xca, 0x20, 0x20, 0x18, 0x5c,
    0x58, 0x3, 0xde, 0x60, 0x1f, 0xfc, 0xa0,

    /* U+005A "Z" */
    0x4f, 0xff, 0x26, 0x66, 0x16, 0x3, 0x3a, 0xce,
    0x40, 0x23, 0x7e, 0x0, 0xdc, 0xc6, 0x1, 0x40,
    0x48, 0x4, 0x6f, 0xc0, 0x1b, 0x94, 0xc, 0xc4,
    0x84, 0xb9, 0x96, 0x80,

    /* U+005B "[" */
    0xbf, 0xb7, 0x75, 0x7, 0x88, 0x7, 0xff, 0x2a,
    0x2f, 0x75, 0x40,

    /* U+005C "\\" */
    0xa8, 0x0, 0xb1, 0x0, 0x24, 0x30, 0x8, 0x88,
    0x80, 0x12, 0x60, 0x5, 0x88, 0x1, 0x21, 0x88,
    0x0, 0x49, 0x40, 0x24, 0xd0, 0xb, 0x10, 0x2,
    0x42, 0x10,

    /* U+005D "]" */
    0x4f, 0xf1, 0x26, 0x80, 0x81, 0x0, 0x7f, 0xf4,
    0x93, 0xc0, 0x9, 0xba, 0x30,

    /* U+005E "^" */
    0x0, 0x7d, 0x80, 0x4e, 0xaa, 0x20, 0x5, 0x4b,
    0x58, 0x28, 0x1c, 0xb0, 0x80,

    /* U+005F "_" */
    0xff, 0xe8, 0xdd, 0xe9,

    /* U+0060 "`" */
    0xb, 0x50, 0x7, 0xc0, 0x0,

    /* U+0061 "a" */
    0x5, 0xdf, 0xc2, 0x1b, 0xb6, 0xb7, 0xf, 0x30,
    0x11, 0x85, 0x7f, 0x90, 0x19, 0x3b, 0x68, 0x2,
    0x23, 0xb0, 0x64, 0xce, 0xa0,

    /* U+0062 "b" */
    0x2f, 0x20, 0xf, 0xfe, 0xa, 0x6f, 0xc0, 0x5,
    0x5d, 0x4e, 0xc0, 0x8, 0x35, 0x56, 0x80, 0x18,
    0x0, 0x4c, 0x0, 0x60, 0x1, 0x30, 0x2, 0xd,
    0x55, 0xa0, 0x9, 0xea, 0x76,

    /* U+0063 "c" */
    0x2, 0xcf, 0xd5, 0x0, 0x63, 0x6d, 0x50, 0x90,
    0x6c, 0x9f, 0x8, 0x82, 0x20, 0x1, 0x81, 0x88,
    0x80, 0x6, 0xa, 0x36, 0x4f, 0x84, 0x18, 0xdb,
    0x54, 0x20,

    /* U+0064 "d" */
    0x0, 0xeb, 0x80, 0xf, 0xc9, 0xbf, 0x20, 0x1,
    0xa7, 0xd1, 0x40, 0x41, 0xa2, 0x81, 0x3, 0x10,
    0x9, 0x40, 0xc4, 0x40, 0x5, 0x4, 0x1b, 0x38,
    0x10, 0x1d, 0x7c, 0x4, 0x0,

    /* U+0065 "e" */
    0x2, 0xcf, 0xd4, 0x0, 0x62, 0xea, 0xd8, 0xa0,
    0xc9, 0x40, 0xb9, 0x7, 0x74, 0x22, 0x30, 0xff,
    0xb9, 0xd4, 0x60, 0xd3, 0xc8, 0x35, 0x76, 0xe4,
    0x80,

    /* U+0066 "f" */
    0x3, 0xdf, 0x30, 0x91, 0xc3, 0xe5, 0x3c, 0x1f,
    0x54, 0xe1, 0x10, 0x8, 0x80, 0x3f, 0xf9, 0x20,

    /* U+0067 "g" */
    0x3, 0xdf, 0x9b, 0x90, 0xd7, 0xc1, 0x40, 0x51,
    0xb3, 0x82, 0x3, 0x11, 0x0, 0x18, 0xc, 0x40,
    0x26, 0x4, 0x9, 0x27, 0x20, 0x1b, 0x4d, 0xe4,
    0x0, 0x26, 0xfc, 0xb8, 0x86, 0xb9, 0x29, 0xe0,
    0x4d, 0x6d, 0xc2, 0x0,

    /* U+0068 "h" */
    0x2f, 0x20, 0xf, 0xfe, 0xa, 0x77, 0x1c, 0x2,
    0xdd, 0x34, 0x10, 0x2, 0xe, 0x1, 0xc0, 0x2,
    0x1, 0xff, 0xcd,

    /* U+0069 "i" */
    0x2e, 0x22, 0x31, 0x93, 0x98, 0x7, 0xff, 0x18,

    /* U+006A "j" */
    0x2, 0xe2, 0x2, 0x62, 0x2, 0x72, 0x0, 0xff,
    0xe8, 0xa8, 0x11, 0xcc, 0x0,

    /* U+006B "k" */
    0x2f, 0x20, 0xf, 0xfe, 0x1c, 0xf0, 0x80, 0x4e,
    0xec, 0x10, 0x2, 0xc5, 0x10, 0x5, 0x0, 0xc0,
    0x1a, 0xcf, 0x80, 0x33, 0x71, 0xc0, 0x6, 0x2a,
    0x73,

    /* U+006C "l" */
    0x2f, 0x20, 0xf, 0xfe, 0x60,

    /* U+006D "m" */
    0x2f, 0x6e, 0xe1, 0xcf, 0xe9, 0x0, 0x3f, 0x13,
    0x3f, 0x46, 0x0, 0x16, 0x5e, 0xc, 0x48, 0xc0,
    0x1f, 0xfd, 0xc0,

    /* U+006E "n" */
    0x2f, 0x6e, 0xe3, 0x80, 0x59, 0x89, 0x82, 0x0,
    0x49, 0x38, 0x38, 0x0, 0x40, 0x3f, 0xf9, 0xa0,

    /* U+006F "o" */
    0x2, 0xcf, 0xd5, 0x0, 0x63, 0x6d, 0x50, 0xd0,
    0x6c, 0x9c, 0xac, 0x84, 0x40, 0x7, 0x23, 0x11,
    0x0, 0x18, 0x94, 0x6c, 0x9c, 0xec, 0x31, 0xb6,
    0xa8, 0x60,

    /* U+0070 "p" */
    0x2f, 0x6d, 0xf8, 0x0, 0xab, 0xed, 0xd8, 0x1,
    0x4, 0x8b, 0xa0, 0x6, 0x0, 0x13, 0x0, 0x18,
    0x0, 0x4c, 0x0, 0x83, 0x55, 0x68, 0x2, 0xba,
    0x9d, 0x80, 0x9, 0xbf, 0x0, 0x1f, 0xfc, 0x30,

    /* U+0071 "q" */
    0x4, 0xdf, 0x9b, 0x81, 0xa7, 0xd1, 0x40, 0x41,
    0xa2, 0x81, 0x3, 0x10, 0x9, 0x40, 0xc4, 0x40,
    0x5, 0x4, 0x1b, 0x38, 0x10, 0x1d, 0x7c, 0x4,
    0x0, 0x1e, 0xfc, 0x0, 0x7f, 0xf1, 0x0,

    /* U+0072 "r" */
    0x2f, 0x7e, 0x60, 0x6, 0x6b, 0x80, 0x20, 0xc4,
    0x0, 0x20, 0x1f, 0xfc, 0x50,

    /* U+0073 "s" */
    0x5, 0xdf, 0xb1, 0x2a, 0xbe, 0x19, 0x0, 0x8,
    0x54, 0x14, 0xd7, 0x61, 0x83, 0x6f, 0x3f, 0x1f,
    0xa1, 0x80, 0x9c, 0x56, 0xbf, 0x0,

    /* U+0074 "t" */
    0x7, 0x20, 0x4, 0xb8, 0x70, 0xd5, 0x3c, 0x66,
    0xc4, 0xc, 0x40, 0x3f, 0x8f, 0x4, 0x21, 0xe8,

    /* U+0075 "u" */
    0x2f, 0x20, 0x7, 0xa8, 0x7, 0xff, 0x24, 0xc0,
    0x40, 0x30, 0x8a, 0xe, 0x40, 0x2a, 0x5d, 0xf1,
    0x0,

    /* U+0076 "v" */
    0x8d, 0x0, 0xb9, 0xec, 0x88, 0x8, 0x2c, 0x64,
    0xa1, 0xa8, 0x21, 0x56, 0xf, 0xa0, 0x5, 0x35,
    0x17, 0x0, 0x11, 0xc2, 0x88, 0x5, 0x45, 0xe0,
    0x0,

    /* U+0077 "w" */
    0x8c, 0x0, 0x65, 0x80, 0x39, 0xf0, 0xc4, 0xd,
    0x0, 0x44, 0xa8, 0x8, 0x83, 0x23, 0x41, 0x20,
    0x4d, 0xc4, 0x4b, 0x1c, 0x1, 0xa8, 0x8c, 0xc9,
    0x30, 0x0, 0x86, 0x48, 0x85, 0x24, 0x0, 0x11,
    0x14, 0x4, 0x8c, 0x40,

    /* U+0078 "x" */
    0x3f, 0x30, 0x7e, 0x3, 0x6f, 0x18, 0xb0, 0x4,
    0x16, 0xa2, 0x80, 0x5, 0xcf, 0xc0, 0x22, 0x65,
    0x80, 0xa, 0x56, 0x89, 0x81, 0x52, 0xc2, 0x24,
    0x40,

    /* U+0079 "y" */
    0x9d, 0x0, 0xb9, 0xe8, 0x88, 0x6, 0x2c, 0x64,
    0xa1, 0x66, 0x20, 0xb6, 0xb, 0x40, 0xb, 0x34,
    0x27, 0x0, 0x19, 0x42, 0x8, 0x4, 0xa7, 0xa0,
    0x1b, 0x41, 0xc0, 0x23, 0x95, 0x10, 0x0, 0xe0,
    0x58, 0x4,

    /* U+007A "z" */
    0x2f, 0xfd, 0xa5, 0x98, 0xb0, 0x50, 0x33, 0x71,
    0xc0, 0x1, 0x97, 0x80, 0x5, 0x32, 0x20, 0x7,
    0x9a, 0x99, 0x90, 0x8f, 0x32,

    /* U+007B "{" */
    0x0, 0x1e, 0xc8, 0x2, 0x1e, 0x0, 0xd, 0xe2,
    0x0, 0x30, 0x8, 0xc5, 0xc0, 0xb1, 0xc8, 0xa,
    0x5c, 0x80, 0xc, 0x2c, 0x1, 0x18, 0x80, 0x43,
    0xa0, 0x14, 0x3c, 0x80, 0x13, 0xe4,

    /* U+007C "|" */
    0x8a, 0x0, 0xff, 0xe8, 0x0,

    /* U+007D "}" */
    0x4e, 0x60, 0x2, 0x44, 0x80, 0x4c, 0x4, 0x1,
    0xf8, 0x54, 0x2, 0xa8, 0x70, 0x4, 0xb2, 0x80,
    0xa, 0xc8, 0x3, 0xc6, 0x4, 0x9, 0x8e, 0x0,
    0x4f, 0x80, 0x0,

    /* U+007E "~" */
    0x7, 0xec, 0x43, 0xc0, 0x4, 0xec, 0xd6, 0x28,
    0x3, 0x8d, 0x7b, 0x92, 0x0,

    /* U+00A0 " " */

    /* U+00A1 "¡" */
    0xd, 0x80, 0x4d, 0x9, 0x50, 0xc7, 0x1, 0x0,
    0xf7, 0x80, 0x63, 0x0, 0x6d, 0x0,

    /* U+00A2 "¢" */
    0x0, 0xac, 0x3, 0x16, 0x26, 0xa0, 0x3, 0x18,
    0xea, 0xc9, 0x6, 0x9d, 0xd8, 0x44, 0x10, 0x8,
    0xc0, 0xc4, 0x2, 0x30, 0x51, 0xa7, 0x76, 0x10,
    0x60, 0x9d, 0x50, 0x80, 0xad, 0x35, 0x40,

    /* U+00A3 "£" */
    0x0, 0x3f, 0x7c, 0x80, 0x12, 0x21, 0x69, 0x1,
    0x88, 0xc9, 0xd8, 0x1, 0xc6, 0x8a, 0xe9, 0xdc,
    0x50, 0x57, 0x3f, 0xf2, 0x80, 0x38, 0x4, 0x40,
    0x1, 0xd5, 0x33, 0x46, 0x3a, 0x36, 0x61, 0xe8,

    /* U+00A4 "¤" */
    0x0, 0xfe, 0x1c, 0x5c, 0xea, 0x5c, 0x1, 0x6b,
    0x9c, 0xda, 0xb0, 0x3, 0xd2, 0x93, 0xc6, 0x80,
    0xd, 0x0, 0x25, 0x70, 0xf, 0xf8, 0xd0, 0x2,
    0x57, 0x0, 0x35, 0x20, 0xb4, 0x10, 0x8, 0x44,
    0xf5, 0x50, 0xc0,

    /* U+00A5 "¥" */
    0x9d, 0x0, 0x17, 0xa4, 0x12, 0x84, 0x22, 0x5,
    0xe4, 0x56, 0x0, 0x12, 0x7a, 0x86, 0x7, 0xe0,
    0x6b, 0x80, 0x7d, 0x41, 0xd8, 0x7, 0xd6, 0x1d,
    0x80, 0x7d, 0x61, 0xd8, 0x1, 0xf8,

    /* U+00A6 "¦" */
    0xd5, 0x0, 0xf7, 0xa1, 0x9, 0x8f, 0x20, 0x7,
    0x80,

    /* U+00A7 "§" */
    0x3, 0xdf, 0xb1, 0x0, 0x42, 0x68, 0x40, 0x4,
    0x25, 0x52, 0x0, 0xe5, 0xb3, 0x0, 0x14, 0xec,
    0x73, 0x3, 0x19, 0xdb, 0x22, 0x8b, 0x92, 0xe0,
    0x15, 0x4b, 0xcd, 0x88, 0x1, 0xbc, 0xcc, 0x0,
    0xe5, 0x17, 0xe0, 0x4, 0x57, 0xb5, 0x80, 0x1b,
    0xfb, 0x48, 0x0,

    /* U+00A8 "¨" */
    0x17, 0x5, 0x32, 0xa0, 0xe4,

    /* U+00A9 "©" */
    0x0, 0x9f, 0x7f, 0x5c, 0x3, 0x65, 0x46, 0x44,
    0xd8, 0x1, 0xc7, 0x3f, 0x7b, 0x15, 0xc2, 0xa2,
    0x83, 0x4a, 0x6e, 0x80, 0x9d, 0x20, 0xe6, 0xdc,
    0x80, 0x58, 0xe8, 0x22, 0x58, 0x81, 0xe3, 0x97,
    0xd6, 0xe1, 0x42, 0x46, 0x7b, 0x7b, 0x83, 0x20,
    0xc, 0xc, 0xdc, 0x6c, 0x10, 0x0, 0xdf, 0x6f,
    0xd0, 0x80,

    /* U+00AA "ª" */
    0x1b, 0xed, 0x43, 0xee, 0x54, 0x7, 0x65, 0x8d,
    0x96, 0x58, 0x52, 0x66, 0x80,

    /* U+00AB "«" */
    0x0, 0x3e, 0x97, 0x38, 0x24, 0x77, 0x11, 0xca,
    0xea, 0x83, 0x40, 0x62, 0x5c, 0x62, 0x3, 0xb0,
    0x69, 0xa0, 0x3, 0xa8, 0xb7, 0x60,

    /* U+00AC "¬" */
    0xbf, 0xfc, 0xb5, 0xbb, 0x10, 0x9, 0x14, 0xac,

    /* U+00AE "®" */
    0x0, 0x46, 0xea, 0x0, 0x2b, 0x26, 0x71, 0xa0,
    0x31, 0x93, 0xdc, 0x13, 0x5d, 0x4, 0xa4, 0xc5,
    0x2d, 0xb, 0x52, 0xc5, 0x41, 0xb7, 0x8b, 0x3,
    0xb, 0xd, 0xd0, 0x58, 0x0,

    /* U+00AF "¯" */
    0xdf, 0xf3, 0x0,

    /* U+00B0 "°" */
    0x6, 0xeb, 0x12, 0x8d, 0x38, 0x13, 0x37, 0x19,
    0x93, 0xe2, 0x1, 0x3d, 0xc2,

    /* U+00B1 "±" */
    0x0, 0x4c, 0x80, 0x3f, 0x6f, 0xb3, 0x3f, 0x7f,
    0x15, 0x59, 0xe4, 0x79, 0x83, 0x2d, 0xf9, 0x97,
    0xef, 0xe6, 0x6f,

    /* U+00B2 "²" */
    0xb, 0xed, 0x22, 0x67, 0x25, 0x93, 0xa3, 0xd0,
    0x3c, 0xe1, 0xa4, 0x16, 0x58,

    /* U+00B3 "³" */
    0xa, 0xed, 0x31, 0xce, 0x5a, 0x16, 0xa6, 0xd2,
    0x5a, 0x89, 0x3e, 0xe4, 0x58,

    /* U+00B4 "´" */
    0x5, 0xb0, 0x4, 0xf8, 0x0,

    /* U+00B5 "µ" */
    0x2f, 0x20, 0x7, 0xa8, 0x7, 0xff, 0x3c, 0x40,
    0x3e, 0x91, 0x70, 0x20, 0xd, 0xf9, 0x10, 0x20,
    0x4, 0x75, 0xbf, 0x90, 0x7, 0xff, 0x10,

    /* U+00B6 "¶" */
    0x4, 0xdf, 0xf9, 0x6, 0xc8, 0x34, 0x0, 0x80,
    0x11, 0x0, 0x7f, 0x28, 0x80, 0x7b, 0xdd, 0x40,
    0x30, 0xc5, 0x0, 0x7f, 0xf1, 0x40,

    /* U+00B7 "·" */
    0xa, 0x50, 0x72,

    /* U+00B8 "¸" */
    0x0, 0xa4, 0xc2, 0xb8, 0x65, 0xc4,

    /* U+00B9 "¹" */
    0x2c, 0xf1, 0x69, 0x0, 0x22, 0x0, 0x3f, 0xc0,

    /* U+00BA "º" */
    0x8, 0xee, 0x30, 0x2a, 0xbb, 0x24, 0xb5, 0x0,
    0x8d, 0xf5, 0x0, 0x4d, 0x95, 0x5d, 0xf2, 0x60,

    /* U+00BB "»" */
    0x3f, 0x4a, 0xc0, 0x1, 0xd5, 0xc8, 0xc8, 0x1,
    0x5b, 0xbd, 0x98, 0x0, 0x21, 0x10, 0x10, 0x3a,
    0xf6, 0xc2, 0x15, 0x6d, 0xbb, 0x80,

    /* U+00BC "¼" */
    0x0, 0xff, 0x27, 0x50, 0x4, 0x78, 0x1, 0x40,
    0x6, 0xee, 0x0, 0x10, 0x3, 0x55, 0x90, 0x7,
    0x94, 0x58, 0x3, 0xc3, 0x14, 0x17, 0x40, 0x6,
    0xad, 0x91, 0x67, 0x60, 0x9, 0xd5, 0x6, 0xe0,
    0x2, 0x3a, 0x90, 0x73, 0xa3, 0x40, 0x7f, 0x0,
    0x37, 0x7d, 0x20,

    /* U+00BD "½" */
    0x0, 0xf8, 0x40, 0x9, 0xd4, 0x1, 0x1e, 0x80,
    0x50, 0x1, 0xbb, 0xc0, 0x8, 0x1, 0xa1, 0x4c,
    0x3, 0xc6, 0x90, 0x1, 0x8c, 0xc1, 0xde, 0x7b,
    0xc8, 0xb, 0x30, 0xa6, 0xf3, 0x1c, 0x0, 0x35,
    0x80, 0x44, 0x54, 0x80, 0x3b, 0x80, 0x16, 0x49,
    0x84, 0x29, 0x80, 0x1c, 0xee, 0xc0,

    /* U+00BE "¾" */
    0xb, 0xe7, 0x0, 0x8f, 0x0, 0x3, 0xf9, 0x20,
    0x17, 0xf8, 0x0, 0x2f, 0x8c, 0x0, 0x75, 0x30,
    0x8, 0xfd, 0xc4, 0xaa, 0x40, 0x23, 0x60, 0xa,
    0x60, 0x3, 0x15, 0x7c, 0x38, 0xa8, 0x65, 0x0,
    0xe7, 0x35, 0xd8, 0x1c, 0x4, 0x3, 0x5d, 0x84,
    0xaa, 0x0, 0x32, 0x33, 0x1, 0x4e, 0x90, 0xc0,
    0x3, 0xc0, 0x7, 0xef, 0xb3,

    /* U+00BF "¿" */
    0x0, 0x1f, 0x10, 0x4, 0x2a, 0x60, 0x11, 0x58,
    0x80, 0x47, 0xe0, 0x1a, 0x48, 0x2, 0xa5, 0x90,
    0x2, 0x2e, 0x20, 0x0, 0x80, 0xc1, 0x61, 0x1,
    0xce, 0x4, 0xaa, 0x71, 0xe4,

    /* U+00C0 "À" */
    0x0, 0xf, 0x90, 0x7, 0x86, 0x54, 0x3, 0xe6,
    0x70, 0xf, 0xb3, 0xcc, 0x3, 0x84, 0xd2, 0x80,
    0x39, 0x8f, 0x9c, 0x3, 0xae, 0x94, 0x50, 0x2,
    0x23, 0x70, 0x5d, 0x0, 0x94, 0x3b, 0xd5, 0x80,
    0x2a, 0x7d, 0xd8, 0x14, 0xc, 0xa8, 0x8a, 0x5f,
    0xb, 0x12, 0x0, 0xb1, 0x40,

    /* U+00C1 "Á" */
    0x0, 0xd5, 0x0, 0x1e, 0x16, 0x80, 0xf, 0xe,
    0x0, 0x7d, 0x9e, 0x60, 0x1c, 0x26, 0x94, 0x1,
    0xcc, 0x7c, 0xe0, 0x1d, 0x74, 0xa2, 0x80, 0x11,
    0x1b, 0x82, 0xe8, 0x4, 0xa1, 0xde, 0xac, 0x1,
    0x53, 0xee, 0xc0, 0xa0, 0x65, 0x44, 0x52, 0xf8,
    0x58, 0x90, 0x5, 0x8a, 0x0,

    /* U+00C2 "Â" */
    0x0, 0xaf, 0xcc, 0x3, 0x9c, 0x2f, 0x80, 0x39,
    0xed, 0x34, 0x3, 0xd9, 0xe6, 0x1, 0xc2, 0x69,
    0x40, 0x1c, 0xc7, 0xce, 0x1, 0xd7, 0x4a, 0x28,
    0x1, 0x11, 0xb8, 0x2e, 0x80, 0x4a, 0x1d, 0xea,
    0xc0, 0x15, 0x3e, 0xec, 0xa, 0x6, 0x54, 0x45,
    0x2f, 0x85, 0x89, 0x0, 0x58, 0xa0,

    /* U+00C3 "Ã" */
    0x0, 0x1e, 0xa5, 0x80, 0x72, 0x47, 0x10, 0x7,
    0x3a, 0xd4, 0x80, 0x7b, 0x3c, 0xc0, 0x38, 0x4d,
    0x28, 0x3, 0x98, 0xf9, 0xc0, 0x3a, 0xe9, 0x45,
    0x0, 0x22, 0x37, 0x5, 0xd0, 0x9, 0x43, 0xbd,
    0x58, 0x2, 0xa7, 0xdd, 0x81, 0x40, 0xca, 0x88,
    0xa5, 0xf0, 0xb1, 0x20, 0xb, 0x14, 0x0,

    /* U+00C4 "Ä" */
    0x0, 0x4c, 0x87, 0x88, 0x3, 0x6e, 0x86, 0x48,
    0x3, 0x22, 0x1, 0xc0, 0x3d, 0x9e, 0x60, 0x1c,
    0x26, 0x94, 0x1, 0xcc, 0x7c, 0xe0, 0x1d, 0x74,
    0xa2, 0x80, 0x11, 0x1b, 0x82, 0xe8, 0x4, 0xa1,
    0xde, 0xac, 0x1, 0x53, 0xee, 0xc0, 0xa0, 0x65,
    0x44, 0x52, 0xf8, 0x58, 0x90, 0x5, 0x8a, 0x0,

    /* U+00C5 "Å" */
    0x0, 0xa7, 0xc, 0x3, 0x8c, 0xdd, 0x0, 0x1f,
    0xfc, 0x23, 0x37, 0x40, 0x7, 0x94, 0xc0, 0x3c,
    0x26, 0x94, 0x1, 0xcc, 0x7c, 0xe0, 0x1d, 0x74,
    0xa2, 0x80, 0x11, 0x1b, 0x82, 0xe8, 0x4, 0xa1,
    0xde, 0xac, 0x1, 0x53, 0xee, 0xc0, 0xa0, 0x65,
    0x44, 0x52, 0xf8, 0x58, 0x90, 0x5, 0x8a, 0x0,

    /* U+00C6 "Æ" */
    0x0, 0xdb, 0xff, 0xe4, 0x0, 0x94, 0xb0, 0x2f,
    0x32, 0x40, 0xa, 0x5c, 0x41, 0x4c, 0xe0, 0x8,
    0xcd, 0x20, 0x1f, 0xd2, 0xe2, 0x0, 0xef, 0xf8,
    0x0, 0x4a, 0xff, 0xa1, 0xbf, 0xf0, 0x2, 0xd3,
    0x75, 0x60, 0x60, 0x18, 0x5b, 0x88, 0x8c, 0xa,
    0x67, 0x3, 0xa, 0x80, 0x6b, 0xcc, 0x90,

    /* U+00C7 "Ç" */
    0x0, 0x2e, 0xfe, 0xb8, 0x4, 0xd4, 0x95, 0x48,
    0x90, 0x4, 0xbc, 0xab, 0xd3, 0x9, 0x84, 0x80,
    0x4b, 0xe2, 0xc0, 0x20, 0x1e, 0x60, 0x10, 0xf,
    0x18, 0x30, 0x4, 0xbe, 0x21, 0x31, 0x2a, 0xf4,
    0xc2, 0xd, 0x49, 0x53, 0x12, 0x1, 0x2e, 0x9d,
    0x38, 0x7, 0xb2, 0x40, 0x3c, 0x36, 0xc0, 0x10,

    /* U+00C8 "È" */
    0x0, 0x4d, 0x0, 0x74, 0xb0, 0x80, 0x76, 0x8,
    0x5, 0xff, 0xce, 0x0, 0x8c, 0xc9, 0x80, 0x6,
    0x78, 0x40, 0x3f, 0xaf, 0xfe, 0x20, 0x4, 0xe6,
    0x44, 0x0, 0x23, 0x38, 0x2, 0x33, 0xc2, 0x0,
    0x8c, 0xca, 0x40,

    /* U+00C9 "É" */
    0x0, 0x8f, 0xc4, 0x3, 0x5c, 0x88, 0x6, 0x86,
    0x0, 0xbf, 0xf9, 0xc0, 0x11, 0x99, 0x30, 0x0,
    0xcf, 0x8, 0x7, 0xf5, 0xff, 0xc4, 0x0, 0x9c,
    0xc8, 0x80, 0x4, 0x67, 0x0, 0x46, 0x78, 0x40,
    0x11, 0x99, 0x48,

    /* U+00CA "Ê" */
    0x0, 0x1f, 0xd0, 0x4, 0x3b, 0x6c, 0xc0, 0x0,
    0xf2, 0x63, 0x0, 0x3f, 0xf9, 0xc0, 0x11, 0x99,
    0x30, 0x0, 0xcf, 0x8, 0x7, 0xf5, 0xff, 0xc4,
    0x0, 0x9c, 0xc8, 0x80, 0x4, 0x67, 0x0, 0x46,
    0x78, 0x40, 0x11, 0x99, 0x48,

    /* U+00CB "Ë" */
    0x2, 0xe1, 0x98, 0x0, 0x14, 0x8e, 0xe0, 0x4,
    0xe0, 0x88, 0x0, 0x7f, 0xf3, 0x80, 0x23, 0x32,
    0x60, 0x1, 0x9e, 0x10, 0xf, 0xeb, 0xff, 0x88,
    0x1, 0x39, 0x91, 0x0, 0x8, 0xce, 0x0, 0x8c,
    0xf0, 0x80, 0x23, 0x32, 0x90,

    /* U+00CC "Ì" */
    0xb8, 0xa, 0x40, 0x1c, 0x0, 0x7a, 0x0, 0x7f,
    0xf3, 0x0,

    /* U+00CD "Í" */
    0x4, 0xe0, 0x6, 0xd0, 0x2, 0x50, 0x1, 0xe8,
    0x1, 0xff, 0xd5,

    /* U+00CE "Î" */
    0x4, 0xf8, 0x2, 0xac, 0x55, 0x17, 0x1e, 0xa8,
    0x3, 0xd0, 0x3, 0xff, 0xba,

    /* U+00CF "Ï" */
    0x3e, 0xa, 0x72, 0x90, 0xf4, 0x17, 0x5, 0x30,
    0x7, 0xa0, 0x7, 0xff, 0x74,

    /* U+00D0 "Ð" */
    0xc, 0xff, 0xb1, 0x40, 0x32, 0xe5, 0xad, 0x28,
    0x4, 0x66, 0x49, 0x7b, 0x0, 0xfa, 0x84, 0xb0,
    0xdb, 0xa8, 0xc, 0x7, 0x45, 0x7e, 0xc0, 0xc0,
    0x44, 0x46, 0x22, 0xb, 0x12, 0x0, 0x19, 0x96,
    0x5a, 0xc0, 0x25, 0xca, 0x5b, 0x50,

    /* U+00D1 "Ñ" */
    0x0, 0xb1, 0xdc, 0x80, 0x18, 0xd0, 0x6d, 0x40,
    0x31, 0xc3, 0x60, 0x80, 0x5f, 0x80, 0x12, 0x78,
    0x80, 0xd, 0x80, 0x3e, 0x69, 0x10, 0xf, 0x61,
    0xd8, 0x7, 0xde, 0xa8, 0x1, 0xe3, 0x69, 0x0,
    0xfa, 0xf, 0x40, 0x3c, 0x36, 0xc0, 0x1f, 0x2a,
    0x0, 0x0,

    /* U+00D2 "Ò" */
    0x0, 0xae, 0x0, 0x3e, 0x94, 0x0, 0xf8, 0xb0,
    0x3, 0xcb, 0xbf, 0xae, 0x1, 0x35, 0x25, 0x52,
    0x24, 0x1, 0x2f, 0x2a, 0xf6, 0xc4, 0x61, 0x20,
    0x12, 0xa, 0x30, 0x8, 0x6, 0x2e, 0x60, 0x10,
    0xc, 0x5c, 0x60, 0xc0, 0x12, 0xa, 0x4, 0xc4,
    0xab, 0xdb, 0x10, 0x35, 0x25, 0x52, 0x24, 0x0,

    /* U+00D3 "Ó" */
    0x0, 0xcb, 0xa0, 0x1f, 0x64, 0x80, 0x7d, 0x28,
    0x1, 0xcb, 0xbf, 0xae, 0x1, 0x35, 0x25, 0x52,
    0x24, 0x1, 0x2f, 0x2a, 0xf6, 0xc4, 0x61, 0x20,
    0x12, 0xa, 0x30, 0x8, 0x6, 0x2e, 0x60, 0x10,
    0xc, 0x5c, 0x60, 0xc0, 0x12, 0xa, 0x4, 0xc4,
    0xab, 0xdb, 0x10, 0x35, 0x25, 0x52, 0x24, 0x0,

    /* U+00D4 "Ô" */
    0x0, 0x9f, 0x68, 0x3, 0x84, 0x37, 0xc, 0x3,
    0xb, 0x83, 0x18, 0x6, 0x5d, 0xfd, 0x70, 0x9,
    0xa9, 0x2a, 0x91, 0x20, 0x9, 0x79, 0x57, 0xb6,
    0x23, 0x9, 0x0, 0x90, 0x51, 0x80, 0x40, 0x31,
    0x73, 0x0, 0x80, 0x62, 0xe3, 0x6, 0x0, 0x90,
    0x50, 0x26, 0x25, 0x5e, 0xd8, 0x81, 0xa9, 0x2a,
    0x91, 0x20,

    /* U+00D5 "Õ" */
    0x0, 0xb2, 0x19, 0x40, 0x31, 0x2f, 0x52, 0x0,
    0x62, 0x96, 0xc1, 0x0, 0xcb, 0xbf, 0xae, 0x1,
    0x35, 0x25, 0x52, 0x24, 0x1, 0x2f, 0x2a, 0xf6,
    0xc4, 0x61, 0x20, 0x12, 0xa, 0x30, 0x8, 0x6,
    0x2e, 0x60, 0x10, 0xc, 0x5c, 0x60, 0xc0, 0x12,
    0xa, 0x4, 0xc4, 0xab, 0xdb, 0x10, 0x35, 0x25,
    0x52, 0x24, 0x0,

    /* U+00D6 "Ö" */
    0x0, 0x1e, 0x85, 0xb0, 0x6, 0x2a, 0xe, 0x50,
    0xc, 0x2e, 0xa, 0x60, 0x19, 0x77, 0xf5, 0xc0,
    0x26, 0xa4, 0xaa, 0x44, 0x80, 0x25, 0xe5, 0x5e,
    0xd8, 0x8c, 0x24, 0x2, 0x41, 0x46, 0x1, 0x0,
    0xc5, 0xcc, 0x2, 0x1, 0x8b, 0x8c, 0x18, 0x2,
    0x41, 0x40, 0x98, 0x95, 0x7b, 0x62, 0x6, 0xa4,
    0xaa, 0x44, 0x80,

    /* U+00D7 "×" */
    0x32, 0x0, 0x11, 0xde, 0x11, 0x32, 0xe1, 0xf3,
    0xd2, 0x2, 0x4, 0xac, 0x1, 0xa8, 0x8c, 0x19,
    0xb, 0xb3, 0x5c, 0x60, 0x2, 0xec,

    /* U+00D8 "Ø" */
    0x0, 0xff, 0x97, 0x7f, 0x6f, 0x40, 0xd, 0x49,
    0x4a, 0x86, 0x0, 0x97, 0x95, 0x11, 0x88, 0xc2,
    0x41, 0x11, 0xc2, 0x8c, 0x2, 0x2a, 0xe0, 0x2e,
    0x60, 0x1b, 0x63, 0x2, 0xe3, 0xf, 0x68, 0x4,
    0x14, 0x7, 0x17, 0x57, 0xb6, 0x20, 0x23, 0x6a,
    0xa4, 0x48, 0x2, 0xb3, 0x7f, 0x5c, 0x0,

    /* U+00D9 "Ù" */
    0x0, 0xb5, 0x40, 0x3d, 0x3e, 0x1, 0xe4, 0xa0,
    0xd, 0xe8, 0x1, 0x37, 0x0, 0x7f, 0xf7, 0x47,
    0x0, 0x2c, 0x30, 0x67, 0x85, 0x85, 0xb0, 0x88,
    0x35, 0x2c, 0xb0,

    /* U+00DA "Ú" */
    0x0, 0xcf, 0x80, 0x1e, 0xce, 0x0, 0xf5, 0x90,
    0x5, 0xe8, 0x1, 0x37, 0x0, 0x7f, 0xf7, 0x47,
    0x0, 0x2c, 0x30, 0x67, 0x85, 0x85, 0xb0, 0x88,
    0x35, 0x2c, 0xb0,

    /* U+00DB "Û" */
    0x0, 0xab, 0x5c, 0x3, 0x1e, 0x68, 0x8, 0x4,
    0x6c, 0xe, 0x20, 0xf, 0x40, 0x9, 0xb8, 0x3,
    0xff, 0xba, 0x38, 0x1, 0x61, 0x83, 0x3c, 0x2c,
    0x2d, 0x84, 0x41, 0xa9, 0x65, 0x80,

    /* U+00DC "Ü" */
    0x0, 0x35, 0x86, 0xa0, 0x4, 0x9c, 0x16, 0xa0,
    0x11, 0x28, 0x30, 0x80, 0x3d, 0x0, 0x26, 0xe0,
    0xf, 0xfe, 0xe8, 0xe0, 0x5, 0x86, 0xc, 0xf0,
    0xb0, 0xb6, 0x11, 0x6, 0xa5, 0x96,

    /* U+00DD "Ý" */
    0x0, 0xd6, 0xe0, 0x1e, 0x20, 0x70, 0xf, 0x15,
    0x80, 0x66, 0xf2, 0x0, 0xb3, 0x0, 0xc7, 0x20,
    0x5, 0x3f, 0x0, 0x7a, 0x20, 0x2d, 0x8c, 0x0,
    0x6b, 0x2e, 0x10, 0x1, 0xac, 0xa2, 0x2, 0x1,
    0x85, 0xc5, 0x80, 0x3d, 0xe6, 0x1, 0xff, 0xca,

    /* U+00DE "Þ" */
    0x1f, 0x40, 0xf, 0xfe, 0xd, 0xff, 0x48, 0x5,
    0x3b, 0x4f, 0x0, 0x2, 0x22, 0x32, 0x0, 0x61,
    0x45, 0x0, 0x5f, 0xf0, 0x40, 0x2, 0x77, 0xb0,
    0x40, 0x4, 0x41, 0x0, 0x0,

    /* U+00DF "ß" */
    0x2, 0xcf, 0xe6, 0x0, 0x78, 0x5b, 0x49, 0x81,
    0x42, 0x40, 0x30, 0x6, 0x40, 0x40, 0xa, 0xad,
    0x84, 0x2, 0x8b, 0x4a, 0x0, 0x89, 0x2d, 0x0,
    0x22, 0x3a, 0x20, 0xa, 0x70, 0x38,

    /* U+00E0 "à" */
    0x1, 0xc2, 0x0, 0x86, 0xec, 0x1, 0x9e, 0x40,
    0x25, 0xdf, 0xc2, 0x1b, 0xb6, 0xb7, 0xf, 0x30,
    0x11, 0x85, 0x7f, 0x90, 0x19, 0x3b, 0x68, 0x2,
    0x23, 0xb0, 0x64, 0xce, 0xa0,

    /* U+00E1 "á" */
    0x0, 0x9e, 0x40, 0x34, 0xd8, 0x6, 0xe2, 0x0,
    0x2e, 0xfe, 0x10, 0xdd, 0xb5, 0xb8, 0x79, 0x80,
    0x8c, 0x2b, 0xfc, 0x80, 0xc9, 0xdb, 0x40, 0x11,
    0x1d, 0x83, 0x26, 0x75, 0x0,

    /* U+00E2 "â" */
    0x0, 0x4f, 0xa0, 0x1, 0x55, 0x94, 0x20, 0xb8,
    0x7c, 0x20, 0xbb, 0xf8, 0x43, 0x76, 0xd6, 0xe1,
    0xe6, 0x2, 0x30, 0xaf, 0xf2, 0x3, 0x27, 0x6d,
    0x0, 0x44, 0x76, 0xc, 0x99, 0xd4, 0x0,

    /* U+00E3 "ã" */
    0x3, 0xdd, 0x58, 0x0, 0xf7, 0x56, 0x0, 0x5d,
    0xfc, 0x21, 0xbb, 0x6b, 0x70, 0xf3, 0x1, 0x18,
    0x57, 0xf9, 0x1, 0x93, 0xb6, 0x80, 0x22, 0x3b,
    0x6, 0x4c, 0xea, 0x0,

    /* U+00E4 "ä" */
    0x7, 0xa1, 0xe3, 0x4, 0xe1, 0x92, 0x6, 0x9f,
    0xb3, 0x1b, 0xb6, 0xb7, 0xf, 0x30, 0x11, 0x85,
    0x7f, 0x90, 0x19, 0x3b, 0x68, 0x2, 0x23, 0xb0,
    0x64, 0xce, 0xa0,

    /* U+00E5 "å" */
    0x0, 0x46, 0x18, 0x0, 0x93, 0x7c, 0x3, 0xf1,
    0x5e, 0xc0, 0x1, 0x68, 0xe0, 0x86, 0xed, 0xad,
    0xc3, 0xcc, 0x4, 0x61, 0x5f, 0xe4, 0x6, 0x4e,
    0xda, 0x0, 0x88, 0xec, 0x19, 0x33, 0xa8, 0x0,

    /* U+00E6 "æ" */
    0x5, 0xdf, 0xb3, 0xcf, 0xc3, 0x1, 0xab, 0xd0,
    0xc5, 0xd4, 0xd0, 0x1f, 0x62, 0xe1, 0x92, 0x80,
    0x50, 0x7c, 0xea, 0x1e, 0xe8, 0x4d, 0x66, 0x3e,
    0x47, 0xfe, 0xe6, 0x30, 0x1, 0x58, 0xc9, 0xbf,
    0x93, 0x25, 0xf5, 0xe2, 0x6d, 0xc1, 0x0,

    /* U+00E7 "ç" */
    0x2, 0xcf, 0xd5, 0x0, 0x63, 0x6d, 0x50, 0x90,
    0x6c, 0x9f, 0x8, 0x82, 0x20, 0x1, 0x81, 0x88,
    0x80, 0x6, 0xa, 0x36, 0x4f, 0x84, 0x18, 0xdb,
    0x54, 0x20, 0x2c, 0x4b, 0x50, 0xd, 0x76, 0x0,
    0xeb, 0x60, 0x0,

    /* U+00E8 "è" */
    0x0, 0x52, 0x80, 0x74, 0xc0, 0x7, 0x1e, 0x80,
    0x62, 0xcf, 0xd4, 0x0, 0x62, 0xea, 0xd8, 0xa0,
    0xc9, 0x40, 0xb9, 0x7, 0x74, 0x22, 0x30, 0xff,
    0xb9, 0xd4, 0x60, 0xd3, 0xc8, 0x35, 0x76, 0xe4,
    0x80,

    /* U+00E9 "é" */
    0x0, 0x92, 0xc0, 0x3a, 0x38, 0x3, 0xb1, 0x40,
    0x22, 0xcf, 0xd4, 0x0, 0x62, 0xea, 0xd8, 0xa0,
    0xc9, 0x40, 0xb9, 0x7, 0x74, 0x22, 0x30, 0xff,
    0xb9, 0xd4, 0x60, 0xd3, 0xc8, 0x35, 0x76, 0xe4,
    0x80,

    /* U+00EA "ê" */
    0x0, 0x37, 0xb8, 0x4, 0x71, 0xb4, 0x60, 0x3,
    0xe2, 0xd3, 0x0, 0x16, 0x7e, 0xa0, 0x3, 0x17,
    0x56, 0xc5, 0x6, 0x4a, 0x5, 0xc8, 0x3b, 0xa1,
    0x11, 0x87, 0xfd, 0xce, 0xa3, 0x6, 0x9e, 0x41,
    0xab, 0xb7, 0x24,

    /* U+00EB "ë" */
    0x4, 0xd0, 0xb6, 0x0, 0x2d, 0x87, 0x20, 0x0,
    0xeb, 0xe1, 0x80, 0x18, 0xba, 0xb6, 0x28, 0x32,
    0x50, 0x2e, 0x41, 0xdd, 0x8, 0x8c, 0x3f, 0xee,
    0x75, 0x18, 0x34, 0xf2, 0xd, 0x5d, 0xb9, 0x20,

    /* U+00EC "ì" */
    0xb, 0x50, 0x7, 0xc8, 0x1, 0x30, 0x0, 0x5e,
    0x40, 0x1f, 0xfc, 0xc0,

    /* U+00ED "í" */
    0x5, 0xb0, 0x4, 0xf8, 0x3, 0x10, 0xb, 0xc8,
    0x3, 0xff, 0x9a,

    /* U+00EE "î" */
    0x2, 0x82, 0x2, 0xfd, 0xf2, 0x26, 0xae, 0x90,
    0x17, 0x90, 0x7, 0xff, 0x4c,

    /* U+00EF "ï" */
    0x5d, 0xc, 0x57, 0xb0, 0xa7, 0x24, 0xf4, 0x20,
    0xf, 0xfe, 0x90,

    /* U+00F0 "ð" */
    0x0, 0x8, 0x7, 0xf, 0xc4, 0x1c, 0x0, 0x2e,
    0xe4, 0x70, 0x0, 0xe7, 0x83, 0x0, 0xa, 0x3d,
    0xa0, 0x1, 0xab, 0xfa, 0x28, 0xa3, 0x0, 0xe2,
    0x46, 0x40, 0x11, 0x9, 0x10, 0x2, 0x22, 0x20,
    0xc9, 0x40, 0x28, 0x6a, 0xea, 0x68, 0x0,

    /* U+00F1 "ñ" */
    0x0, 0x66, 0xe1, 0x80, 0x59, 0xb8, 0x60, 0x5e,
    0xdd, 0xc7, 0x0, 0xb3, 0x13, 0x4, 0x0, 0x92,
    0x70, 0x70, 0x0, 0x80, 0x7f, 0xf3, 0x40,

    /* U+00F2 "ò" */
    0x0, 0x53, 0x0, 0x74, 0xd8, 0x7, 0x1e, 0x80,
    0x62, 0xcf, 0xd5, 0x0, 0x63, 0x6d, 0x50, 0xd0,
    0x6c, 0x9c, 0xac, 0x84, 0x40, 0x7, 0x23, 0x11,
    0x0, 0x18, 0x94, 0x6c, 0x9c, 0xec, 0x31, 0xb6,
    0xa8, 0x60,

    /* U+00F3 "ó" */
    0x0, 0x8f, 0x0, 0x3a, 0x68, 0x3, 0xa9, 0x80,
    0x22, 0xcf, 0xd5, 0x0, 0x63, 0x6d, 0x50, 0xd0,
    0x6c, 0x9c, 0xac, 0x84, 0x40, 0x7, 0x23, 0x11,
    0x0, 0x18, 0x94, 0x6c, 0x9c, 0xec, 0x31, 0xb6,
    0xa8, 0x60,

    /* U+00F4 "ô" */
    0x0, 0x2f, 0xc0, 0x4, 0x57, 0x8a, 0x80, 0x2,
    0xe3, 0xd4, 0x0, 0x16, 0x7e, 0xa8, 0x3, 0x1b,
    0x6a, 0x86, 0x83, 0x64, 0xe5, 0x64, 0x22, 0x0,
    0x39, 0x18, 0x88, 0x0, 0xc4, 0xa3, 0x64, 0xe7,
    0x61, 0x8d, 0xb5, 0x43,

    /* U+00F5 "õ" */
    0x0, 0x5e, 0xe1, 0x80, 0x57, 0xb8, 0x60, 0x2,
    0xcf, 0xd5, 0x0, 0x63, 0x6d, 0x50, 0xd0, 0x6c,
    0x9c, 0xac, 0x84, 0x40, 0x7, 0x23, 0x11, 0x0,
    0x18, 0x94, 0x6c, 0x9c, 0xec, 0x31, 0xb6, 0xa8,
    0x60,

    /* U+00F6 "ö" */
    0x3, 0xd0, 0xb7, 0x0, 0x15, 0x7, 0x20, 0x0,
    0xef, 0xe1, 0x80, 0x18, 0xdb, 0x54, 0x34, 0x1b,
    0x27, 0x2b, 0x21, 0x10, 0x1, 0xc8, 0xc4, 0x40,
    0x6, 0x25, 0x1b, 0x27, 0x3b, 0xc, 0x6d, 0xaa,
    0x18,

    /* U+00F7 "÷" */
    0x0, 0x55, 0x0, 0x36, 0xe8, 0x3, 0x3b, 0x80,
    0x1b, 0xff, 0xb7, 0xf3, 0x37, 0x91, 0xcc, 0x8c,
    0x80, 0x1b, 0xa0, 0x0,

    /* U+00F8 "ø" */
    0x0, 0xfc, 0x59, 0xfb, 0x90, 0x18, 0xda, 0x27,
    0x68, 0x36, 0x2, 0x2b, 0x21, 0x17, 0x71, 0x8,
    0xc7, 0x28, 0xd8, 0x94, 0xd, 0x1c, 0xed, 0x4,
    0xf6, 0xa8, 0x69, 0xd9, 0xfa, 0xa0,

    /* U+00F9 "ù" */
    0x0, 0x53, 0x0, 0x74, 0xd8, 0x7, 0x1e, 0x80,
    0x45, 0xe4, 0x0, 0xf5, 0x0, 0xff, 0xe4, 0x98,
    0x8, 0x6, 0x11, 0x41, 0xc8, 0x5, 0x4b, 0xbe,
    0x20,

    /* U+00FA "ú" */
    0x0, 0x8f, 0x0, 0x3a, 0x28, 0x3, 0xad, 0x80,
    0x5, 0xe4, 0x0, 0xf5, 0x0, 0xff, 0xe4, 0x98,
    0x8, 0x6, 0x11, 0x41, 0xc8, 0x5, 0x4b, 0xbe,
    0x20,

    /* U+00FB "û" */
    0x0, 0xb, 0x98, 0x4, 0x38, 0x5c, 0x60, 0x1,
    0xd5, 0xd3, 0x2, 0xf2, 0x0, 0x7a, 0x80, 0x7f,
    0xf2, 0x4c, 0x4, 0x3, 0x8, 0xa0, 0xe4, 0x2,
    0xa5, 0xdf, 0x10,

    /* U+00FC "ü" */
    0x3, 0xd0, 0xb7, 0x0, 0x15, 0x7, 0x20, 0x17,
    0x28, 0x2e, 0x28, 0x7, 0xff, 0x24, 0xc0, 0x40,
    0x30, 0x8a, 0xe, 0x40, 0x2a, 0x5d, 0xf1, 0x0,

    /* U+00FD "ý" */
    0x0, 0x9f, 0x0, 0x3b, 0x38, 0x1, 0x3a, 0x16,
    0x5c, 0xf4, 0x44, 0x3, 0x16, 0x32, 0x50, 0xb3,
    0x10, 0x5b, 0x5, 0xa0, 0x5, 0x9a, 0x13, 0x80,
    0xc, 0xa1, 0x4, 0x2, 0x53, 0xd0, 0xd, 0xa0,
    0xe0, 0x11, 0xca, 0x88, 0x0, 0x70, 0x2c, 0x2,

    /* U+00FE "þ" */
    0x2f, 0x20, 0xf, 0xfe, 0xa, 0x6f, 0xc0, 0x5,
    0x5d, 0x4e, 0xc0, 0x8, 0x35, 0x56, 0x80, 0x18,
    0x0, 0x4c, 0x0, 0x60, 0x1, 0x30, 0x2, 0xd,
    0x55, 0xa0, 0xa, 0xea, 0x76, 0x0, 0x26, 0xfc,
    0x0, 0x7f, 0xf0, 0xc0,

    /* U+00FF "ÿ" */
    0x5, 0xc0, 0xd4, 0x0, 0x3d, 0x5, 0xa8, 0x4f,
    0xb0, 0x37, 0xbd, 0x11, 0x0, 0xc5, 0x8c, 0x94,
    0x2c, 0xc4, 0x16, 0xc1, 0x68, 0x1, 0x66, 0x84,
    0xe0, 0x3, 0x28, 0x41, 0x0, 0x94, 0xf4, 0x3,
    0x68, 0x38, 0x4, 0x72, 0xa2, 0x0, 0x1c, 0xb,
    0x0, 0x80,

    /* U+0100 "Ā" */
    0x0, 0x37, 0xfb, 0x40, 0x39, 0xbf, 0xda, 0x1,
    0xff, 0xc3, 0xcf, 0x30, 0xe, 0x13, 0x4a, 0x0,
    0xe6, 0x3e, 0x70, 0xe, 0xba, 0x51, 0x40, 0x8,
    0x8d, 0xc1, 0x74, 0x2, 0x50, 0xef, 0x56, 0x0,
    0xa9, 0xf7, 0x60, 0x50, 0x32, 0xa2, 0x29, 0x7c,
    0x2c, 0x48, 0x2, 0xc5, 0x0,

    /* U+0101 "ā" */
    0x4, 0xff, 0x80, 0x9, 0xff, 0x0, 0x17, 0x7f,
    0x8, 0x6e, 0xda, 0xdc, 0x3c, 0xc0, 0x46, 0x15,
    0xfe, 0x40, 0x64, 0xed, 0xa0, 0x8, 0x8e, 0xc1,
    0x93, 0x3a, 0x80,

    /* U+0102 "Ă" */
    0x0, 0x3b, 0x83, 0x40, 0x39, 0xf7, 0x20, 0x3,
    0xd5, 0x8a, 0x1, 0xec, 0xf3, 0x0, 0xe1, 0x34,
    0xa0, 0xe, 0x63, 0xe7, 0x0, 0xeb, 0xa5, 0x14,
    0x0, 0x88, 0xdc, 0x17, 0x40, 0x25, 0xe, 0xf5,
    0x60, 0xa, 0x9f, 0x76, 0x5, 0x3, 0x2a, 0x22,
    0x97, 0xc2, 0xc4, 0x80, 0x2c, 0x50,

    /* U+0103 "ă" */
    0x4, 0x70, 0xa0, 0x2, 0x6e, 0xb0, 0x2, 0xad,
    0x60, 0x2, 0xef, 0xe1, 0xd, 0xdb, 0x5b, 0x87,
    0x98, 0x8, 0xc2, 0xbf, 0xc8, 0xc, 0x9d, 0xb4,
    0x1, 0x11, 0xd8, 0x32, 0x67, 0x50, 0x0,

    /* U+0104 "Ą" */
    0x0, 0xb3, 0xcc, 0x3, 0x84, 0xca, 0x80, 0x39,
    0x86, 0x9c, 0x3, 0xad, 0x14, 0x50, 0x2, 0x23,
    0xf2, 0x1d, 0x0, 0x94, 0x10, 0x1d, 0x80, 0x2a,
    0xe, 0xf6, 0x5, 0x3, 0x28, 0xdd, 0x87, 0xc2,
    0xc5, 0xc8, 0xa9, 0x50, 0x8e, 0x0, 0xdc, 0xa0,
    0x1f, 0x37, 0x80, 0x7c, 0xb4, 0xa0,

    /* U+0105 "ą" */
    0x5, 0xdf, 0xc2, 0x1, 0xbb, 0x6b, 0x70, 0xf,
    0x30, 0x11, 0x80, 0x2b, 0xfc, 0x80, 0x6, 0x4e,
    0xda, 0x0, 0xc4, 0x76, 0x0, 0x64, 0xce, 0x40,
    0xa, 0xbf, 0x52, 0x80, 0x31, 0x92, 0x0, 0x63,
    0x37, 0x10,

    /* U+0106 "Ć" */
    0x0, 0xcb, 0xa0, 0x1f, 0x64, 0x80, 0x7d, 0x28,
    0x1, 0xcb, 0xbf, 0xae, 0x1, 0x35, 0x25, 0x52,
    0x24, 0x1, 0x2f, 0x2a, 0xf4, 0xc2, 0x61, 0x20,
    0x12, 0xf8, 0xb0, 0x8, 0x7, 0x98, 0x4, 0x3,
    0xc6, 0xc, 0x1, 0x2f, 0x88, 0x4c, 0x4a, 0xbd,
    0x30, 0x83, 0x52, 0x54, 0xc4, 0x80,

    /* U+0107 "ć" */
    0x0, 0x8f, 0x0, 0x3a, 0x68, 0x3, 0xa9, 0x80,
    0x22, 0xcf, 0xd5, 0x0, 0x63, 0x6d, 0x50, 0x90,
    0x6c, 0x9f, 0x8, 0x82, 0x20, 0x1, 0x81, 0x88,
    0x80, 0x6, 0xa, 0x36, 0x4f, 0x84, 0x18, 0xdb,
    0x54, 0x20,

    /* U+0108 "Ĉ" */
    0x0, 0x9f, 0x68, 0x3, 0x84, 0x37, 0xc, 0x3,
    0xb, 0x83, 0x18, 0x6, 0x5d, 0xfd, 0x70, 0x9,
    0xa9, 0x2a, 0x91, 0x20, 0x9, 0x79, 0x57, 0xa6,
    0x13, 0x9, 0x0, 0x97, 0xc5, 0x80, 0x40, 0x3c,
    0xc0, 0x20, 0x1e, 0x30, 0x60, 0x9, 0x7c, 0x42,
    0x62, 0x55, 0xe9, 0x84, 0x1a, 0x92, 0xa6, 0x24,
    0x0,

    /* U+0109 "ĉ" */
    0x0, 0x2f, 0xc0, 0x4, 0x57, 0x8a, 0x80, 0x2,
    0xe3, 0xd4, 0x0, 0x16, 0x7e, 0xa8, 0x3, 0x1b,
    0x6a, 0x84, 0x83, 0x64, 0xf8, 0x44, 0x11, 0x0,
    0xc, 0xc, 0x44, 0x0, 0x30, 0x51, 0xb2, 0x7c,
    0x20, 0xc6, 0xda, 0xa1, 0x0,

    /* U+010A "Ċ" */
    0x0, 0x87, 0x8c, 0x3, 0xc2, 0xc4, 0x1, 0xf4,
    0x8, 0x7, 0x2e, 0xfe, 0xb8, 0x4, 0xd4, 0x95,
    0x48, 0x90, 0x4, 0xbc, 0xab, 0xd3, 0x9, 0x84,
    0x80, 0x4b, 0xe2, 0xc0, 0x20, 0x1e, 0x60, 0x10,
    0xf, 0x18, 0x30, 0x4, 0xbe, 0x21, 0x31, 0x2a,
    0xf4, 0xc2, 0xd, 0x49, 0x53, 0x12, 0x0,

    /* U+010B "ċ" */
    0x0, 0xf, 0x20, 0x6, 0x19, 0x50, 0x8, 0xb2,
    0x31, 0x40, 0x18, 0xdb, 0x54, 0x24, 0x1b, 0x27,
    0xc2, 0x20, 0x88, 0x0, 0x60, 0x62, 0x20, 0x1,
    0x82, 0x8d, 0x93, 0xe1, 0x6, 0x36, 0xd5, 0x8,

    /* U+010C "Č" */
    0x0, 0xe, 0xae, 0x98, 0x6, 0x1c, 0x2e, 0x30,
    0xe, 0x17, 0x30, 0xe, 0x5d, 0xfd, 0x70, 0x9,
    0xa9, 0x2a, 0x91, 0x20, 0x9, 0x79, 0x57, 0xa6,
    0x13, 0x9, 0x0, 0x97, 0xc5, 0x80, 0x40, 0x3c,
    0xc0, 0x20, 0x1e, 0x30, 0x60, 0x9, 0x7c, 0x42,
    0x62, 0x55, 0xe9, 0x84, 0x1a, 0x92, 0xa6, 0x24,
    0x0,

    /* U+010D "č" */
    0x1, 0xe3, 0xd5, 0x0, 0xd, 0xe2, 0xa8, 0x2,
    0x5f, 0x80, 0x8, 0xb3, 0xf5, 0x40, 0x18, 0xdb,
    0x54, 0x24, 0x1b, 0x27, 0xc2, 0x20, 0x88, 0x0,
    0x60, 0x62, 0x20, 0x1, 0x82, 0x8d, 0x93, 0xe1,
    0x6, 0x36, 0xd5, 0x8,

    /* U+010E "Ď" */
    0x2, 0xe3, 0xd4, 0x0, 0x8a, 0xf1, 0x50, 0x3,
    0x2f, 0xc0, 0x6, 0xff, 0xba, 0xc8, 0x2, 0x8c,
    0xb7, 0xd2, 0x0, 0x19, 0x97, 0xa, 0x0, 0x3d,
    0x48, 0x1, 0xe2, 0x10, 0xf, 0x10, 0x80, 0x7a,
    0x90, 0x0, 0x66, 0x5c, 0x28, 0x0, 0x46, 0x5b,
    0xe9, 0x0,

    /* U+010F "ď" */
    0x0, 0xfa, 0x98, 0x3, 0xae, 0x0, 0x80, 0x3e,
    0x95, 0x4, 0xdf, 0x90, 0x1, 0x88, 0xa9, 0xf4,
    0x50, 0x2, 0x41, 0xa2, 0x81, 0x0, 0x8c, 0x40,
    0x25, 0x0, 0x8c, 0x44, 0x0, 0x50, 0x9, 0x6,
    0xce, 0x4, 0x2, 0x1d, 0x7c, 0x4, 0x0, 0x80,

    /* U+0110 "Đ" */
    0xc, 0xff, 0xb1, 0x40, 0x32, 0xe5, 0xad, 0x28,
    0x4, 0x66, 0x49, 0x7b, 0x0, 0xfa, 0x84, 0xb0,
    0xdb, 0xa8, 0xc, 0x7, 0x45, 0x7e, 0xc0, 0xc0,
    0x44, 0x46, 0x22, 0xb, 0x12, 0x0, 0x19, 0x96,
    0x5a, 0xc0, 0x25, 0xca, 0x5b, 0x50,

    /* U+0111 "đ" */
    0x0, 0xa3, 0xfe, 0x50, 0xa, 0x3d, 0x1d, 0x41,
    0x37, 0xe4, 0x2, 0x1a, 0x7d, 0x14, 0x0, 0x20,
    0xd1, 0x40, 0x80, 0xc, 0x40, 0x25, 0x0, 0x18,
    0x88, 0x0, 0xa0, 0x4, 0x1b, 0x38, 0x10, 0x0,
    0xeb, 0xe0, 0x20, 0x0,

    /* U+0112 "Ē" */
    0x0, 0x77, 0xf9, 0x80, 0x2e, 0xff, 0x30, 0x7,
    0xf7, 0xff, 0x38, 0x2, 0x33, 0x26, 0x0, 0x19,
    0xe1, 0x0, 0xfe, 0xbf, 0xf8, 0x80, 0x13, 0x99,
    0x10, 0x0, 0x8c, 0xe0, 0x8, 0xcf, 0x8, 0x2,
    0x33, 0x29,

    /* U+0113 "ē" */
    0x1, 0xff, 0x8c, 0x0, 0x3f, 0xf1, 0x80, 0xb,
    0x3f, 0x50, 0x1, 0x8b, 0xab, 0x62, 0x83, 0x25,
    0x2, 0xe4, 0x1d, 0xd0, 0x88, 0xc3, 0xfe, 0xe7,
    0x51, 0x83, 0x4f, 0x20, 0xd5, 0xdb, 0x92,

    /* U+0114 "Ĕ" */
    0x0, 0x68, 0x3b, 0x0, 0x51, 0x9a, 0xc0, 0x12,
    0xe5, 0x0, 0x5f, 0xfc, 0xe0, 0x8, 0xcc, 0x98,
    0x0, 0x67, 0x84, 0x3, 0xfa, 0xff, 0xe2, 0x0,
    0x4e, 0x64, 0x40, 0x2, 0x33, 0x80, 0x23, 0x3c,
    0x20, 0x8, 0xcc, 0xa4,

    /* U+0115 "ĕ" */
    0x2, 0xc0, 0xa3, 0x0, 0x15, 0xe9, 0x18, 0x4,
    0xfb, 0x0, 0x11, 0x67, 0xea, 0x0, 0x31, 0x75,
    0x6c, 0x50, 0x64, 0xa0, 0x5c, 0x83, 0xba, 0x11,
    0x18, 0x7f, 0xdc, 0xea, 0x30, 0x69, 0xe4, 0x1a,
    0xbb, 0x72, 0x40,

    /* U+0116 "Ė" */
    0x0, 0xb5, 0x40, 0x3a, 0x9c, 0x3, 0x9c, 0x80,
    0x2f, 0xfe, 0x70, 0x4, 0x66, 0x4c, 0x0, 0x33,
    0xc2, 0x1, 0xfd, 0x7f, 0xf1, 0x0, 0x27, 0x32,
    0x20, 0x1, 0x19, 0xc0, 0x11, 0x9e, 0x10, 0x4,
    0x66, 0x52,

    /* U+0117 "ė" */
    0x0, 0xf, 0x18, 0x6, 0x16, 0x20, 0x8, 0xb1,
    0xf1, 0x0, 0x18, 0xba, 0xb6, 0x28, 0x32, 0x50,
    0x2e, 0x41, 0xdd, 0x8, 0x8c, 0x3f, 0xee, 0x75,
    0x18, 0x34, 0xf2, 0xd, 0x5d, 0xb9, 0x20,

    /* U+0118 "Ę" */
    0xf, 0xfe, 0x70, 0x4, 0x66, 0x4c, 0x0, 0x33,
    0xc2, 0x1, 0xfd, 0x7f, 0xf1, 0x0, 0x27, 0x32,
    0x20, 0x1, 0x19, 0xc0, 0x11, 0x9e, 0x10, 0x4,
    0x66, 0x52, 0x1f, 0xf5, 0x94, 0x80, 0x6e, 0x41,
    0x0, 0xde, 0xd4,

    /* U+0119 "ę" */
    0x2, 0xcf, 0xd4, 0x0, 0x62, 0xea, 0xd8, 0xa0,
    0xc9, 0x40, 0xb9, 0x7, 0x74, 0x22, 0x30, 0xff,
    0xb9, 0xd4, 0x60, 0xd3, 0x90, 0x35, 0x76, 0x81,
    0x0, 0xf3, 0xce, 0x40, 0x31, 0x1a, 0x0, 0x62,
    0x3d, 0x20,

    /* U+011A "Ě" */
    0x1, 0xd4, 0xc6, 0x0, 0xf, 0x5b, 0x30, 0x2,
    0x3f, 0xa0, 0xb, 0xff, 0x9c, 0x1, 0x19, 0x93,
    0x0, 0xc, 0xf0, 0x80, 0x7f, 0x5f, 0xfc, 0x40,
    0x9, 0xcc, 0x88, 0x0, 0x46, 0x70, 0x4, 0x67,
    0x84, 0x1, 0x19, 0x94, 0x80,

    /* U+011B "ě" */
    0x2, 0xe2, 0xe4, 0x0, 0x14, 0x6c, 0xa0, 0x4,
    0xde, 0xe0, 0x11, 0x67, 0xea, 0x0, 0x31, 0x75,
    0x6c, 0x50, 0x64, 0xa0, 0x5c, 0x83, 0xba, 0x11,
    0x18, 0x7f, 0xdc, 0xea, 0x30, 0x69, 0xe4, 0x1a,
    0xbb, 0x72, 0x40,

    /* U+011C "Ĝ" */
    0x0, 0xa3, 0x64, 0x3, 0x8b, 0xf7, 0xc8, 0x3,
    0x13, 0x83, 0x10, 0x6, 0x5d, 0xfd, 0x80, 0x9,
    0xa9, 0x6a, 0x8d, 0x40, 0x9, 0x88, 0x2b, 0xd0,
    0x88, 0xc1, 0x80, 0x24, 0xb1, 0x60, 0x10, 0x2f,
    0xf9, 0x18, 0x4, 0xb, 0x6c, 0x1c, 0xc1, 0x80,
    0x4, 0x40, 0x20, 0x98, 0x95, 0x79, 0x61, 0x6,
    0xa4, 0xa9, 0x89, 0x0,

    /* U+011D "ĝ" */
    0x0, 0xb, 0x90, 0x6, 0xad, 0xf0, 0x8, 0xb2,
    0xa0, 0xc0, 0x3, 0x5f, 0x91, 0x21, 0xaf, 0x82,
    0x80, 0xa3, 0x67, 0x4, 0x6, 0x22, 0x0, 0x30,
    0x18, 0x80, 0x4c, 0x8, 0x12, 0x4e, 0x40, 0x36,
    0x9b, 0xc8, 0x0, 0x4d, 0xf9, 0x71, 0xd, 0x72,
    0x53, 0xc0, 0x9a, 0xdb, 0x84,

    /* U+011E "Ğ" */
    0x0, 0x16, 0x5, 0x18, 0x6, 0x2b, 0xd2, 0x30,
    0xe, 0x7d, 0x80, 0xe, 0x5d, 0xfd, 0x80, 0x9,
    0xa9, 0x6a, 0x8d, 0x40, 0x9, 0x88, 0x2b, 0xd0,
    0x88, 0xc1, 0x80, 0x24, 0xb1, 0x60, 0x10, 0x2f,
    0xf9, 0x18, 0x4, 0xb, 0x6c, 0x1c, 0xc1, 0x80,
    0x4, 0x40, 0x20, 0x98, 0x95, 0x79, 0x61, 0x6,
    0xa4, 0xa9, 0x89, 0x0,

    /* U+011F "ğ" */
    0x1, 0x60, 0x42, 0x0, 0xf, 0xef, 0x10, 0x5,
    0x3b, 0x40, 0x11, 0xef, 0xcd, 0xc8, 0x6b, 0xe0,
    0xa0, 0x28, 0xd9, 0xc1, 0x1, 0x88, 0x80, 0xc,
    0x6, 0x20, 0x13, 0x2, 0x4, 0x93, 0x90, 0xd,
    0xa6, 0xf2, 0x0, 0x13, 0x7e, 0x5c, 0x43, 0x5c,
    0x94, 0xf0, 0x26, 0xb6, 0xe1, 0x0,

    /* U+0120 "Ġ" */
    0x0, 0x87, 0x8c, 0x3, 0xc2, 0xc4, 0x1, 0xf4,
    0x8, 0x7, 0x2e, 0xfe, 0xc0, 0x4, 0xd4, 0xb5,
    0x46, 0xa0, 0x4, 0xc4, 0x15, 0xe8, 0x44, 0x60,
    0xc0, 0x12, 0x58, 0xb0, 0x8, 0x17, 0xfc, 0x8c,
    0x2, 0x5, 0xb6, 0xe, 0x60, 0xc0, 0x2, 0x20,
    0x10, 0x4c, 0x4a, 0xbc, 0xb0, 0x83, 0x52, 0x54,
    0xc4, 0x80,

    /* U+0121 "ġ" */
    0x0, 0xf, 0x18, 0x6, 0x16, 0x20, 0x8, 0xf5,
    0xe2, 0xe4, 0x35, 0xf0, 0x50, 0x14, 0x6c, 0xe0,
    0x80, 0xc4, 0x40, 0x6, 0x3, 0x10, 0x9, 0x81,
    0x2, 0x49, 0xc8, 0x6, 0xd3, 0x79, 0x0, 0x9,
    0xbf, 0x2e, 0x21, 0xae, 0x4a, 0x78, 0x13, 0x5b,
    0x70, 0x80,

    /* U+0122 "Ģ" */
    0x0, 0x2e, 0xfe, 0xc0, 0x4, 0xd4, 0xb5, 0x46,
    0xa0, 0x4, 0xc4, 0x15, 0xe8, 0x44, 0x60, 0xc0,
    0x12, 0x58, 0xb0, 0x8, 0x17, 0xfc, 0x8c, 0x2,
    0x5, 0xb6, 0xe, 0x60, 0xc0, 0x2, 0x20, 0x10,
    0x4c, 0x4a, 0xbc, 0xb0, 0x83, 0x52, 0x54, 0xc4,
    0x80, 0x4b, 0xb7, 0xce, 0x1, 0xc9, 0x40, 0x1f,
    0x1b, 0x0, 0x60,

    /* U+0123 "ģ" */
    0x0, 0xff, 0x4b, 0x0, 0x72, 0x20, 0x3, 0xa8,
    0x80, 0x23, 0xd8, 0x9b, 0x90, 0xd7, 0xc1, 0x40,
    0x51, 0xb3, 0x82, 0x3, 0x11, 0x0, 0x18, 0xc,
    0x40, 0x26, 0x4, 0x9, 0x27, 0x20, 0x1b, 0x4d,
    0xe4, 0x0, 0x26, 0xfc, 0xb8, 0x86, 0xb9, 0x29,
    0xe0, 0x4d, 0x6d, 0xc2, 0x0,

    /* U+0124 "Ĥ" */
    0x0, 0x9f, 0xd8, 0x3, 0x1c, 0xec, 0x10, 0x4,
    0x7c, 0x5c, 0x40, 0xf, 0x40, 0x9, 0xbc, 0x3,
    0xff, 0x9d, 0x7f, 0xf4, 0x80, 0x51, 0x99, 0x38,
    0x4, 0x67, 0xb8, 0x3, 0xff, 0x8a,

    /* U+0125 "ĥ" */
    0x7, 0xf6, 0x0, 0xc7, 0x3b, 0x6, 0x1, 0x1f,
    0x17, 0x18, 0x6, 0x2f, 0x20, 0xf, 0xfe, 0x1a,
    0x77, 0x1c, 0x3, 0x6e, 0x9a, 0x8, 0x2, 0x83,
    0x80, 0x70, 0x8, 0x40, 0x3f, 0xfa, 0x0,

    /* U+0126 "Ħ" */
    0xc, 0x90, 0x8, 0x7c, 0xc0, 0x3f, 0x9c, 0xdb,
    0xfe, 0xe0, 0xd7, 0x36, 0xff, 0xb8, 0x34, 0x0,
    0xdf, 0xf7, 0x0, 0x65, 0xcc, 0xac, 0x3, 0x19,
    0xe5, 0x0, 0xff, 0xe4, 0x0,

    /* U+0127 "ħ" */
    0xff, 0xb8, 0x2, 0xd0, 0xde, 0x0, 0xe4, 0xee,
    0x38, 0x5, 0xba, 0x68, 0x20, 0x4, 0x1c, 0x3,
    0x80, 0x4, 0x3, 0xff, 0x9a,

    /* U+0128 "Ĩ" */
    0xb, 0x86, 0x61, 0xe, 0xd3, 0x95, 0x2e, 0x8,
    0x3, 0xd0, 0x3, 0xff, 0xba,

    /* U+0129 "ĩ" */
    0x1c, 0xdc, 0x21, 0xcd, 0xc2, 0x2, 0xf2, 0x0,
    0xff, 0xe9, 0x80,

    /* U+012A "Ī" */
    0xff, 0x93, 0xfe, 0x40, 0xe, 0xf4, 0x0, 0xff,
    0xea, 0x80,

    /* U+012B "ī" */
    0x1f, 0xf8, 0x87, 0xfe, 0x20, 0x2f, 0x20, 0xf,
    0xfe, 0x98,

    /* U+012C "Ĭ" */
    0x1d, 0x9, 0x51, 0xbd, 0x5, 0x6, 0xd9, 0x0,
    0xbd, 0x0, 0x3f, 0xfb, 0xa0,

    /* U+012D "ĭ" */
    0x15, 0x5, 0x11, 0x66, 0xe0, 0x84, 0xec, 0x80,
    0xb, 0xc8, 0x3, 0xff, 0xa6,

    /* U+012E "Į" */
    0xf, 0x40, 0xf, 0xfe, 0x63, 0x9a, 0x55, 0x1,
    0x65, 0xc0,

    /* U+012F "į" */
    0x2, 0xe2, 0x2, 0x63, 0x2, 0x73, 0x0, 0xff,
    0xe6, 0xda, 0x90, 0x37, 0x0, 0x16, 0xd4,

    /* U+0130 "İ" */
    0xe, 0x40, 0x95, 0x7, 0x10, 0xf4, 0x0, 0xff,
    0xe6, 0x0,

    /* U+0131 "ı" */
    0x2f, 0x20, 0xf, 0xfe, 0x30,

    /* U+0132 "Ĳ" */
    0xf, 0x40, 0xc, 0x5e, 0x60, 0x1f, 0xfe, 0x2,
    0x0, 0xfc, 0x5a, 0x40, 0x10, 0x80, 0x44, 0x36,
    0x36, 0x24, 0x1, 0xb5, 0x79, 0x74, 0x0,

    /* U+0133 "ĳ" */
    0x2e, 0x22, 0x71, 0x93, 0x19, 0x31, 0x11, 0xcc,
    0x5c, 0x80, 0x3f, 0xfb, 0x5, 0xe4, 0x0, 0x10,
    0x9, 0xc0, 0xc0, 0x5, 0x10, 0x10,

    /* U+0134 "Ĵ" */
    0x0, 0xd9, 0xaa, 0x1, 0x92, 0x70, 0x80, 0x32,
    0x28, 0xb8, 0x7, 0x37, 0x80, 0x7f, 0xf5, 0x84,
    0xc0, 0x3c, 0xda, 0x1, 0x8, 0x1, 0x5, 0xd2,
    0xd0, 0x0, 0x73, 0x2b, 0x6b, 0x0, 0x0,

    /* U+0135 "ĵ" */
    0x8, 0xd8, 0x2, 0xfd, 0xe2, 0x22, 0xfa, 0x10,
    0x7, 0xff, 0x61, 0x40, 0x80, 0xe6, 0x0, 0x0,

    /* U+0136 "Ķ" */
    0xf, 0x40, 0x2, 0x7b, 0x80, 0x62, 0xb6, 0x70,
    0x8, 0x71, 0x64, 0x2, 0x1d, 0x2a, 0x0, 0xd0,
    0x62, 0x1, 0xed, 0x38, 0x0, 0xd2, 0x56, 0xe6,
    0x1, 0xca, 0xae, 0x0, 0xf5, 0x9c, 0x87, 0xa1,
    0x18, 0xf4, 0x80, 0x51, 0x60, 0x1e, 0x7a, 0x0,
    0x80,

    /* U+0137 "ķ" */
    0x2f, 0x20, 0xf, 0xfe, 0x1c, 0xf0, 0x80, 0x4e,
    0xec, 0x10, 0x2, 0xc5, 0x10, 0x5, 0x0, 0xc0,
    0x1a, 0xcf, 0x80, 0x33, 0x71, 0xc0, 0x6, 0x2a,
    0x73, 0x2f, 0x24, 0x5f, 0x30, 0x2, 0xc0, 0x7,
    0x65, 0x80, 0x40,

    /* U+0138 "ĸ" */
    0x2f, 0x20, 0x8e, 0x10, 0x8, 0xde, 0x84, 0x0,
    0x3c, 0xe8, 0x1, 0x61, 0xc0, 0x6, 0xc0, 0x70,
    0xc, 0x35, 0x6, 0x1, 0x91, 0xb4, 0x40,

    /* U+0139 "Ĺ" */
    0x4, 0xe0, 0xe, 0xda, 0x0, 0xe9, 0x40, 0xe,
    0xf4, 0x0, 0xff, 0xf2, 0x19, 0xe0, 0xa, 0x33,
    0x24,

    /* U+013A "ĺ" */
    0x6, 0xc0, 0x6, 0xf8, 0x2, 0xcc, 0xb, 0xc8,
    0x3, 0xff, 0xaa,

    /* U+013B "Ļ" */
    0xf, 0x40, 0xf, 0xff, 0x21, 0x9e, 0x0, 0xa3,
    0x32, 0x40, 0xff, 0x5f, 0xf9, 0x0, 0x7, 0x40,
    0x1c, 0xae, 0x1, 0x0,

    /* U+013C "ļ" */
    0x2f, 0x20, 0xf, 0xfe, 0x61, 0x59, 0x24, 0x86,
    0x28, 0x0,

    /* U+013D "Ľ" */
    0x0, 0x85, 0x0, 0x2f, 0x45, 0x80, 0xf, 0x30,
    0x7, 0x25, 0x0, 0x7f, 0xf5, 0xc, 0xf0, 0x5,
    0x19, 0x92, 0x0,

    /* U+013E "ľ" */
    0x0, 0x94, 0xb, 0xce, 0x80, 0x30, 0x80, 0x43,
    0xc0, 0x1f, 0xfd, 0x30,

    /* U+013F "Ŀ" */
    0xf, 0x50, 0xf, 0xfe, 0x4b, 0x68, 0x7, 0x2d,
    0x0, 0x71, 0xb8, 0x7, 0xfc, 0x46, 0x70, 0x5,
    0x19, 0x92, 0x0,

    /* U+0140 "ŀ" */
    0x2f, 0x20, 0xf, 0xfe, 0x1d, 0xa8, 0x4, 0xc4,
    0x1, 0x6b, 0x80, 0x7f, 0xf0, 0xc0,

    /* U+0141 "Ł" */
    0xa, 0xb0, 0xf, 0xfe, 0x11, 0x40, 0x4, 0x29,
    0xbe, 0x0, 0x54, 0xd, 0x70, 0x7, 0x82, 0x10,
    0x5, 0x4a, 0x1, 0xf3, 0x99, 0xc4, 0x0, 0x3c,
    0xca, 0x0,

    /* U+0142 "ł" */
    0x2, 0xf2, 0x0, 0xfe, 0xb1, 0x4, 0x4, 0x11,
    0x48, 0x78, 0xe, 0x80, 0x7f, 0xf1, 0x80,

    /* U+0143 "Ń" */
    0x0, 0xcd, 0xa0, 0x1f, 0x67, 0x0, 0x7d, 0x46,
    0x1, 0xbf, 0x0, 0x24, 0xf1, 0x0, 0x1b, 0x0,
    0x7c, 0xd2, 0x20, 0x1e, 0xc3, 0xb0, 0xf, 0xbd,
    0x50, 0x3, 0xc6, 0xd2, 0x1, 0xf4, 0x1e, 0x80,
    0x78, 0x6d, 0x80, 0x3e, 0x54, 0x0, 0x0,

    /* U+0144 "ń" */
    0x0, 0x8f, 0x0, 0x3a, 0x28, 0x3, 0xad, 0x80,
    0x5, 0xed, 0xdc, 0x70, 0xb, 0x31, 0x30, 0x40,
    0x9, 0x27, 0x7, 0x0, 0x8, 0x7, 0xff, 0x34,

    /* U+0145 "Ņ" */
    0xf, 0xc0, 0x9, 0x3c, 0x40, 0x6, 0xc0, 0x1f,
    0x34, 0x88, 0x7, 0xb0, 0xec, 0x3, 0xef, 0x54,
    0x0, 0xf1, 0xb4, 0x80, 0x7d, 0x7, 0xa0, 0x1e,
    0x1b, 0x60, 0xf, 0x95, 0x0, 0x2f, 0x50, 0x40,
    0xbf, 0x10, 0x9, 0x28, 0x3, 0xe3, 0x60, 0xc,

    /* U+0146 "ņ" */
    0x2f, 0x6e, 0xe3, 0x80, 0x59, 0x89, 0x82, 0x0,
    0x49, 0x38, 0x38, 0x0, 0x40, 0x3f, 0xf9, 0xa5,
    0xe4, 0x81, 0xea, 0x0, 0x3a, 0x0, 0xe5, 0x70,
    0x8,

    /* U+0147 "Ň" */
    0x0, 0x17, 0x17, 0x20, 0x6, 0x28, 0xd9, 0x40,
    0xe, 0x6f, 0x70, 0xd, 0xf8, 0x1, 0x27, 0x88,
    0x0, 0xd8, 0x3, 0xe6, 0x91, 0x0, 0xf6, 0x1d,
    0x80, 0x7d, 0xea, 0x80, 0x1e, 0x36, 0x90, 0xf,
    0xa0, 0xf4, 0x3, 0xc3, 0x6c, 0x1, 0xf2, 0xa0,
    0x0,

    /* U+0148 "ň" */
    0x1, 0x70, 0x63, 0x0, 0x8, 0x6e, 0x18, 0x4,
    0xfb, 0x40, 0x2, 0xf6, 0xee, 0x38, 0x5, 0x98,
    0x98, 0x20, 0x4, 0x93, 0x83, 0x80, 0x4, 0x3,
    0xff, 0x9a,

    /* U+014A "Ŋ" */
    0xf, 0xc0, 0x9, 0x3c, 0x40, 0x6, 0xc0, 0x1f,
    0x34, 0x88, 0x7, 0xb0, 0xec, 0x3, 0xef, 0x54,
    0x0, 0xf1, 0xb4, 0x80, 0x7d, 0x7, 0xa0, 0x1e,
    0x1b, 0x60, 0xf, 0x95, 0x0, 0xc3, 0xd4, 0x2,
    0x90, 0xf, 0x85, 0x0, 0xc0, 0x39, 0x25, 0x44,

    /* U+014B "ŋ" */
    0x2f, 0x6e, 0xe3, 0x80, 0x59, 0x89, 0x82, 0x0,
    0x49, 0x38, 0x38, 0x0, 0x40, 0x3f, 0xf9, 0xa5,
    0xe4, 0x1, 0xf9, 0x0, 0x38, 0xec, 0xd4,

    /* U+014C "Ō" */
    0x0, 0xbf, 0xe3, 0x0, 0xef, 0xf8, 0xc0, 0x3f,
    0xf8, 0x2b, 0xbf, 0xae, 0x1, 0x35, 0x25, 0x52,
    0x24, 0x1, 0x2f, 0x2a, 0xf6, 0xc4, 0x61, 0x20,
    0x12, 0xa, 0x30, 0x8, 0x6, 0x2e, 0x60, 0x10,
    0xc, 0x5c, 0x60, 0xc0, 0x12, 0xa, 0x4, 0xc4,
    0xab, 0xdb, 0x10, 0x35, 0x25, 0x52, 0x24, 0x0,

    /* U+014D "ō" */
    0x0, 0x7f, 0xc8, 0x1, 0x7f, 0xc8, 0x0, 0x2c,
    0xfd, 0x50, 0x6, 0x36, 0xd5, 0xd, 0x6, 0xc9,
    0xca, 0xc8, 0x44, 0x0, 0x72, 0x31, 0x10, 0x1,
    0x89, 0x46, 0xc9, 0xce, 0xc3, 0x1b, 0x6a, 0x86,

    /* U+014E "Ŏ" */
    0x0, 0xe, 0x4, 0xa0, 0x6, 0x1b, 0xd0, 0x40,
    0xe, 0x7d, 0x90, 0xe, 0x5d, 0xfd, 0x70, 0x9,
    0xa9, 0x2a, 0x91, 0x20, 0x9, 0x79, 0x57, 0xb6,
    0x23, 0x9, 0x0, 0x90, 0x51, 0x80, 0x40, 0x31,
    0x73, 0x0, 0x80, 0x62, 0xe3, 0x6, 0x0, 0x90,
    0x50, 0x26, 0x25, 0x5e, 0xd8, 0x81, 0xa9, 0x2a,
    0x91, 0x20,

    /* U+014F "ŏ" */
    0x1, 0xc0, 0x94, 0x0, 0xd, 0x68, 0x20, 0x4,
    0xdb, 0x20, 0x11, 0x67, 0xea, 0x80, 0x31, 0xb6,
    0xa8, 0x68, 0x36, 0x4e, 0x56, 0x42, 0x20, 0x3,
    0x91, 0x88, 0x80, 0xc, 0x4a, 0x36, 0x4e, 0x76,
    0x18, 0xdb, 0x54, 0x30,

    /* U+0150 "Ő" */
    0x0, 0xb5, 0x6a, 0x40, 0x31, 0x33, 0x8c, 0x80,
    0x62, 0xb2, 0xb0, 0xe, 0x5d, 0xfd, 0x70, 0x9,
    0xa9, 0x2a, 0x91, 0x20, 0x9, 0x79, 0x57, 0xb6,
    0x23, 0x9, 0x0, 0x90, 0x51, 0x80, 0x40, 0x31,
    0x73, 0x0, 0x80, 0x62, 0xe3, 0x6, 0x0, 0x90,
    0x50, 0x26, 0x25, 0x5e, 0xd8, 0x81, 0xa9, 0x2a,
    0x91, 0x20,

    /* U+0151 "ő" */
    0x0, 0x52, 0xc4, 0x0, 0x4, 0x8e, 0xd2, 0x0,
    0x2e, 0x2e, 0x10, 0x1, 0x67, 0xea, 0x80, 0x31,
    0xb6, 0xa8, 0x68, 0x36, 0x4e, 0x56, 0x42, 0x20,
    0x3, 0x91, 0x88, 0x80, 0xc, 0x4a, 0x36, 0x4e,
    0x76, 0x18, 0xdb, 0x54, 0x30,

    /* U+0152 "Œ" */
    0x0, 0x2e, 0x7f, 0xfc, 0xa0, 0xd4, 0x97, 0x41,
    0x59, 0x92, 0x4, 0xc4, 0x11, 0xc1, 0xcc, 0xe1,
    0x30, 0x60, 0xf, 0xe6, 0x1, 0x0, 0xdb, 0xff,
    0x3, 0x0, 0x80, 0x6a, 0xcc, 0x80, 0xc1, 0x80,
    0x33, 0x99, 0xc0, 0x9, 0x87, 0x37, 0x7, 0x33,
    0x84, 0x1a, 0xa9, 0x94, 0x15, 0x99, 0x38,

    /* U+0153 "œ" */
    0x2, 0xcf, 0xd5, 0x3c, 0xfc, 0x30, 0x6, 0x36,
    0xd5, 0x31, 0x71, 0x74, 0x10, 0x6c, 0x9c, 0x1,
    0x27, 0x22, 0x84, 0x22, 0x0, 0xdd, 0xd0, 0x11,
    0x88, 0x80, 0x37, 0xfd, 0xcc, 0xa3, 0x64, 0xe0,
    0x9, 0x37, 0xc1, 0xc, 0x6d, 0xaa, 0x62, 0x6d,
    0xc0, 0x80,

    /* U+0154 "Ŕ" */
    0x0, 0x87, 0xc8, 0x3, 0x9e, 0x8, 0x3, 0x99,
    0xc0, 0x37, 0xfe, 0xc2, 0x0, 0xa3, 0x2c, 0x3c,
    0x2, 0x33, 0x24, 0x10, 0x80, 0x61, 0xd1, 0x10,
    0x2, 0xff, 0x9e, 0x80, 0x29, 0xc4, 0x24, 0x0,
    0x88, 0xe0, 0xd0, 0x3, 0x8c, 0xde, 0x1, 0xe8,
    0x43,

    /* U+0155 "ŕ" */
    0x0, 0x26, 0x0, 0x5f, 0x20, 0x15, 0xa8, 0x17,
    0xbf, 0x30, 0x3, 0x35, 0xc0, 0x10, 0x62, 0x0,
    0x10, 0xf, 0xfe, 0x28,

    /* U+0156 "Ŗ" */
    0xf, 0xfd, 0x84, 0x1, 0x46, 0x58, 0x78, 0x4,
    0x66, 0x48, 0x21, 0x0, 0xc3, 0xa2, 0x20, 0x5,
    0xff, 0x3d, 0x0, 0x53, 0x88, 0x48, 0x1, 0x11,
    0xc1, 0xa0, 0x7, 0x19, 0xbc, 0x3, 0xd0, 0x86,
    0x1e, 0x86, 0x49, 0xe6, 0x1, 0x73, 0x80, 0x78,
    0xd4, 0x2,

    /* U+0157 "ŗ" */
    0x2f, 0x7e, 0x60, 0x6, 0x6b, 0x80, 0x20, 0xc4,
    0x0, 0x20, 0x1f, 0xfc, 0x52, 0xb2, 0x0, 0x24,
    0x80, 0x58, 0xa0, 0x10,

    /* U+0158 "Ř" */
    0x0, 0x62, 0xd4, 0x0, 0x6e, 0xb6, 0x80, 0xc,
    0x5d, 0x80, 0x1b, 0xff, 0x61, 0x0, 0x51, 0x96,
    0x1e, 0x1, 0x19, 0x92, 0x8, 0x40, 0x30, 0xe8,
    0x88, 0x1, 0x7f, 0xcf, 0x40, 0x14, 0xe2, 0x12,
    0x0, 0x44, 0x70, 0x68, 0x1, 0xc6, 0x6f, 0x0,
    0xf4, 0x21, 0x80,

    /* U+0159 "ř" */
    0x17, 0x6, 0x31, 0xd, 0xc3, 0x7, 0xda, 0x2,
    0xf7, 0xe6, 0x0, 0x66, 0xb8, 0x2, 0xc, 0x40,
    0x2, 0x1, 0xff, 0xc5,

    /* U+015A "Ś" */
    0x0, 0x87, 0xcc, 0x3, 0x9d, 0xc6, 0x1, 0xcd,
    0x0, 0x18, 0xaf, 0xfd, 0x42, 0x0, 0xf7, 0xba,
    0x7a, 0x1, 0x28, 0x45, 0xfc, 0x1, 0x28, 0x40,
    0x27, 0x0, 0x62, 0x57, 0xd0, 0x80, 0x6, 0x3b,
    0x7, 0x0, 0xa4, 0x0, 0x7e, 0x42, 0x6d, 0x48,
    0xb0, 0x42, 0x2c, 0x6b, 0xa7, 0xf0,

    /* U+015B "ś" */
    0x0, 0xa2, 0x0, 0x19, 0xa4, 0x3, 0x70, 0x80,
    0x17, 0x7e, 0xc4, 0xaa, 0xf8, 0x64, 0x0, 0x21,
    0x50, 0x53, 0x5d, 0x86, 0xd, 0xbc, 0xfc, 0x7e,
    0x86, 0x2, 0x71, 0x5a, 0xfc,

    /* U+015C "Ŝ" */
    0x0, 0x1e, 0xe0, 0x80, 0x64, 0xf8, 0x40, 0xc,
    0xe4, 0x8a, 0x1, 0x15, 0xff, 0xa8, 0x40, 0x1e,
    0xf7, 0x4f, 0x40, 0x25, 0x8, 0xbf, 0x80, 0x25,
    0x8, 0x4, 0xe0, 0xc, 0x4a, 0xfa, 0x10, 0x0,
    0xc7, 0x60, 0xe0, 0x14, 0x80, 0xf, 0xc8, 0x4d,
    0xa9, 0x16, 0x8, 0x45, 0x8d, 0x74, 0xfe, 0x0,

    /* U+015D "ŝ" */
    0x0, 0x57, 0x98, 0x1, 0x99, 0x9c, 0x20, 0xd8,
    0x7a, 0x20, 0xbb, 0xf6, 0x25, 0x57, 0xc3, 0x20,
    0x1, 0xa, 0x82, 0x9a, 0xec, 0x30, 0x6d, 0xe7,
    0xe3, 0xf4, 0x30, 0x13, 0x8a, 0xd7, 0xe0,

    /* U+015E "Ş" */
    0x2, 0xbf, 0xf5, 0x8, 0x3, 0xde, 0xe9, 0xe8,
    0x4, 0xa1, 0x17, 0xf0, 0x4, 0xa1, 0x0, 0x9c,
    0x1, 0x89, 0x5f, 0x42, 0x0, 0x18, 0xec, 0x1c,
    0x2, 0x90, 0x1, 0xf9, 0x9, 0xb5, 0x22, 0xc1,
    0x8, 0xb1, 0xae, 0x9f, 0xc0, 0x7, 0x8e, 0xd6,
    0x40, 0x1a, 0x1, 0x0, 0x3a, 0x15, 0x40, 0x0,

    /* U+015F "ş" */
    0x5, 0xdf, 0xb1, 0x2a, 0xbe, 0x19, 0x0, 0x8,
    0x54, 0x14, 0xd7, 0x61, 0x83, 0x6f, 0x3f, 0x1f,
    0xa1, 0x80, 0x9c, 0x56, 0xbf, 0x3, 0xf9, 0xf9,
    0x0, 0x7, 0xe4, 0x2, 0x4f, 0xc0,

    /* U+0160 "Š" */
    0x0, 0x10, 0x0, 0x80, 0x34, 0xbd, 0xa8, 0x6,
    0xaa, 0x3, 0x80, 0x61, 0xdb, 0x0, 0xc5, 0x7f,
    0xeb, 0x20, 0x7, 0xbd, 0xd8, 0x3c, 0x4, 0xa1,
    0x11, 0x7a, 0x2, 0x50, 0x80, 0x1d, 0x89, 0x5f,
    0x42, 0x0, 0x18, 0xec, 0x1c, 0x3, 0xb0, 0x1,
    0xf9, 0x9, 0x2d, 0xa2, 0xc1, 0x8, 0xb4, 0x2e,
    0x9f, 0xc0,

    /* U+0161 "š" */
    0x6, 0xc3, 0xe1, 0x6, 0x66, 0x68, 0x80, 0x2b,
    0xcc, 0x0, 0xbb, 0xf6, 0x25, 0x57, 0xc3, 0x20,
    0x1, 0xa, 0x82, 0x9a, 0xec, 0x30, 0x6d, 0xe7,
    0xe3, 0xf4, 0x30, 0x13, 0x8a, 0xd7, 0xe0,

    /* U+0162 "Ţ" */
    0x7f, 0xff, 0x2b, 0x66, 0xd, 0x73, 0x8, 0x26,
    0x60, 0x33, 0x84, 0x3, 0xff, 0xbe, 0x26, 0x1,
    0xea, 0x20, 0xf, 0x39, 0x20, 0x7, 0x43, 0x30,
    0x0,

    /* U+0163 "ţ" */
    0xe, 0x50, 0x7, 0xd, 0x50, 0x3c, 0x66, 0xc0,
    0x40, 0xc4, 0x3, 0xff, 0x80, 0x78, 0x20, 0x8,
    0x6a, 0x0, 0x29, 0xf0, 0x5, 0x90, 0x0, 0x1b,
    0x60,

    /* U+0164 "Ť" */
    0x0, 0x5b, 0x4c, 0x80, 0x35, 0x42, 0x48, 0x6,
    0x1e, 0xd0, 0x9, 0xff, 0xfc, 0xad, 0x98, 0x35,
    0xcc, 0x20, 0x99, 0x80, 0xce, 0x10, 0xf, 0xff,
    0x20,

    /* U+0165 "ť" */
    0x0, 0x94, 0x40, 0x2a, 0x0, 0x5a, 0x8, 0x81,
    0x47, 0x83, 0x86, 0xa8, 0x1e, 0x33, 0x60, 0x20,
    0x62, 0x1, 0xff, 0xc0, 0x3c, 0x10, 0x4, 0x3d,
    0x0,

    /* U+0166 "Ŧ" */
    0x7f, 0xff, 0x2b, 0x66, 0xd, 0x73, 0x8, 0x26,
    0x60, 0x33, 0x84, 0x3, 0xf9, 0xf8, 0xdb, 0x94,
    0x0, 0xfe, 0x49, 0xea, 0x1, 0x8, 0x88, 0x40,
    0x3f, 0xf8, 0xc0,

    /* U+0167 "ŧ" */
    0x7, 0x20, 0x4, 0xb8, 0x70, 0xd5, 0x3c, 0x66,
    0xf4, 0x66, 0x34, 0x66, 0x4, 0xc, 0x40, 0xf0,
    0x42, 0x1e, 0x80,

    /* U+0168 "Ũ" */
    0x0, 0xe, 0xb4, 0x98, 0x4, 0xb4, 0x2a, 0x60,
    0x12, 0x3b, 0xb0, 0x2, 0xf4, 0x0, 0x9b, 0x80,
    0x3f, 0xfb, 0xa3, 0x80, 0x16, 0x18, 0x33, 0xc2,
    0xc2, 0xd8, 0x44, 0x1a, 0x96, 0x58,

    /* U+0169 "ũ" */
    0x0, 0x66, 0xe1, 0x80, 0x59, 0xb8, 0x60, 0x5e,
    0x40, 0xf, 0x50, 0xf, 0xfe, 0x49, 0x80, 0x80,
    0x61, 0x14, 0x1c, 0x80, 0x54, 0xbb, 0xe2, 0x0,

    /* U+016A "Ū" */
    0x0, 0x1f, 0xfc, 0x20, 0x11, 0xff, 0xc2, 0x1,
    0xfe, 0xf4, 0x0, 0x9b, 0x80, 0x3f, 0xfb, 0xa3,
    0x80, 0x16, 0x18, 0x33, 0xc2, 0xc2, 0xd8, 0x44,
    0x1a, 0x96, 0x58,

    /* U+016B "ū" */
    0x0, 0x7f, 0xc6, 0x1, 0x7f, 0xc6, 0x5, 0xe4,
    0x0, 0xf5, 0x0, 0xff, 0xe4, 0x98, 0x8, 0x6,
    0x11, 0x41, 0xc8, 0x5, 0x4b, 0xbe, 0x20,

    /* U+016C "Ŭ" */
    0x0, 0x1d, 0x6, 0x8, 0x4, 0x65, 0xb6, 0x20,
    0x1a, 0x35, 0xc0, 0x2f, 0x40, 0x9, 0xb8, 0x3,
    0xff, 0xba, 0x38, 0x1, 0x61, 0x83, 0x3c, 0x2c,
    0x2d, 0x84, 0x41, 0xa9, 0x65, 0x80,

    /* U+016D "ŭ" */
    0x0, 0x30, 0x21, 0x0, 0x5d, 0xbc, 0x40, 0x14,
    0x6d, 0x0, 0xb, 0xc8, 0x1, 0xea, 0x1, 0xff,
    0xc9, 0x30, 0x10, 0xc, 0x22, 0x83, 0x90, 0xa,
    0x97, 0x7c, 0x40,

    /* U+016E "Ů" */
    0x0, 0xa3, 0x18, 0x3, 0x97, 0x20, 0x3, 0x97,
    0x20, 0x3, 0xa3, 0x18, 0x2, 0xf4, 0x0, 0x9b,
    0x80, 0x3f, 0xfb, 0xa3, 0x80, 0x16, 0x18, 0x33,
    0xc2, 0xc2, 0xd8, 0x44, 0x1a, 0x96, 0x58,

    /* U+016F "ů" */
    0x0, 0x26, 0x38, 0x6, 0x9d, 0xb1, 0x0, 0xff,
    0x4e, 0xd8, 0x81, 0x7b, 0x63, 0xfa, 0x80, 0x7f,
    0xf2, 0x4c, 0x4, 0x3, 0x8, 0xa0, 0xe4, 0x2,
    0xa5, 0xdf, 0x10,

    /* U+0170 "Ű" */
    0x0, 0xbc, 0xf1, 0x80, 0x24, 0x67, 0x66, 0x0,
    0x49, 0x29, 0x40, 0x17, 0xa0, 0x4, 0xdc, 0x1,
    0xff, 0xdd, 0x1c, 0x0, 0xb0, 0xc1, 0x9e, 0x16,
    0x16, 0xc2, 0x20, 0xd4, 0xb2, 0xc0,

    /* U+0171 "ű" */
    0x0, 0x52, 0xc4, 0x0, 0x4, 0x8e, 0xd2, 0x0,
    0x2e, 0x2e, 0x10, 0x2f, 0x20, 0x7, 0xa8, 0x7,
    0xff, 0x24, 0xc0, 0x40, 0x30, 0x8a, 0xe, 0x40,
    0x2a, 0x5d, 0xf1, 0x0,

    /* U+0172 "Ų" */
    0xf, 0x40, 0x9, 0xb8, 0x3, 0xff, 0xb6, 0x20,
    0x38, 0x1, 0x60, 0x1, 0x9e, 0x16, 0x14, 0x42,
    0x20, 0xd4, 0xe1, 0xc0, 0x7, 0xf3, 0x9f, 0x0,
    0xd2, 0xec, 0x1, 0xd8, 0xb6, 0x0,

    /* U+0173 "ų" */
    0x2f, 0x20, 0x7, 0xa8, 0x7, 0xff, 0x24, 0xc0,
    0x40, 0x30, 0x8a, 0xe, 0x40, 0x2a, 0x5d, 0xf0,
    0x30, 0x4e, 0xe0, 0x9b, 0x0, 0x6b, 0xb0, 0x7,
    0x5c, 0x40,

    /* U+0174 "Ŵ" */
    0x0, 0xed, 0xd0, 0x80, 0x7e, 0xa5, 0xab, 0x0,
    0xfd, 0x50, 0xf4, 0x1, 0xa7, 0x40, 0x2d, 0xd0,
    0x5, 0x93, 0xa4, 0x20, 0x24, 0x41, 0x0, 0x1e,
    0x20, 0x20, 0x21, 0x11, 0x1, 0x1, 0x0, 0xf4,
    0x31, 0x11, 0x81, 0x86, 0x20, 0x88, 0x4, 0xfc,
    0x40, 0x44, 0x0, 0x30, 0xc8, 0x8e, 0x84, 0x43,
    0xc0, 0x2, 0x5, 0x10, 0x88, 0xa8, 0x10, 0x2,
    0x46, 0x40, 0x2, 0x31, 0x80, 0x6c, 0x1c, 0x0,
    0x60, 0xd8, 0x0,

    /* U+0175 "ŵ" */
    0x0, 0xcc, 0xc0, 0xf, 0xa7, 0xf2, 0x0, 0x3d,
    0x32, 0xa8, 0x0, 0xa3, 0x0, 0x19, 0x60, 0xe,
    0x7c, 0x31, 0x3, 0x40, 0x11, 0x2a, 0x2, 0x20,
    0xc8, 0xd0, 0x48, 0x13, 0x71, 0x12, 0xc7, 0x0,
    0x6a, 0x23, 0x32, 0x4c, 0x0, 0x21, 0x92, 0x21,
    0x49, 0x0, 0x4, 0x45, 0x1, 0x23, 0x10,

    /* U+0176 "Ŷ" */
    0x0, 0xaf, 0x48, 0x3, 0x9c, 0x67, 0x80, 0x39,
    0xe9, 0x30, 0x2, 0x6f, 0x20, 0xb, 0x30, 0xc,
    0x72, 0x0, 0x53, 0xf0, 0x7, 0xa2, 0x2, 0xd8,
    0xc0, 0x6, 0xb2, 0xe1, 0x0, 0x1a, 0xca, 0x20,
    0x20, 0x18, 0x5c, 0x58, 0x3, 0xde, 0x60, 0x1f,
    0xfc, 0xa0,

    /* U+0177 "ŷ" */
    0x0, 0x14, 0x8, 0x6, 0xf2, 0xa0, 0x8, 0xee,
    0xb4, 0x82, 0x79, 0x81, 0xb1, 0xe8, 0x88, 0x6,
    0x2c, 0x64, 0xa1, 0x66, 0x20, 0xb6, 0xb, 0x40,
    0xb, 0x34, 0x27, 0x0, 0x19, 0x42, 0x8, 0x4,
    0xa7, 0xa0, 0x1b, 0x41, 0xc0, 0x23, 0x95, 0x10,
    0x0, 0xe0, 0x58, 0x4,

    /* U+0178 "Ÿ" */
    0x0, 0x53, 0x97, 0x8, 0x6, 0xe4, 0x39, 0x10,
    0xc, 0x86, 0x2e, 0x1, 0x37, 0x90, 0x5, 0x98,
    0x6, 0x39, 0x0, 0x29, 0xf8, 0x3, 0xd1, 0x1,
    0x6c, 0x60, 0x3, 0x59, 0x70, 0x80, 0xd, 0x65,
    0x10, 0x10, 0xc, 0x2e, 0x2c, 0x1, 0xef, 0x30,
    0xf, 0xfe, 0x50,

    /* U+0179 "Ź" */
    0x0, 0x87, 0xc8, 0x3, 0x3c, 0x10, 0x6, 0x67,
    0x0, 0x27, 0xff, 0x93, 0x33, 0xb, 0x1, 0x9d,
    0x67, 0x20, 0x11, 0xbf, 0x0, 0x6e, 0x63, 0x0,
    0xa0, 0x24, 0x2, 0x37, 0xe0, 0xd, 0xca, 0x6,
    0x62, 0x42, 0x5c, 0xcb, 0x40,

    /* U+017A "ź" */
    0x0, 0x9e, 0x40, 0x34, 0xd8, 0x6, 0xe2, 0x2,
    0xff, 0xda, 0x59, 0x8b, 0x5, 0x3, 0x37, 0x1c,
    0x0, 0x19, 0x78, 0x0, 0x53, 0x22, 0x0, 0x79,
    0xa9, 0x99, 0x8, 0xf3, 0x20,

    /* U+017B "Ż" */
    0x0, 0xb1, 0xc0, 0x3a, 0x90, 0x3, 0x98, 0xc0,
    0x9, 0xff, 0xe4, 0xcc, 0xc2, 0xc0, 0x67, 0x59,
    0xc8, 0x4, 0x6f, 0xc0, 0x1b, 0x98, 0xc0, 0x28,
    0x9, 0x0, 0x8d, 0xf8, 0x3, 0x72, 0x81, 0x98,
    0x90, 0x97, 0x32, 0xd0,

    /* U+017C "ż" */
    0x0, 0x2e, 0x80, 0x67, 0xa0, 0x1, 0x7e, 0xc7,
    0xe9, 0x66, 0x2c, 0x14, 0xc, 0xdc, 0x70, 0x0,
    0x65, 0xe0, 0x1, 0x4c, 0x88, 0x1, 0xe6, 0xa6,
    0x64, 0x23, 0xcc, 0x80,

    /* U+017D "Ž" */
    0x0, 0x62, 0xd4, 0x0, 0x5d, 0x6d, 0x0, 0x11,
    0x76, 0x0, 0x13, 0xff, 0xc9, 0x99, 0x85, 0x80,
    0xce, 0xb3, 0x90, 0x8, 0xdf, 0x80, 0x37, 0x31,
    0x80, 0x50, 0x12, 0x1, 0x1b, 0xf0, 0x6, 0xe5,
    0x3, 0x31, 0x21, 0x2e, 0x65, 0xa0,

    /* U+017E "ž" */
    0x3, 0x50, 0x71, 0x3, 0xed, 0x11, 0x0, 0x2f,
    0x58, 0xb, 0xff, 0x69, 0x66, 0x2c, 0x14, 0xc,
    0xdc, 0x70, 0x0, 0x65, 0xe0, 0x1, 0x4c, 0x88,
    0x1, 0xe6, 0xa6, 0x64, 0x23, 0xcc, 0x80,

    /* U+017F "ſ" */
    0x7, 0xeb, 0x18, 0x99, 0x18, 0x29, 0x0, 0x7f,
    0xf3, 0x0,

    /* U+2014 "—" */
    0xff, 0xff, 0xe0, 0x6e, 0xff, 0xf0, 0x0,

    /* U+2026 "…" */
    0xa, 0x50, 0x2c, 0x10, 0x69, 0x7, 0x20, 0x12,
    0x30, 0xe5,

    /* U+F001 "" */
    0x0, 0xff, 0x9, 0x0, 0x7c, 0x6f, 0x9d, 0xa0,
    0x19, 0x67, 0xb2, 0xc, 0x3, 0xba, 0x98, 0x40,
    0x3f, 0x8, 0x4, 0x4f, 0x6e, 0x1, 0xc5, 0x1b,
    0xa8, 0x40, 0xf, 0x2b, 0x90, 0x7, 0xff, 0x35,
    0xed, 0x40, 0x4, 0x60, 0x19, 0xa1, 0x8, 0x2b,
    0x70, 0x3, 0x20, 0x80, 0x19, 0x0, 0x2e, 0x0,
    0x17, 0x6f, 0x4e, 0x32, 0xc3, 0x0, 0x62, 0x10,

    /* U+F008 "" */
    0xb4, 0xdf, 0xff, 0x6a, 0x5a, 0xe1, 0xc6, 0xee,
    0x83, 0xc5, 0x28, 0x22, 0xf0, 0x94, 0x11, 0xe1,
    0x98, 0x47, 0x8f, 0xc, 0xd8, 0x73, 0xdd, 0xa1,
    0x30, 0xcd, 0x87, 0x3d, 0xda, 0x13, 0xc, 0xd8,
    0x66, 0x11, 0xe3, 0xc3, 0x28, 0x22, 0xf0, 0x94,
    0x12, 0xe1, 0xc6, 0xee, 0x83, 0xc5,

    /* U+F00B "" */
    0xdf, 0xf3, 0x4f, 0xff, 0xb4, 0x80, 0x1c, 0xa0,
    0x1e, 0x21, 0x0, 0x73, 0x0, 0x78, 0x7f, 0x35,
    0xab, 0x33, 0xdf, 0xd9, 0xaf, 0x79, 0x9e, 0xe0,
    0xb, 0xdc, 0x3, 0xfd, 0xee, 0x1, 0xf7, 0x66,
    0xbd, 0xe6, 0x7b, 0xbf, 0x35, 0xab, 0x33, 0xde,
    0x20, 0xe, 0x60, 0xf, 0x9, 0x0, 0x39, 0x80,
    0x3c, 0x40,

    /* U+F00C "" */
    0x0, 0xfe, 0x3d, 0x40, 0xf, 0xc7, 0x85, 0x40,
    0x1f, 0x1e, 0x0, 0x29, 0x34, 0xc0, 0x23, 0xc0,
    0x5, 0xa5, 0x16, 0x18, 0x1e, 0x0, 0x2d, 0x2,
    0x80, 0x18, 0xd8, 0x0, 0xb4, 0x0, 0x25, 0x80,
    0x24, 0x1, 0x68, 0x1, 0x92, 0xc0, 0x2b, 0x40,
    0xf, 0x26, 0x16, 0x20, 0x7, 0x0,

    /* U+F00D "" */
    0x14, 0x0, 0xc4, 0x40, 0xcb, 0x70, 0x2, 0x6e,
    0x85, 0x2, 0x1d, 0x2c, 0x8, 0x65, 0x42, 0x2c,
    0xb, 0x0, 0x14, 0x80, 0x1, 0xc1, 0x0, 0x22,
    0x0, 0x2, 0xc0, 0x4, 0xb0, 0x25, 0x8, 0x70,
    0xa0, 0x2c, 0xa5, 0x8, 0x2b, 0x4c, 0x10, 0xa6,
    0x61, 0x0,

    /* U+F011 "" */
    0x0, 0xe7, 0x70, 0x7, 0xc6, 0x41, 0x10, 0x2,
    0x40, 0x9, 0x73, 0x80, 0x37, 0x5a, 0x80, 0xd0,
    0x40, 0x6, 0x90, 0xa1, 0x60, 0x74, 0x0, 0xca,
    0xe0, 0xd8, 0x14, 0x1, 0xea, 0xc, 0x70, 0x30,
    0x0, 0x88, 0x0, 0x60, 0xec, 0xa, 0x0, 0xff,
    0x0, 0x14, 0x1b, 0xc3, 0xc0, 0x2, 0x20, 0x7,
    0x86, 0x29, 0x25, 0x8, 0x0, 0x69, 0x9, 0x83,
    0xc9, 0x7b, 0x31, 0xca, 0x5e, 0x0, 0x2d, 0x71,
    0x33, 0xb, 0x61, 0x0, 0x68, 0xee, 0xd2, 0x20,
    0x0,

    /* U+F013 "" */
    0x0, 0xc2, 0x88, 0x10, 0xf, 0xcd, 0x76, 0x60,
    0xe, 0x34, 0x3a, 0x0, 0x51, 0xa1, 0x80, 0x36,
    0xf0, 0x80, 0x5, 0x97, 0xa0, 0xc2, 0x1, 0x22,
    0x0, 0x21, 0x67, 0x40, 0x4, 0x5d, 0xa0, 0x0,
    0x8e, 0x38, 0x0, 0x50, 0x2, 0x80, 0x30, 0x45,
    0x80, 0x5, 0x0, 0x28, 0x3, 0x5, 0xd0, 0x1,
    0x17, 0x68, 0x0, 0x23, 0xb0, 0x80, 0x48, 0x80,
    0x8, 0x58, 0x36, 0xf4, 0xc0, 0x7, 0xb9, 0xa0,
    0x3, 0x42, 0xb0, 0x5, 0x91, 0x98, 0x3, 0x9e,
    0xec, 0xc0, 0x18,

    /* U+F015 "" */
    0x0, 0xf3, 0x98, 0x1c, 0x18, 0x7, 0x87, 0x63,
    0x19, 0x1d, 0x0, 0x38, 0xfc, 0xe9, 0x66, 0x40,
    0x1e, 0x6c, 0x3d, 0xef, 0x81, 0x0, 0xe9, 0x92,
    0x77, 0x12, 0xbe, 0x82, 0x4c, 0x2d, 0x99, 0xd8,
    0x40, 0x7, 0xec, 0xc, 0x4c, 0x9f, 0xa0, 0xe,
    0x4e, 0xc5, 0x53, 0xb5, 0x0, 0x7c, 0x4d, 0x42,
    0x1, 0xcb, 0xfa, 0x1, 0xff, 0xca, 0x60, 0x1,
    0x1, 0x80, 0x4e, 0x0,

    /* U+F019 "" */
    0x0, 0xc4, 0xee, 0x20, 0xf, 0xcb, 0x10, 0x50,
    0xf, 0xde, 0x0, 0xf0, 0xf, 0xfe, 0x96, 0xfb,
    0x80, 0x1f, 0xf4, 0x3, 0x48, 0x7, 0xa4, 0x3,
    0x25, 0x80, 0x6b, 0x40, 0x1, 0x19, 0x9e, 0x80,
    0x14, 0xe6, 0x62, 0xdc, 0xcb, 0xee, 0xdf, 0x99,
    0x68, 0x6, 0x58, 0x82, 0x80, 0x7f, 0x19, 0x82,
    0x8d, 0xc1, 0x95, 0x7e, 0xf6, 0x27,

    /* U+F01C "" */
    0x0, 0x27, 0xff, 0xd6, 0x1, 0x86, 0x89, 0xdf,
    0x99, 0x20, 0x2, 0xb1, 0xf8, 0x8e, 0x95, 0x73,
    0x5, 0x54, 0x10, 0x7, 0xac, 0x78, 0x2c, 0x3e,
    0x18, 0x2, 0x28, 0x95, 0x26, 0x10, 0x77, 0x49,
    0x80, 0x25, 0xdc, 0x81, 0xc0, 0x1d, 0x9f, 0xe4,
    0x0, 0xff, 0xe3, 0x7a, 0x0, 0x7f, 0xf0, 0xc,

    /* U+F021 "" */
    0x0, 0xe1, 0x10, 0x4, 0xb2, 0x0, 0x19, 0xee,
    0xb5, 0xc3, 0x18, 0xf, 0xd8, 0xd5, 0x82, 0x38,
    0x80, 0x1a, 0x33, 0xb5, 0x3b, 0x42, 0x80, 0xe3,
    0xc, 0x0, 0x3f, 0xa0, 0x8, 0x59, 0xc0, 0x21,
    0x55, 0xcc, 0xc9, 0x0, 0xc5, 0x55, 0xa6, 0xab,
    0x88, 0x3, 0x53, 0x2a, 0xc8, 0xa2, 0x1, 0x3a,
    0x88, 0x5, 0x7e, 0x60, 0x7, 0x81, 0x70, 0x41,
    0xad, 0x9a, 0xd8, 0x1d, 0x0, 0xf, 0x39, 0xb2,
    0x9b, 0x79, 0x83, 0x78, 0x47, 0x76, 0x91, 0x0,
    0x0,

    /* U+F026 "" */
    0x0, 0xc5, 0x40, 0x11, 0x62, 0xbc, 0x43, 0x4,
    0x21, 0xdc, 0x20, 0x1f, 0xfc, 0x22, 0x0, 0xed,
    0xff, 0x40, 0x7, 0x3c, 0x0, 0x73, 0xf0,

    /* U+F027 "" */
    0x0, 0xc5, 0x40, 0x1e, 0x2c, 0x50, 0x9, 0xe2,
    0x18, 0x20, 0x3, 0x8, 0x77, 0x8, 0x5, 0x14,
    0x1, 0xf4, 0x28, 0x7, 0xd2, 0xa4, 0x1, 0xee,
    0xad, 0xff, 0x38, 0x4, 0x80, 0x1a, 0x1c, 0x3,
    0xf4, 0x70, 0x4,

    /* U+F028 "" */
    0x0, 0xff, 0xe5, 0xb6, 0x90, 0x7, 0x8a, 0x80,
    0x2, 0xeb, 0x82, 0x1, 0x8b, 0x14, 0x0, 0xd9,
    0x4b, 0x0, 0xf1, 0xc, 0x10, 0x1, 0xbb, 0xa6,
    0x18, 0x21, 0xdc, 0x20, 0x14, 0x55, 0xa1, 0x9,
    0x80, 0x7d, 0xa, 0x22, 0x22, 0x30, 0x7, 0xd0,
    0xa2, 0x22, 0x23, 0x10, 0x7, 0xa2, 0xad, 0x8,
    0x4f, 0x7f, 0xd0, 0x1, 0x1b, 0xba, 0x61, 0x80,
    0x33, 0xc0, 0x4, 0xd9, 0x6b, 0x0, 0x1c, 0xfc,
    0x0, 0x17, 0x4c, 0x10, 0xf, 0x8, 0x4, 0xda,
    0x40, 0x0,

    /* U+F03E "" */
    0xbf, 0xff, 0xf5, 0xa1, 0x52, 0x0, 0x7c, 0x81,
    0xb, 0x40, 0x18, 0x40, 0x37, 0xc, 0x80, 0x53,
    0xe6, 0x1, 0x27, 0x20, 0x2, 0x58, 0x74, 0x80,
    0x29, 0xc6, 0x96, 0x0, 0xa, 0x80, 0x19, 0x81,
    0x2c, 0x1, 0xf2, 0xc4, 0x7e, 0x40, 0x43, 0x77,
    0xfc, 0x68,

    /* U+F043 "" */
    0x0, 0x89, 0x0, 0x3e, 0xeb, 0x10, 0xe, 0x23,
    0x6, 0x0, 0xe8, 0x0, 0x48, 0x6, 0x45, 0x0,
    0xc, 0x0, 0x54, 0x1, 0x9c, 0xc2, 0x4, 0x3,
    0xbc, 0x18, 0x3, 0xc6, 0x42, 0xc6, 0x1, 0xc2,
    0x4b, 0x20, 0x1c, 0x56, 0x7f, 0x88, 0x0, 0x51,
    0x67, 0x5c, 0x40, 0x4a, 0x0, 0x46, 0xcc, 0x5d,
    0x80, 0x0,

    /* U+F048 "" */
    0x58, 0x0, 0xc6, 0xb8, 0xe2, 0x0, 0x5c, 0xb0,
    0xc, 0xd4, 0x1, 0xcf, 0x20, 0x1d, 0x10, 0x0,
    0xf3, 0x0, 0x7c, 0x20, 0x1f, 0x61, 0x0, 0x78,
    0xf4, 0xc0, 0x3e, 0xc4, 0x0, 0x8, 0x8, 0x2,
    0xd9, 0x63, 0xc0, 0x34, 0xd8,

    /* U+F04B "" */
    0x46, 0x0, 0xfe, 0xb9, 0xd4, 0x0, 0xfe, 0x2b,
    0xa1, 0x0, 0xfe, 0x5e, 0x70, 0xf, 0xf4, 0x6a,
    0x80, 0x7f, 0x15, 0x58, 0x80, 0x7f, 0x23, 0x80,
    0x7f, 0x23, 0x80, 0x7c, 0x57, 0x61, 0x0, 0xf4,
    0x6a, 0x0, 0x79, 0x79, 0xc0, 0x3c, 0x57, 0x42,
    0x1, 0xd9, 0x3a, 0x80, 0x1f, 0x0,

    /* U+F04C "" */
    0xaf, 0xf7, 0x18, 0x57, 0xfb, 0x8d, 0x40, 0x2,
    0x80, 0xa0, 0x1, 0x40, 0xd, 0xe0, 0x1d, 0xe0,
    0x1f, 0xff, 0xaf, 0x0, 0xef, 0xb7, 0x67, 0x60,
    0xb7, 0x67, 0x60,

    /* U+F04D "" */
    0x48, 0x8f, 0xe1, 0xb7, 0x7f, 0xe6, 0x0, 0xff,
    0x78, 0x7, 0xff, 0xfc, 0x3d, 0x40, 0x3f, 0xa,
    0x0,

    /* U+F051 "" */
    0x26, 0x0, 0xcb, 0xb, 0x34, 0x1, 0x73, 0xf8,
    0x2d, 0x80, 0x7c, 0x98, 0x20, 0x1e, 0x3c, 0x70,
    0xf, 0x11, 0x80, 0x7c, 0x20, 0x1e, 0xb5, 0x0,
    0xeb, 0x40, 0xc, 0x38, 0x80, 0x16, 0x96, 0x18,
    0x0, 0x44, 0xba, 0x40, 0x15, 0x70,

    /* U+F052 "" */
    0x0, 0xe3, 0x70, 0xf, 0xe3, 0xc8, 0xa0, 0xf,
    0x8b, 0x40, 0xb, 0x20, 0x1c, 0x38, 0x20, 0x13,
    0x40, 0x4, 0x38, 0x20, 0x1c, 0xee, 0x0, 0x69,
    0x0, 0x7d, 0x8, 0x2, 0x1, 0xfc, 0x21, 0x98,
    0xbb, 0xfb, 0x14, 0x33, 0x17, 0x7f, 0x62, 0x81,
    0x0, 0x7f, 0x68, 0x18, 0x7, 0xf6, 0x80,

    /* U+F053 "" */
    0x0, 0xe3, 0x10, 0xc, 0xb9, 0x40, 0x12, 0xd0,
    0x78, 0x1, 0x68, 0x2d, 0x1, 0x68, 0x29, 0x0,
    0xe8, 0x29, 0x40, 0x6, 0x81, 0x22, 0x1, 0x5a,
    0x1e, 0x88, 0x5, 0x68, 0x7a, 0x20, 0x15, 0x99,
    0xa8, 0x3, 0x62, 0xf0,

    /* U+F054 "" */
    0x3, 0x10, 0xc, 0x79, 0xa2, 0x1, 0x1a, 0x1e,
    0x88, 0x5, 0x68, 0x7a, 0x20, 0x15, 0xa1, 0xe8,
    0x80, 0x56, 0x47, 0x40, 0x12, 0x90, 0x70, 0x1,
    0x68, 0x29, 0x41, 0x68, 0x29, 0x40, 0xe8, 0x29,
    0x40, 0x6, 0xb4, 0xa0, 0x10,

    /* U+F067 "" */
    0x0, 0xcd, 0x22, 0x1, 0xfa, 0xd9, 0x0, 0x3f,
    0x18, 0x18, 0x7, 0xff, 0xd, 0x62, 0x21, 0xd,
    0x88, 0x86, 0x9d, 0xe0, 0x2, 0x3b, 0xcc, 0xc4,
    0x48, 0x0, 0x48, 0x9a, 0x6e, 0xe1, 0xb, 0xbc,
    0x60, 0x1f, 0xfc, 0xe7, 0x24, 0x0, 0xc0,

    /* U+F068 "" */
    0x46, 0x6f, 0xe1, 0xb9, 0x9f, 0xe6, 0x52, 0x2f,
    0xe3,

    /* U+F06E "" */
    0x0, 0x8e, 0xb7, 0xfd, 0x8e, 0x1, 0xe9, 0xc4,
    0xbd, 0xb6, 0x8e, 0x30, 0xa, 0xd8, 0x31, 0x94,
    0xe9, 0x87, 0x10, 0x1d, 0x1, 0x88, 0x2e, 0x2a,
    0x0, 0x14, 0x32, 0x0, 0xf7, 0xf3, 0x5, 0x11,
    0x0, 0xb3, 0x0, 0x1e, 0x80, 0x11, 0x88, 0x80,
    0x5a, 0x10, 0x18, 0x64, 0xd7, 0x60, 0x1, 0x42,
    0x16, 0xc1, 0x81, 0xdc, 0xb6, 0x1c, 0x40, 0xa,
    0x71, 0xef, 0x6d, 0xa3, 0x8c, 0x0,

    /* U+F070 "" */
    0x32, 0x0, 0xff, 0xe1, 0x76, 0xa8, 0x7, 0xff,
    0x7, 0xe, 0xa1, 0x2b, 0xbf, 0xad, 0x40, 0x38,
    0x71, 0x9e, 0xde, 0xf6, 0xda, 0xb0, 0x40, 0x3a,
    0x68, 0xc, 0x60, 0xb4, 0xcd, 0xe2, 0x1, 0x5c,
    0x2e, 0x9d, 0xac, 0x3c, 0x0, 0xd0, 0x0, 0x91,
    0xec, 0xb5, 0x40, 0x18, 0xc0, 0x4, 0x30, 0x24,
    0x4, 0x50, 0xa8, 0x5, 0x50, 0x1, 0xc, 0x1,
    0x44, 0x12, 0x0, 0x7c, 0x8, 0x1, 0xa0, 0x8,
    0x71, 0xf, 0x10, 0x8f, 0xd0, 0x10, 0x40, 0x30,
    0xdd, 0x3d, 0x6d, 0x8d, 0xba, 0xe0, 0x80, 0x72,
    0xdf, 0x7d, 0x80, 0x22, 0xcf, 0xc0, 0x3f, 0xf8,
    0x29, 0xb4, 0x0,

    /* U+F071 "" */
    0x0, 0xf8, 0xc4, 0x3, 0xff, 0x80, 0xb9, 0x80,
    0xf, 0xfe, 0x5, 0x81, 0x38, 0x7, 0xfa, 0x4,
    0x1, 0x2, 0x1, 0xf8, 0x9c, 0x8, 0x42, 0xc0,
    0x3f, 0x48, 0x26, 0xe8, 0x14, 0xc0, 0x3c, 0x88,
    0x7, 0x7, 0x0, 0x78, 0x7, 0xa4, 0x0, 0x20,
    0x20, 0x3, 0x60, 0xc, 0xe4, 0x0, 0x28, 0x90,
    0xa, 0x4, 0x0, 0x30, 0x1, 0x1c, 0x40, 0x2,
    0x18, 0x0, 0x58, 0x6, 0x12, 0x30, 0xc, 0xc4,
    0xa, 0x1, 0x8b, 0x60, 0x3, 0x90, 0x2e, 0x1d,
    0xff, 0xd0, 0xc0,

    /* U+F074 "" */
    0x0, 0xfe, 0x61, 0x0, 0xff, 0x4e, 0x8f, 0xfd,
    0x0, 0x2, 0xef, 0x3, 0xd3, 0x20, 0x76, 0x2c,
    0x12, 0x0, 0x2e, 0x6e, 0x8c, 0xb0, 0x5b, 0x41,
    0xa4, 0x0, 0x5d, 0x42, 0xd2, 0x11, 0x20, 0x11,
    0x60, 0xb8, 0xc0, 0x45, 0x6, 0x6e, 0x85, 0xe1,
    0x5f, 0x41, 0x64, 0xc8, 0x1e, 0x3, 0x4, 0x80,
    0xb, 0xff, 0x40, 0x0, 0x7b, 0xc0, 0xf0, 0x3,
    0xfa, 0x74, 0x0,

    /* U+F077 "" */
    0x0, 0xc4, 0xe0, 0x1f, 0x8b, 0x22, 0x40, 0x3c,
    0x58, 0x20, 0xd2, 0x1, 0x8b, 0x5, 0xb4, 0x5a,
    0x40, 0x5, 0x82, 0xd2, 0x58, 0x2d, 0x21, 0x22,
    0xd2, 0x0, 0x2c, 0x16, 0x49, 0x89, 0x0, 0xc5,
    0x90, 0x80,

    /* U+F078 "" */
    0x26, 0x0, 0xf1, 0x38, 0x4c, 0xc0, 0x18, 0xb2,
    0x12, 0x45, 0xa4, 0x0, 0x58, 0x2c, 0x85, 0x82,
    0xd2, 0x58, 0x2d, 0x20, 0x2, 0xc1, 0x6d, 0x16,
    0x90, 0xc, 0x58, 0x20, 0xd2, 0x1, 0xe2, 0xc9,
    0x90, 0x6,

    /* U+F079 "" */
    0x0, 0x84, 0x3, 0xff, 0x84, 0x7d, 0x80, 0x7,
    0x7f, 0x10, 0x4, 0x78, 0x7, 0x85, 0x31, 0x1d,
    0x60, 0x16, 0x18, 0x19, 0xa3, 0xbf, 0xf0, 0x80,
    0x6b, 0xd1, 0x5c, 0x80, 0xf, 0xf2, 0x8, 0x0,
    0xc8, 0x3, 0xff, 0x8f, 0x6a, 0x0, 0x97, 0x0,
    0xca, 0xef, 0x8c, 0x28, 0x59, 0x82, 0x1, 0x19,
    0xa2, 0x37, 0x5a, 0x0, 0x21, 0x80, 0x2d, 0xff,
    0xed, 0xb, 0x59, 0x70,

    /* U+F07B "" */
    0xbf, 0xfc, 0xc0, 0x1e, 0x40, 0xd, 0x32, 0x88,
    0x9d, 0x0, 0x3c, 0xce, 0xf4, 0x58, 0x7, 0xff,
    0xc1, 0x0, 0x3f, 0xc8,

    /* U+F093 "" */
    0x0, 0xe2, 0x20, 0x7, 0xf1, 0xe6, 0xc, 0x3,
    0xe3, 0xd1, 0x16, 0x98, 0x7, 0x1e, 0x88, 0x0,
    0x74, 0xc0, 0x36, 0x88, 0x6, 0x1d, 0x0, 0xdd,
    0xee, 0x0, 0x7f, 0xe0, 0xf, 0xfe, 0x71, 0x19,
    0x88, 0x3, 0x11, 0x98, 0xb7, 0x31, 0xf6, 0xcc,
    0xbc, 0xcb, 0x40, 0x22, 0xf0, 0x7, 0x88, 0x7,
    0xc6, 0xcc, 0x3a, 0x37, 0x6, 0x55, 0xfb, 0xd8,
    0x9c,

    /* U+F095 "" */
    0x0, 0xfe, 0x36, 0x20, 0xf, 0xf7, 0xce, 0xf0,
    0x7, 0xe3, 0x30, 0x7, 0xfd, 0x40, 0x11, 0x80,
    0x7e, 0xb2, 0x0, 0x20, 0x7, 0xe2, 0x90, 0x6,
    0x80, 0x7f, 0x40, 0x12, 0x0, 0x61, 0x0, 0xa4,
    0xc2, 0x40, 0x3, 0x1d, 0xe2, 0x2a, 0x60, 0x84,
    0x0, 0x7b, 0x88, 0xb3, 0xd4, 0x19, 0xc0, 0x22,
    0x0, 0x88, 0x42, 0x64, 0x1, 0x90, 0x2, 0x16,
    0xe6, 0x0, 0xea, 0x89, 0xce, 0x91, 0x0, 0xe0,

    /* U+F0C4 "" */
    0x7, 0x93, 0x0, 0xc4, 0x40, 0xa8, 0x6c, 0x20,
    0x4, 0x6e, 0x95, 0x4d, 0xc0, 0xa1, 0xe, 0xc,
    0xa6, 0xda, 0x1f, 0xe, 0xd, 0x21, 0xaa, 0x40,
    0xee, 0x6, 0x90, 0x0, 0xd7, 0x8, 0x0, 0xe4,
    0x3, 0x3d, 0x88, 0x0, 0xd8, 0x2, 0xa8, 0x40,
    0x54, 0x9, 0x60, 0x2, 0xb7, 0x6, 0xda, 0x4,
    0xb0, 0x1b, 0x68, 0x18, 0x5a, 0x4, 0xa6, 0xa8,
    0x4a, 0x0, 0x2e, 0xa5, 0x0,

    /* U+F0C5 "" */
    0x0, 0x8d, 0x12, 0x12, 0x0, 0xec, 0xbb, 0x93,
    0x10, 0x9, 0x4, 0x3, 0xd4, 0x5b, 0x6a, 0x1,
    0xa5, 0x98, 0x1, 0xf8, 0xdd, 0xe0, 0xf, 0xff,
    0x50, 0x80, 0x37, 0x2e, 0xfb, 0x10, 0x0, 0xd9,
    0x77, 0xa, 0x18, 0x4b, 0xbf, 0x42, 0x0, 0x40,

    /* U+F0C7 "" */
    0x48, 0x8f, 0x38, 0x5, 0x6e, 0xfe, 0x8b, 0x0,
    0x9f, 0xff, 0x91, 0x16, 0x1, 0xfe, 0x43, 0x3,
    0x77, 0xe6, 0x0, 0x38, 0x24, 0x47, 0x10, 0x7,
    0xd7, 0xa4, 0x1, 0xf1, 0xa1, 0x28, 0x7, 0xc4,
    0x0, 0x20, 0xf, 0x87, 0x29, 0x40, 0x32, 0x80,
    0x46, 0xa0, 0x11, 0x28,

    /* U+F0C9 "" */
    0x0, 0xff, 0xbf, 0xff, 0xce, 0xca, 0xbf, 0xc7,
    0x35, 0x5f, 0xc9, 0x13, 0x3f, 0xc6, 0xec, 0xdf,
    0xc9, 0xdb, 0xbf, 0xce, 0x24, 0x5f, 0xc1, 0x35,
    0x5f, 0xc8, 0xca, 0xbf, 0xc7, 0xff, 0xfe, 0x70,

    /* U+F0E0 "" */
    0xbf, 0xff, 0xf5, 0xa0, 0x7, 0xf9, 0x2c, 0x40,
    0x3f, 0xd, 0xc6, 0xa0, 0x7, 0x93, 0x60, 0xf3,
    0xa0, 0x3, 0x47, 0x61, 0x80, 0x2b, 0xb0, 0x89,
    0x9d, 0x40, 0x1c, 0xdd, 0x10, 0xe6, 0x0, 0xf8,
    0xaa, 0x84, 0x1, 0x90, 0x3, 0xfc, 0x80,

    /* U+F0E7 "" */
    0x1, 0xbb, 0xa8, 0x40, 0x24, 0x4c, 0xa0, 0x18,
    0x80, 0x24, 0x10, 0xb, 0x80, 0x2d, 0x0, 0xc4,
    0x1, 0x4f, 0xf9, 0x81, 0x40, 0x3c, 0xe0, 0x1f,
    0x38, 0x87, 0x7f, 0x8c, 0x6, 0x0, 0x38, 0xc2,
    0xc0, 0x38, 0xc0, 0xd4, 0x3, 0x90, 0x3c, 0x3,
    0xda, 0xc6, 0x1, 0xe8, 0x90, 0xc,

    /* U+F0EA "" */
    0x0, 0x15, 0x28, 0x7, 0xbb, 0xf4, 0xab, 0xfc,
    0x40, 0x10, 0x80, 0x79, 0x80, 0x3c, 0xc8, 0x93,
    0x80, 0x7a, 0x88, 0xa1, 0x60, 0xe, 0x16, 0x6d,
    0x34, 0x1, 0xf8, 0x6b, 0x4, 0x3, 0xea, 0xa4,
    0xa8, 0x7, 0xfc, 0x20, 0x1f, 0xee, 0xff, 0x0,
    0x7f, 0xf2, 0x96, 0xef, 0xc8,

    /* U+F0F3 "" */
    0x0, 0xc2, 0xa0, 0x1f, 0xd1, 0x42, 0x1, 0xe2,
    0xd6, 0xe, 0x90, 0xe, 0xc2, 0x0, 0x99, 0xc0,
    0x25, 0x10, 0xe, 0xa0, 0xb, 0x40, 0x3c, 0x40,
    0x11, 0x0, 0x7c, 0x40, 0x7, 0x0, 0xf9, 0xc1,
    0x88, 0x3, 0xe8, 0x8, 0x0, 0xfc, 0x4d, 0x97,
    0x7f, 0xb1, 0x89, 0x10, 0xd7, 0x6d, 0x44, 0x18,
    0x6, 0x2b, 0x99, 0x0, 0x60,

    /* U+F11C "" */
    0xbf, 0xff, 0xfe, 0x2, 0x20, 0xdc, 0x5c, 0x5c,
    0x5d, 0xc2, 0xe0, 0x60, 0x90, 0x50, 0x50, 0xb1,
    0x5, 0x80, 0xf0, 0x7e, 0xf, 0xe, 0x7e, 0xe3,
    0xf8, 0x6, 0x4c, 0x3c, 0x4c, 0x99, 0x70, 0x7,
    0x26, 0x1e, 0x26, 0x4c, 0xb8, 0x3, 0x3f, 0x7,
    0xe7, 0x67, 0x71, 0xfc, 0x2, 0x48, 0x28, 0x8f,
    0x2c, 0x7, 0xa1, 0xb8, 0xbb, 0xf8, 0x5c, 0xc,

    /* U+F124 "" */
    0x0, 0xff, 0x98, 0xc0, 0x3f, 0x86, 0x3a, 0x74,
    0x3, 0xe2, 0x9e, 0x71, 0x5, 0x0, 0xe3, 0xad,
    0x60, 0xd, 0x0, 0x12, 0x66, 0x14, 0x3, 0x8c,
    0xc0, 0xb, 0xb1, 0x80, 0x7d, 0x20, 0x12, 0x80,
    0x7e, 0x25, 0x0, 0xbf, 0x2e, 0xe2, 0x0, 0xac,
    0x3, 0x9, 0xa2, 0x42, 0x0, 0x16, 0x0, 0xff,
    0xe0, 0x30, 0x7, 0xff, 0x6, 0x40, 0x3f, 0xce,
    0xc, 0x20, 0x1f, 0xe9, 0x98, 0x3, 0x80,

    /* U+F15B "" */
    0x9b, 0xbc, 0x4e, 0x0, 0x64, 0x4c, 0xd1, 0x20,
    0x1f, 0x9a, 0x40, 0x38, 0x6e, 0xda, 0x1, 0xd5,
    0x77, 0x0, 0x7f, 0xfc, 0xf2, 0xef, 0xec,

    /* U+F1EB "" */
    0x0, 0xff, 0xe3, 0xac, 0xde, 0x5c, 0xa8, 0x7,
    0xa3, 0xe9, 0x90, 0xd1, 0xab, 0xe0, 0x0, 0x7c,
    0xe0, 0xb5, 0x9b, 0x94, 0xa0, 0xfc, 0x7c, 0x2b,
    0xd4, 0xa6, 0x46, 0xb5, 0xca, 0x3d, 0xf3, 0x42,
    0xb7, 0xdf, 0xd6, 0xa3, 0x54, 0xf2, 0x61, 0xca,
    0x41, 0x19, 0x2b, 0x5, 0x48, 0x0, 0x64, 0x77,
    0xfd, 0xf6, 0x64, 0x60, 0x18, 0xbf, 0x10, 0x4,
    0x13, 0x3c, 0x80, 0x38, 0x40, 0x15, 0xd4, 0x0,
    0x10, 0xf, 0xe5, 0x5, 0x0, 0xff, 0xe0, 0x49,
    0x48, 0x7, 0x80,

    /* U+F240 "" */
    0x37, 0x7f, 0xfe, 0x2, 0x86, 0x44, 0x7f, 0xf0,
    0x28, 0xc1, 0xf2, 0xef, 0xfc, 0x1c, 0x0, 0xfb,
    0xbf, 0xe6, 0x32, 0x0, 0xff, 0xe0, 0x12, 0x0,
    0x4a, 0x67, 0xfe, 0x70, 0x1, 0xf5, 0xdf, 0xf5,
    0x3, 0x1a, 0x44, 0x7f, 0x98, 0x63, 0x3f, 0xff,
    0xf8, 0x1c, 0x20,

    /* U+F241 "" */
    0x37, 0x7f, 0xfe, 0x2, 0x86, 0x44, 0x7f, 0xf0,
    0x28, 0xc1, 0xf2, 0xef, 0xd9, 0xfe, 0xb0, 0xe0,
    0x7, 0xdd, 0xfb, 0xc0, 0xc, 0x64, 0x1, 0xff,
    0xc0, 0x24, 0x0, 0x94, 0xcf, 0xca, 0x0, 0x37,
    0x0, 0x1f, 0x5d, 0xfb, 0x9d, 0xd4, 0xc, 0x69,
    0x11, 0xfe, 0x61, 0x8c, 0xff, 0xff, 0xe0, 0x70,
    0x80,

    /* U+F242 "" */
    0x37, 0x7f, 0xfe, 0x2, 0x86, 0x44, 0x7f, 0xf0,
    0x28, 0xc1, 0xf2, 0xef, 0x6f, 0xfe, 0xb0, 0xe0,
    0x7, 0xdd, 0xea, 0x0, 0xcc, 0x64, 0x1, 0xff,
    0xc0, 0x24, 0x0, 0x94, 0xcf, 0x70, 0x6, 0x37,
    0x0, 0x1f, 0x5d, 0xe1, 0x77, 0xd4, 0xc, 0x69,
    0x11, 0xfe, 0x61, 0x8c, 0xff, 0xff, 0xe0, 0x70,
    0x80,

    /* U+F243 "" */
    0x37, 0x7f, 0xfe, 0x2, 0x86, 0x44, 0x7f, 0xf0,
    0x28, 0xc1, 0xf2, 0xed, 0xdf, 0xfe, 0xb0, 0xe0,
    0x7, 0xdd, 0x94, 0x3, 0xcc, 0x64, 0x1, 0xff,
    0xc0, 0x24, 0x0, 0x94, 0xcc, 0xe0, 0x1e, 0x37,
    0x0, 0x1f, 0x5d, 0x91, 0xdf, 0xd4, 0xc, 0x69,
    0x11, 0xfe, 0x61, 0x8c, 0xff, 0xff, 0xe0, 0x70,
    0x80,

    /* U+F244 "" */
    0x37, 0x7f, 0xfe, 0x2, 0x86, 0x44, 0x7f, 0xf0,
    0x28, 0xc1, 0xff, 0xff, 0xd6, 0x1c, 0x1, 0xff,
    0xc0, 0x63, 0x20, 0xf, 0xfe, 0x1, 0x20, 0x7,
    0xff, 0x4, 0xdc, 0x0, 0x6e, 0xff, 0xea, 0x6,
    0x34, 0x88, 0xff, 0x30, 0xc6, 0x7f, 0xff, 0xf0,
    0x38, 0x40,

    /* U+F287 "" */
    0x0, 0xff, 0xe5, 0x12, 0xfd, 0x80, 0x7f, 0xcb,
    0xdc, 0x5, 0x0, 0xf8, 0x40, 0x28, 0xdb, 0xb6,
    0x0, 0x7a, 0x7b, 0x45, 0x94, 0x41, 0x8, 0x0,
    0xd0, 0x0, 0x60, 0x2f, 0x86, 0xed, 0xde, 0x87,
    0xc0, 0x60, 0x2f, 0xee, 0x2f, 0x6e, 0xe8, 0x7c,
    0x9, 0xed, 0x10, 0x4, 0x40, 0x15, 0xd1, 0xa0,
    0x2, 0x10, 0xc, 0x65, 0x76, 0x8f, 0x0, 0xff,
    0xa6, 0x46, 0x1, 0xff, 0xc2, 0x2d, 0xfb, 0x0,
    0xc0,

    /* U+F293 "" */
    0x0, 0xc6, 0x84, 0x1, 0xcd, 0xd9, 0x5b, 0xa2,
    0x0, 0x24, 0x88, 0x68, 0x17, 0x80, 0x20, 0x2,
    0x3b, 0x2, 0x50, 0x32, 0xa0, 0x2d, 0xa0, 0xd2,
    0x2, 0x25, 0x9d, 0x48, 0x10, 0x80, 0x20, 0x86,
    0x4c, 0x4, 0x2, 0x14, 0xe, 0x0, 0x84, 0x7,
    0x2c, 0x8e, 0x80, 0x48, 0x1, 0x2c, 0x66, 0xc0,
    0x20, 0x61, 0x40, 0x1d, 0x60, 0xa0, 0x82, 0x0,
    0x4b, 0x3, 0x10, 0xe, 0xca, 0x93, 0x54, 0x80,

    /* U+F2ED "" */
    0x0, 0x92, 0x20, 0xe0, 0x1a, 0xf3, 0x16, 0xee,
    0x8d, 0xcc, 0x28, 0x4, 0x67, 0x84, 0x2, 0x94,
    0x4f, 0xd4, 0xac, 0xef, 0xfa, 0x80, 0x25, 0x50,
    0xc8, 0x50, 0x7, 0xf8, 0x40, 0x3f, 0xfb, 0xe2,
    0x1, 0x38, 0x2a, 0x86, 0x42, 0x81, 0xc0, 0xe5,
    0xdf, 0xd1, 0x20,

    /* U+F304 "" */
    0x0, 0xfe, 0x17, 0x10, 0xf, 0xe1, 0xf8, 0xc1,
    0x0, 0xf8, 0x50, 0x40, 0xb4, 0x3, 0xc3, 0xfe,
    0xa0, 0x0, 0x80, 0x70, 0xf8, 0xaf, 0xd1, 0x60,
    0x6, 0x1f, 0x10, 0x2, 0xee, 0x84, 0x2, 0x1f,
    0x10, 0x8, 0x68, 0x3, 0xf, 0x88, 0x4, 0x38,
    0x40, 0x10, 0xf8, 0x80, 0x43, 0x84, 0x1, 0xa8,
    0x40, 0x21, 0xc2, 0x0, 0xe6, 0x0, 0x87, 0x8,
    0x3, 0xc4, 0x0, 0x1c, 0x20, 0xf, 0xa6, 0x57,
    0xe4, 0x1, 0xf0,

    /* U+F55A "" */
    0x0, 0x97, 0xbf, 0xff, 0xa0, 0x0, 0xb4, 0x20,
    0x1f, 0xce, 0xb, 0x40, 0x13, 0x71, 0x13, 0x98,
    0x2, 0x5a, 0x0, 0xc8, 0x19, 0x80, 0x40, 0xa,
    0xc0, 0x38, 0xa8, 0x45, 0x44, 0x1, 0x58, 0x7,
    0x15, 0x8, 0xa8, 0x80, 0x25, 0xa0, 0xc, 0x81,
    0x98, 0x4, 0x0, 0xcb, 0x40, 0x13, 0x71, 0x13,
    0x98, 0x3, 0x96, 0xc4, 0x3, 0xf9, 0xc0,

    /* U+F7C2 "" */
    0x0, 0xb, 0xc4, 0x4e, 0x40, 0x59, 0xe, 0xf4,
    0x79, 0x63, 0xfa, 0x64, 0x39, 0x60, 0x80, 0x7c,
    0x20, 0xbe, 0x99, 0xe, 0x1, 0xff, 0xeb, 0x30,
    0xf, 0x8f, 0x2e, 0xfe, 0xc0,

    /* U+F8A2 "" */
    0x0, 0xff, 0x88, 0x3, 0xfe, 0x4d, 0x0, 0x9a,
    0x40, 0x3d, 0x20, 0x13, 0xca, 0x80, 0x7f, 0x44,
    0x0, 0xf7, 0x7c, 0x40, 0x3, 0x0, 0x88, 0xbc,
    0x1, 0x5a, 0x1, 0xff, 0xfe, 0x0, 0x5a, 0x80,
    0x7f, 0xf0, 0x2b, 0x0, 0x3f, 0x80
};


/*---------------------
 *  GLYPH DESCRIPTION
 *--------------------*/

static const lv_font_fmt_txt_glyph_dsc_t glyph_dsc[] = {
    {.bitmap_index = 0, .adv_w = 0, .box_w = 0, .box_h = 0, .ofs_x = 0, .ofs_y = 0} /* id = 0 reserved */,
    {.bitmap_index = 0, .adv_w = 51, .box_w = 0, .box_h = 0, .ofs_x = 0, .ofs_y = 0},
    {.bitmap_index = 0, .adv_w = 58, .box_w = 3, .box_h = 9, .ofs_x = 0, .ofs_y = 0},
    {.bitmap_index = 12, .adv_w = 95, .box_w = 4, .box_h = 4, .ofs_x = 1, .ofs_y = 5},
    {.bitmap_index = 21, .adv_w = 123, .box_w = 8, .box_h = 9, .ofs_x = 0, .ofs_y = 0},
    {.bitmap_index = 58, .adv_w = 124, .box_w = 8, .box_h = 12, .ofs_x = 0, .ofs_y = -1},
    {.bitmap_index = 105, .adv_w = 191, .box_w = 10, .box_h = 9, .ofs_x = 1, .ofs_y = 0},
    {.bitmap_index = 148, .adv_w = 125, .box_w = 8, .box_h = 9, .ofs_x = 0, .ofs_y = 0},
    {.bitmap_index = 183, .adv_w = 60, .box_w = 2, .box_h = 4, .ofs_x = 1, .ofs_y = 5},
    {.bitmap_index = 187, .adv_w = 71, .box_w = 3, .box_h = 12, .ofs_x = 1, .ofs_y = -2},
    {.bitmap_index = 206, .adv_w = 71, .box_w = 4, .box_h = 12, .ofs_x = 0, .ofs_y = -2},
    {.bitmap_index = 231, .adv_w = 100, .box_w = 6, .box_h = 6, .ofs_x = 0, .ofs_y = 3},
    {.bitmap_index = 250, .adv_w = 128, .box_w = 6, .box_h = 7, .ofs_x = 1, .ofs_y = 0},
    {.bitmap_index = 268, .adv_w = 58, .box_w = 3, .box_h = 4, .ofs_x = 0, .ofs_y = -3},
    {.bitmap_index = 275, .adv_w = 89, .box_w = 5, .box_h = 2, .ofs_x = 0, .ofs_y = 2},
    {.bitmap_index = 280, .adv_w = 58, .box_w = 3, .box_h = 2, .ofs_x = 0, .ofs_y = 0},
    {.bitmap_index = 283, .adv_w = 71, .box_w = 5, .box_h = 11, .ofs_x = 0, .ofs_y = -1},
    {.bitmap_index = 311, .adv_w = 124, .box_w = 8, .box_h = 9, .ofs_x = 0, .ofs_y = 0},
    {.bitmap_index = 349, .adv_w = 80, .box_w = 5, .box_h = 9, .ofs_x = 0, .ofs_y = 0},
    {.bitmap_index = 361, .adv_w = 118, .box_w = 7, .box_h = 9, .ofs_x = 0, .ofs_y = 0},
    {.bitmap_index = 392, .adv_w = 120, .box_w = 7, .box_h = 9, .ofs_x = 0, .ofs_y = 0},
    {.bitmap_index = 425, .adv_w = 126, .box_w = 8, .box_h = 9, .ofs_x = 0, .ofs_y = 0},
    {.bitmap_index = 456, .adv_w = 116, .box_w = 7, .box_h = 9, .ofs_x = 0, .ofs_y = 0},
    {.bitmap_index = 486, .adv_w = 121, .box_w = 7, .box_h = 9, .ofs_x = 0, .ofs_y = 0},
    {.bitmap_index = 518, .adv_w = 110, .box_w = 7, .box_h = 9, .ofs_x = 0, .ofs_y = 0},
    {.bitmap_index = 546, .adv_w = 121, .box_w = 7, .box_h = 9, .ofs_x = 0, .ofs_y = 0},
    {.bitmap_index = 578, .adv_w = 121, .box_w = 7, .box_h = 9, .ofs_x = 0, .ofs_y = 0},
    {.bitmap_index = 611, .adv_w = 58, .box_w = 3, .box_h = 7, .ofs_x = 0, .ofs_y = 0},
    {.bitmap_index = 620, .adv_w = 61, .box_w = 3, .box_h = 9, .ofs_x = 0, .ofs_y = -3},
    {.bitmap_index = 632, .adv_w = 128, .box_w = 6, .box_h = 8, .ofs_x = 1, .ofs_y = 0},
    {.bitmap_index = 654, .adv_w = 128, .box_w = 6, .box_h = 5, .ofs_x = 1, .ofs_y = 1},
    {.bitmap_index = 666, .adv_w = 128, .box_w = 6, .box_h = 8, .ofs_x = 1, .ofs_y = 0},
    {.bitmap_index = 689, .adv_w = 101, .box_w = 6, .box_h = 9, .ofs_x = 0, .ofs_y = 0},
    {.bitmap_index = 716, .adv_w = 189, .box_w = 12, .box_h = 12, .ofs_x = 0, .ofs_y = -3},
    {.bitmap_index = 785, .adv_w = 136, .box_w = 9, .box_h = 9, .ofs_x = 0, .ofs_y = 0},
    {.bitmap_index = 821, .adv_w = 126, .box_w = 8, .box_h = 9, .ofs_x = 0, .ofs_y = 0},
    {.bitmap_index = 854, .adv_w = 141, .box_w = 9, .box_h = 9, .ofs_x = 0, .ofs_y = 0},
    {.bitmap_index = 892, .adv_w = 139, .box_w = 8, .box_h = 9, .ofs_x = 0, .ofs_y = 0},
    {.bitmap_index = 923, .adv_w = 116, .box_w = 7, .box_h = 9, .ofs_x = 0, .ofs_y = 0},
    {.bitmap_index = 949, .adv_w = 113, .box_w = 7, .box_h = 9, .ofs_x = 0, .ofs_y = 0},
    {.bitmap_index = 971, .adv_w = 144, .box_w = 9, .box_h = 9, .ofs_x = 0, .ofs_y = 0},
    {.bitmap_index = 1012, .adv_w = 143, .box_w = 8, .box_h = 9, .ofs_x = 0, .ofs_y = 0},
    {.bitmap_index = 1031, .adv_w = 52, .box_w = 3, .box_h = 9, .ofs_x = 0, .ofs_y = 0},
    {.bitmap_index = 1036, .adv_w = 110, .box_w = 6, .box_h = 9, .ofs_x = 0, .ofs_y = 0},
    {.bitmap_index = 1053, .adv_w = 132, .box_w = 8, .box_h = 9, .ofs_x = 0, .ofs_y = 0},
    {.bitmap_index = 1084, .adv_w = 109, .box_w = 7, .box_h = 9, .ofs_x = 0, .ofs_y = 0},
    {.bitmap_index = 1094, .adv_w = 175, .box_w = 10, .box_h = 9, .ofs_x = 0, .ofs_y = 0},
    {.bitmap_index = 1133, .adv_w = 145, .box_w = 9, .box_h = 9, .ofs_x = 0, .ofs_y = 0},
    {.bitmap_index = 1163, .adv_w = 147, .box_w = 9, .box_h = 9, .ofs_x = 0, .ofs_y = 0},
    {.bitmap_index = 1202, .adv_w = 123, .box_w = 8, .box_h = 9, .ofs_x = 0, .ofs_y = 0},
    {.bitmap_index = 1232, .adv_w = 148, .box_w = 9, .box_h = 10, .ofs_x = 0, .ofs_y = -1},
    {.bitmap_index = 1276, .adv_w = 124, .box_w = 8, .box_h = 9, .ofs_x = 0, .ofs_y = 0},
    {.bitmap_index = 1308, .adv_w = 124, .box_w = 8, .box_h = 9, .ofs_x = 0, .ofs_y = 0},
    {.bitmap_index = 1345, .adv_w = 125, .box_w = 8, .box_h = 9, .ofs_x = 0, .ofs_y = 0},
    {.bitmap_index = 1359, .adv_w = 142, .box_w = 8, .box_h = 9, .ofs_x = 0, .ofs_y = 0},
    {.bitmap_index = 1378, .adv_w = 136, .box_w = 9, .box_h = 9, .ofs_x = 0, .ofs_y = 0},
    {.bitmap_index = 1416, .adv_w = 193, .box_w = 12, .box_h = 9, .ofs_x = 0, .ofs_y = 0},
    {.bitmap_index = 1471, .adv_w = 135, .box_w = 9, .box_h = 9, .ofs_x = 0, .ofs_y = 0},
    {.bitmap_index = 1509, .adv_w = 134, .box_w = 9, .box_h = 9, .ofs_x = 0, .ofs_y = 0},
    {.bitmap_index = 1540, .adv_w = 123, .box_w = 7, .box_h = 9, .ofs_x = 0, .ofs_y = 0},
    {.bitmap_index = 1568, .adv_w = 71, .box_w = 3, .box_h = 12, .ofs_x = 1, .ofs_y = -3},
    {.bitmap_index = 1579, .adv_w = 71, .box_w = 5, .box_h = 11, .ofs_x = 0, .ofs_y = -1},
    {.bitmap_index = 1605, .adv_w = 71, .box_w = 4, .box_h = 12, .ofs_x = 0, .ofs_y = -3},
    {.bitmap_index = 1618, .adv_w = 92, .box_w = 6, .box_h = 4, .ofs_x = 0, .ofs_y = 5},
    {.bitmap_index = 1631, .adv_w = 89, .box_w = 6, .box_h = 2, .ofs_x = 0, .ofs_y = -2},
    {.bitmap_index = 1635, .adv_w = 65, .box_w = 4, .box_h = 2, .ofs_x = 0, .ofs_y = 8},
    {.bitmap_index = 1640, .adv_w = 109, .box_w = 6, .box_h = 7, .ofs_x = 0, .ofs_y = 0},
    {.bitmap_index = 1661, .adv_w = 119, .box_w = 7, .box_h = 9, .ofs_x = 0, .ofs_y = 0},
    {.bitmap_index = 1690, .adv_w = 111, .box_w = 7, .box_h = 7, .ofs_x = 0, .ofs_y = 0},
    {.bitmap_index = 1716, .adv_w = 119, .box_w = 7, .box_h = 9, .ofs_x = 0, .ofs_y = 0},
    {.bitmap_index = 1745, .adv_w = 113, .box_w = 7, .box_h = 7, .ofs_x = 0, .ofs_y = 0},
    {.bitmap_index = 1770, .adv_w = 73, .box_w = 5, .box_h = 9, .ofs_x = 0, .ofs_y = 0},
    {.bitmap_index = 1786, .adv_w = 119, .box_w = 7, .box_h = 10, .ofs_x = 0, .ofs_y = -3},
    {.bitmap_index = 1822, .adv_w = 116, .box_w = 7, .box_h = 9, .ofs_x = 0, .ofs_y = 0},
    {.bitmap_index = 1841, .adv_w = 48, .box_w = 3, .box_h = 9, .ofs_x = 0, .ofs_y = 0},
    {.bitmap_index = 1849, .adv_w = 48, .box_w = 4, .box_h = 12, .ofs_x = -1, .ofs_y = -3},
    {.bitmap_index = 1862, .adv_w = 107, .box_w = 7, .box_h = 9, .ofs_x = 0, .ofs_y = 0},
    {.bitmap_index = 1887, .adv_w = 48, .box_w = 3, .box_h = 9, .ofs_x = 0, .ofs_y = 0},
    {.bitmap_index = 1892, .adv_w = 171, .box_w = 10, .box_h = 7, .ofs_x = 0, .ofs_y = 0},
    {.bitmap_index = 1911, .adv_w = 116, .box_w = 7, .box_h = 7, .ofs_x = 0, .ofs_y = 0},
    {.bitmap_index = 1927, .adv_w = 116, .box_w = 7, .box_h = 7, .ofs_x = 0, .ofs_y = 0},
    {.bitmap_index = 1953, .adv_w = 119, .box_w = 7, .box_h = 10, .ofs_x = 0, .ofs_y = -3},
    {.bitmap_index = 1985, .adv_w = 119, .box_w = 7, .box_h = 10, .ofs_x = 0, .ofs_y = -3},
    {.bitmap_index = 2016, .adv_w = 74, .box_w = 5, .box_h = 7, .ofs_x = 0, .ofs_y = 0},
    {.bitmap_index = 2029, .adv_w = 103, .box_w = 6, .box_h = 7, .ofs_x = 0, .ofs_y = 0},
    {.bitmap_index = 2051, .adv_w = 65, .box_w = 4, .box_h = 9, .ofs_x = 0, .ofs_y = 0},
    {.bitmap_index = 2067, .adv_w = 116, .box_w = 7, .box_h = 7, .ofs_x = 0, .ofs_y = 0},
    {.bitmap_index = 2084, .adv_w = 110, .box_w = 7, .box_h = 7, .ofs_x = 0, .ofs_y = 0},
    {.bitmap_index = 2109, .adv_w = 159, .box_w = 10, .box_h = 7, .ofs_x = 0, .ofs_y = 0},
    {.bitmap_index = 2145, .adv_w = 107, .box_w = 7, .box_h = 7, .ofs_x = 0, .ofs_y = 0},
    {.bitmap_index = 2170, .adv_w = 110, .box_w = 7, .box_h = 10, .ofs_x = 0, .ofs_y = -3},
    {.bitmap_index = 2204, .adv_w = 107, .box_w = 6, .box_h = 7, .ofs_x = 0, .ofs_y = 0},
    {.bitmap_index = 2225, .adv_w = 85, .box_w = 5, .box_h = 12, .ofs_x = 0, .ofs_y = -3},
    {.bitmap_index = 2255, .adv_w = 66, .box_w = 2, .box_h = 15, .ofs_x = 1, .ofs_y = -3},
    {.bitmap_index = 2260, .adv_w = 85, .box_w = 5, .box_h = 12, .ofs_x = 0, .ofs_y = -3},
    {.bitmap_index = 2287, .adv_w = 128, .box_w = 8, .box_h = 3, .ofs_x = 0, .ofs_y = 2},
    {.bitmap_index = 2300, .adv_w = 51, .box_w = 0, .box_h = 0, .ofs_x = 0, .ofs_y = 0},
    {.bitmap_index = 2300, .adv_w = 58, .box_w = 3, .box_h = 10, .ofs_x = 0, .ofs_y = -3},
    {.bitmap_index = 2314, .adv_w = 111, .box_w = 7, .box_h = 9, .ofs_x = 0, .ofs_y = 0},
    {.bitmap_index = 2345, .adv_w = 119, .box_w = 7, .box_h = 9, .ofs_x = 0, .ofs_y = 0},
    {.bitmap_index = 2377, .adv_w = 141, .box_w = 9, .box_h = 9, .ofs_x = 0, .ofs_y = 0},
    {.bitmap_index = 2412, .adv_w = 107, .box_w = 7, .box_h = 9, .ofs_x = 0, .ofs_y = 0},
    {.bitmap_index = 2442, .adv_w = 56, .box_w = 2, .box_h = 11, .ofs_x = 1, .ofs_y = -2},
    {.bitmap_index = 2451, .adv_w = 109, .box_w = 7, .box_h = 12, .ofs_x = 0, .ofs_y = -3},
    {.bitmap_index = 2494, .adv_w = 116, .box_w = 5, .box_h = 2, .ofs_x = 1, .ofs_y = 8},
    {.bitmap_index = 2499, .adv_w = 176, .box_w = 10, .box_h = 10, .ofs_x = 0, .ofs_y = -1},
    {.bitmap_index = 2549, .adv_w = 88, .box_w = 5, .box_h = 5, .ofs_x = 0, .ofs_y = 4},
    {.bitmap_index = 2562, .adv_w = 117, .box_w = 7, .box_h = 6, .ofs_x = 0, .ofs_y = 1},
    {.bitmap_index = 2584, .adv_w = 128, .box_w = 6, .box_h = 3, .ofs_x = 1, .ofs_y = 2},
    {.bitmap_index = 2592, .adv_w = 128, .box_w = 8, .box_h = 7, .ofs_x = 0, .ofs_y = 2},
    {.bitmap_index = 2621, .adv_w = 89, .box_w = 4, .box_h = 1, .ofs_x = 1, .ofs_y = 8},
    {.bitmap_index = 2624, .adv_w = 88, .box_w = 5, .box_h = 5, .ofs_x = 0, .ofs_y = 4},
    {.bitmap_index = 2637, .adv_w = 128, .box_w = 6, .box_h = 7, .ofs_x = 1, .ofs_y = 0},
    {.bitmap_index = 2656, .adv_w = 86, .box_w = 5, .box_h = 5, .ofs_x = 0, .ofs_y = 5},
    {.bitmap_index = 2669, .adv_w = 87, .box_w = 5, .box_h = 5, .ofs_x = 0, .ofs_y = 5},
    {.bitmap_index = 2682, .adv_w = 65, .box_w = 4, .box_h = 2, .ofs_x = 0, .ofs_y = 8},
    {.bitmap_index = 2687, .adv_w = 115, .box_w = 8, .box_h = 10, .ofs_x = 0, .ofs_y = -3},
    {.bitmap_index = 2710, .adv_w = 115, .box_w = 7, .box_h = 9, .ofs_x = 0, .ofs_y = 0},
    {.bitmap_index = 2732, .adv_w = 58, .box_w = 3, .box_h = 2, .ofs_x = 0, .ofs_y = 3},
    {.bitmap_index = 2735, .adv_w = 58, .box_w = 3, .box_h = 4, .ofs_x = 1, .ofs_y = -3},
    {.bitmap_index = 2741, .adv_w = 60, .box_w = 4, .box_h = 5, .ofs_x = 0, .ofs_y = 5},
    {.bitmap_index = 2749, .adv_w = 93, .box_w = 6, .box_h = 5, .ofs_x = 0, .ofs_y = 4},
    {.bitmap_index = 2765, .adv_w = 117, .box_w = 7, .box_h = 6, .ofs_x = 0, .ofs_y = 1},
    {.bitmap_index = 2787, .adv_w = 157, .box_w = 10, .box_h = 10, .ofs_x = 0, .ofs_y = 0},
    {.bitmap_index = 2830, .adv_w = 165, .box_w = 10, .box_h = 10, .ofs_x = 0, .ofs_y = 0},
    {.bitmap_index = 2876, .adv_w = 172, .box_w = 11, .box_h = 10, .ofs_x = 0, .ofs_y = 0},
    {.bitmap_index = 2929, .adv_w = 101, .box_w = 6, .box_h = 10, .ofs_x = 0, .ofs_y = -3},
    {.bitmap_index = 2958, .adv_w = 136, .box_w = 9, .box_h = 12, .ofs_x = 0, .ofs_y = 0},
    {.bitmap_index = 3003, .adv_w = 136, .box_w = 9, .box_h = 12, .ofs_x = 0, .ofs_y = 0},
    {.bitmap_index = 3048, .adv_w = 136, .box_w = 9, .box_h = 12, .ofs_x = 0, .ofs_y = 0},
    {.bitmap_index = 3094, .adv_w = 136, .box_w = 9, .box_h = 12, .ofs_x = 0, .ofs_y = 0},
    {.bitmap_index = 3141, .adv_w = 136, .box_w = 9, .box_h = 12, .ofs_x = 0, .ofs_y = 0},
    {.bitmap_index = 3189, .adv_w = 136, .box_w = 9, .box_h = 13, .ofs_x = 0, .ofs_y = 0},
    {.bitmap_index = 3237, .adv_w = 193, .box_w = 12, .box_h = 9, .ofs_x = 0, .ofs_y = 0},
    {.bitmap_index = 3284, .adv_w = 141, .box_w = 9, .box_h = 12, .ofs_x = 0, .ofs_y = -3},
    {.bitmap_index = 3332, .adv_w = 116, .box_w = 7, .box_h = 12, .ofs_x = 0, .ofs_y = 0},
    {.bitmap_index = 3367, .adv_w = 116, .box_w = 7, .box_h = 12, .ofs_x = 0, .ofs_y = 0},
    {.bitmap_index = 3402, .adv_w = 116, .box_w = 7, .box_h = 12, .ofs_x = 0, .ofs_y = 0},
    {.bitmap_index = 3439, .adv_w = 116, .box_w = 7, .box_h = 12, .ofs_x = 0, .ofs_y = 0},
    {.bitmap_index = 3476, .adv_w = 52, .box_w = 3, .box_h = 12, .ofs_x = 0, .ofs_y = 0},
    {.bitmap_index = 3486, .adv_w = 52, .box_w = 4, .box_h = 12, .ofs_x = 0, .ofs_y = 0},
    {.bitmap_index = 3497, .adv_w = 52, .box_w = 5, .box_h = 12, .ofs_x = -1, .ofs_y = 0},
    {.bitmap_index = 3510, .adv_w = 52, .box_w = 5, .box_h = 12, .ofs_x = -1, .ofs_y = 0},
    {.bitmap_index = 3523, .adv_w = 143, .box_w = 9, .box_h = 9, .ofs_x = 0, .ofs_y = 0},
    {.bitmap_index = 3561, .adv_w = 145, .box_w = 9, .box_h = 12, .ofs_x = 0, .ofs_y = 0},
    {.bitmap_index = 3603, .adv_w = 147, .box_w = 9, .box_h = 12, .ofs_x = 0, .ofs_y = 0},
    {.bitmap_index = 3651, .adv_w = 147, .box_w = 9, .box_h = 12, .ofs_x = 0, .ofs_y = 0},
    {.bitmap_index = 3699, .adv_w = 147, .box_w = 9, .box_h = 12, .ofs_x = 0, .ofs_y = 0},
    {.bitmap_index = 3749, .adv_w = 147, .box_w = 9, .box_h = 12, .ofs_x = 0, .ofs_y = 0},
    {.bitmap_index = 3800, .adv_w = 147, .box_w = 9, .box_h = 12, .ofs_x = 0, .ofs_y = 0},
    {.bitmap_index = 3851, .adv_w = 128, .box_w = 6, .box_h = 7, .ofs_x = 1, .ofs_y = 0},
    {.bitmap_index = 3873, .adv_w = 147, .box_w = 9, .box_h = 11, .ofs_x = 0, .ofs_y = -1},
    {.bitmap_index = 3920, .adv_w = 142, .box_w = 8, .box_h = 12, .ofs_x = 0, .ofs_y = 0},
    {.bitmap_index = 3947, .adv_w = 142, .box_w = 8, .box_h = 12, .ofs_x = 0, .ofs_y = 0},
    {.bitmap_index = 3974, .adv_w = 142, .box_w = 8, .box_h = 12, .ofs_x = 0, .ofs_y = 0},
    {.bitmap_index = 4004, .adv_w = 142, .box_w = 8, .box_h = 12, .ofs_x = 0, .ofs_y = 0},
    {.bitmap_index = 4034, .adv_w = 134, .box_w = 9, .box_h = 12, .ofs_x = 0, .ofs_y = 0},
    {.bitmap_index = 4074, .adv_w = 124, .box_w = 7, .box_h = 9, .ofs_x = 0, .ofs_y = 0},
    {.bitmap_index = 4103, .adv_w = 121, .box_w = 7, .box_h = 9, .ofs_x = 0, .ofs_y = 0},
    {.bitmap_index = 4133, .adv_w = 109, .box_w = 6, .box_h = 10, .ofs_x = 0, .ofs_y = 0},
    {.bitmap_index = 4162, .adv_w = 109, .box_w = 6, .box_h = 10, .ofs_x = 0, .ofs_y = 0},
    {.bitmap_index = 4191, .adv_w = 109, .box_w = 6, .box_h = 10, .ofs_x = 0, .ofs_y = 0},
    {.bitmap_index = 4222, .adv_w = 109, .box_w = 6, .box_h = 9, .ofs_x = 0, .ofs_y = 0},
    {.bitmap_index = 4250, .adv_w = 109, .box_w = 6, .box_h = 9, .ofs_x = 0, .ofs_y = 0},
    {.bitmap_index = 4277, .adv_w = 109, .box_w = 6, .box_h = 11, .ofs_x = 0, .ofs_y = 0},
    {.bitmap_index = 4309, .adv_w = 176, .box_w = 11, .box_h = 7, .ofs_x = 0, .ofs_y = 0},
    {.bitmap_index = 4348, .adv_w = 111, .box_w = 7, .box_h = 10, .ofs_x = 0, .ofs_y = -3},
    {.bitmap_index = 4383, .adv_w = 113, .box_w = 7, .box_h = 10, .ofs_x = 0, .ofs_y = 0},
    {.bitmap_index = 4416, .adv_w = 113, .box_w = 7, .box_h = 10, .ofs_x = 0, .ofs_y = 0},
    {.bitmap_index = 4449, .adv_w = 113, .box_w = 7, .box_h = 10, .ofs_x = 0, .ofs_y = 0},
    {.bitmap_index = 4484, .adv_w = 113, .box_w = 7, .box_h = 9, .ofs_x = 0, .ofs_y = 0},
    {.bitmap_index = 4516, .adv_w = 48, .box_w = 4, .box_h = 10, .ofs_x = -1, .ofs_y = 0},
    {.bitmap_index = 4528, .adv_w = 48, .box_w = 4, .box_h = 10, .ofs_x = 0, .ofs_y = 0},
    {.bitmap_index = 4539, .adv_w = 48, .box_w = 5, .box_h = 10, .ofs_x = -1, .ofs_y = 0},
    {.bitmap_index = 4552, .adv_w = 48, .box_w = 5, .box_h = 9, .ofs_x = -1, .ofs_y = 0},
    {.bitmap_index = 4563, .adv_w = 113, .box_w = 7, .box_h = 11, .ofs_x = 0, .ofs_y = 0},
    {.bitmap_index = 4602, .adv_w = 116, .box_w = 7, .box_h = 9, .ofs_x = 0, .ofs_y = 0},
    {.bitmap_index = 4625, .adv_w = 116, .box_w = 7, .box_h = 10, .ofs_x = 0, .ofs_y = 0},
    {.bitmap_index = 4659, .adv_w = 116, .box_w = 7, .box_h = 10, .ofs_x = 0, .ofs_y = 0},
    {.bitmap_index = 4693, .adv_w = 116, .box_w = 7, .box_h = 10, .ofs_x = 0, .ofs_y = 0},
    {.bitmap_index = 4729, .adv_w = 116, .box_w = 7, .box_h = 9, .ofs_x = 0, .ofs_y = 0},
    {.bitmap_index = 4762, .adv_w = 116, .box_w = 7, .box_h = 9, .ofs_x = 0, .ofs_y = 0},
    {.bitmap_index = 4795, .adv_w = 128, .box_w = 6, .box_h = 7, .ofs_x = 1, .ofs_y = 0},
    {.bitmap_index = 4815, .adv_w = 116, .box_w = 7, .box_h = 9, .ofs_x = 0, .ofs_y = -1},
    {.bitmap_index = 4845, .adv_w = 116, .box_w = 7, .box_h = 10, .ofs_x = 0, .ofs_y = 0},
    {.bitmap_index = 4870, .adv_w = 116, .box_w = 7, .box_h = 10, .ofs_x = 0, .ofs_y = 0},
    {.bitmap_index = 4895, .adv_w = 116, .box_w = 7, .box_h = 10, .ofs_x = 0, .ofs_y = 0},
    {.bitmap_index = 4922, .adv_w = 116, .box_w = 7, .box_h = 9, .ofs_x = 0, .ofs_y = 0},
    {.bitmap_index = 4946, .adv_w = 110, .box_w = 7, .box_h = 12, .ofs_x = 0, .ofs_y = -3},
    {.bitmap_index = 4986, .adv_w = 119, .box_w = 7, .box_h = 12, .ofs_x = 0, .ofs_y = -3},
    {.bitmap_index = 5022, .adv_w = 110, .box_w = 7, .box_h = 12, .ofs_x = 0, .ofs_y = -3},
    {.bitmap_index = 5064, .adv_w = 136, .box_w = 9, .box_h = 12, .ofs_x = 0, .ofs_y = 0},
    {.bitmap_index = 5109, .adv_w = 109, .box_w = 6, .box_h = 9, .ofs_x = 0, .ofs_y = 0},
    {.bitmap_index = 5136, .adv_w = 136, .box_w = 9, .box_h = 12, .ofs_x = 0, .ofs_y = 0},
    {.bitmap_index = 5182, .adv_w = 109, .box_w = 6, .box_h = 10, .ofs_x = 0, .ofs_y = 0},
    {.bitmap_index = 5213, .adv_w = 136, .box_w = 9, .box_h = 12, .ofs_x = 0, .ofs_y = -3},
    {.bitmap_index = 5259, .adv_w = 109, .box_w = 7, .box_h = 10, .ofs_x = 0, .ofs_y = -3},
    {.bitmap_index = 5293, .adv_w = 141, .box_w = 9, .box_h = 12, .ofs_x = 0, .ofs_y = 0},
    {.bitmap_index = 5339, .adv_w = 111, .box_w = 7, .box_h = 10, .ofs_x = 0, .ofs_y = 0},
    {.bitmap_index = 5373, .adv_w = 141, .box_w = 9, .box_h = 12, .ofs_x = 0, .ofs_y = 0},
    {.bitmap_index = 5422, .adv_w = 111, .box_w = 7, .box_h = 10, .ofs_x = 0, .ofs_y = 0},
    {.bitmap_index = 5459, .adv_w = 141, .box_w = 9, .box_h = 12, .ofs_x = 0, .ofs_y = 0},
    {.bitmap_index = 5506, .adv_w = 111, .box_w = 7, .box_h = 9, .ofs_x = 0, .ofs_y = 0},
    {.bitmap_index = 5538, .adv_w = 141, .box_w = 9, .box_h = 12, .ofs_x = 0, .ofs_y = 0},
    {.bitmap_index = 5587, .adv_w = 111, .box_w = 7, .box_h = 10, .ofs_x = 0, .ofs_y = 0},
    {.bitmap_index = 5623, .adv_w = 139, .box_w = 8, .box_h = 12, .ofs_x = 0, .ofs_y = 0},
    {.bitmap_index = 5665, .adv_w = 139, .box_w = 9, .box_h = 10, .ofs_x = 0, .ofs_y = 0},
    {.bitmap_index = 5705, .adv_w = 143, .box_w = 9, .box_h = 9, .ofs_x = 0, .ofs_y = 0},
    {.bitmap_index = 5743, .adv_w = 119, .box_w = 8, .box_h = 9, .ofs_x = 0, .ofs_y = 0},
    {.bitmap_index = 5779, .adv_w = 116, .box_w = 7, .box_h = 12, .ofs_x = 0, .ofs_y = 0},
    {.bitmap_index = 5813, .adv_w = 113, .box_w = 7, .box_h = 9, .ofs_x = 0, .ofs_y = 0},
    {.bitmap_index = 5844, .adv_w = 116, .box_w = 7, .box_h = 12, .ofs_x = 0, .ofs_y = 0},
    {.bitmap_index = 5880, .adv_w = 113, .box_w = 7, .box_h = 10, .ofs_x = 0, .ofs_y = 0},
    {.bitmap_index = 5915, .adv_w = 116, .box_w = 7, .box_h = 12, .ofs_x = 0, .ofs_y = 0},
    {.bitmap_index = 5949, .adv_w = 113, .box_w = 7, .box_h = 9, .ofs_x = 0, .ofs_y = 0},
    {.bitmap_index = 5980, .adv_w = 116, .box_w = 7, .box_h = 12, .ofs_x = 0, .ofs_y = -3},
    {.bitmap_index = 6015, .adv_w = 113, .box_w = 7, .box_h = 10, .ofs_x = 0, .ofs_y = -3},
    {.bitmap_index = 6049, .adv_w = 116, .box_w = 7, .box_h = 12, .ofs_x = 0, .ofs_y = 0},
    {.bitmap_index = 6086, .adv_w = 113, .box_w = 7, .box_h = 10, .ofs_x = 0, .ofs_y = 0},
    {.bitmap_index = 6121, .adv_w = 144, .box_w = 9, .box_h = 12, .ofs_x = 0, .ofs_y = 0},
    {.bitmap_index = 6173, .adv_w = 119, .box_w = 7, .box_h = 13, .ofs_x = 0, .ofs_y = -3},
    {.bitmap_index = 6218, .adv_w = 144, .box_w = 9, .box_h = 12, .ofs_x = 0, .ofs_y = 0},
    {.bitmap_index = 6270, .adv_w = 119, .box_w = 7, .box_h = 13, .ofs_x = 0, .ofs_y = -3},
    {.bitmap_index = 6316, .adv_w = 144, .box_w = 9, .box_h = 12, .ofs_x = 0, .ofs_y = 0},
    {.bitmap_index = 6366, .adv_w = 119, .box_w = 7, .box_h = 12, .ofs_x = 0, .ofs_y = -3},
    {.bitmap_index = 6408, .adv_w = 144, .box_w = 9, .box_h = 12, .ofs_x = 0, .ofs_y = -3},
    {.bitmap_index = 6459, .adv_w = 119, .box_w = 7, .box_h = 14, .ofs_x = 0, .ofs_y = -3},
    {.bitmap_index = 6504, .adv_w = 143, .box_w = 8, .box_h = 12, .ofs_x = 0, .ofs_y = 0},
    {.bitmap_index = 6534, .adv_w = 116, .box_w = 8, .box_h = 12, .ofs_x = -1, .ofs_y = 0},
    {.bitmap_index = 6565, .adv_w = 151, .box_w = 9, .box_h = 9, .ofs_x = 0, .ofs_y = 0},
    {.bitmap_index = 6594, .adv_w = 116, .box_w = 7, .box_h = 9, .ofs_x = 0, .ofs_y = 0},
    {.bitmap_index = 6615, .adv_w = 52, .box_w = 5, .box_h = 12, .ofs_x = -1, .ofs_y = 0},
    {.bitmap_index = 6628, .adv_w = 48, .box_w = 5, .box_h = 9, .ofs_x = -1, .ofs_y = 0},
    {.bitmap_index = 6639, .adv_w = 52, .box_w = 4, .box_h = 12, .ofs_x = 0, .ofs_y = 0},
    {.bitmap_index = 6649, .adv_w = 48, .box_w = 5, .box_h = 9, .ofs_x = -1, .ofs_y = 0},
    {.bitmap_index = 6659, .adv_w = 52, .box_w = 5, .box_h = 12, .ofs_x = -1, .ofs_y = 0},
    {.bitmap_index = 6672, .adv_w = 48, .box_w = 5, .box_h = 10, .ofs_x = -1, .ofs_y = 0},
    {.bitmap_index = 6685, .adv_w = 52, .box_w = 3, .box_h = 12, .ofs_x = 0, .ofs_y = -3},
    {.bitmap_index = 6695, .adv_w = 48, .box_w = 4, .box_h = 12, .ofs_x = -1, .ofs_y = -3},
    {.bitmap_index = 6710, .adv_w = 52, .box_w = 3, .box_h = 12, .ofs_x = 0, .ofs_y = 0},
    {.bitmap_index = 6720, .adv_w = 48, .box_w = 3, .box_h = 7, .ofs_x = 0, .ofs_y = 0},
    {.bitmap_index = 6725, .adv_w = 163, .box_w = 10, .box_h = 9, .ofs_x = 0, .ofs_y = 0},
    {.bitmap_index = 6748, .adv_w = 97, .box_w = 6, .box_h = 12, .ofs_x = 0, .ofs_y = -3},
    {.bitmap_index = 6770, .adv_w = 110, .box_w = 8, .box_h = 12, .ofs_x = 0, .ofs_y = 0},
    {.bitmap_index = 6801, .adv_w = 48, .box_w = 5, .box_h = 12, .ofs_x = -1, .ofs_y = -3},
    {.bitmap_index = 6817, .adv_w = 132, .box_w = 8, .box_h = 12, .ofs_x = 0, .ofs_y = -3},
    {.bitmap_index = 6858, .adv_w = 107, .box_w = 7, .box_h = 12, .ofs_x = 0, .ofs_y = -3},
    {.bitmap_index = 6893, .adv_w = 105, .box_w = 7, .box_h = 7, .ofs_x = 0, .ofs_y = 0},
    {.bitmap_index = 6916, .adv_w = 109, .box_w = 7, .box_h = 12, .ofs_x = 0, .ofs_y = 0},
    {.bitmap_index = 6933, .adv_w = 48, .box_w = 4, .box_h = 12, .ofs_x = 0, .ofs_y = 0},
    {.bitmap_index = 6944, .adv_w = 109, .box_w = 7, .box_h = 12, .ofs_x = 0, .ofs_y = -3},
    {.bitmap_index = 6964, .adv_w = 48, .box_w = 3, .box_h = 12, .ofs_x = 0, .ofs_y = -3},
    {.bitmap_index = 6974, .adv_w = 109, .box_w = 7, .box_h = 10, .ofs_x = 0, .ofs_y = 0},
    {.bitmap_index = 6993, .adv_w = 69, .box_w = 5, .box_h = 10, .ofs_x = 0, .ofs_y = 0},
    {.bitmap_index = 7005, .adv_w = 109, .box_w = 7, .box_h = 9, .ofs_x = 0, .ofs_y = 0},
    {.bitmap_index = 7024, .adv_w = 75, .box_w = 5, .box_h = 9, .ofs_x = 0, .ofs_y = 0},
    {.bitmap_index = 7038, .adv_w = 115, .box_w = 7, .box_h = 9, .ofs_x = 0, .ofs_y = 0},
    {.bitmap_index = 7064, .adv_w = 48, .box_w = 5, .box_h = 9, .ofs_x = -1, .ofs_y = 0},
    {.bitmap_index = 7079, .adv_w = 145, .box_w = 9, .box_h = 12, .ofs_x = 0, .ofs_y = 0},
    {.bitmap_index = 7118, .adv_w = 116, .box_w = 7, .box_h = 10, .ofs_x = 0, .ofs_y = 0},
    {.bitmap_index = 7142, .adv_w = 145, .box_w = 9, .box_h = 12, .ofs_x = 0, .ofs_y = -3},
    {.bitmap_index = 7182, .adv_w = 116, .box_w = 7, .box_h = 10, .ofs_x = 0, .ofs_y = -3},
    {.bitmap_index = 7207, .adv_w = 145, .box_w = 9, .box_h = 12, .ofs_x = 0, .ofs_y = 0},
    {.bitmap_index = 7248, .adv_w = 116, .box_w = 7, .box_h = 10, .ofs_x = 0, .ofs_y = 0},
    {.bitmap_index = 7274, .adv_w = 145, .box_w = 9, .box_h = 12, .ofs_x = 0, .ofs_y = -3},
    {.bitmap_index = 7314, .adv_w = 116, .box_w = 7, .box_h = 10, .ofs_x = 0, .ofs_y = -3},
    {.bitmap_index = 7337, .adv_w = 147, .box_w = 9, .box_h = 12, .ofs_x = 0, .ofs_y = 0},
    {.bitmap_index = 7385, .adv_w = 116, .box_w = 7, .box_h = 9, .ofs_x = 0, .ofs_y = 0},
    {.bitmap_index = 7417, .adv_w = 147, .box_w = 9, .box_h = 12, .ofs_x = 0, .ofs_y = 0},
    {.bitmap_index = 7467, .adv_w = 116, .box_w = 7, .box_h = 10, .ofs_x = 0, .ofs_y = 0},
    {.bitmap_index = 7503, .adv_w = 147, .box_w = 9, .box_h = 12, .ofs_x = 0, .ofs_y = 0},
    {.bitmap_index = 7553, .adv_w = 116, .box_w = 7, .box_h = 10, .ofs_x = 0, .ofs_y = 0},
    {.bitmap_index = 7590, .adv_w = 194, .box_w = 12, .box_h = 9, .ofs_x = 0, .ofs_y = 0},
    {.bitmap_index = 7637, .adv_w = 191, .box_w = 12, .box_h = 7, .ofs_x = 0, .ofs_y = 0},
    {.bitmap_index = 7679, .adv_w = 124, .box_w = 8, .box_h = 12, .ofs_x = 0, .ofs_y = 0},
    {.bitmap_index = 7720, .adv_w = 74, .box_w = 5, .box_h = 10, .ofs_x = 0, .ofs_y = 0},
    {.bitmap_index = 7740, .adv_w = 124, .box_w = 8, .box_h = 12, .ofs_x = 0, .ofs_y = -3},
    {.bitmap_index = 7782, .adv_w = 74, .box_w = 5, .box_h = 10, .ofs_x = 0, .ofs_y = -3},
    {.bitmap_index = 7802, .adv_w = 124, .box_w = 8, .box_h = 12, .ofs_x = 0, .ofs_y = 0},
    {.bitmap_index = 7845, .adv_w = 74, .box_w = 5, .box_h = 10, .ofs_x = 0, .ofs_y = 0},
    {.bitmap_index = 7865, .adv_w = 124, .box_w = 8, .box_h = 12, .ofs_x = 0, .ofs_y = 0},
    {.bitmap_index = 7911, .adv_w = 103, .box_w = 6, .box_h = 10, .ofs_x = 0, .ofs_y = 0},
    {.bitmap_index = 7940, .adv_w = 124, .box_w = 8, .box_h = 12, .ofs_x = 0, .ofs_y = 0},
    {.bitmap_index = 7988, .adv_w = 103, .box_w = 6, .box_h = 10, .ofs_x = 0, .ofs_y = 0},
    {.bitmap_index = 8019, .adv_w = 124, .box_w = 8, .box_h = 12, .ofs_x = 0, .ofs_y = -3},
    {.bitmap_index = 8067, .adv_w = 103, .box_w = 6, .box_h = 10, .ofs_x = 0, .ofs_y = -3},
    {.bitmap_index = 8097, .adv_w = 124, .box_w = 8, .box_h = 13, .ofs_x = 0, .ofs_y = 0},
    {.bitmap_index = 8147, .adv_w = 103, .box_w = 6, .box_h = 10, .ofs_x = 0, .ofs_y = 0},
    {.bitmap_index = 8178, .adv_w = 125, .box_w = 8, .box_h = 12, .ofs_x = 0, .ofs_y = -3},
    {.bitmap_index = 8203, .adv_w = 65, .box_w = 5, .box_h = 11, .ofs_x = 0, .ofs_y = -3},
    {.bitmap_index = 8228, .adv_w = 125, .box_w = 8, .box_h = 12, .ofs_x = 0, .ofs_y = 0},
    {.bitmap_index = 8253, .adv_w = 76, .box_w = 5, .box_h = 11, .ofs_x = 0, .ofs_y = 0},
    {.bitmap_index = 8278, .adv_w = 125, .box_w = 8, .box_h = 9, .ofs_x = 0, .ofs_y = 0},
    {.bitmap_index = 8305, .adv_w = 65, .box_w = 4, .box_h = 9, .ofs_x = 0, .ofs_y = 0},
    {.bitmap_index = 8324, .adv_w = 142, .box_w = 8, .box_h = 12, .ofs_x = 0, .ofs_y = 0},
    {.bitmap_index = 8354, .adv_w = 116, .box_w = 7, .box_h = 9, .ofs_x = 0, .ofs_y = 0},
    {.bitmap_index = 8378, .adv_w = 142, .box_w = 8, .box_h = 12, .ofs_x = 0, .ofs_y = 0},
    {.bitmap_index = 8405, .adv_w = 116, .box_w = 7, .box_h = 9, .ofs_x = 0, .ofs_y = 0},
    {.bitmap_index = 8428, .adv_w = 142, .box_w = 8, .box_h = 12, .ofs_x = 0, .ofs_y = 0},
    {.bitmap_index = 8458, .adv_w = 116, .box_w = 7, .box_h = 10, .ofs_x = 0, .ofs_y = 0},
    {.bitmap_index = 8485, .adv_w = 142, .box_w = 8, .box_h = 13, .ofs_x = 0, .ofs_y = 0},
    {.bitmap_index = 8516, .adv_w = 116, .box_w = 7, .box_h = 11, .ofs_x = 0, .ofs_y = 0},
    {.bitmap_index = 8543, .adv_w = 142, .box_w = 8, .box_h = 12, .ofs_x = 0, .ofs_y = 0},
    {.bitmap_index = 8573, .adv_w = 116, .box_w = 7, .box_h = 10, .ofs_x = 0, .ofs_y = 0},
    {.bitmap_index = 8601, .adv_w = 142, .box_w = 8, .box_h = 12, .ofs_x = 0, .ofs_y = -3},
    {.bitmap_index = 8631, .adv_w = 116, .box_w = 7, .box_h = 10, .ofs_x = 0, .ofs_y = -3},
    {.bitmap_index = 8657, .adv_w = 193, .box_w = 12, .box_h = 12, .ofs_x = 0, .ofs_y = 0},
    {.bitmap_index = 8724, .adv_w = 159, .box_w = 10, .box_h = 10, .ofs_x = 0, .ofs_y = 0},
    {.bitmap_index = 8771, .adv_w = 134, .box_w = 9, .box_h = 12, .ofs_x = 0, .ofs_y = 0},
    {.bitmap_index = 8813, .adv_w = 110, .box_w = 7, .box_h = 13, .ofs_x = 0, .ofs_y = -3},
    {.bitmap_index = 8857, .adv_w = 134, .box_w = 9, .box_h = 12, .ofs_x = 0, .ofs_y = 0},
    {.bitmap_index = 8900, .adv_w = 123, .box_w = 7, .box_h = 12, .ofs_x = 0, .ofs_y = 0},
    {.bitmap_index = 8937, .adv_w = 107, .box_w = 6, .box_h = 10, .ofs_x = 0, .ofs_y = 0},
    {.bitmap_index = 8966, .adv_w = 123, .box_w = 7, .box_h = 12, .ofs_x = 0, .ofs_y = 0},
    {.bitmap_index = 9002, .adv_w = 107, .box_w = 6, .box_h = 9, .ofs_x = 0, .ofs_y = 0},
    {.bitmap_index = 9030, .adv_w = 123, .box_w = 7, .box_h = 12, .ofs_x = 0, .ofs_y = 0},
    {.bitmap_index = 9068, .adv_w = 107, .box_w = 6, .box_h = 10, .ofs_x = 0, .ofs_y = 0},
    {.bitmap_index = 9099, .adv_w = 62, .box_w = 4, .box_h = 9, .ofs_x = 0, .ofs_y = 0},
    {.bitmap_index = 9109, .adv_w = 192, .box_w = 12, .box_h = 2, .ofs_x = 0, .ofs_y = 2},
    {.bitmap_index = 9116, .adv_w = 175, .box_w = 10, .box_h = 2, .ofs_x = 0, .ofs_y = 0},
    {.bitmap_index = 9126, .adv_w = 192, .box_w = 12, .box_h = 13, .ofs_x = 0, .ofs_y = -2},
    {.bitmap_index = 9182, .adv_w = 192, .box_w = 12, .box_h = 9, .ofs_x = 0, .ofs_y = 0},
    {.bitmap_index = 9228, .adv_w = 192, .box_w = 12, .box_h = 11, .ofs_x = 0, .ofs_y = -1},
    {.bitmap_index = 9278, .adv_w = 192, .box_w = 12, .box_h = 9, .ofs_x = 0, .ofs_y = 0},
    {.bitmap_index = 9324, .adv_w = 132, .box_w = 9, .box_h = 9, .ofs_x = 0, .ofs_y = 0},
    {.bitmap_index = 9366, .adv_w = 192, .box_w = 12, .box_h = 13, .ofs_x = 0, .ofs_y = -2},
    {.bitmap_index = 9439, .adv_w = 192, .box_w = 12, .box_h = 13, .ofs_x = 0, .ofs_y = -2},
    {.bitmap_index = 9514, .adv_w = 216, .box_w = 14, .box_h = 11, .ofs_x = 0, .ofs_y = -1},
    {.bitmap_index = 9574, .adv_w = 192, .box_w = 12, .box_h = 13, .ofs_x = 0, .ofs_y = -2},
    {.bitmap_index = 9628, .adv_w = 216, .box_w = 14, .box_h = 9, .ofs_x = 0, .ofs_y = 0},
    {.bitmap_index = 9676, .adv_w = 192, .box_w = 12, .box_h = 13, .ofs_x = 0, .ofs_y = -2},
    {.bitmap_index = 9749, .adv_w = 96, .box_w = 6, .box_h = 10, .ofs_x = 0, .ofs_y = -1},
    {.bitmap_index = 9772, .adv_w = 144, .box_w = 9, .box_h = 10, .ofs_x = 0, .ofs_y = -1},
    {.bitmap_index = 9807, .adv_w = 216, .box_w = 14, .box_h = 13, .ofs_x = 0, .ofs_y = -2},
    {.bitmap_index = 9881, .adv_w = 192, .box_w = 12, .box_h = 9, .ofs_x = 0, .ofs_y = 0},
    {.bitmap_index = 9923, .adv_w = 132, .box_w = 9, .box_h = 13, .ofs_x = 0, .ofs_y = -2},
    {.bitmap_index = 9973, .adv_w = 168, .box_w = 8, .box_h = 12, .ofs_x = 1, .ofs_y = -2},
    {.bitmap_index = 10010, .adv_w = 168, .box_w = 11, .box_h = 13, .ofs_x = 0, .ofs_y = -2},
    {.bitmap_index = 10056, .adv_w = 168, .box_w = 11, .box_h = 11, .ofs_x = 0, .ofs_y = -1},
    {.bitmap_index = 10083, .adv_w = 168, .box_w = 11, .box_h = 11, .ofs_x = 0, .ofs_y = -1},
    {.bitmap_index = 10100, .adv_w = 168, .box_w = 8, .box_h = 12, .ofs_x = 1, .ofs_y = -2},
    {.bitmap_index = 10138, .adv_w = 168, .box_w = 12, .box_h = 11, .ofs_x = -1, .ofs_y = -1},
    {.bitmap_index = 10185, .adv_w = 120, .box_w = 7, .box_h = 11, .ofs_x = 0, .ofs_y = -1},
    {.bitmap_index = 10221, .adv_w = 120, .box_w = 7, .box_h = 11, .ofs_x = 0, .ofs_y = -1},
    {.bitmap_index = 10258, .adv_w = 168, .box_w = 11, .box_h = 11, .ofs_x = 0, .ofs_y = -1},
    {.bitmap_index = 10297, .adv_w = 168, .box_w = 11, .box_h = 3, .ofs_x = 0, .ofs_y = 3},
    {.bitmap_index = 10306, .adv_w = 216, .box_w = 14, .box_h = 9, .ofs_x = 0, .ofs_y = 0},
    {.bitmap_index = 10368, .adv_w = 240, .box_w = 16, .box_h = 13, .ofs_x = 0, .ofs_y = -2},
    {.bitmap_index = 10459, .adv_w = 216, .box_w = 15, .box_h = 13, .ofs_x = -1, .ofs_y = -2},
    {.bitmap_index = 10534, .adv_w = 192, .box_w = 12, .box_h = 11, .ofs_x = 0, .ofs_y = -1},
    {.bitmap_index = 10593, .adv_w = 168, .box_w = 11, .box_h = 7, .ofs_x = 0, .ofs_y = 1},
    {.bitmap_index = 10627, .adv_w = 168, .box_w = 11, .box_h = 7, .ofs_x = 0, .ofs_y = 1},
    {.bitmap_index = 10661, .adv_w = 240, .box_w = 16, .box_h = 10, .ofs_x = -1, .ofs_y = 0},
    {.bitmap_index = 10721, .adv_w = 192, .box_w = 12, .box_h = 9, .ofs_x = 0, .ofs_y = 0},
    {.bitmap_index = 10741, .adv_w = 192, .box_w = 12, .box_h = 13, .ofs_x = 0, .ofs_y = -2},
    {.bitmap_index = 10798, .adv_w = 192, .box_w = 13, .box_h = 13, .ofs_x = -1, .ofs_y = -2},
    {.bitmap_index = 10862, .adv_w = 168, .box_w = 11, .box_h = 11, .ofs_x = 0, .ofs_y = -1},
    {.bitmap_index = 10923, .adv_w = 168, .box_w = 11, .box_h = 13, .ofs_x = 0, .ofs_y = -2},
    {.bitmap_index = 10963, .adv_w = 168, .box_w = 11, .box_h = 11, .ofs_x = 0, .ofs_y = -1},
    {.bitmap_index = 11007, .adv_w = 168, .box_w = 11, .box_h = 11, .ofs_x = 0, .ofs_y = -1},
    {.bitmap_index = 11039, .adv_w = 192, .box_w = 12, .box_h = 9, .ofs_x = 0, .ofs_y = 0},
    {.bitmap_index = 11078, .adv_w = 120, .box_w = 9, .box_h = 13, .ofs_x = -1, .ofs_y = -2},
    {.bitmap_index = 11124, .adv_w = 168, .box_w = 11, .box_h = 13, .ofs_x = 0, .ofs_y = -2},
    {.bitmap_index = 11169, .adv_w = 168, .box_w = 11, .box_h = 13, .ofs_x = 0, .ofs_y = -2},
    {.bitmap_index = 11222, .adv_w = 216, .box_w = 14, .box_h = 9, .ofs_x = 0, .ofs_y = 0},
    {.bitmap_index = 11278, .adv_w = 192, .box_w = 14, .box_h = 13, .ofs_x = -1, .ofs_y = -2},
    {.bitmap_index = 11341, .adv_w = 144, .box_w = 9, .box_h = 13, .ofs_x = 0, .ofs_y = -2},
    {.bitmap_index = 11364, .adv_w = 240, .box_w = 15, .box_h = 12, .ofs_x = 0, .ofs_y = -1},
    {.bitmap_index = 11439, .adv_w = 240, .box_w = 15, .box_h = 9, .ofs_x = 0, .ofs_y = 0},
    {.bitmap_index = 11482, .adv_w = 240, .box_w = 15, .box_h = 9, .ofs_x = 0, .ofs_y = 0},
    {.bitmap_index = 11531, .adv_w = 240, .box_w = 15, .box_h = 9, .ofs_x = 0, .ofs_y = 0},
    {.bitmap_index = 11580, .adv_w = 240, .box_w = 15, .box_h = 9, .ofs_x = 0, .ofs_y = 0},
    {.bitmap_index = 11629, .adv_w = 240, .box_w = 15, .box_h = 9, .ofs_x = 0, .ofs_y = 0},
    {.bitmap_index = 11671, .adv_w = 240, .box_w = 16, .box_h = 11, .ofs_x = 0, .ofs_y = -1},
    {.bitmap_index = 11736, .adv_w = 168, .box_w = 10, .box_h = 13, .ofs_x = 0, .ofs_y = -2},
    {.bitmap_index = 11800, .adv_w = 168, .box_w = 11, .box_h = 13, .ofs_x = 0, .ofs_y = -2},
    {.bitmap_index = 11843, .adv_w = 192, .box_w = 13, .box_h = 13, .ofs_x = -1, .ofs_y = -2},
    {.bitmap_index = 11910, .adv_w = 240, .box_w = 15, .box_h = 9, .ofs_x = 0, .ofs_y = 0},
    {.bitmap_index = 11965, .adv_w = 144, .box_w = 9, .box_h = 13, .ofs_x = 0, .ofs_y = -2},
    {.bitmap_index = 11994, .adv_w = 193, .box_w = 13, .box_h = 9, .ofs_x = 0, .ofs_y = 0}
};

/*---------------------
 *  CHARACTER MAPPING
 *--------------------*/

static const uint16_t unicode_list_4[] = {
    0x0, 0x12, 0xcfed, 0xcff4, 0xcff7, 0xcff8, 0xcff9, 0xcffd,
    0xcfff, 0xd001, 0xd005, 0xd008, 0xd00d, 0xd012, 0xd013, 0xd014,
    0xd02a, 0xd02f, 0xd034, 0xd037, 0xd038, 0xd039, 0xd03d, 0xd03e,
    0xd03f, 0xd040, 0xd053, 0xd054, 0xd05a, 0xd05c, 0xd05d, 0xd060,
    0xd063, 0xd064, 0xd065, 0xd067, 0xd07f, 0xd081, 0xd0b0, 0xd0b1,
    0xd0b3, 0xd0b5, 0xd0cc, 0xd0d3, 0xd0d6, 0xd0df, 0xd108, 0xd110,
    0xd147, 0xd1d7, 0xd22c, 0xd22d, 0xd22e, 0xd22f, 0xd230, 0xd273,
    0xd27f, 0xd2d9, 0xd2f0, 0xd546, 0xd7ae, 0xd88e
};

/*Collect the unicode lists and glyph_id offsets*/
static const lv_font_fmt_txt_cmap_t cmaps[] =
{
    {
        .range_start = 32, .range_length = 95, .glyph_id_start = 1,
        .unicode_list = NULL, .glyph_id_ofs_list = NULL, .list_length = 0, .type = LV_FONT_FMT_TXT_CMAP_FORMAT0_TINY
    },
    {
        .range_start = 160, .range_length = 13, .glyph_id_start = 96,
        .unicode_list = NULL, .glyph_id_ofs_list = NULL, .list_length = 0, .type = LV_FONT_FMT_TXT_CMAP_FORMAT0_TINY
    },
    {
        .range_start = 174, .range_length = 155, .glyph_id_start = 109,
        .unicode_list = NULL, .glyph_id_ofs_list = NULL, .list_length = 0, .type = LV_FONT_FMT_TXT_CMAP_FORMAT0_TINY
    },
    {
        .range_start = 330, .range_length = 54, .glyph_id_start = 264,
        .unicode_list = NULL, .glyph_id_ofs_list = NULL, .list_length = 0, .type = LV_FONT_FMT_TXT_CMAP_FORMAT0_TINY
    },
    {
        .range_start = 8212, .range_length = 55439, .glyph_id_start = 318,
        .unicode_list = unicode_list_4, .glyph_id_ofs_list = NULL, .list_length = 62, .type = LV_FONT_FMT_TXT_CMAP_SPARSE_TINY
    }
};

/*-----------------
 *    KERNING
 *----------------*/


/*Map glyph_ids to kern left classes*/
static const uint8_t kern_left_class_mapping[] =
{
    0, 0, 0, 1, 0, 0, 0, 2,
    1, 3, 0, 4, 5, 6, 5, 6,
    7, 8, 9, 10, 11, 12, 13, 14,
    15, 11, 8, 16, 16, 0, 17, 18,
    0, 19, 0, 0, 0, 0, 0, 0,
    0, 0, 0, 0, 0, 0, 0, 0,
    0, 0, 0, 0, 0, 0, 0, 0,
    0, 0, 0, 0, 3, 20, 0, 4,
    21, 0, 0, 0, 0, 0, 0, 0,
    0, 0, 0, 0, 0, 0, 0, 0,
    0, 0, 0, 0, 0, 0, 0, 0,
    0, 0, 0, 0, 3, 9, 0, 5,
    0, 22, 23, 0, 0, 0, 0, 0,
    0, 19, 0, 0, 0, 24, 0, 4,
    17, 0, 0, 0, 25, 9, 26, 0,
    0, 0, 27, 0, 0, 0, 28, 0,
    0, 0, 0, 0, 0, 0, 0, 0,
    0, 0, 0, 0, 0, 0, 0, 0,
    0, 0, 0, 0, 0, 0, 29, 0,
    0, 0, 0, 0, 0, 0, 0, 0,
    0, 0, 0, 0, 0, 0, 0, 0,
    0, 0, 0, 0, 0, 0, 0, 0,
    0, 0, 0, 0, 0, 0, 5, 0,
    0, 0, 0, 0, 0, 0, 0, 0,
    0, 0, 0, 0, 0, 0, 0, 0,
    0, 0, 0, 0, 0, 0, 0, 0,
    0, 0, 0, 0, 0, 0, 0, 0,
    0, 0, 0, 0, 0, 0, 0, 0,
    0, 0, 0, 0, 0, 0, 0, 0,
    0, 0, 0, 0, 0, 0, 0, 0,
    0, 0, 0, 0, 0, 0, 0, 0,
    0, 0, 0, 0, 0, 0, 0, 0,
    0, 0, 0, 0, 0, 0, 0, 0,
    0, 0, 0, 0, 0, 0, 0, 0,
    0, 0, 0, 0, 0, 0, 0, 0,
    0, 0, 0, 0, 0, 0, 0, 0,
    0, 0, 0, 0, 0, 0, 0, 0,
    0, 0, 0, 0, 0, 0, 0, 0,
    0, 0, 0, 0, 0, 0, 0, 0,
    0, 0, 0, 0, 0, 0, 0, 6,
    0, 0, 0, 0, 0, 0, 0, 0,
    0, 0, 0, 0, 0, 0, 0, 0,
    0, 0, 0, 0, 0, 0, 0, 0,
    0, 0, 0, 0, 0, 0, 0, 0,
    0, 0, 0, 0, 0, 0, 0, 0,
    0, 0, 0, 0, 0, 0, 0, 0,
    0, 0, 0, 0, 0, 0, 0, 0,
    0, 0, 0, 0
};

/*Map glyph_ids to kern right classes*/
static const uint8_t kern_right_class_mapping[] =
{
    0, 1, 2, 3, 4, 5, 0, 6,
    3, 0, 7, 8, 9, 10, 9, 10,
    11, 12, 13, 14, 15, 16, 17, 12,
    18, 19, 20, 21, 21, 22, 23, 0,
    24, 25, 0, 0, 0, 0, 0, 0,
    0, 0, 0, 0, 0, 0, 0, 0,
    0, 0, 0, 0, 0, 0, 0, 0,
    0, 0, 0, 0, 0, 26, 7, 8,
    27, 0, 0, 0, 0, 0, 0, 0,
    0, 0, 0, 0, 0, 0, 0, 0,
    0, 0, 0, 0, 0, 0, 0, 0,
    0, 0, 0, 0, 0, 28, 7, 9,
    0, 0, 29, 0, 0, 0, 0, 0,
    0, 25, 0, 30, 31, 32, 0, 8,
    23, 0, 0, 0, 0, 33, 9, 0,
    0, 0, 34, 0, 0, 0, 0, 0,
    0, 0, 0, 0, 0, 0, 0, 0,
    0, 0, 0, 0, 0, 0, 0, 0,
    0, 0, 0, 0, 0, 0, 34, 0,
    0, 0, 0, 0, 0, 0, 0, 0,
    0, 0, 0, 0, 0, 0, 0, 0,
    0, 0, 0, 0, 0, 0, 0, 0,
    0, 0, 0, 0, 0, 0, 9, 0,
    0, 0, 0, 0, 0, 0, 0, 0,
    0, 0, 0, 0, 0, 0, 0, 0,
    0, 0, 0, 0, 0, 0, 0, 0,
    0, 0, 0, 0, 0, 0, 0, 0,
    0, 0, 0, 0, 0, 0, 0, 0,
    0, 0, 0, 0, 0, 0, 0, 0,
    0, 0, 0, 0, 0, 0, 0, 0,
    0, 0, 0, 0, 0, 0, 0, 0,
    0, 0, 0, 0, 0, 0, 0, 0,
    0, 0, 0, 0, 0, 0, 0, 0,
    0, 0, 0, 0, 0, 0, 0, 0,
    0, 0, 0, 0, 0, 0, 0, 0,
    0, 0, 0, 0, 0, 0, 0, 0,
    0, 0, 0, 0, 0, 0, 0, 0,
    0, 0, 0, 0, 0, 0, 0, 0,
    0, 0, 0, 0, 0, 0, 0, 0,
    0, 0, 0, 0, 0, 0, 0, 10,
    0, 0, 0, 0, 0, 0, 0, 0,
    0, 0, 0, 0, 0, 0, 0, 0,
    0, 0, 0, 0, 0, 0, 0, 0,
    0, 0, 0, 0, 0, 0, 0, 0,
    0, 0, 0, 0, 0, 0, 0, 0,
    0, 0, 0, 0, 0, 0, 0, 0,
    0, 0, 0, 0, 0, 0, 0, 0,
    0, 0, 0, 0
};

/*Kern values between classes*/
static const int8_t kern_class_values[] =
{
    0, 0, 0, 0, 0, -6, 0, 0,
    0, -16, 0, 0, 0, 0, 0, -12,
    0, 0, 0, 0, 0, 0, 0, 0,
    0, 0, 0, 0, -3, 0, 0, 0,
    0, 0, 0, 0, -6, 0, 0, 0,
    0, 0, 0, 0, 0, 0, 0, 0,
    0, 0, 0, 0, 0, 0, 0, 0,
    0, 0, 0, -12, 0, 0, 0, 0,
    0, -4, 0, 0, 0, 0, 0, 0,
    0, 0, 0, 0, 0, 0, 0, 0,
    0, 0, 0, 0, 0, 0, 0, 0,
    0, 0, 0, 0, 0, 0, 0, 1,
    -2, 0, 0, 0, 0, 0, 0, 0,
    0, 0, 0, -6, 0, 0, 0, -26,
    0, 0, 0, 0, 0, -9, 0, 0,
    0, 0, 0, 0, 0, 0, -3, 0,
    -13, 0, 0, 0, 0, 0, 0, 0,
    0, 0, 0, 0, 0, 0, 0, 0,
    0, 0, 0, 0, 0, -6, -2, 0,
    0, -5, 0, 0, 0, 0, 0, 0,
    0, -9, 0, 0, 0, 0, 0, 0,
    -3, 0, -2, -1, -17, 0, 0, 0,
    0, 0, 0, 0, 0, -5, -17, 0,
    -5, 0, -2, -3, -5, -2, 0, 0,
    0, -17, -8, 0, 0, 0, 0, 0,
    0, 0, -10, 0, 0, 0, 0, 0,
    0, 0, 0, 0, 0, -8, 0, 0,
    0, 0, 0, 0, 0, 0, 0, 0,
    0, 0, 0, 0, 0, 0, 0, 0,
    0, 0, 0, 0, 0, 0, 0, 0,
    0, 0, 0, 0, 0, 0, 0, -5,
    0, 0, 0, 0, 0, 0, 0, -4,
    0, 0, 0, 0, 0, 0, 0, -3,
    -9, 0, 0, 0, 0, 0, 0, 0,
    0, 0, 0, 0, 0, 0, 1, 0,
    0, 0, 0, 0, 0, 0, 0, 0,
    0, 0, 0, 0, 0, 0, 0, 0,
    0, 0, 1, 0, 0, 0, 0, 0,
    0, 0, 0, 0, 0, 0, 0, 0,
    0, 0, 0, 0, 0, 0, 0, 0,
    0, -3, 0, 0, 0, 0, 0, 0,
    0, 0, 0, 0, 0, 0, 0, 0,
    0, 0, 0, 0, 0, 0, 0, 0,
    0, 0, 0, -2, 0, -4, 0, 0,
    0, 0, 0, 0, 0, 0, 0, 0,
    0, 0, 0, 0, 0, 0, 0, 0,
    0, -6, 0, 0, 0, 0, 0, 0,
    0, 0, 0, 0, 0, -5, 0, -6,
    0, 0, -5, 0, 0, 0, 0, 0,
    0, 0, 0, 0, 0, 0, 0, 0,
    0, 0, 0, 0, 0, -1, -8, 0,
    0, 0, 0, 0, 0, 0, 0, 0,
    0, -5, 0, 0, 0, 0, 0, 0,
    0, 0, 0, 0, 0, 0, 0, 0,
    0, 0, 0, 0, 0, 0, 0, -1,
    0, 0, 0, 0, 0, 0, 0, 0,
    0, 0, 0, -6, 0, 0, 0, 0,
    0, 0, 0, 0, 0, 0, 0, 0,
    0, 0, 0, 0, -9, 0, 0, 0,
    0, 0, 0, 0, 0, 0, 0, -11,
    0, -9, 0, 0, 0, -24, 0, -3,
    0, 0, -3, -11, -2, 4, -3, -2,
    -6, -17, 0, 0, 0, 0, -30, 0,
    -10, -12, 0, 0, 0, 0, 0, 0,
    0, 0, 0, 0, 0, 0, 0, 0,
    0, 0, 0, 0, 0, 0, 0, 0,
    0, 0, 0, 0, 0, 0, 0, -12,
    0, 0, 0, 0, 0, 0, 0, 0,
    0, 0, 0, 0, 0, 0, 0, 0,
    0, 0, 0, 0, 0, 0, 0, 0,
    0, 0, 0, 0, 0, 0, 0, 0,
    0, -13, 0, 0, 0, 0, 0, 0,
    0, 0, 0, 0, 0, 0, 0, 0,
    0, 0, 0, 0, 0, 0, 0, 0,
    0, 0, 0, -14, 0, 0, 0, 0,
    0, 0, 0, -14, 0, 0, 0, 0,
    0, 0, 0, 0, 0, 0, 0, 0,
    0, 0, 0, 0, 0, -8, -8, 0,
    0, 0, 0, 0, 0, 0, 0, 0,
    0, 0, 0, 0, 0, -7, -8, 0,
    0, 0, 0, -1, 0, 0, 0, 0,
    -15, 0, -1, 0, 0, -16, -6, 0,
    3, 0, -7, 0, 0, 0, 0, 0,
    0, 0, 0, -2, -10, -12, -7, -9,
    0, 0, -1, -6, -6, -14, -10, -6,
    0, 0, 0, 0, 0, 0, 0, -13,
    0, 0, 0, -9, -21, 0, -9, -11,
    -9, 0, -9, -9, 0, 0, 0, 0,
    -8, -15, 0, 6, 0, 0, 0, 0,
    -9, 0, 0, 0, 0, 0, 0, 0,
    0, 0, 0, 0, 0, 0, 0, 0,
    0, 0, 0, 0, 0, 0, 0, 0,
    0, 0, 0, -6, 0, 0, 0, 0,
    0, 0, 0, 0, 0, 0, -3, 0,
    0, 0, -2, 0, 0, 0, 0, 0,
    -6, 0, 0, 0, 0, 0, 0, 0,
    0, 0, 0, 0, 0, -10, 0, 0,
    0, 0, 0, -2, 0, 0, 0, 0,
    0, 0, 0, -6, 0, 0, 0, 0,
    0, 0, 0, 0, 0, -9, 0, 0,
    0, 0, 0, 0, 0, 0, -1, 0,
    0, 0, -5, 0, 0, 0, 0, 0,
    0, 0, 0, 0, 0, 0, 0, 0,
    -7, 0, -6, 0, 0, 0, 0, 0,
    0, 0, 0, 0, 0, -8, 0, 0,
    0, 0, -6, 0, 0, 0, -6, 0,
    0, 0, 0, 0, 0, 0, 0, 0,
    0, 0, 0, 0, 0, 0, 0, -6,
    -2, 0, 0, -5, 0, 0, 0, 0,
    0, 0, 0, -8, 0, 0, 0, 0,
    0, 0, -3, 0, 0, 0, 0, 0,
    0, 0, 0, 0, 0, 0, 0, 0,
    -8, -10, -9, 0, 0, -10, -6, 0,
    0, 0, 0, 0, 0, -12, 0, 0,
    0, 0, 0, 0, 0, 0, 0, 0,
    0, 0, 0, 0, 0, 0, 0, 0,
    0, 0, 0, 0, 0, 0, 0, 0,
    0, 0, 0, 0, 0, 0, 0, -17,
    0, 0, 0, 0, 0, 0, 0, 0,
    0, 0, 0, 0, 0, 0, 0, 0,
    0, 0, 0, 0, 0, 0, 0, 0,
    0, 0, 0, 0, 0, 0, 0, 0,
    0, -8, 0, 0, 0, 0, 0, 0,
    0, 0
};


/*Collect the kern class' data in one place*/
static const lv_font_fmt_txt_kern_classes_t kern_classes =
{
    .class_pair_values   = kern_class_values,
    .left_class_mapping  = kern_left_class_mapping,
    .right_class_mapping = kern_right_class_mapping,
    .left_class_cnt      = 29,
    .right_class_cnt     = 34,
};

/*--------------------
 *  ALL CUSTOM DATA
 *--------------------*/

#if LVGL_VERSION_MAJOR == 8
/*Store all the custom data of the font*/
static  lv_font_fmt_txt_glyph_cache_t cache;
#endif

#if LVGL_VERSION_MAJOR >= 8
static const lv_font_fmt_txt_dsc_t font_dsc = {
#else
static lv_font_fmt_txt_dsc_t font_dsc = {
#endif
    .glyph_bitmap = glyph_bitmap,
    .glyph_dsc = glyph_dsc,
    .cmaps = cmaps,
    .kern_dsc = &kern_classes,
    .kern_scale = 16,
    .cmap_num = 5,
    .bpp = 4,
    .kern_classes = 1,
    .bitmap_format = 1,
#if LVGL_VERSION_MAJOR == 8
    .cache = &cache
#endif
};



/*-----------------
 *  PUBLIC FONT
 *----------------*/

/*Initialize a public general font descriptor*/
#if LVGL_VERSION_MAJOR >= 8
const lv_font_t inter_12 = {
#else
lv_font_t inter_12 = {
#endif
    .get_glyph_dsc = lv_font_get_glyph_dsc_fmt_txt,    /*Function pointer to get glyph's data*/
    .get_glyph_bitmap = lv_font_get_bitmap_fmt_txt,    /*Function pointer to get glyph's bitmap*/
    .line_height = 16,          /*The maximum line height required by the font*/
    .base_line = 3,             /*Baseline measured from the bottom of the line*/
#if !(LVGL_VERSION_MAJOR == 6 && LVGL_VERSION_MINOR == 0)
    .subpx = LV_FONT_SUBPX_NONE,
#endif
#if LV_VERSION_CHECK(7, 4, 0) || LVGL_VERSION_MAJOR >= 8
    .underline_position = -2,
    .underline_thickness = 1,
#endif
    .dsc = &font_dsc,          /*The custom font data. Will be accessed by `get_glyph_bitmap/dsc` */
#if LV_VERSION_CHECK(8, 2, 0) || LVGL_VERSION_MAJOR >= 9
    .fallback = NULL,
#endif
    .user_data = NULL,
};



#endif /*#if INTER_12*/

